0x1B5C03AC	-z
0x1B9F02FA	.@
0x1BCAB9A1	001671_02_mics2_1_wakes_up_screaming_exit_cam
0x1BFB838C	0x3e5f6b8
0x1B2D8F2D	107_gburrito2_modkit
0x1B54284B	494_weevil2_modkit
0x1BFADE9F	4mnne8
0x1B62F906	5x
0x1BA4F622	8f
0x1B927043	@1736
0x1B66A3E2	_cabs
0x1BD7A67D	a_c_rabbit_01-69
0x1B4F4FDE	a_f_m_fatwhite_01_dual-17
0x1B471854	a_f_y_beach_02_dual-3
0x1BA81875	a_f_y_bevhills_02_dual-13
0x1B66BF81	a_f_y_epsilon_01_white_mini_01
0x1BED74AD	a_f_y_genhot_01_dual-36
0x1B861FA7	a_f_y_hipster_02-22
0x1BED6263	a_f_y_tennis_01_dual-6
0x1B398A81	a_f_y_tourist_01-15
0x1BD90E00	a_f_y_tourist_01-38
0x1B0F8B8D	a_f_y_tourist_01-46
0x1B7CF3A7	a_f_y_tourist_02_dual-65
0x1B50D92A	a_m_m_genfat_01_dual-23
0x1B47C7E1	a_m_m_og_boss_01-12
0x1BDB9397	a_m_m_polynesian_01_dual-14
0x1B6A90B0	a_m_y_bevhills_02-37
0x1B81E662	a_m_y_genstreet_02_dual-5
0x1BF606E1	a_m_y_hipster_03-4
0x1BF1D2C2	a_m_y_musclbeac_01-46
0x1B0F644F	a_m_y_stbla_02_dual-20
0x1BED18BD	a_m_y_stbla_02_dual-6
0x1B272F4E	a_m_y_stwhi_02_dual-39
0x1B511F84	ac12_fspot_fos_ep1_p1_00-4
0x1B3DEE1B	ac18_car_2_mcs_1_merged_04-0
0x1B706171	ac24_mph_nar_int_p1_cyan_lamp003-23
0x1B307458	ac2_family_2_intp1_a_1_02-1
0x1B90D7BB	ac42_fam_6_int_p3_t7_002-29
0x1B4C42EC	ac4_jh_1_intp6_008-0
0x1BF42D99	action_avi3_player_facial
0x1B26C489	adam_cue_idle_s_25_hp_table
0x1B1A92D0	adam_mix_idle_o_05_facial
0x1BEA7311	adam_sidemix_idle_d_04_tumbler
0x1B22111A	adam_unq_chat_a_22_facial
0x1BB20AFF	adam_unq_sync3_c_70
0x1BEE9499	adam_unq_sync3_e_34_tumbler
0x1BBDCA5B	after_party_a_f_y_beach
0x1BA108F2	agli
0x1B4C23E4	agravantes
0x1B3BDBE7	ah3b_gtaa
0x1BF98B30	ah3b_inaa
0x1BC00585	ah3b_ouaa
0x1B76773F	ai_2h_breakrun_d
0x1B0261BE	air_guitar_02_exitloop_boss
0x1B82965C	air_shagging
0x1BED5068	amb@code_human_in_car_idles@van@ps@idle_c
0x1B7358FC	amb@code_human_in_car_mp_actions@tit_squeeze@low@ps@base
0x1B7CD8F4	amb@code_human_on_bike_idles@quad@front@base
0x1BACDA6B	amb@code_human_wander_smoking@male@base
0x1B62082A	anim@cover@weapon@reloads@pistol@singleshot
0x1B196421	anim@mp_player_intin_carthe_woogiebodhi@ps@
0x1BC611B3	anim@mp_player_intincarrespectstd@rps@
0x1B100190	anim@scripted@player@fix_club_ig1_hdd_remove@male@
0x1BEA40F8	anim@veh@apc@rds@enter_exit_common
0x1BBD3AEF	anim@veh@drivebybike@scooter@rear@melee_1h
0x1BFB3AC5	anim@weapons@first_person@aim_lt@generic@pistol@doubleaction
0x1BB80FAB	anim_ac54_fos_ep1_p6_02-25
0x1BC2B01F	anim_ac55_fos_ep1_p6_00-15
0x1B132F84	anim_ac55_fos_ep1_p6_00-23
0x1BD31C3C	anim_ac73_fos_ep1_p6_01-30
0x1B121B05	anim_casino_a@amb@casino@games@slots@ped_female@engaged@01b@base
0x1B3134B2	anim_casino_b@amb@casino@games@blackjack@ped_female@slouchy@01a@base
0x1B325100	anim_casino_b@amb@casino@games@roulette@ped_female@seat_3@regular@03a@idles
0x1BD86F90	anim_casino_b@amb@casino@games@roulette@ped_female@seat_4@regular@04a@reacts@v01
0x1B1A9EE3	anim_casino_b@amb@casino@games@roulette@ped_male@seat_4@regular_withdrink@04a@play@v02
0x1B935351	anim_casino_b@amb@casino@games@threecardpoker@ped_male@regular_withdrink@01b@trans
0x1B07480D	anim_corona_oat_fos_ep1_p6_18-9
0x1B5D19D7	anim_heist@arcade@claw@male@
0x1BE5C810	anim_heist@arcade@light_gun@male@right@
0x1BB23910	anim_oat_fos_ep1_p6_056-9
0x1B1F506E	anim_oat_fos_ep1_p6_08-5
0x1B83AB44	anim_oat_fos_ep1_p6_17-26
0x1BFA433B	anim_oat_fos_ep1_p6_23-34
0x1B940BD7	anim_oat_fos_ep1_p6_31-32
0x1B5594DC	animalaudioobject
0x1BA00AE1	animl_ahad
0x1BB04F9C	animl_anaa
0x1B30CFDD	animl_axai
0x1B8ACED0	animl_bdaa
0x1B609C50	animl_bnab
0x1B95441E	animl_caad
0x1B6AFCD8	animl_ckai
0x1B8493C7	animl_dvag
0x1B8493A2	animl_gkab
0x1B9393AC	animl_gkap
0x1B6866EA	animl_gpaj
0x1B528812	apa_ch2_04_props_combo29_35_lod
0x1BCF031A	apa_mp_h_bed_double_09
0x1BF59A34	apt_exit_right_alt2_side_fincam_2ped
0x1BBE3C4D	ar_club_music_16
0x1BB558DB	ar_dlc_biker_office_phone
0x1BCBA1CD	arcade_02a_screen
0x1BB20C60	arena_v
0x1B238FF2	armenian_1_int-23
0x1BF0D4AE	art_ig12_idle_start_rec_door
0x1B333E49	asbo-48
0x1BE5853F	asea-5
0x1BC56A7D	asserts...
0x1B1E23BA	augen.
0x1BDEF79A	az_big_yankton
0x1BFE4581	az_dlc_security_writers_room
0x1B53931E	az_los_santos_rockford
0x1B9CD952	b3qmo
0x1BA639D4	b_995
0x1B622760	ba_case7_solomun
0x1BA3DB0E	ba_prop_battle_mic-41
0x1B6E5DB5	ba_prop_door_elevator_1l-82
0x1BE823C5	ba_prop_int_edgy_stool-18
0x1BBF51FB	backfrictionmultstart
0x1B765452	bad...
0x1BC409AE	bagger-11
0x1B321778	baller2-31
0x1B4F2E05	bartender_outro
0x1B82984C	base_bike
0x1B89CADA	base_idle_spoon
0x1B433EE5	batchcull
0x1BE5A110	bed_exit_l_facial
0x1B153AD0	below_normal
0x1BFE545D	bkr_prop_weed_lrg_01a
0x1BA7D964	blindfire_low_l_corner_enter
0x1B134194	bmad_out_tale_in_a_bg_male4_face
0x1B892C87	bmx-28
0x1B005C22	boardroom_into_exit_jaynorris
0x1BE2049D	bone_frame_rf
0x1B1FCBEB	bong_stage3_bong
0x1BCAEEE8	boss_escape_loop
0x1B7C1803	bs2b_akaa
0x1BC1106E	bs2b_gaaa
0x1B57E3A2	bs_2b_drill_through_vault
0x1B286A71	busto_beah
0x1BE4D893	busto_bgad
0x1B7007F6	buzzard-4
0x1BEF3B52	cargoplane2-19
0x1B388869	cat_petting_player_facial
0x1B43641E	cbrad_avae
0x1B90D212	cbrad_cmaa
0x1B2BA397	cbrad_cuaa
0x1B5747BE	cbrad_drac
0x1B7F5221	cbrad_dtai
0x1B278A29	cele.
0x1BC6ABE8	cerca
0x1B75B595	ch_p_ch_jimmy_necklace_2_s-18
0x1B8FDCFF	ch_prop_arcade_fortune_door_01a
0x1BAEDDD7	ch_prop_arcade_street_01c-32
0x1B1DE227	ch_prop_arcade_street_01d_off-3
0x1B97E191	ch_prop_ch_case_01a-1
0x1BEB0C98	ch_prop_ch_liftdoor_l_01a-11
0x1B725819	ch_prop_ch_penthousedoor_01a-1
0x1BFE8E01	chatc_amae
0x1BA68690	chatc_bxad
0x1B8A92CE	chatc_cdad
0x1B18DA47	chatc_ceae
0x1BD35E12	chatc_crab
0x1BF05AC7	cheetah-7
0x1B0AB1E7	chefe
0x1BAEAA9E	chip_steal_action_chip_05
0x1B6BB67E	cletus_pvg
0x1BE66D0D	cm_labcn1
0x1B38021E	coach_idle
0x1BECD399	cognoscenti-14
0x1BE58FB2	colourise
0x1B4C088B	component_combatmg_mk2_camo_08
0x1BDD93A4	convo_michael_ohhowyoudoing_6
0x1BB3F34E	corona_fos_ep1_p1_02-8
0x1BA9EA75	couch_idle_04_ashtray
0x1B8FCA49	cover@idles@unarmed@high@_c
0x1B3C661E	cower_exit_bag
0x1B46015D	cpacketmiscglassgroundfx
0x1BC436F9	crawl_idle_ped
0x1BBB583E	cs_debra_dual-10
0x1B39AB0C	cs_ex3_sand_dust-13
0x1B55084F	cs_jimmydisanto2_dual-10
0x1BADFAAA	cs_jimmydisanto_dual-2
0x1BD2F34F	cs_molly_dual-1
0x1BC191AD	cs_taocheng_dual-2
0x1B49424C	cs_taostranslator2_dual-14
0x1B638FC3	cs_tracydisanto_p
0x1BD6223F	cs_xm24_titan_console_sparks
0x1B4EE93D	csb_agatha_dual-8
0x1B273386	csb_agent14_02_dual-34
0x1BBAC325	csb_agent14_02_dual-61
0x1B222D29	csb_agent_dual-31
0x1BB2D62C	csb_anita-0
0x1B0F5314	csb_billionaire_dual-0
0x1B30498A	csb_chef_03_dual-22
0x1BF4A6DE	csb_cletus_dual-1
0x1BCC157B	csb_fos_rep
0x1BD87E80	csb_helmsmanpavel_dual-39
0x1B101A1B	csb_jenettee_dual-2
0x1B560261	csb_jio_02_dual-22
0x1BDC6FBA	csb_juanstrickler_dual-21
0x1B00B442	csb_maude_dual-7
0x1B2FBF8A	csb_miguelmadrazo_dual-17
0x1B1ADA1C	csb_mimi_dual-3
0x1B83F629	csb_rafdeangelis_dual-61
0x1B0CCC9F	csb_security_a_dual-39
0x1BD71147	csb_tomcasino_dual-45
0x1B465EE7	csb_tonyprince_dual-33
0x1B85E1CE	csb_tonyprince_dual-52
0x1BC61865	csb_valentina_dual-23
0x1B470A8F	csb_vincent_4_dual-29
0x1B5D14E3	csb_vincent_4_dual-36
0x1B9B5F7E	cst4_enag
0x1B577350	cst7_czbs
0x1BADFB1B	cst7_dqaa
0x1B554A82	cut_guilotine_v2_papercutter
0x1BB7AB1B	cut_hs4f_app_exhaust_plane
0x1BA79B5B	cut_mpcas_helicopter_downwash-3
0x1B7B83E5	cut_sec_chop_weed_drool-31
0x1B1DF58D	cut_sec_golfcart_wheel_debris-10
0x1BE4F59F	cut_sec_golfcart_wheel_debris-22
0x1B271489	cut_sec_weed_van_smoke-10
0x1B398C7E	cut_sec_weed_van_smoke-25
0x1B486BBD	cut_test
0x1B6AA182	cut_tn_swat_van_skid_smoke-55
0x1B68AC60	cut_xm3_rpg_trail_smoke-24
0x1BB6BE9F	cutout_spec_tnt
0x1B6E1266	d_ac3_car_1_ext_p3_075-7
0x1B88A373	d_ac3_es_4_rcm_p2_00301-7
0x1BF62B11	d_ac3_hs4_scp_airs_p2_t07_03-24
0x1B5368A7	d_ac3_tunf_drp_bag_p1_t00_000-3
0x1BE9E225	d_ac7_rbhs_msc_3_p3_01-0
0x1B7C7AED	d_ragelight12_dixn_intro_p1_t001-1
0x1BBB87B4	dance_b_trans_drink_down_prop_battle_fan
0x1B04827A	des_vaultdoor001_root004
0x1B457AAD	dh1_doaz
0x1B9EEF35	dh2a_adaa
0x1BCD23F3	dh2a_erad
0x1B7F95A2	dh2b_egan
0x1BD48D00	dixn_trns_lh_to_cntr_dix
0x1BC2D501	dj_export_dj_02
0x1B301EC8	dl_cloud_gen
0x1B209203	dlc_24-1/dlc_24-1_electric_gate
0x1BB7C442	dlc_aw_bb_sounds
0x1B6F914C	dlc_biker_clubhouse_intro_cutscene_desk_scene
0x1B1368A7	dlc_mp_apa_f_jbib_17_1
0x1B3CA6C8	dlc_mp_apa_f_legs_11_2
0x1B012C29	dlc_mp_ar_f_feet_0_9
0x1B135270	dlc_mp_arena_f_special_2_12
0x1B9F6400	dlc_mp_arena_m_berd_7_9
0x1B46B468	dlc_mp_bh_f_feet_2_10
0x1BFB9075	dlc_mp_bh_f_jbib_19_8
0x1B03B01C	dlc_mp_bh_f_special_0_11
0x1BD7CC78	dlc_mp_bh_f_special_14_11
0x1BFA8C1C	dlc_mp_bh_m_jbib_14_11
0x1B79AFD0	dlc_mp_bh_m_special_1_13
0x1B4DF91B	dlc_mp_biker_f_decl_11_0
0x1B423701	dlc_mp_biker_f_feet_6_2
0x1B3C9219	dlc_mp_biker_f_hand_5_18
0x1B6C815A	dlc_mp_biker_m_hand_3_22
0x1B8EBE4A	dlc_mp_biker_m_hand_5_23
0x1B877335	dlc_mp_biker_m_phead_8_6
0x1B905DE8	dlc_mp_biker_m_special_4_19
0x1BEA7EA5	dlc_mp_busi_f_jbib4_10
0x1B944BCB	dlc_mp_exec_f_special_5_1
0x1BA578FC	dlc_mp_exec_m_jbib_15_9
0x1BB118E5	dlc_mp_fixer_f_jbib_12_1
0x1B2856B0	dlc_mp_fixer_f_jbib_8_11
0x1BBBC3A8	dlc_mp_fixer_f_peyes_0_10
0x1B4E1098	dlc_mp_fixer_f_phead_1_19
0x1BE94145	dlc_mp_fixer_f_special_3_4
0x1B736DDE	dlc_mp_fixer_m_decl_6_0
0x1B1A011C	dlc_mp_fixer_m_jbib_5_2
0x1B9C8FF9	dlc_mp_fixer_m_legs_5_7
0x1B600F49	dlc_mp_fixer_m_phead_5_0
0x1B217A22	dlc_mp_gr_f_berd_0_24
0x1B6F901C	dlc_mp_gr_f_phead_0_5
0x1B27DF3D	dlc_mp_gr_f_special_17_2
0x1B88B8EA	dlc_mp_gr_f_special_2_23
0x1B42EB2E	dlc_mp_gr_f_special_6_5
0x1B9610C2	dlc_mp_gr_m_hair_36_0
0x1BE6D670	dlc_mp_gr_m_jbib_5_1
0x1BA8B940	dlc_mp_gr_m_phead_4_13
0x1B81F716	dlc_mp_gr_m_phead_5_25
0x1B3FEDB9	dlc_mp_gr_m_torso_10_0
0x1B7C01AC	dlc_mp_gr_m_torso_24_15
0x1B1BF08F	dlc_mp_gr_m_torso_25_17
0x1BBF8582	dlc_mp_gr_m_torso_27_2
0x1B7CBBE6	dlc_mp_h3_f_hand_0_1
0x1B478471	dlc_mp_h3_f_legs_4_12
0x1B4B03A4	dlc_mp_h4_m_hand_0_20
0x1B24486F	dlc_mp_h4_m_jbib_0_8
0x1B384BCE	dlc_mp_h4_m_jbib_1_0
0x1BD209E8	dlc_mp_h4_m_special_2_5
0x1BB367D3	dlc_mp_h4_m_teeth_12_12
0x1BDE46E7	dlc_mp_h4_m_torso_9_6
0x1B82DC8E	dlc_mp_heist_f_berd_22_14
0x1B4A3394	dlc_mp_heist_m_berd_15_4
0x1B5417BC	dlc_mp_hips_f_hair0_2
0x1BBAC579	dlc_mp_hips_m_legs0_6
0x1BEE796E	dlc_mp_ie_f_jbib_1_4
0x1B3FB657	dlc_mp_ie_f_jbib_6_4
0x1B4E50DB	dlc_mp_ie_f_special_8_3
0x1B96E5FA	dlc_mp_ie_m_jbib_6_9
0x1BB7B846	dlc_mp_jan_f_hand_6_0
0x1BA95552	dlc_mp_jan_m_phead_3_2
0x1B156A6B	dlc_mp_low2_f_jbib_3_5
0x1B2D3ED4	dlc_mp_low2_m_jbib_1_8
0x1BAA2374	dlc_mp_low_m_phead_0_9
0x1B846AF2	dlc_mp_lts_f_hand_9_1
0x1B21B177	dlc_mp_lts_m_hand_6_3
0x1B9F0960	dlc_mp_pilot_f_hand_1_8
0x1B9C8109	dlc_mp_pilot_m_hand_4_17
0x1BE130A6	dlc_mp_smug_f_jbib_2_24
0x1BD8A378	dlc_mp_smug_m_feet_0_2
0x1BBA1AC4	dlc_mp_smug_m_special_2_25
0x1B2FFF31	dlc_mp_smug_m_special_8_0
0x1B85E2E2	dlc_mp_stunt_f_feet_1_3
0x1B8AA770	dlc_mp_stunt_f_jbib_1_5
0x1B4B2C53	dlc_mp_stunt_f_jbib_6_5
0x1BEB4691	dlc_mp_stunt_m_jbib_7_6
0x1B42268C	dlc_mp_stunt_m_legs_1_8
0x1B6950C9	dlc_mp_stunt_m_legs_4_3
0x1B0625AF	dlc_mp_stunt_m_phead_7_6
0x1B4CC602	dlc_mp_sum2_f_hand_1_0
0x1B7848F1	dlc_mp_sum2_f_legs_3_5
0x1BB9D9BC	dlc_mp_sum2_m_feet_3_19
0x1BE28A55	dlc_mp_sum_f_special_0_11
0x1B910BB6	dlc_mp_sum_f_special_1_18
0x1B05A487	dlc_mp_sum_f_torso_15_0
0x1B6801EE	dlc_mp_sum_f_torso_5_7
0x1BBD5A0C	dlc_mp_sum_m_torso_4_7
0x1B76D935	dlc_mp_tuner_f_feet_1_5
0x1B2BC4B1	dlc_mp_val2_f_feet_0_4
0x1BE3670B	dlc_mp_val2_m_feet_0_10
0x1B1F500A	dlc_mp_vwd_f_jbib_11_6
0x1BC6231B	dlc_mp_vwd_f_jbib_13_13
0x1B297B40	dlc_mp_vwd_m_decl_1_13
0x1B8B0085	dlc_mp_vwd_m_jbib_2_7
0x1BF271DB	dlc_mp_vwd_m_peyes_0_6
0x1BE054B5	dlc_mp_x17_f_berd_7_7
0x1BE266EB	dlc_mp_x17_f_legs_0_9
0x1B41DAB8	dlc_mp_x17_f_peyes_0_4
0x1B4E877B	dlc_mp_x17_m_jbib_12_0
0x1B83A2BF	dlc_mp_x22_f_berd_0_2
0x1BEFFD91	dlc_mp_x22_f_berd_2_16
0x1B1F96E9	dlc_mp_x22_f_feet_15_3
0x1BE1E8AD	dlc_mp_x22_f_jbib_3_10
0x1B36B304	dlc_mp_x22_f_legs_7_8
0x1B727FF3	dlc_mp_x22_f_legs_8_4
0x1BBE0F7F	dlc_mp_x22_f_peyes_3_12
0x1BC409CD	dlc_mp_x22_f_phead_10_8
0x1B1F2CAB	dlc_mp_x22_f_phead_1_16
0x1B05C784	dlc_mp_x22_m_jbib_0_0
0x1BFF9062	dlc_mp_x22_m_jbib_20_23
0x1B45C08C	dlc_mp_x22_m_torso_8_3
0x1BB9BE45	dlc_mp_xmas2_f_teeth_0_3
0x1B657BCB	dlc_mp_xmas3_m_jbib_0_1
0x1B9A1AA5	dlc_mpsecurity_playeroff_door
0x1B7E1423	dlc_sm_heavy_lifting_sounds
0x1B379E79	drf_mic_3_cs_2-20
0x1B49B0BC	driftchavosv6
0x1B67A63C	dynamic_mapping_mouse_x
0x1B1D568F	eb_bow_ltail_02
0x1BC7700B	electrocute_right_intro_cam
0x1B762D57	emperor2-9
0x1B1B6DAA	empty_safe_loop_safe_06
0x1BE9BA77	ent_ray_fam3_creaking_dust
0x1BFA6B37	enter_lf_v3_lamar
0x1BA46379	enter_menu
0x1B8C8100	ep_5_rcm_marnie_strokes_wall
0x1BE69170	ep_8_rcm-3
0x1B1FFF57	eps4_aoaa
0x1BD91E3A	epsw_afaa
0x1B60DFBC	es_4_rcm_p1-7
0x1BEBAE17	event_network_clan_invite_received
0x1BB43C00	ex_mp_h_stn_chairstrip_07
0x1B0040D8	exit_3_michael_facial
0x1B416ADF	exit_heeled_laptop
0x1BDF3665	exit_remote
0x1B11E386	exit_seat_ashtray
0x1BF654C1	exl1_fiaa
0x1BE345BD	exl2_fly_heli_rt
0x1B64ECB0	exp_xs_mine_kinetic
0x1BA841A5	exportcamera-109
0x1B7C63DC	exportcamera-18
0x1B2F6796	exportcamera-54
0x1B60519D	ext1
0x1BE896FE	f_exit_02_paleto_bay_ped_a
0x1B6A90C7	fafj_edaa
0x1B552CFA	fafm_dbaa
0x1B559513	fail_bag
0x1B81D500	fam1_fsai
0x1BC76E22	fam2_cpaa
0x1B47D4D1	fam2_fgaa
0x1B693381	fam3_btaq
0x1BE54086	fam3_cfae
0x1BA5675C	fam3_dfai
0x1BA57F4C	fam5_dhaa
0x1BD81D29	fam5_ebaa
0x1B2CDFA7	famf_akaa
0x1BAA8675	family_3_ext-7
0x1BAFD231	famt_auaa
0x1B56C395	famt_cjaa
0x1B3A8E7D	fast_pedal_downhill_bike
0x1BC0CF69	fatm_bsaa
0x1BD932A5	fbi2_aaaa
0x1B55A2BD	fbi2_etab
0x1B512DB6	fbi3_acae
0x1B74EE71	fbi3_dfab
0x1BCBCCB3	fbi3_dhas
0x1BCE4E1C	fbi3_dhbc
0x1BDD05A0	fbi3_gpaf
0x1B814974	fbi5a_hpaa
0x1B585C31	fbi5a_jbaa
0x1B04C48F	fbi5a_kuaa
0x1B9569EF	fbi_3_mcs_2-2
0x1B7EF512	fbis4_jpaa
0x1B5FB271	fcfj_daab
0x1B0975C9	fcfj_dkab
0x1BB9C9EA	fcfl_cfai
0x1B1A49CB	fcfl_eeai
0x1BAE44AB	fcft_dbad
0x1B96260B	fcft_dnaf
0x1BD410B2	fcftl_cyaa
0x1B6FF76A	fcma_diac
0x1BDEF3C1	fcmf_cual
0x1B6FD1EB	fcmf_cxaf
0x1BEAABE9	fcmft_coal
0x1BBF5E4C	fcmj_cnab
0x1BCB787E	fcmt_dxac
0x1B9D7DFE	female_pos_a_p2_idle_03_normal_weed
0x1BDE6158	female_pos_b_p1_weed_idle_03_lighter
0x1B41220F	female_pos_b_p1_weed_smoke_02_lighter
0x1B0299E5	female_pos_b_p2_weed_base_ashtray
0x1B0476BB	fh3a_boaa
0x1B30E73E	fh3a_ciaa
0x1BD369BA	fh3a_gvbc
0x1B9289FE	finh1_coaa
0x1B7C09D5	finh1_coap
0x1BFC61E9	fire_petroltank_heli
0x1B20E3C3	fix_agy_int3-26
0x1B0A6DE0	fix_art_ext-2
0x1B42440C	fix_golf_int-23
0x1BE4AC31	fix_wrms_ig8_moon_joint
0x1BB8FACC	fixf_fin_mcs2-6
0x1BE74244	fkn0_abaj
0x1BA9750E	fkn0_cmav
0x1BFA264D	fkn0_djaa
0x1BEE43E9	flag_id_staticemitter_startstopimmediatelyattimelimits
0x1BEBD4EC	fm_1_boaf
0x1BF8BB61	fm_1_czaa
0x1B284A16	fm_ind_f_tshirt_012
0x1BE927E1	fm_intro_drive_start
0x1BE84482	fmamb_aqaa
0x1BC0537F	fmm_caab
0x1BF17C3B	fmm_dyaa
0x1B0247E0	fmm_fiaa
0x1B62890F	fmm_isaa
0x1B2EA76C	fnfl_atag
0x1B104D54	fos_ep_1_p2-3
0x1BB421EB	fpfm_abaa
0x1B6F8B91	fptl_biaa
0x1B1EB901	fra_0_int-15
0x1B79A62E	franklinfailingtostartcar_enter
0x1B77E7AE	franklinstandsincar_intro
0x1B08B6EF	friends@frm@ig_1
0x1B5ABFB6	frlfb_acaj
0x1B59DAC1	frlfb_awad
0x1B110574	fstaggering
0x1BF7F3AD	fugitive-22
0x1B7082FA	fugitive-45
0x1B110F3A	fullcut_cycle_v4_powderedmilk
0x1B64E16F	g_f_m_fooliganz_01_dual-45
0x1B679AA7	g_m_m_mexboss_01_r2pvg
0x1BD9BB8C	g_m_y_lost_01_p
0x1B11E266	g_m_y_lost_03_r2pvg
0x1BC03DA9	g_ty
0x1B922298	get_in
0x1B1BA4EA	givetake1_a
0x1B3F015A	goon
0x1B02C77F	gr_buner_10_ramp
0x1B0CFFD1	gr_prop_gr_crate_pistol_02a-5
0x1B58A374	gr_prop_gr_torque_wrench_01a-0
0x1BB89040	gr_prop_gr_torque_wrench_01a-24
0x1B96656C	gr_prop_gr_tunnel_gate-5
0x1BE13F00	granger2-27
0x1BBB05C8	gta5mkt_pl
0x1BEB0BF6	gunclub_shop
0x1B1E90E9	gunsh_araa
0x1BE12A66	h4_beach_props_party
0x1B1ACEFE	h4_islandx_placement_04
0x1B78F8A0	h4_p_cs_rope05x_01a
0x1B64FE27	h4_prop_h4_gate_l_03a-7
0x1B1DF26F	h4_prop_h4_rope_hook_01a
0x1B8EAEFF	h4_prop_h4_wheel_nimbus_f-3
0x1BEE6A51	h4_prop_rock_med_03
0x1BC51FD0	h4_prop_rock_scree_med_01
0x1BDA4A8A	h4_rig_dj_02_lights_04_c_scr
0x1BBCC3A0	h4_rig_dj_03_lights_03_b
0x1B14B5DA	hack_exit_suit_bag
0x1BE34C07	hash_1be34c07_wmcasyt_collision
0x1B3BA69A	heat_foaa
0x1B7C5262	hei_ch1_06e_mansion_original
0x1B96C17B	hei_prop_dlc_tablet-21
0x1BD00672	hei_prop_drug_statue_box_01
0x1B3674E0	hei_prop_hei_cs_stape_01-8
0x1BCF8BA7	hei_prop_hei_hose_nozzle-3
0x1B15AB24	hei_prop_heist_cash_bag_01-7
0x1BBE0235	heist_bulletin_board_soundset
0x1BB45AB4	hs3f_sub_cel-12
0x1B6540B2	hs4_cas_int-24
0x1BB49C2F	hs4_nimb_lsa_isd-78
0x1B3C2705	hunt2_awaa
0x1BE1A365	hunt2_bqab
0x1BDCD021	i_am_the_ultimate_2
0x1B93C405	iaa_int-50
0x1B60404D	id
0x1BF63621	idle_04_franklin
0x1B0553B3	idle_07_beer
0x1BBF8612	idle_a_4
0x1BA951D0	idle_box_a
0x1B88189E	idle_f_cam
0x1BAB720B	idle_ped02
0x1B79F1C0	idle_ped05
0x1BCAB5AA	idle_phone
0x1BA4B4D0	ie_fail
0x1B99F091	ie_pre_countdown_stop
0x1B0EF9A3	ig_4_idle_b
0x1B7CFE8E	ig_8_part_01_exit
0x1B5D375B	ig_bountytarget_06_dual-2
0x1B01305C	ig_fooliganz_01_dual-45
0x1B28A403	ig_fooliganz_02_dual-24
0x1B19CFF3	ig_furry_dual-69
0x1B6DA79C	ig_pilot_dual-13
0x1B1CAC9A	ig_pilot_dual-65
0x1B949B84	iloop
0x1BB62FB7	impexp_int_l1-11
0x1B2AE1B9	incident.
0x1BDC9B5A	injury2component
0x1BFC061D	input_melee_attack_alternate
0x1BB49CD5	insult_ped_cop_conv08_part2
0x1B816FBB	insult_ped_hipster_conv14_part1
0x1BA24CF1	insult_ped_old_conv03_part3
0x1BF6F2BD	intep
0x1B88BE77	intinfo_portal_water_surface_extend_to_horizon
0x1B4B8365	italigtb2-14
0x1BEBBED5	iz_m25_2_int_mansion_rm_pool_spa
0x1B958051	jackie_breakout_01_champagne_bottle
0x1BBF554B	jester4-52
0x1B1C00F1	jet-28
0x1BDB434D	jh_pgaa
0x1B6A9FF9	jh_reaa
0x1B3244B1	jhp1a_van
0x1BC5E2F8	jhp1b_start
0x1BB8AD21	jhs1_elaa
0x1BD1B7DD	jhs1_zcaa
0x1B16A6B2	josh2_bmae
0x1B8165D3	jubilee
0x1BD2E941	key_rshift
0x1B77F7CE	kill_michael_guard
0x1B63D8F6	lam_1_ig_11_swat_a
0x1B3454D0	lam_1_ig_23
0x1B2D7708	ld_girl_a_song_a_p1_pleased_f_face
0x1B53DF26	leadout_action_michael
0x1B7A8D0E	lem1_ebaa
0x1B780D0D	lem1_ebal
0x1BF97B9F	lem1_hsaa
0x1BE1D85A	lem2_afaa
0x1B9AB02A	lem2_ezaa
0x1BC33926	lem2_fuaa
0x1BF8D381	lguard
0x1BC4E95A	li_to_hi_m02
0x1BBC0C56	li_to_ti_m04
0x1BDC589B	lift_box
0x1B48EBEA	lightweighthighquality8waterrefractionalpha
0x1B792B08	line_5_gb_3
0x1B1C35DB	liquid_blood
0x1B076AF7	loading_v1_worker
0x1BB42531	loc_ezaa
0x1B281F0C	loc_hcaa
0x1B7F432D	look_around_05_v_ilev_chair_02
0x1B629AA7	loop_strap
0x1BB5E3A3	lsdh_2a_int-23
0x1B072B47	lsdh_2b_int-7
0x1BFC3C96	luxor2-21
0x1B576C1C	m23_2_int6_m232_columns
0x1BF81AE8	m23_2_prop_m32_cashwrapped_01a
0x1B1FA3B8	m23_2_prop_m32_hddcase_01a
0x1B960559	m24_1_carrier_int6
0x1B71B8F5	m24_1_int_01_m241_1_pq_det
0x1B478B8F	m24_1_int_01_m241_off_em_s1
0x1B8D3BD0	m24_1_int_02_m241_det
0x1B9CBCAB	m24_1_mph_hang2_grates
0x1B097498	m24_1_prop_m41_arcade_safe_body
0x1B266460	m24_1_prop_m41_bounty_door_01a-49
0x1B749C9F	m24_1_prop_m41_jammer_01a
0x1B55BD00	m24_1_prop_m41_plant_01a-19
0x1BE219CC	m24_1_prop_m41_spraycan_01a
0x1BF371B4	m24_2_prop_m42_supplydrop_01a
0x1BF253C1	m25_2_prop_m52_asea_burnt
0x1BDF5FD7	m25_2_prop_m52_ashtray_01a
0x1B00DEDC	m25_2_prop_m52_c_sofa_01
0x1B7F62CA	m25_2_prop_m52_door_msn_pool_01a-39
0x1B13D677	m25_2_prop_m52_door_msn_pool_01a-89
0x1BD3F94A	m25_2_prop_m52_door_msn_sliding_01c-96
0x1B6694A7	m25_2_prop_m52_door_msn_sliding_01d
0x1B092546	m25_2_prop_m52_planter_03_low
0x1B1FAD52	m25_2_prop_m52_r_bench_01
0x1B2385FF	m_fadepass_ds
0x1B0FEA06	male_pos_b_p1_weed_exit_ashtray
0x1B3A1419	marketing
0x1B99214B	martillo
0x1B52E956	mch1_abak
0x1B55E068	mch1_cdai
0x1BEA8B57	mch3_bsaa
0x1B0A375C	mch3_buaa
0x1BC1EA89	medium-range
0x1B9DA7A7	methl_braf
0x1B6E2559	methtrailer_grp1
0x1BFCA2CB	mi_idle_c_f01
0x1B9AB3CA	mi_idle_d_f02
0x1BD44191	mic2_michael_escape_rt
0x1BB9625A	mic_1_mcs_2-12
0x1B5CA05D	mic_4_int-31
0x1B6A70B7	micarrive_leadin_loop_devin
0x1BB62203	mifl_adad
0x1BCC7074	min1_ckaf
0x1BAF3D62	minivan2-18
0x1B3E6AE8	misc.coronas.basevaluer
0x1B67FD48	missarmenian2leadinoutint_alt2
0x1B491A77	misstimelapse@franklinold_home
0x1B6F4022	mmb_2_rcm-2
0x1BCBE29B	moodm_vinyl_left_la_22_lp_left
0x1B6A360C	move_action@generic@trans@2h_melee
0x1BF70AC0	move_action@p_m_one@unarmed@idle@low_energy@a
0x1B263402	move_action@p_m_two@armed@core
0x1B15B36B	move_action@p_m_two@unarmed@idle@low_energy@d
0x1BD17A3C	move_jump@weapons@2h_melee
0x1B60902A	mp_bea_m_larm_000
0x1BD4981E	mp_biker_tee_007_m
0x1BEF3682	mp_biker_tee_047_f
0x1B354FD7	mp_film_009_m
0x1BA87DC4	mp_luxe_tat_031_m
0x1BA164CA	mp_mp_biker_tat_001_m
0x1BE54060	mp_mp_biker_tat_017_f
0x1B9579D6	mp_mp_biker_tat_060_m
0x1B6F94EB	mp_smuggler_graphic_005_m
0x1B724DFB	mp_trickster_006_m
0x1B417909	mp_tuner_tee_003_f
0x1BA60D0E	mpct_bjaa
0x1B9DE85B	mpct_esaa
0x1B92841A	mpgcs_apaa
0x1B8313DF	mpsum_tee_032_m
0x1B1CBB2A	ms
0x1B6AF148	n_ac11_ep_5_rcm_007-2
0x1B5A1248	n_ac13_hs4f_ssg_ent_p2a1_t0_00-1
0x1BA02B89	n_ac2_ep_8_rcm_203-11
0x1B4BBEFC	n_ac3_cletus_mcs_1_p2_003-0
0x1BAB204D	n_ac3_hs4f_drp_off_p1_t02_04-1
0x1B4314E1	n_acp1_arm_3_int_t7_011-4
0x1B2114D2	network_do_transition_to_game
0x1B5D4C0A	network_shout_target_position_event
0x1B8E4190	nice_house_heist2a
0x1B7FC08A	nig1a_coab
0x1B84AB01	nig1b_bwaa
0x1B4BACF8	nig2_cfab
0x1BEAE05E	nme_away_idle_a_22_bottle
0x1B7CFBA7	nme_bch_unq_sync3_c_22_hp_neck
0x1BC02E2C	nme_mix_idle_m_19_bottle
0x1B836732	nme_trans_sideaway_to_away_a_03_hp_head
0x1BD16388	nme_unq_chat_a_22_coconutdrink
0x1B54DB46	nme_unq_shots_e_62_bottle
0x1BD882EB	no_ped_col_strut_2_l
0x1B9509D3	nolefthandikwhenblocked
0x1B147031	normal_tnt
0x1BD48F5B	nt_inv_config
0x1B5DD86F	oat_fos_ep_1_p1_039-12
0x1B132FDE	oat_fos_ep_1_p1_35-16
0x1B0AA8B6	officer_point
0x1B168818	offroad_outro_fra
0x1B937E79	offsetscale1
0x1B91CEF0	oh_hey_vin_trevor
0x1BA59095	ojas_hoteltaxi01
0x1B4BA687	ojas_mhak
0x1BD8A554	on_back_c
0x1BD26F46	one_tequila_bottle
0x1BD01B5C	open_close
0x1B92BEED	orbis
0x1B7BF109	ortega_stand_to_kneel_ort
0x1BF8D88A	overhead
0x1B657999	overrun
0x1B9E5CB5	p8_look_right_shoulder_solomun
0x1BA0BC15	p_champ_flute_s-59
0x1B0C0869	p_cs_sack_01_s-36
0x1BCDD643	p_cs_tracy_neck2_s-3
0x1B9CCF4E	p_csh_strap_01_s-1
0x1BE336C3	p_ilev_p_easychair_s-97
0x1B74D522	p_medal_01_s-0
0x1BA0B0F6	p_patio_lounger1_s-13
0x1B5BA826	p_pliers_01_s-11
0x1B546358	p_stretch_necklace_s-13
0x1BC07B52	p_tumbler_01_s-50
0x1BC40487	p_v_med_p_sofa_s-106
0x1BFD7275	p_w_grass_gls_s
0x1BF90590	p_wade_necklace_s-8
0x1B5A6A3A	packer-70
0x1B5E3AE3	pad_up
0x1BDC4241	pal_enter_kei1
0x1B77F9FC	pamela_ig_1_p8_wonderfultimes_3
0x1B49E6AE	pap_1_rcm-16
0x1BD312EE	pap_2_rcm_base
0x1BAE899D	paper_throw_05_f
0x1B72B09C	patrolowy
0x1B571840	pbby_afac
0x1BA6040C	pbja_aaab
0x1B671DEE	pbja_ajab
0x1B509739	pbpro_bgab
0x1BBAC183	ped_a_outro_drunk_male_bottle
0x1B5D0597	ph936
0x1BEB262C	pista
0x1BCAC4F5	playbinkmovie
0x1B84FC61	player_zero_dual-16
0x1B630B23	please_no_im
0x1B5F3CD7	plyr_large_wpn_front_failed_takedown
0x1B0A5731	pmpla_aoaa
0x1BB94E8F	pmpla_awab
0x1BA45CA2	pointtexture2
0x1B9E7FA9	policeo2
0x1B38E955	policet
0x1B58D3EB	port_of_ls_heist_ship_alarms_01
0x1B3B84FE	port_xr_lightdoor
0x1BA238F9	pose_b_loop_small_tumbler_cs2_s
0x1BF55DD1	pose_c_trans_pose_e_blamadon
0x1B081679	pr_ch_dlc_casino_vault_storage_rm_ac_unit_01
0x1B2B2302	pr_dlc_h3_slot_machine_effects_gf_03_02
0x1B9943E3	pr_xm3_dlc_int_04_xm3_topoff_mid_ceilingvent_03
0x1B3BC14F	pre-release
0x1BEFA7E2	press_betmax_a_facial
0x1BB0EB3A	pri1_baaa
0x1BB100B3	pro_eraa
0x1BBCDF6C	proj_missile_trail
0x1B732454	prologue_test_blast_doors_explode
0x1BF0A1B9	prone_l_outro
0x1BFE6FC5	prop_barrier_work06a-12
0x1B50B701	prop_beer_logopen-12
0x1B6A3553	prop_beer_logopen-60
0x1B3AFFB7	prop_binoc_01-18
0x1BA9D968	prop_boombox_01-25
0x1BB327F5	prop_bottle_cognac-33
0x1BF9B989	prop_box_wood04a-14
0x1BCCD39C	prop_bush_ornament_04
0x1B7C1D1E	prop_cable_hook_01
0x1B7D71F0	prop_chair_04a-29
0x1B42AB92	prop_chair_06-18
0x1B6ED610	prop_coffin_02
0x1BBF72B3	prop_coke_block_01-1
0x1BBED7F3	prop_com_gar_door_01-21
0x1BD48138	prop_container_01b
0x1B13C7D8	prop_coral_02
0x1BCCE398	prop_cs_beer_bot_01-9
0x1BCD37C6	prop_cs_beer_bot_40oz_03
0x1BBBBF76	prop_cs_beer_box
0x1B5EC84E	prop_cs_bs_cup-25
0x1BE7FFE5	prop_cs_ciggy_01-5
0x1B3455F8	prop_cs_diaphram-1
0x1BF792E9	prop_cs_dog_lead_b_s-11
0x1BA78044	prop_cs_kettle_01-23
0x1B0A9DB7	prop_cs_leg_chain_01-3
0x1B8D34ED	prop_cs_rub_binbag_01-1
0x1BA6449C	prop_cs_sm_27_gate-11
0x1B180974	prop_cs_street_card_02
0x1B276762	prop_dock_bouy_1
0x1B0E6B19	prop_fncres_02d
0x1BB934E9	prop_gaffer_leg_bind_cut
0x1BF19C10	prop_gazebo_02
0x1BB9AB46	prop_golf_bag_01b-42
0x1B71001A	prop_grumandoor_l-22
0x1B148B51	prop_guard_tower_glass
0x1B8CA8AD	prop_gumball_02
0x1BC0C308	prop_ic_boost_g
0x1B304E17	prop_ic_hop_p
0x1B73CDD3	prop_ing_camera_01-21
0x1BBBCD03	prop_ing_camera_01-52
0x1B60B3E4	prop_laptop_lester2-9
0x1B5E2E1C	prop_ld_cable_tie_01-35
0x1BD576B1	prop_ld_fib_pillar01
0x1B762F1F	prop_ld_handbag_s-3
0x1BB9AD6A	prop_ld_handbag_s-48
0x1B803513	prop_ld_purse_01_lod
0x1B8DF1DB	prop_luggage_07a-27
0x1BDB7A1A	prop_luggage_08a-4
0x1B3D6DB6	prop_mk_num_0
0x1BDC3B67	prop_off_chair_04_s-43
0x1B9A2388	prop_pencil_01
0x1BC3CF41	prop_picnictable_01_lod
0x1B509699	prop_pizza_oven_01
0x1B381A32	prop_ret_door_04
0x1B206E0F	prop_sign_road_04d
0x1BC13895	prop_t_shirt_ironing
0x1BD0F4FC	prop_table_07-9
0x1BD19DC9	prop_tool_screwdvr02-7
0x1B996B2B	prop_ven_market_stool
0x1BCB6AA8	prop_wine_bot_01-7
0x1B73112E	properly
0x1BAE356A	prs_nkab
0x1B4A7FE7	ptrx_idle_aa_mix_19_dj_ptrax
0x1B5D52F4	public_enter_front
0x1BFAB35A	r@
0x1B88A692	ramp2_abaa
0x1BCA4858	rampa_away_idle_f_09_v2_s_glass_02
0x1B2D9998	rampa_away_idle_f_09_v2_tumbler
0x1B1050B8	rampa_bch_unq_sync3_a_11_hp_table
0x1BCF4A5B	rampa_cuedance_idle_c_04_s_glass_02
0x1B828A68	rampa_cuedance_idle_f_06_v2_t_bottle
0x1B3DD6B3	rampa_cuelean_idle_h_11_s_glass_03
0x1B9F4AC9	rampa_mixdance_idle_a_02_hp_head
0x1B689310	rampa_mixdance_idle_e_06_v2_hp_table
0x1BF5E774	rampa_mixdance_idle_j_14_s_glass_02
0x1BE7EC73	rampa_trans_cuehpgrab_to_cue_a_11_v2_t_bottle
0x1B01269C	rampa_trans_mixhpdown_to_mix_04_hp_table
0x1BECD5D8	rampa_unq_sync2_h_37_s_glass_03
0x1B097D7D	rampa_unq_sync_e_22_v2_s_glass_01
0x1BC0C546	random@crash_rescue@car_death@low_car
0x1B707AAF	rbh2a_dtaa
0x1B8253B2	rbh2a_noaa
0x1BE5C46D	react_02_ped06
0x1BD3CCFC	reaction_disgusted_facial
0x1B1C74E8	reaction_pondering_facial
0x1BD8A650	rebelde
0x1BCC0B96	rebu2_dfaa
0x1B4BE77B	recra_bzaa
0x1B97A746	recre_abab
0x1B498218	redo2_daac
0x1B895AE8	reh_prop_reh_lantern_pk_01b
0x1BAF26D9	reload_aim_empty
0x1BE414A7	repap_dfaa
0x1BFDFADE	replace_fuse_01_broken_fuse_3
0x1BACF2F6	replaypedextension
0x1B69EB10	request
0x1BC5C593	rerob_awaa
0x1B408C91	rightmarg
0x1B2E3881	rocoto-54
0x1BB00BDD	ros-headershmac
0x1B90BC0D	rp_vc_hate
0x1B8A110B	rstart_l_90
0x1B3AA391	ru0wbwgbtz
0x1BA2DEE5	run_fwd_45_start
0x1BD74DD2	s796
0x1B382E40	s_f_y_hooker_02_white_full_03
0x1B7DCB45	s_m_m_gentransport_dual-8
0x1B863B63	s_m_m_security_01_dual-67
0x1B3208BE	saltonmale
0x1B10CE0E	sclub_asaa
0x1BF1E4B9	scr_fbi_build_exp_spawn
0x1BA5F13F	scr_fin_trev_car_impact
0x1B234C74	scr_hr_lny_firework_burst_rooster
0x1B8D920F	scr_man_surv_hippy_impact
0x1BB1C045	scr_paleto_roof_impact
0x1BEE4022	scr_rcext2_ramp_scrape
0x1BBFD342	scrap_apad
0x1B26C4E8	se_dlc25-2_mansion_lobby_loc_1
0x1BC90C9B	seminole-59
0x1B2771CF	set:
0x1BA29A91	set_full_map_screen_control
0x1B8C7899	set_reduced_suspension_force
0x1B87457E	sf_prop_sf_chophse_01a
0x1B1F785A	sf_prop_sf_door_com_l_06a-60
0x1BBB2F5C	sf_prop_sf_door_com_r_06a-25
0x1B0CA364	sf_prop_sf_door_glass_01a-14
0x1B21C1FE	sf_prop_sf_door_glass_01a-33
0x1B9BE57F	sf_prop_sf_door_office_l_01a-6
0x1B03E183	sf_prop_sf_door_rec_01a-38
0x1B49834D	sf_prop_sf_keyboard_01a-19
0x1BCEE10F	sf_prop_sf_mug_01a-73
0x1B52DAF6	sf_prop_sf_phone_01a-14
0x1B1E3FA3	sf_prop_sf_s_mixer_01a-46
0x1BE49E0B	sf_prop_sf_sofa_studio_01a-2
0x1BDA97BA	sf_prop_socket_set_01b
0x1B37024E	sg_sgn_sv_rpt_a
0x1B5B032F	shit_where_was_it_v1_beach_girl_facial
0x1BF8BFB3	shit_where_was_it_v2_beach_girl_facial
0x1BC80BBE	shootout_typing
0x1B1F95EB	shoplift_high
0x1B8C7AB9	signal
0x1B8405ED	sit_idle_01_jimmy
0x1B4D726C	sit_idle_03_jimmy
0x1B4EEED5	sit_low_lowdoor
0x1B02F2DA	sm_l_shortknee
0x1B564B01	sm_l_suit_side
0x1BF39EE1	sm_prop_smug_cctv_mon_01-24
0x1B2E6E9C	smallgroup_flee_m_b
0x1BEE873A	smugglercheckpoint01
0x1BCFAB51	sp_f_feet_10_14
0x1B81DA02	sp_f_feet_6_3
0x1B4F8AD3	sp_f_hair_7_5
0x1BC67ED6	sp_f_jbib_1_4
0x1B39D392	sp_f_lowr_1_14
0x1B4BBB24	sp_f_lowr_6_1
0x1B781904	sp_m_accs_11_2
0x1B7EBD66	sp_m_hair_7_3
0x1B06BF4F	sp_m_head_3_2
0x1B068191	sp_m_jbib_8_14
0x1BEFF013	sp_m_left_wrist_2_0
0x1B6C7558	sp_m_lowr_12_7
0x1BFD2FB7	sp_m_lowr_14_4
0x1BB88D35	special_ped@andy_moon@monologue_4@monologue_4a
0x1B90A601	special_ped@impotent_rage@convo_5@convo_5a
0x1BD6F4C0	special_ped@impotent_rage@monologue_14@monologue_14a
0x1B5FA5B7	special_ped@jessie@monologue_10@monologue_10d
0x1BC61723	special_ped@tonya@monologue_2@monologue_2c
0x1B91528C	special_ped@zombie@monologue_2@monologue_2e
0x1B04D310	spectator7
0x1B1723C0	spinningwheel_high_effort_02
0x1B44895A	squaddie-1
0x1B8720BC	stagd_crap
0x1B7D839F	stagd_dpaa
0x1B63186C	stage_1_base_golfer
0x1BBBAD68	standing
0x1BB46DCD	stats_playerswitch
0x1B7B64F2	strafe_lft_intro
0x1B58F86E	streamline_l
0x1B3287F3	stt_prop_stunt_track_slope15
0x1BBDC996	success_fresh_fuse_3
0x1B4772BE	sum24_bty4_heavy_mcs3-0
0x1B94E874	sum_mp_h_yacht_coffee_table_02
0x1BBF2340	swb
0x1BA069D6	swing_react_good_01_cam
0x1BCAEA7F	switch@trevor@under_pier
0x1BAE2D29	switchopenfranklinout
0x1B2A5660	t1m1_dsaa
0x1BBF3314	tailgater2-21
0x1B027D86	take
0x1B846466	tanker-42
0x1B54FB6B	task_set_blocking_of_non_temporary_events
0x1B7D8D6A	task_shoot_gun_at_coord
0x1BE9D65C	task_use_nearest_scenario_to_coord_warp
0x1B0AFC3E	td_shotgun_rear_kill
0x1BBD182A	teleporting
0x1B3D614C	the_universe_taketh_male
0x1B5DBA39	three_player_facial
0x1B81C0AD	ti_to_hi_m01
0x1B8851A0	timetable@maid@cleaning_window@base
0x1B21E240	timetable@michael@talk_phoneexit_a
0x1BC2C3C7	tm44_eoae
0x1BA07941	tm44_erao
0x1B347879	tm44_eraw
0x1BC94714	tm44_fdaa
0x1B01F01C	together.
0x1BB290BC	tornado
0x1BD9A264	tow_aeaa
0x1BE4461D	tow_axad
0x1BF439B4	tow_gwaa
0x1B9955E9	tr2_qtaa
0x1B3A2EDB	tr_prop_meth_scoop_01a
0x1B9FE3D4	tr_prop_tr_car_lift_01a-16
0x1BA1A4CA	tr_prop_tr_usb_drive_02a
0x1B9CF1CF	trevor_2_property_intro_scene
0x1B6483EC	trevorstrailertidy
0x1B09AF00	trv3_brar
0x1B71E40B	trv3_ghaa
0x1BF38F40	trv5_cqae
0x1B1EA59E	trv5_cwaj
0x1B053D95	turista
0x1BA78D86	txm10_agaa
0x1BC3A476	txm3_dtac
0x1B57EF0B	txm3_edaa
0x1B6CB1DB	txm4_eaaf
0x1B2EA4C4	txm6_doaj
0x1B9661BD	txm8
0x1B7E3FC7	txm8_dtah
0x1BD674B7	u_m_y_baygor_p
0x1B2D32DB	ui
0x1BF0900C	under_water_come_up
0x1BED45ED	unit_mph
0x1B250627	use_02
0x1B04533D	use_boost
0x1B8AFF66	v_19_jetdado
0x1B4D6282	v_19_strpfrntpl
0x1B2EB4FB	v_24_lna_mesh_win3
0x1B3E33B6	v_28_prh_refl
0x1B854DB0	v_31a_tunswapover1
0x1B197A85	v_34_sm_corrb
0x1B998FA9	v_44_1_mast_wadeca
0x1B4032AD	v_55_rollerdoor-14
0x1B0DEE2D	v_55_rollerdoor-6
0x1BC0DA54	v_73_elev_sec4
0x1B061990	v_74_it1_ceiling_smoke_13_skin
0x1B1E7967	v_ilev_cd_door2-12
0x1B79851A	v_ilev_cd_door2-28
0x1B4CFD1F	v_ilev_fib_btrmdr-24
0x1B4CE8DE	v_ilev_phroofdoor
0x1BAA622A	v_ilev_tort_door
0x1B2F18D3	v_ind_cfbox2
0x1B6136F4	v_ind_cm_paintbckt04
0x1BC087C8	v_med_oscillator2
0x1B3AD22A	v_med_p_tidybox
0x1BBC6A60	v_res_d_paddedwall
0x1BEB9D18	v_res_fa_chopbrd-32
0x1B3F69DD	v_res_jcushiond
0x1BDBD042	v_res_lest_bigscreen-5
0x1BBD1468	v_res_m_lampstand2
0x1BDA49A3	v_ret_fh_coolbox
0x1B645508	v_ret_gc_mug03
0x1B57ECEE	v_ret_gc_plant1-1
0x1BA77E96	v_ret_ps_pot
0x1BBE7885	v_tre_sofa_mess_a_s
0x1B8F561F	v_tre_sofa_mess_a_s-27
0x1BF280F5	valkyrie-5
0x1B6AEA38	variants
0x1BD9E731	vc_daily_timestamp
0x1B7E3D6C	veh@boat@predator@ps@idle_agitated
0x1B96A244	veh@truck@mixer@ps@enter_exit
0x1BFBA1CF	veh_xm_avenger_downwash_default
0x1B469612	vehicle_nosplash.sps
0x1B7FBF51	veui_jump_start
0x1B81E7BD	vfx_it1_16
0x1B5CC605	vw_prop_roulette_ball-23
0x1B1A36FD	vw_prop_vw_arcade_03d
0x1BE3910A	vw_prop_vw_door_bath_01a-43
0x1B91012F	vw_prop_vw_ped_hillbilly_01a
0x1B1FAE3F	vw_prop_vw_tray_01a-1
0x1B25F02F	vw_prop_vw_valet_01a-17
0x1B8EEFA1	vw_prop_vw_valet_01a-27
0x1B6D1F68	vw_prop_vw_wallart_09a
0x1B196891	w_ar_carbinerifle-78
0x1B6F9743	w_ar_carbineriflemk2-7
0x1B4EA9AF	w_at_cr_barrel_1-25
0x1BC47537	w_at_scope_medium_2
0x1B2C52C8	w_fire_recoil
0x1B817B41	w_me_bat-14
0x1BD962E7	w_pi_pistol-66
0x1B734797	w_pi_pistol50_mag2
0x1B5A8479	w_pi_pistolmk2_camo5
0x1BDB647E	w_sb_smgmk2_mag_hp
0x1B9BF00A	walk_in_bank_loop_door_l
0x1B0B327A	walk_left_player1_facial
0x1B533D39	walk_start_180_r
0x1B257C3C	watchidle_a_var_02_facial
0x1BA57E2E	water_jetski_bow1
0x1BBB2CAC	waypoint_playback_use_default_speed
0x1B80AB8C	wcd_cmpr_clip2
0x1B7BCE51	wcd_scope_med
0x1BEA9227	weapon_1c
0x1B06D571	weapon_pistol
0x1BC4FDB9	weapon_pistolxm3
0x1BD50FB7	weaponname
0x1B84784C	weapons@first_person@aim_idle@generic@light_machine_gun@shared@core
0x1B189628	weapons@first_person@aim_lt@p_m_zero@shotgun@bullpup_shotgun@fidgets@a
0x1B89085A	weapons@first_person@aim_rng@generic@projectile@thermal_charge@
0x1B6F597B	weed_spraybottle_crouch_idle_01_spraybottle
0x1B263A43	were_you_gone
0x1B75BEB1	wheel_rf3_dummy
0x1BC9514D	whiteboard
0x1B783DED	window_frame_r
0x1B5061EB	window_lm6
0x1BDC0494	windsor2-65
0x1BEA99F3	wm29
0x1B595172	world_human_tourist_mobile
0x1BA623DD	wtd_mchpist
0x1B45F28A	x64r.rpf
0x1B4F6909	xbz@d
0x1B9A0B0C	xm24_mfh_int-25
0x1B8B917B	xm25_mansion_inta-29
0x1B848C49	xm25_mansion_intc-5
0x1B5FDC6C	xm3_int4_tplt_mesh_delta
0x1BB88E29	xm3_mpchristmas3_additions_train_lod08
0x1B3B4343	xm3_prop_xm3_balloon_01a-29
0x1BC97BAE	xm3_prop_xm3_cemtrolly-17
0x1BAC651E	xm3_prop_xm3_hat_ron_01a-7
0x1BD9F1A7	xm3_prop_xm3_pouch_01a-1
0x1BE76BE9	xm3_prop_xm3_rub_matress_01a-74
0x1B6F0AE7	xm4_yard_int-68
0x1B070FA5	xm_attach_geom_lighting_hangar_b
0x1B322158	xm_prop_x17_b_glasses_01-25
0x1B77E829	xm_prop_x17_coffee_jug-13
0x1B2BD9D8	xm_prop_x17_harddisk_01a-22
0x1B4B0991	xs_arena_banners_ipl
0x1B95E2AA	xs_prop_arena_champ_closed-44
0x1BEAE7B7	xs_prop_arena_champ_open-1
0x1B0ACE95	xs_prop_arena_clipboard_01a-9
0x1B614A86	xs_prop_arena_pipe_machine_02a
0x1B396F87	ynukbca3f9
0x1B56B2CF	youga2-63
0x1BD95156	z@xjz
0x1B3D9362	zion2-56
0x1BAAA4ED	ziptie_drugged_idle_03_left_leg
