0x2A756285	.com
0x2AF0BA01	001396_01_mics3_6_rejected_entry_exit_bouncer
0x2A8B3527	0x609b130
0x2A74DF70	17d
0x2A1EF1C3	24_phoenix_modkit
0x2A48074A	258_yosemite_modkit
0x2A65C6E0	359_bruiser2_modkit
0x2A411472	514_journey2_modkit
0x2AAB5863	8n8qlkgwo6
0x2AF970E0	933s@
0x2AA4E34C	9cmjvv_gl
0x2AC9133E	9o
0x2ACEEC52	@j_xl
0x2AC6D799	_heli_idle
0x2AAEEF50	_ngpstat_int
0x2A7C9532	_tupstat_int
0x2A0ABB8C	a_arrest_on_floor
0x2A9B1A39	a_c_chimp_dual-1
0x2A1BDB30	a_c_chop_02_dual-66
0x2A0F68F2	a_f_o_genstreet_01_dual-18
0x2A85D808	a_f_y_bevhills_04-26
0x2A90FA42	a_f_y_clubcust_02_dual-5
0x2A545AB1	a_f_y_fitness_01-45
0x2A627E0D	a_f_y_fitness_01_dual-23
0x2A17D314	a_f_y_fitness_02_dual-1
0x2A871CD0	a_f_y_soucent_03_p
0x2AF2EF5B	a_f_y_vinewood_01_white_full_01
0x2A45537E	a_m_m_farmer_01_p
0x2A798C7B	a_m_m_fatlatin_01_dual-55
0x2A4B32AE	a_m_m_polynesian_01_dual-38
0x2AA42099	a_m_m_stlat_02_dual-7
0x2AD8921B	a_m_o_soucent_01
0x2A76B529	a_m_y_beach_03-44
0x2AC7EEC4	a_m_y_beach_04_p
0x2ACBAF72	a_m_y_bevhills_02-32
0x2AF37A7A	a_m_y_business_01_chinese_full_01
0x2A1A518B	a_m_y_cyclist_01-28
0x2A28095C	a_m_y_hippy_01-0
0x2A6223C1	a_m_y_hipster_03-8
0x2A22FBCE	a_m_y_indian_01
0x2A46BDA6	a_m_y_soucent_01-2
0x2A8135E5	a_m_y_stbla_02_dual-9
0x2A1E3560	ac16_mph_tut_mid_p1_cyan_lamp002-12
0x2A805024	ac18_car_2_mcs_1_merged_05-0
0x2A6F8AB3	ac19_mph_tut_int_fin_p1_cyan_lamp001-0
0x2A563F97	ac2_fspot_fos_ep1_p1_00-28
0x2A54FE05	ac_start
0x2AB772C7	accessing
0x2A026EB2	action_03
0x2A82C597	adam_away_dance_b_04_v2
0x2AD03B0C	adam_away_dance_e_09_tumbler
0x2AE94492	adam_away_idle_b_02_v2_tumbler
0x2A25A7ED	adam_away_sync_b_11_hp_table
0x2AD36F74	adam_bch_unq_sync3_d_43_v2
0x2A68A052	adapdofproj
0x2A43BF26	ah3b_ixaa
0x2A8356B1	ah3b_ngaa
0x2A82B75C	ah3b_nkaa
0x2A67F319	ah3b_rappel_starts
0x2AD979BD	ah3b_sbab
0x2A2C14AA	ai_2h_breakrun_c
0x2AD78853	amb@code_human_in_car_mp_actions@gang_sign_b@low@ds@base
0x2AEB1265	amb@prop_human_seat_chair@female@arms_folded@react_shock
0x2A49B1B5	amb@prop_human_seat_chair@male@left_elbow_on_knee@exit
0x2A914EB1	amb@world_human_bum_standing@twitchy@base
0x2A740C69	amb@world_human_security_shine_torch@male@base
0x2AD6FBBE	amb@world_human_smoking_pot@female@base
0x2A4C7AFE	ambclub_13_mi_hi_sexualgriding_glowstick_r
0x2A2F68B6	ambient_clip_placeholder
0x2A264547	ammomodelname
0x2AD90453	anim@amb@casino@out_of_money@ped_male@01b@base
0x2A00C335	anim@amb@clubhouse@boardroom@crew@female@var_a@base_l@
0x2A648305	anim@deathmatch_intros@2hgrenade_launchermale
0x2A8E9B64	anim@drone@male@
0x2A2BBE82	anim@mp_player_intcelebrationfemale@uncle_disco
0x2AB40905	anim@mp_player_intincardjstd@ds@
0x2A2412CE	anim@mp_player_intincarjazz_handsstd@rds@
0x2AA4B47F	anim@scripted@420@ig1_runner_intro@
0x2AA2A34E	anim@scripted@creatures@husky@amb@mansion@male@
0x2A23BC6D	anim@scripted@hs4f@ig14_open_car_trunk@heeled@
0x2A11422F	anim@scripted@island@special_peds@scott@hs4_scott_handover_p1scott
0x2A3E836C	anim@veh@drivebytruck@wastelander@rds_rear_thrown
0x2A3EF511	anim@veh@valkyrie@rds@idle_duck
0x2A337235	anim@weapons@first_person@aim_rng@general@pistol@revolver@str
0x2A521557	anim_ac61_fos_ep1_p6_01-24
0x2A4D2FBB	anim_ac61_fos_ep1_p6_02-6
0x2AA039E6	anim_ac69_fos_ep1_p6_01-20
0x2ABCE011	anim_ac69_fos_ep1_p6_02-28
0x2A33067A	anim_casino_a@amb@casino@games@insidetrack@ped_male@regular@02b@idles
0x2AAD7964	anim_casino_a@amb@casino@games@insidetrack@ped_male@regular_withdrink@01a@trans
0x2A873D26	anim_casino_a@amb@casino@games@spectate@slots@ped_male@stand@02a@reacts@v01
0x2A1E9C48	anim_corona_oat_fos_ep1_p6_13-25
0x2A221FF4	anim_corona_oat_fos_ep1_p6_14-27
0x2AF815FF	anim_heist@arcade_property@mission_start@west_vinewood@exit_01@male@
0x2A9F3852	anim_oat_fos_ep1_p6_26-13
0x2AFC5346	anim_oat_fos_ep1_p6_30-7
0x2A1AA9EB	anim_oat_fos_ep1_p6_34-11
0x2A1D3078	animl_agak
0x2A00B555	animl_ajag
0x2AF2D66E	animl_auam
0x2A57E00C	animl_baal
0x2A545186	animl_bsaj
0x2ADEE2B1	animl_caaa
0x2A550CC9	animl_cnag
0x2A740608	animl_csad
0x2AF4897C	animl_dmak
0x2A5C007C	animl_ecag
0x2A0688A7	animl_egaf
0x2A40CFC1	animl_giag
0x2AB60779	animl_hbak
0x2ACA72E2	anteg
0x2AB02772	antique
0x2A9EA08C	apa_nar_int-0
0x2A364CB2	apt_exit_right_alt2_ped_a
0x2AE1FC1F	ar2_cyaa
0x2A22F20B	ar2_dhaa
0x2A433EFA	ar_apa_mpapa_yachtbridge_computer_console_radio
0x2ADE6244	ar_club_music_07_quiet
0x2A8A0D07	ar_dlc_heist_yacht_engine_room_2_motor_02
0x2AB5072F	ar_dlc_xm_int_sub_engine_throb
0x2A5A9AC3	arm1_bfaa
0x2A509775	arm3_afaa
0x2A9B6B95	arms_erah
0x2A825487	arms_hoac
0x2ABF49C8	arms_hzaa
0x2A7FFDBF	arms_juab
0x2A116AAD	arms_kuab
0x2A9BB176	asgolfcourselayer
0x2A14AB78	ass1_stop
0x2A2478F3	assault.
0x2A1A9388	attribute
0x2A77455A	awspeedmult
0x2A5846E5	az_big_zones_arid_06
0x2A6F32B1	az_coast_7
0x2A66CCDD	az_music_southcentral_33
0x2AB55A33	azzvpg
0x2AA6A7D0	ba_prop_battle_sniffing_pipe-23
0x2A174FEB	ba_prop_door_club_entrance-60
0x2A5AFA72	ba_prop_door_elevator_1l-70
0x2AEE25CC	ba_prop_door_elevator_1l-8
0x2A239F1D	ba_prop_door_elevator_1r-39
0x2A625DC5	back_full
0x2A062632	bagger-10
0x2ACEF0CA	balance_to_still_left_bike
0x2A509A2A	ballasog_rollthroughtraincar_ig6_out
0x2ABEF15B	bar_1_attack_intro_mic
0x2AD82752	bar_drink_male_b_idle_b
0x2A78CF7F	barr4_acac
0x2A807BA7	base_sorter_left_chair01
0x2A857E85	battle_draw_1
0x2AEC9733	bb1_aeaa
0x2AA7D72D	bb1_ayal
0x2A1A6855	bcbc
0x2AF9DB10	big_score_heist_vault_alarms
0x2AB43600	bkr_biker_dlc_int_03_gamesrm
0x2A943740	bkr_gunrun_van
0x2A55D7E6	bkr_prop_biker_tube_gap_02
0x2A1657FD	bkr_prop_meth_bigbag_01a
0x2AB8F1D2	bkr_prop_weed_lrg_01b
0x2A13D29A	black
0x2AC3A28B	blindfire_low_r_centre_base
0x2A37059D	bloodfx_exit_info_start
0x2A3A95B0	bmad_enter_bg_male3
0x2AB4AEC5	bmad_intro-5
0x2AEED5C4	boarding_point
0x2A716919	bs2b_jhaa
0x2AB774BE	bs2b_nlaa
0x2A801B24	bs_1_fly_to_trucks
0x2A5FAD66	bs_2a_mcs_8-1
0x2A6E88DE	bs_p_d_train_arrives
0x2A7BC0D9	busto_bkac
0x2A61E430	c1_f
0x2A502F7A	c2_down_4
0x2AE46F49	caddy-7
0x2A84435B	car.extralight.night.emissive.on
0x2A16EB24	caramelo
0x2A58890E	card_clone_action
0x2A6F9749	cargobob5-1
0x2AE85EBE	cayomage02
0x2ACEA9D6	ccontroller
0x2A2946C2	cdi_heli_visual_heading_east_dispatch
0x2A9405DE	cf_assist_traction_control
0x2AF13B7E	cf_block_increased_rot_velocity_with_drive_force
0x2A48B80A	ch_prop_casino_slot_04a
0x2AA61785	ch_prop_whiteboard-11
0x2ABD8F9F	ch_prop_whiteboard_04-41
0x2AB42B6C	chatc_amad
0x2A70CE8B	chatc_apaa
0x2AB052A2	chatc_cfag
0x2AF7CBC0	chatc_cjaa
0x2AE68859	chemgrill_grp1
0x2A40CC5B	chi2_abaa
0x2ACCFD9C	cib
0x2A8EBE00	ckr4hwpl83
0x2ABDAC12	close_door_truck
0x2AEE2D37	close_inspection_idartist
0x2AA8E822	close_trunk_felon2
0x2AB79BC0	club_open-31
0x2AF2A05E	cm_ganblo
0x2A703574	cm_stostr
0x2ACFAF4B	cm_vagyou
0x2AE6D07E	coffee_grab_02_v_ilev_chair_02
0x2AF0D1BC	collect_out_bag
0x2A87116F	collect_shard
0x2A521381	combat@gestures@gang@smg@halt
0x2ADD7722	combats
0x2AC258CF	common:/data/control/standard_duck_handbrake.meta
0x2A597CE3	comparetext
0x2ACB2DA5	compensating
0x2AAB4D1F	complaintdoc
0x2AB07663	component_bat_varmod_xm3
0x2A3FD6A3	confinados
0x2AAF6694	console
0x2A6F1CE8	contenu
0x2A3B6C21	convo_franklin_heywassup_1
0x2A9E8BCC	convo_trevor_whatareyoudoing_1
0x2AA0C3B3	corona_oatfos_ep_1_p1_024-9
0x2A811563	createcarforscript
0x2AD4A5D1	creatures@pug@step
0x2A438136	crew_tag
0x2A8F968B	criminali.
0x2A674526	cs1_lod3_terrain_slod3_04
0x2A5CF712	cs_amandatownley_02_dual-100
0x2A5AC85D	cs_amandatownley_dual-18
0x2A895EF7	cs_bradcadaver-9
0x2A1B36BE	cs_cig_smoke-18
0x2A976412	cs_drfriedlander_dual-51
0x2A44E905	cs_ex1_plane_spark_l
0x2A32476E	cs_fabien_dual-1
0x2AB4453F	cs_jimmydisanto_dual-21
0x2A74DF1D	cs_joeminuteman_dual-8
0x2AAAAC9B	cs_lazlow-0
0x2A405717	cs_lazlow_2_dual-12
0x2A25B135	cs_lestercrest_3_dual-9
0x2AE43FE2	cs_mrk_dual-8
0x2A9C9F14	cs_nervousron_dual-36
0x2A52F6A0	cs_patricia_dual-29
0x2AD36156	csb_agent14_02_dual-64
0x2AB169DC	csb_chef_03_dual-54
0x2A6066D1	csb_faber_02_dual-14
0x2A51EDA0	csb_faber_02_dual-66
0x2AD04EEE	csb_georginacheng_dual-3
0x2A1DF5FE	csb_gustavo_dual-18
0x2A4349B1	csb_hao_02_dual-15
0x2A01C359	csb_helmsmanpavel_02_dual-67
0x2A6C6743	csb_hugh_dual-1
0x2A4793AE	csb_isldj_02_dual-27
0x2A9E79E7	csb_jamalamir_dual-41
0x2A645E4E	csb_luchadora_dual-26
0x2AB65681	csb_maude_02_dual-10
0x2A65723C	csb_security_a_dual-10
0x2A04696E	csb_security_a_dual-44
0x2ACBD2DE	csb_sol_dual-42
0x2A0676AD	csb_stripper_01_dual-0
0x2AB67CCF	csb_tonyprince_dual-46
0x2AE02598	csb_vagspeak_dual-2
0x2AE636A5	csb_valentina_dual-20
0x2A55639C	csb_vincent_dual-18
0x2AEFF3A6	csb_weiss_dual-10
0x2A439424	csb_wendy_dual-36
0x2ACE5195	csfl_apab
0x2A33ADFD	cst2_bpaa
0x2A0C1E78	cst3_ddad
0x2AF4BA3A	cst3_dmaa
0x2AC98A72	csx_rvrbldr_bige_
0x2AF6CF1A	cut_hs4_plane_exhaust-20
0x2A6A4E2D	cut_hs4_plane_exhaust-25
0x2AE4EA58	czaszki
0x2A222906	d_ac18_ep_6_rcm_007-5
0x2A8AB5A3	deliver_pick_up
0x2AF1582A	delpe
0x2A522115	des_vaultdoor001_root005
0x2A080693	dev_sc_policy_failed
0x2A8C851D	dhf_avac
0x2A21CC54	dialogue_idle_character_d
0x2A8C18E4	dinghy-2
0x2A6E067E	disableaimanglechecksforreticule
0x2A471728	disgusted_01_right_gr_prop_gr_laptop_01a
0x2A20B409	distantlights.carlight1.speed.sp
0x2A7F688E	distantlights.randomizespeed.mp
0x2A8F3C24	dive_run_fwd_-45_loop
0x2A968C76	dixn_idle_cntr_f_dix_face
0x2A1A86B9	dlc_mp_apa_f_jbib_17_6
0x2A62A633	dlc_mp_apa_m_jbib_1_6
0x2AD18BED	dlc_mp_apa_m_special2_2_2
0x2ADD915B	dlc_mp_arena_f_jbib_15_3
0x2AA20A40	dlc_mp_arena_f_special_3_5
0x2A573BF8	dlc_mp_arena_f_special_5_18
0x2A048CAB	dlc_mp_arena_f_torso_1_6
0x2A21A526	dlc_mp_arena_m_berd_4_0
0x2AF13310	dlc_mp_arena_m_jbib_8_0
0x2A38EE9C	dlc_mp_arena_m_phead_2_9
0x2A9C5EB1	dlc_mp_arena_m_special_2_18
0x2AFC4B16	dlc_mp_bh_f_special_6_6
0x2A54C5F4	dlc_mp_bh_m_jbib_6_7
0x2A80278D	dlc_mp_biker_f_jbib_11_0
0x2A9C5C58	dlc_mp_biker_f_jbib_31_0
0x2A1E1F4A	dlc_mp_biker_m_phead_3_0
0x2ABF741B	dlc_mp_biker_m_phead_9_5
0x2AC1676F	dlc_mp_busi2_m_jbib0_2
0x2A398641	dlc_mp_busi_f_jbib2_1
0x2A38B2DC	dlc_mp_exec_f_jbib_10_3
0x2A74E5FD	dlc_mp_exec_f_jbib_11_2
0x2AAD58C6	dlc_mp_exec_f_special_1_3
0x2ACCDA95	dlc_mp_exec_f_special_2_5
0x2AA65A74	dlc_mp_exec_m_special_2_6
0x2A0A170B	dlc_mp_gr_f_berd_0_15
0x2A4C6A0D	dlc_mp_gr_f_jbib_0_23
0x2AA7C774	dlc_mp_gr_f_legs_0_21
0x2AA58E7D	dlc_mp_gr_f_special_0_15
0x2A8D4541	dlc_mp_gr_f_special_4_4
0x2A56D006	dlc_mp_gr_f_special_9_15
0x2AC221E4	dlc_mp_gr_f_torso_14_0
0x2AC15E5F	dlc_mp_gr_f_torso_19_12
0x2A984909	dlc_mp_gr_f_torso_21_10
0x2AC28885	dlc_mp_gr_f_torso_22_10
0x2A1C7C59	dlc_mp_gr_f_torso_31_9
0x2A45EBDC	dlc_mp_gr_f_torso_5_17
0x2A627B43	dlc_mp_gr_m_berd_0_22
0x2AF3CCF3	dlc_mp_gr_m_feet_0_20
0x2A2DCFF0	dlc_mp_gr_m_jbib_0_7
0x2A006C68	dlc_mp_gr_m_jbib_1_21
0x2AEDD278	dlc_mp_gr_m_jbib_4_4
0x2ABA9B84	dlc_mp_gr_m_legs_2_10
0x2ACA5576	dlc_mp_gr_m_legs_4_8
0x2AF109D4	dlc_mp_gr_m_phead_1_15
0x2A8B0570	dlc_mp_gr_m_phead_1_21
0x2A1EFD9D	dlc_mp_gr_m_phead_3_7
0x2A04C31C	dlc_mp_gr_m_phead_6_9
0x2A8D7BA2	dlc_mp_gr_m_special_1_8
0x2A17C19B	dlc_mp_gr_m_torso_13_17
0x2A47440E	dlc_mp_gr_m_torso_14_10
0x2A1E4866	dlc_mp_gr_m_torso_18_16
0x2AC80078	dlc_mp_gr_m_torso_8_11
0x2A4C8475	dlc_mp_h3_f_berd_14_8
0x2A80603D	dlc_mp_h3_f_berd_18_19
0x2AD0F5AD	dlc_mp_h3_f_jbib_4_0
0x2A5826BA	dlc_mp_h4_f_peyes_0_7
0x2AD1A4F3	dlc_mp_h4_f_phead_0_25
0x2AD886DE	dlc_mp_h4_f_torso_9_5
0x2AF66500	dlc_mp_h4_m_special_0_17
0x2AF683E4	dlc_mp_hal_m_berd_0_1
0x2AE68537	dlc_mp_hal_m_berd_2_2
0x2AD4A10C	dlc_mp_heist_f_special_11_1
0x2A21EE43	dlc_mp_heist_f_special_7_3
0x2AF6051B	dlc_mp_heist_f_teeth_7_2
0x2AC2578C	dlc_mp_heist_f_torso_13_0
0x2AF4C4E2	dlc_mp_heist_m_berd_19_2
0x2A2B6EC0	dlc_mp_heist_m_special_9_11
0x2AC2F14D	dlc_mp_heist_m_torso_39_1
0x2A17C89E	dlc_mp_hips_f_accs1_5
0x2AEAE380	dlc_mp_hips_m_feet1_11
0x2A2093AD	dlc_mp_ie_f_jbib_13_3
0x2AFAB35E	dlc_mp_ie_f_jbib_14_23
0x2A480D6A	dlc_mp_ie_f_special_7_8
0x2AF17900	dlc_mp_ie_f_torso_5_0
0x2A8BF52F	dlc_mp_ie_m_jbib_7_9
0x2A4E9927	dlc_mp_jan_f_hand_1_3
0x2A6FF631	dlc_mp_jan_f_hand_2_9
0x2A12D500	dlc_mp_jan_f_hand_6_1
0x2A49763E	dlc_mp_jan_f_special2_10_4
0x2ABFA81F	dlc_mp_jan_m_uppr_9_2
0x2A86FC5F	dlc_mp_low2_m_teeth_0_0
0x2A070DDA	dlc_mp_low_f_jbib_8_0
0x2A5A9189	dlc_mp_low_m_jbib_9_1
0x2A9187FA	dlc_mp_lts_f_hand_6_6
0x2AC9F7EB	dlc_mp_lts_f_task_0_0
0x2A8E6E53	dlc_mp_lts_m_jbib_1_4
0x2A1158FC	dlc_mp_luxe_f_special_1_0
0x2A0A3BD9	dlc_mp_pilot_f_hand_4_9
0x2A122453	dlc_mp_pilot_m_hand_5_5
0x2ACDA5F4	dlc_mp_smug_f_berd_7_5
0x2AE520E7	dlc_mp_smug_f_phead_2_9
0x2AC7D48B	dlc_mp_stunt_f_phead_7_12
0x2AA7D3D9	dlc_mp_stunt_m_feet_1_2
0x2AD1B034	dlc_mp_stunt_m_jbib_6_23
0x2A33E322	dlc_mp_stunt_m_jbib_7_5
0x2A6969B8	dlc_mp_stunt_m_legs_3_5
0x2A23E648	dlc_mp_sum2_f_legs_3_2
0x2A029B3F	dlc_mp_sum2_f_peyes_0_8
0x2AD603C3	dlc_mp_sum2_f_peyes_1_12
0x2A7D8381	dlc_mp_sum2_m_jbib_11_10
0x2A632887	dlc_mp_sum_f_jbib_21_9
0x2A7A3426	dlc_mp_sum_f_jbib_2_0
0x2A799ACC	dlc_mp_sum_m_berd_3_1
0x2A5D36B1	dlc_mp_tuner_f_jbib_14_16
0x2A827A04	dlc_mp_tuner_m_jbib_2_0
0x2A625258	dlc_mp_tuner_m_special_1_3
0x2AB304AE	dlc_mp_val2_m_feet_0_11
0x2AD65618	dlc_mp_vwd_f_jbib_10_20
0x2A8DFEE3	dlc_mp_vwd_f_jbib_10_3
0x2A547E6F	dlc_mp_vwd_f_jbib_12_0
0x2A92BBC1	dlc_mp_vwd_f_legs_1_2
0x2A25F45A	dlc_mp_vwd_m_decl_1_7
0x2AB494FA	dlc_mp_vwd_m_jbib_12_2
0x2A3D9AD6	dlc_mp_vwd_m_jbib_21_9
0x2A869F8D	dlc_mp_vwd_m_jbib_6_4
0x2A19F128	dlc_mp_x17_f_berd_7_6
0x2A309D14	dlc_mp_x17_f_feet_0_1
0x2ADF08C1	dlc_mp_x17_f_feet_0_15
0x2A7E1B44	dlc_mp_x17_f_feet_1_7
0x2A06DDED	dlc_mp_x17_f_jbib_3_24
0x2A4933FA	dlc_mp_x17_m_berd_9_1
0x2A5B7FB8	dlc_mp_x17_m_feet_1_8
0x2A1B7DD9	dlc_mp_x17_m_feet_3_23
0x2AF0EE63	dlc_mp_x17_m_legs_0_18
0x2A184A48	dlc_mp_x22_f_feet_4_4
0x2AF27121	dlc_mp_x22_f_jbib_30_14
0x2A2DC7FA	dlc_mp_x22_f_peyes_3_21
0x2AA7878A	dlc_mp_x22_m_legs_5_25
0x2A531712	dlc_mp_xmas3_m_berd_14_0
0x2AB3601E	dlc_mpheist/heist_hack_snake
0x2A9DACD0	dof_hq_shallowdof
0x2AFC169D	dourada
0x2A3E6107	dp2b_cdac
0x2A2D4874	drey1_awag
0x2A48B1C2	drf_dpad
0x2A6086AD	drf_dsab
0x2A41FDC5	drf_mic_1_cs_1-9
0x2ABC034B	drf_mic_2_cs_2-15
0x2A135C43	drivingfocus
0x2A6534C9	dropzone_land
0x2A9DF6BC	due.
0x2A84FC70	dune_ds_get_in_a
0x2A74AE5C	ecls
0x2AC00261	edgemarkparams
0x2ABF7E03	elegy-49
0x2A43EAC3	ent_amb_sprinkler_crop
0x2A3736A1	ent_amb_tnl_bubbles_sml
0x2AA333F0	ent_ray_meth_dust_settle
0x2AD9A8F5	ent_ray_pro1_water_drip
0x2A431347	ent_ray_train_dust_silt
0x2A770BBC	ex_int_warehouse_s_dlc_warehouse_small
0x2A25B564	exec1_defend_fleeing_stop
0x2A4CD011	exit_26_wheel
0x2A01F0B1	exit_30_ball
0x2ACAC2C9	exit_camera
0x2A4A9283	exit_crate
0x2A2CF667	exl1_avaa
0x2AB37856	exl1_cmap
0x2A48307D	explored
0x2A548C0D	ext1_craq
0x2A1521B1	ext3_asab
0x2AEF62EB	f3
0x2A398965	fam1_ekal
0x2ABF737B	fam1_fsaj
0x2AAC541F	fam2_fjam
0x2A66AE70	fam5_fvaa
0x2A95BA0F	fam5_gmaa
0x2A87B878	fam6_avbf
0x2ABCC7A3	fam6_btad
0x2AF6845E	fam_6_mcs_1-8
0x2AB99B26	family_1_chase_01
0x2A7D241A	family_3_ext-8
0x2AD458B1	fatj_ceaa
0x2AFA41B2	fatm_axaa
0x2A62F7CE	fatm_ddaa
0x2A93A132	fbi2_hbae
0x2AA45E11	fbi3c_adad
0x2A3D8048	fbi_1_ext-4
0x2ABFC04A	fbi_4_mcs_3_concat-0
0x2A8F1A16	fbi_4_rig_explosives
0x2A0B7ED5	fbi_4_shootout_trevor
0x2A4E1E63	fbis4_bvaa
0x2A578DC2	fbis4_jaaa
0x2ACDBCAD	fcfj_crae
0x2A84C4A6	fcft_elaa
0x2A21EF1B	fcma_doai
0x2ACEF399	fcma_dqab
0x2AEB0F68	fcmf_dsac
0x2A20D83A	fcmj_ctah
0x2AAD6106	fcmj_dcae
0x2A11A425	fcmt_doaj
0x2A9FF935	felon2-2
0x2ACBC66A	feltzer2-18
0x2A60F2A8	female_pos_b_p1_exit_ashtray
0x2A4734D7	female_pos_c_p2_enter_lamar_strain_lamar_strain
0x2AE152C5	fh3a_bpai
0x2A2A94F0	fh3a_gvai
0x2A968D48	fh3a_prab
0x2ACDC4D0	fhf_bvad
0x2ACE0668	fidget_look_around
0x2A3B6ED9	fill_ac4_mph_pri_mid_p3_t04_001-3
0x2ADD7F45	fin_1_chase_in_car
0x2AA74F60	fin_c_ext
0x2AC170BF	finc1_cpaa
0x2AB76526	finh1_braf
0x2AD5D033	finh1_dmaa
0x2A6CC097	fire_wrecked_tank
0x2AFD30E5	fix_agy_int1-30
0x2AB6370E	fix_agy_int2
0x2ACE53DC	fix_agy_int3-7
0x2AC39F72	fix_trip2_int-24
0x2A13D472	fkn1_kiaa
0x2A61C4B1	flag_cannot_be_pickup_by_cargobob
0x2A3B404E	flag_extras_taxi
0x2A384C08	flag_has_pre_reflected_water_proxy
0x2A6125BA	flag_lod_adoptme
0x2A4929E3	flag_turret_mods_on_roof
0x2A44FAD1	flight_unlock
0x2AD8078A	fm_hip_m_hair_000_b
0x2AE635D9	fmbb_wage_bonus
0x2A1E043D	fmf_1_brab
0x2A210B41	fmm_jjab
0x2A5194F6	fmm_jqab
0x2A159438	fmm_koaa
0x2AF7999F	fmt_ayaa
0x2A67CE0E	fofl_afae
0x2AB91F05	fog_volume_light_fade
0x2ADD69F5	forklift_superviseb_right_c
0x2A1E0525	frank
0x2A799228	franklin_1_intp3-1
0x2AD97C76	freightgrain-6
0x2A5AF28A	frlfb_adak
0x2A6C885D	frlfb_ccac
0x2AD22AE5	ftc1dt2v1b
0x2A428F06	g_f_m_fooliganz_01_dual-66
0x2A5349C0	g_m_m_cartelguards_01_dual-2
0x2A8BC45C	g_m_m_fooliganz_01_dual-27
0x2A5033EB	g_m_y_ballasout_01_black_full_02
0x2AD62388	g_m_y_famca_01_dual-28
0x2ADE3943	g_m_y_lost_01_black_mini_03
0x2A6A0B3F	g_m_y_pologoon_01_dual-73
0x2A67BD70	g_m_y_salvagoon_03_r2pvg
0x2A136B9A	gameridlow
0x2AFEF991	gamyu
0x2A3BA7D5	gauntlet-20
0x2A7F4BE9	gburrito-14
0x2ABEEF18	glass_hold_glass
0x2A14DA01	glass_smash
0x2ABDB586	go_on_enjoy_yourself_cam
0x2ABFB74C	gr_grdlc_int_02_bunker_tunnels
0x2AD139D9	gr_prop_gr_crate_pistol_02a-13
0x2A02C03B	gr_prop_gr_crates_weapon_mix_01b-20
0x2A6B0BE0	gr_prop_gr_jailer_keys_01a-27
0x2A3FDC0C	gr_prop_gr_target_small_03a
0x2A015FBB	gr_prop_inttruck_light_ve_g_bl
0x2AF7158E	gr_rsup_steal_rhino_deliver
0x2ACCCCAF	grip_med_att
0x2A1C4F18	gta_glass_emissivenight_alpha.sps
0x2A4B9DC7	gwindbendingglobals
0x2A88F453	h4_int_lev_sub_chair_02-14
0x2A4397EC	h4_mp_h_acc_candles_02
0x2A347D3A	h4_prop_h4_barstool_01a
0x2A113F75	h4_prop_h4_big_bag_01a-1
0x2AE84123	h4_prop_h4_big_bag_01a-2
0x2A7872A1	h4_prop_h4_chest_01a_land
0x2ADE1382	h4_prop_h4_coke_metalbowl_03
0x2AE89B2C	h4_prop_h4_file_cylinder_01a-4
0x2A3A2CB2	h4_prop_h4_lime_01a
0x2A594AF7	h4_prop_h4_lrggate_01_r-22
0x2AF46E4F	h4_prop_h4_npc_phone-13
0x2A314C44	h4_prop_h4_wheel_nimbus_f-2
0x2A87F255	hash:
0x2A26D6C2	hash_2a26d6c2_afgeghzn_collision
0x2A3949C4	hash_2a3949c4_ajbsnmx_collision
0x2A64C28A	hash_2a64c28a_lstlkcd_collision
0x2ABF79E0	hash_2abf79e0_xhrymrca_collision
0x2AA320F7	hatch
0x2A1E053F	hc_driver_dual-6
0x2AED2591	hei4_km_beach_radio_music
0x2ACFACAE	hei_bank_heist_gear
0x2AA3567F	hei_ch1_06e_mansion_5_em
0x2ABC2AA4	hei_mph_selectclothslrig_03
0x2ABC35C9	hei_prop_heist_deposit_box-5
0x2A923EDC	hei_prop_heist_off_chair-18
0x2A5EC0AA	hei_prop_hst_usb_drive-32
0x2A54D198	hei_v_ilev_fh_heistdoor1-10
0x2AD600B4	hipster
0x2A41E1DA	hits_car
0x2ADC35EA	hr_greet_m
0x2A8B5706	hs3_arc_int-42
0x2A508F9C	hud_awards
0x2A165125	hump_enter_chop
0x2A0660EA	iaa_int-51
0x2A80ABA6	idle_02_chair
0x2A60AF74	idle_03_mouse
0x2AD6D4A3	idle_a_player_two
0x2A09B5D1	idle_c_keyboard
0x2AE7638C	ig_1_guy_handoff
0x2A750C2C	ig_7_idle_03_tracey
0x2A9E9769	ig_dreyfuss-8
0x2A9D08D9	ig_fooliganz_01_dual-7
0x2A48592A	ig_kaylee_dual-15
0x2AA7D5AA	ig_maryann-1
0x2A37130D	ig_roccopelosi-1
0x2ABBCDC2	impexp_int_l1-10
0x2AF70F1B	improvements.
0x2AB674B1	input_safe_code_left_bag
0x2A81BA7E	install_screen_download
0x2A53F36D	intro_vw_prop_vw_casino_door_02a
0x2AB60531	islinked
0x2A98932D	jessie_ig_1_p2_gottahavefaith_0
0x2A12CA3D	jh_1_int-1
0x2A6F73A8	jh_2_celeb-4
0x2A9064B2	jh_caaa
0x2A107FAB	jh_pqab
0x2A6CD28A	jh_sgaa
0x2A9487C7	jhp1a_edaa
0x2A7209B8	jhs1_alan
0x2ADA0D67	josh2_comet11
0x2AB809A8	josh3_asaa
0x2AEF4F15	josh3_house_explode
0x2A672C9F	jqmqn
0x2AF08A09	jump_out_of_van_ds
0x2AD54281	ko_collapse
0x2AD9F962	lamar_car_drive_21
0x2A0BDF91	layout_std_dorado
0x2A685FD0	layout_van_halftrack
0x2AB1DA16	ld_girl_a_wait_f_face
0x2AE2E3DD	lean_smoke_weed_male_a_idle_c
0x2A4B9A1D	leantoabort
0x2A0FBFE2	left_enter_player
0x2AF82AFA	lem1_dnaa
0x2AB68289	lem1_eeaa
0x2A8A1184	lem2_aoaa
0x2A3820C9	lem2_dgac
0x2A125587	lensdistortionparams
0x2A219604	lodmult_slod3_reduce
0x2A4792C6	look_scared_v1_operator
0x2A3E0DF2	loop_cigar_lighter_open
0x2A18CF56	low_tra_int-3
0x2A63248A	lsdh_2b_mcs_1-8
0x2A757A4E	lsdh_int-3
0x2AAB4806	lsfl_adal
0x2ADB610D	luxor-65
0x2AB6D43F	luxor2-55
0x2A599D7D	m1ie
0x2ABCD41E	m23_1_m231_3_v_med_corlowfilecab001
0x2A08B424	m23_1_prop_m31_blueprt_01a
0x2A372C78	m23_2_int1_m232_doorframe3
0x2AB58CF5	m23_2_int1_m232_entrance_lights
0x2AA5E9BA	m23_2_int3_m232_level3_paint
0x2A139840	m23_2_int4_m232_clothstrip4
0x2AD42A06	m23_2_prop_m32_door_ls_logo_01b
0x2A2611ED	m23_2_prop_m32_door_ls_logo_01b-18
0x2A8E43CC	m24_1_int_02_m241_shell
0x2A5DB3AC	m24_1_prop_m24_1_carrier_defense_02
0x2AE22601	m24_1_prop_m41_blinds_closed_01a-42
0x2A4A6C1C	m24_1_prop_m41_blinds_open_01a-33
0x2A501FD9	m24_1_prop_m41_exerciseball_01a-51
0x2AD2025D	m24_1_prop_m41_officechair_01a-0
0x2A51553C	m24_2_int_01_litter
0x2A4F023F	m24_2_int_01_supports_04
0x2A329AFD	m25_1_prop_cs_script_dlc_vehlp-42
0x2A544A5D	m25_2_int_01_l_liv_ceil_lamp
0x2A420B2C	m25_2_int_01_r_off_desk
0x2A8A9667	m25_2_int_01_rug_009
0x2A99C140	m25_2_int_01_window_frames_002
0x2A5722C2	m25_2_prop_m52_business_card_01a-60
0x2A8BF17C	m25_2_prop_m52_plaque_05a
0x2A960152	m_standing_01_gawk_loop_02
0x2AF33CEE	machine
0x2A9B2123	male_genericcheapworker_r2pvg
0x2AF6FB31	male_pos_a_p1_enter_normal_weed_ashtray
0x2AA5C82C	male_pos_c_p1_enter_lamar_strain_lamar_strain
0x2A673A04	mappers_max
0x2A4EA56F	matrix33
0x2A1F0916	maude_mcs_3
0x2AAF5F3F	mch2_djap
0x2ACC317D	mch3_ajaa
0x2AAB8DD2	melee@unarmed@base
0x2A6FC4EA	menacer-6
0x2AE1B75A	menu_unique_id_incept_trigger
0x2A6B5786	mesa-54
0x2A9039CA	met1_exaa
0x2A959026	mgps_crad
0x2A009CBF	mgps_dgac
0x2AA7158A	mgps_dvaf
0x2AA13F55	mgtr_amaa
0x2AF41C73	mh_r_wing_trailingedge
0x2A5735E8	mi_4_enemy_car_arrives
0x2A21FB9B	mic_1_mcs_2-21
0x2A4F6C3B	mill
0x2AB58992	milo_replay_milo_room_replay
0x2A54B845	min1_cwab
0x2AC67BDF	min1_diaa
0x2AC7DF92	mini@cpr@char_b@cpr_str
0x2AFE7653	mini@strip_club@lap_dance_2g@ld_2g_decline
0x2A7B10CA	minigametransitionout
0x2AF70622	mio6tkvzsd
0x2A47F275	missheist_agency3aleadinoutah_3a_int
0x2A483917	mk_008
0x2AFEE531	moda.
0x2AD471AD	moodm_dance_mc_41_facial
0x2A8632A0	moodm_mic_c_31_tumbler
0x2A0C4878	moodm_trans_deck_to_dance_ha_05_bag
0x2A4FA301	motorista
0x2A546452	move_action@p_m_one@unarmed@idle@high_energy@a
0x2A774A80	move_action@p_m_two@armed@2h@idle@high_energy@c
0x2A8972AE	move_action@p_m_zero@unarmed@core
0x2A6EC23A	move_stealth@p_m_two@unarmed@idle@d
0x2A350183	move_strafe@reposition_2
0x2A32F61C	movefocus
0x2AEE5A36	mp_2023_02_tat_004_m
0x2A07B622	mp_biker_award_001_f
0x2AABD63A	mp_biker_tee_009_m
0x2A4A4970	mp_biker_tee_014_m
0x2ADA1961	mp_biker_tee_054_m
0x2A738D08	mp_broker_005_f
0x2AC7A5D1	mp_buis_f_back_000
0x2A4C9BFA	mp_buis_m_leftarm_000
0x2A2F6D0B	mp_casino_vault_vault
0x2AF885EA	mp_christmas2017_tattoo_019_f
0x2ABF8FBA	mp_christmas2018_tee_084_m
0x2A762A0B	mp_christmas2018_tee_102_f
0x2A74CFA4	mp_exec_prizes_012_m
0x2AA0BDCD	mp_int_mcs_17_a3-0
0x2A6F58DC	mp_lr_tat_005_f
0x2AD61BC0	mp_lr_tat_018_m
0x2A6CA8DF	mp_luxe_lc_015_f
0x2A8B15FD	mp_luxe_sn_006_m
0x2A6D626E	mp_luxe_tat_014_m
0x2A90B9B9	mpcas2_ext
0x2AD54A76	n_ac13_hs4f_ssg_ent_p2a1_t0_02-3
0x2A97C001	n_ac18_trvram_4_02-0
0x2A99D03B	n_ac1_fra_2_ext_p3_00-13
0x2A54E374	n_ac1_fra_2_ext_p3_03-15
0x2AD1F426	n_ac1_fra_2_ext_p3_05-26
0x2A06CD06	n_ac2_fin_c_ext_p5_005-23
0x2AFCFD1A	n_ac31_fbi_1_ext_t9_00-16
0x2AADDA43	n_ac31_fbi_1_ext_t9_00-2
0x2A0904B8	nervous
0x2A3A6CF0	ng_m_hair_013
0x2A857624	nhh2a_ccaa
0x2A5BC339	nig1c_bdag
0x2A07B4AD	nme_cue_idle_c_base_10_hp_head
0x2A91A894	noscale
0x2A002300	oddjobs@assassinate@guard
0x2A5F0B5B	oficial
0x2AA7ADE4	ojas_jbaa
0x2AB9FEB1	ojas_mjab
0x2AF28E9D	oldmediumman
0x2A396E0F	one_love_cam
0x2A552D9C	op-fahrer
0x2A51660C	open_trunk_stealth
0x2AC192F5	or9c-0-m0cl
0x2A31467C	outro_hi_l_corner_long_topeek
0x2AF350BF	p14_
0x2A908FE5	p3_ver2_p_csh_strap_01_s
0x2AE3C684	p_cs_joint_01-72
0x2AEF48A6	p_cs_police_torch_s-2
0x2AC5A299	p_cs_shot_glass_2_s-37
0x2A80A2CF	p_cs_shot_glass_s-22
0x2AE95CBC	p_ing_coffeecup_01-36
0x2AFDFA2C	p_ing_coffeecup_02-15
0x2A453CD7	p_new_j_counter_01
0x2AE8039F	p_v_ilev_chopshopswitch_s-6
0x2A9FDEC6	pad_lb
0x2A43AFCC	pad_rstick_none
0x2A3D36A9	pafl_aaad
0x2A8D69BB	pain_high_tough
0x2A531937	palmoo_kei_switch_moody_facial
0x2A6B84F5	pap_1_rcm-13
0x2A1B0C65	paper_throw_base_paper_ball
0x2A345A4A	pbam_ataa
0x2A2DECFC	pbpd_acag
0x2ADB38C5	pcard_send_invt_title
0x2AAAA841	ped_cloth.sps
0x2AE36F34	phantom2-8
0x2AE46262	phone_stand_exit
0x2A23A775	physic
0x2AC77BE8	pickup_briefcase_upperbody
0x2ACC4C3A	piswasser.com
0x2A67E5D6	pm_pane_bri
0x2AA3FAA1	pointtexture3
0x2ADFD528	police_scanner_random_chat
0x2A59FA12	port_xr_cont_sm
0x2AB8DA85	pose_b_idle_a_tumbler_cs2_s
0x2A0B8B6B	pose_b_loop_medium_water_bottle
0x2A279695	pose_c_idle_d_water_bottle
0x2A93CB22	postfx_tonemap_filmic_override_bright
0x2AA34B35	press_up_facial
0x2A3E5BEE	pri2
0x2A291407	prologue_test_mission_cleanup
0x2ACF481A	prop_afsign_vbike
0x2A8FDDF3	prop_air_terlight_01c
0x2A77F8B0	prop_air_trailer_4b
0x2AE13DFA	prop_armchair_01
0x2A855A9B	prop_binoc_01-45
0x2A8C772D	prop_boombox_01-26
0x2A505F86	prop_bottle_cap_01-12
0x2AA5FED3	prop_boxpile_04a-9
0x2A025BD0	prop_cactus_03
0x2A41A51E	prop_cattlecrush
0x2AB7A4C3	prop_champ_flute-21
0x2AD42F37	prop_champ_jer_01a-37
0x2A272B91	prop_champ_jer_01a-58
0x2A140363	prop_chem_grill
0x2A68A015	prop_cs_fridge-9
0x2A83CB59	prop_cs_gravyard_gate_l-21
0x2AE479D3	prop_cs_kettle_01-1
0x2AC0F400	prop_cs_keyboard_01-56
0x2ACA9302	prop_cs_milk_01-9
0x2A4FE5A3	prop_cs_mouse_01-69
0x2A4CE429	prop_cs_sm_27_gate-32
0x2AB2442C	prop_curl_bar_01-33
0x2AB637DF	prop_ducktape_01
0x2A74594C	prop_fib_morg_plr01
0x2A5DF4D5	prop_fnc_omesh_01a
0x2A6B586F	prop_golf_tee-53
0x2A6EBFEF	prop_hospital_door_l
0x2A9C83B6	prop_hotdogstand_01-3
0x2A2F3D96	prop_human_seat_muscle_bench_press_prison
0x2AD51AFE	prop_lose_lead
0x2A7C95D2	prop_luggage_06a-6
0x2ACD161A	prop_magenta_door-7
0x2A3ED76F	prop_mug_04-38
0x2AF3343D	prop_news_disp_02c
0x2A3A7BB1	prop_paints_can01-7
0x2A48DBC9	prop_palm_sm_01a
0x2A1BAD78	prop_paper_bag_small-6
0x2A5DF314	prop_phone_ing_03-12
0x2AE0C9B9	prop_pineapple-30
0x2A8F7419	prop_pineapple-4
0x2AA9BE6A	prop_postcard_rack
0x2A6A5668	prop_protest_table_01-3
0x2A4756D9	prop_sandwich_01-3
0x2AF4E9FB	prop_sc1_12_door
0x2A461CF4	prop_scafold_03a
0x2AA4E70C	prop_suitcase_02-1
0x2AB263FA	prop_tool_drill-23
0x2AFB6323	prop_tree_lficus_03
0x2A9CCEEF	prop_tumbler_01_empty-3
0x2ADDD489	prop_yoga_mat_02-7
0x2A895B03	ptrax_moody_switch_extra3
0x2ACA5E69	ptrx_idle_b_mix_20_beer_can
0x2A16D4CF	ptrx_idle_e_q_l_15_headphones_beer_can
0x2A43D280	ptrx_idle_k_q_l_12_hp_head
0x2A321DD5	pull_tooth_loop_weak_old_hand_l
0x2A5A4EC3	pull_tooth_ready_loop_victim_facial
0x2A31776F	qge_fy
0x2A38260E	races_radio_mute_scene
0x2AC12CF4	rage::audcommandpacketheader
0x2A521E9F	rampa_cue_idle_c_04_v2
0x2A56DAE8	rampa_mixdance_idle_i_11_v2_s_glass_01
0x2A1A83C1	rampa_mixdance_idle_j_14_s_glass_01
0x2A09BAF2	rampa_trans_away_to_hpgrab_sync_a_05_hp_table
0x2A101E9B	rampa_trans_awayside_to_cuedance_b_05_v2_hp_head
0x2AA5211A	rampa_trans_cuehpgrab_to_cuelean_a_04_end_hp_head
0x2A921E04	rampa_trans_cuehpgrab_to_cuelean_a_04_end_s_glass_02
0x2A3FC045	rampa_trans_cuelean_to_cue_a_06_facial
0x2A9DC5B4	rampa_trans_cuelean_to_cue_a_06_v2_t_bottle
0x2AD63EE8	rampa_trans_mix_to_mixdance_a_01_hp_table
0x2AF02EE4	rampa_unq_sync3_c_70_v2_s_glass_03
0x2ADB8353	random@bicycle_thief@return_front
0x2AF6BA34	rb_12_cfaa
0x2A706127	rbh2a_dpaa
0x2A75A49E	rbh2a_gpab
0x2A5C8E4E	re-grab
0x2AC45E65	reaction_deflated_var01_seat4
0x2AEE9099	ready_up_loop
0x2A983D1D	recgf_baaa
0x2A2AB41D	recsb_ayaa
0x2AD6C2EA	redo2_bfaa
0x2AEE9C18	reforzados
0x2A0A5828	regin_akaa
0x2A08546C	regina-39
0x2A6BE4F3	rehh2_bnab
0x2A756FAD	rehh3_cfaa
0x2A44DF39	remg3_adaa
0x2A5A6D1F	remoteisspectating
0x2A27EFAB	report_suspect_is_in_car
0x2A0E1672	respawn@police@vinewood
0x2AB8C635	right_glance
0x2AA8D8FB	rightelbowangle
0x2AF6D93A	rocoto-42
0x2A0F0D72	rojo
0x2A7EB8FE	ros.clan.invite
0x2A885F24	rotated
0x2A81E8AE	run_through_hallways_steve
0x2A3BD5A5	rurs1_daaa
0x2ADA1E1B	rurs1_dpaa
0x2AFF6956	rurs1_esad
0x2A1A16CC	rurs1_ewaa
0x2AE524A8	ruston
0x2A4AAE20	s_f_m_sweatshop_01_dual-48
0x2AC978F6	s_f_y_casino_01_dual-4
0x2AA221C8	s_m_m_armoured_01_dual-1
0x2A3AFD75	s_m_m_autoshop_01_dual-4
0x2AE6EA3C	s_m_m_autoshop_02_dual-25
0x2AD21C2A	s_m_y_construct_02_dual-3
0x2A33DC35	s_m_y_devinsec_01_dual-4
0x2AF1C190	s_m_y_westsec_01_dual-34
0x2A1603D9	sclub_bwaa
0x2A3EA347	scr_fbi3_dirty_wtr_splash_sp
0x2A41A3CC	scr_hr_mfh_prop_smoke
0x2AB971E4	scr_paleto_banknotes
0x2A64F008	scr_sm_hl_package_flare
0x2AAC2BA6	scr_sol1_fire_trail
0x2AE6202A	se_ammunation_paleto
0x2A02F69B	se_dlc_apt_stilts_a_bedroom
0x2AECA339	se_dlc_apt_yacht_bedroom
0x2ACF3AD2	se_dlc_aw_arena_crowd_exterior_lobby
0x2A08051A	set_col_type_list_colour_in_column
0x2A59E65C	setstiffness
0x2A0AE804	sf_prop_sf_bag_weed_open_01a-20
0x2A03E20E	sf_prop_sf_bag_weed_open_01a-58
0x2ABB1F36	sf_prop_sf_bot_broken_01a-0
0x2A0B19EA	sf_prop_sf_cash_roll_01a-18
0x2A30F338	sf_prop_sf_door_cabinet_01a-67
0x2AC9418F	sf_prop_sf_door_com_l_06a-11
0x2A9AD5B5	sf_prop_sf_door_stud_01a-45
0x2AE4A573	sf_prop_sf_keyboard_01a-30
0x2AF58B9A	sf_prop_sf_offchair_exec_01a-70
0x2A4ABDDA	sf_prop_sf_s_mixer_01a-3
0x2A8EE2A4	shock
0x2A31281B	shop_sell_horn
0x2A8588F9	sit_idle_02_phone
0x2A5ECB66	sm_prop_smug_crate_m_01a-9
0x2A483D0D	sm_prop_smug_flask-9
0x2A705214	smartblitcubemaptexture
0x2AA77676	sol1_agaa
0x2A81D8BA	sol1_ezaa
0x2AE35F2E	sol_3_drive_to_airport
0x2AFC6F03	sol_dance_h_sol_face
0x2AC8E701	soldixn_out_tale_in_bg_male1_face
0x2A57EC17	sp_f_accs_15_15
0x2A826D91	sp_f_eyes_3_2
0x2A681EE6	sp_f_eyes_7_1
0x2A7D5BEF	sp_f_feet_13_0
0x2A5C069B	sp_f_head_11_0
0x2A4E20B4	sp_f_head_6_6
0x2A8FA7A3	sp_m_accs_8_3
0x2AD57B04	sp_m_head_7_3
0x2A263D10	sp_m_jbib_7_15
0x2A953B8C	sp_m_jbib_7_5
0x2AFE3A6C	sp_m_lowr_5_12
0x2AB1B8B1	sp_m_task_1_0
0x2A172EC7	special_ped@andy_moon@monologue_5@monologue_5b
0x2AA2A26C	special_ped@bill@monologue_6@monologue_6b
0x2A3B78C3	special_ped@bill@trevor_1@trevor_1i
0x2AB08BAF	special_ped@griff@monologue_8@monologue_8i
0x2ACC89CB	special_ped@impotent_rage@monologue_13@monologue_13b
0x2A6136E4	special_ped@jane@monologue_5@monologue_5e
0x2A57F512	special_ped@mani@monologue_2@monologue_2c
0x2A4F9709	special_ped@zombie@trevor_1@trevor_1k
0x2A5A71BB	spectator2
0x2AC9741F	speech_built_up_to_echo_vol_shouted
0x2A8A292F	stadium
0x2A2E3AA6	stagd_epai
0x2A866A0F	stage_2_hit_line_2_golfer
0x2AB45F5D	stand_male_a_idle_a
0x2A5D935F	step_long_0r_face_180
0x2A81E0A3	strip_walk_to_pole_reject
0x2AFF21A7	stt_prop_corner_sign_10
0x2A783C24	stt_prop_track_jump_01c
0x2A667310	stt_prop_track_straight_lm_bar
0x2AD12931	stuck
0x2A0599A2	sturm-schrotflinte.
0x2AF7C3DC	sub_int-38
0x2A288987	suffers
0x2A06AAD0	sum23_cm1_int_p1_t00-5
0x2AFAD8B6	sum_mp_h_acc_fruitbowl_01
0x2AB6A16F	sum_mpapyacht_entry_lamps
0x2A88C695	sum_prop_ac_grandstand_01a
0x2A4CC18C	sum_prop_arcade_qub3d_01a_scrn_uv
0x2A691155	supercharger_3
0x2A54C47D	supervolito
0x2A441866	switch@franklin@002110_04_magd_3_weed_exchange
0x2A81AC84	switch@franklin@cleaning_apt
0x2AC98C05	t1m1_fyac
0x2A52D822	t_getin_couch
0x2ADF0802	tailgater2-8
0x2A0DE709	take_note_01_w_ar_assaultriflemk2_mag1
0x2AFBC030	tale_end_bg_female3_face
0x2AB764B8	tanker2-47
0x2A34B966	task_follow_navmesh_to_coord_advanced
0x2A743D8E	taunt_03
0x2A57FED8	telescopico
0x2AC86CDB	tennis_vfx_male1
0x2A1BC8B1	thrax-8
0x2A99AA7A	thruster-35
0x2AEAF0AF	tm44_fzaf
0x2A21CFDF	to_enemy_line_02
0x2A8E0018	tou_sync_g_glass_cc
0x2A12307C	tou_trans_pc_to_mid_mid_to_open_a_cc
0x2A88734D	tow_abaa
0x2A9E0A81	tow_cfab
0x2A898A8C	tow_cfap
0x2A209D44	tow_kaaa
0x2A492B63	tr2_anaa
0x2A72BEAB	trailersmall
0x2AE4C6F5	transform_remote_player
0x2A7B8CBB	trevor_2_plane_cargo_bay
0x2AEA1287	trophy_e_1st_face
0x2A0537B2	trv3_dtae
0x2AC35579	tuner_ap_mix3_partc
0x2AE3969A	tv_idle_a_remote
0x2A2610C4	txm12_arol
0x2ADF84DB	txm1_fcaa
0x2AF068C3	txm2_ehac
0x2A0BEC8F	txm8_dmae
0x2A797197	u_m_m_edtoh
0x2AEC6AA7	u_m_y_smugmech_01_dual-33
0x2AA27D92	unload_ll_02_gr_prop_gr_speeddrill_01b
0x2ACDBC75	unlocks.asmx/readunlocks
0x2AD226F4	useful_bits
0x2A573AEE	v_24_bdrm_mesh_bath
0x2AFBBF74	v_24_sta_over_shadow
0x2A4CFA27	v_61_bed1_mesh_clothes
0x2AEDA2A2	v_ilev_cd_door2-36
0x2A7A9E65	v_ilev_garageliftdoor-42
0x2A7C90D3	v_ilev_mm_screen2-25
0x2A6A8D8D	v_ind_ss_chair01-17
0x2A73E5F3	v_lirg_trevapt_ward_face
0x2A082457	v_med_oscillator3
0x2A9EFC52	v_res_tre_stool_leather-23
0x2A996771	v_res_tt_cigs01
0x2A818D5E	v_serv_plastic_box_lid
0x2AF87AE0	v_torture
0x2AFC41C1	vangelico
0x2A15AF6F	vb_29_day
0x2A104F8E	veh@bike@police@rear@ps
0x2ADADB06	veh_ba_oppressor_turbulance_foliage
0x2AAB54B6	veh_xm_strom_underwater_trail-4
0x2A2221F5	vehicle.lights.fadedistance.neon
0x2A996272	vehicle_blurredrotor
0x2A92AEE4	vehicle_interior2
0x2A00AB1A	vehicle_weapon_hunter_cannon
0x2A6F8E1D	vehicle_weapon_khanjali_mg
0x2ACFBBFF	ver_01_top_left_re-enter_ch_prop_vault_painting_01a
0x2A1F2F5F	ver_02_cutting_top_right_idle_cam
0x2A11404B	veui_edit_marker
0x2A9B6BB5	vfx_it3_03
0x2A6C44C3	vw_prop_casino_art_sh_01a
0x2A8CC0D1	vw_prop_vw_club_char_06a
0x2AF8125D	vw_prop_vw_club_char_a_a
0x2A5D5A89	vw_prop_vw_jo_char_02a
0x2A8F3B3C	vw_prop_vw_offchair_03-43
0x2A91252E	vw_prop_vw_player_01a-28
0x2A5C9793	vw_prop_vw_wallart_124a
0x2A9AD5E9	w_am_digiscanner-11
0x2AAB1A38	w_am_jerrycan-5
0x2A0C434B	w_ex_vehiclemissile_4
0x2A93DE49	w_lr_compactml_mag1
0x2AAB334B	w_sb_smg_mag1-18
0x2ACAFBE2	walk_fwd_dwn_facial
0x2AAB0ED0	walk_in_bank_m1
0x2ADED3A8	wcd_scope_nv
0x2ACFD528	wct_sb_base
0x2A066046	weapon_3b
0x2AD2D599	weapon_test_w_ar_assaultrifle_mag1
0x2A19E929	weapons@first_person@aim_rng@generic@pistol@pistol_str
0x2A663517	wheels/suspension.
0x2AF6C956	world_rabbit_eating
0x2AD2E525	xm24_factory_int-30
0x2ABDAA0C	xm25_avi6_rescue_mcs1a-5
0x2A1753A2	xm25_mansion_inta-102
0x2ACACC80	xm25_mansion_intb-63
0x2A18BF88	xm25_mansion_intb-87
0x2AB88A70	xm25_mansion_intc-104
0x2A72D177	xm25_mansion_intc-81
0x2A86AB7E	xm3_des_xm3_velum2_crash_06-0
0x2A2729E6	xm3_int2_xm3_rug_es3
0x2A81363F	xm3_prop_xm3_cem_bags_01a-24
0x2AA79F19	xm3_prop_xm3_coke_spoon_01a-28
0x2A6EA9D4	xm3_prop_xm3_folding_chair_01a-25
0x2A692CFB	xm3_prop_xm3_pill_01a-18
0x2A349034	xm3_prop_xm3_plan_board_01c
0x2A1DA2B6	xm_prop_x17_book_bogdan-18
0x2AA8F9F2	xm_prop_x17_harddisk_01a-11
0x2AD90466	xm_prop_x17_harddisk_01a-42
0x2A5A7D9E	xm_x17dlc_int_silo_02
0x2A227D6F	xs_prop_arena_champ_closed-21
0x2AC8F7FF	xs_prop_arena_pipe_track_c_01c
0x2A00427C	xs_prop_arena_trophy_single_01a
0x2AA69FA6	xs_prop_scifi_15_lights_set
0x2A4D6210	xs_propint5_waste_07_ground_d
0x2A7C940F	xs_propintarena_structure_s_05a
0x2A3EDABA	youtube/v3/videos
0x2A3213FB	zioz
