0x2EA86F82	-./01
0x2E9138B1	/lhnp
0x2E55CFC0	0.0.0.0
0x2E194C91	001520_02_mics3_14_gets_ready_exit_mic
0x2EFAB8F3	134_811_modkit
0x2ED39454	1470419414.00
0x2E1CD63C	1918556.
0x2E81A6EB	267_streiter_modkit
0x2E75570C	2zi62o
0x2EBC88EA	33cao
0x2E7A66C1	5uxd
0x2E549E9D	7e
0x2E440340	8zf7yh
0x2E9D9D39	@k736
0x2ED44353	_action_dealer_b
0x2E82F563	_dlcsmugpstat_bool
0x2EA9486A	_door_slide_leftright_on_approach_3
0x2E5C3C24	_edited
0x2E9646A6	a_c_rabbit_01-34
0x2E86CBDB	a_c_rabbit_01-68
0x2E508793	a_f_y_beach_01_dual-10
0x2E7B941D	a_f_y_beach_01_dual-38
0x2E451189	a_f_y_bevhills_05_dual-7
0x2EE1E9A0	a_f_y_clubcust_04
0x2EA9A06C	a_f_y_smartcaspat_01_dual-20
0x2E05555C	a_f_y_studioparty_02_p
0x2EC9B9A1	a_f_y_tourist_01-24
0x2EEE1038	a_m_y_bevhills_01-0
0x2EA99EE2	a_m_y_business_03_dual-8
0x2E920C5C	a_m_y_clubcust_04_dual-5
0x2EB323FA	a_m_y_genstreet_02_p
0x2E2DC6C5	a_m_y_hipster_03-12
0x2EA4CF05	ac12_fspot_fos_ep1_p1_01-6
0x2EF77BCA	ac14_ass_int_2_alt1_004-20
0x2E2AFA96	ac16_mph_tut_mid_p1_white_wall_bounce001-4
0x2EF23E6B	ac1_arm_1_mcs_305-3
0x2E834939	ac2_fspot_fos_ep1_p1_00-14
0x2EB08C6C	ac5_mph_nar_mid_p2_cyan_lamp002-9
0x2E9DBA2B	ac6_mph_hum_int_p4_white_wall_bounce001-6
0x2E50F405	acceptnewsletter
0x2EFE7A3A	adam_mix_idle_l_12_tumbler
0x2E8C636F	adam_trans_offaway_to_away_03_hp
0x2E3B1101	adam_unq_shots_d_38_hp_table
0x2E650238	agent01_crazy_people_right
0x2E0D11FB	ah3b_pwaa
0x2E5CA29A	ah3b_ryaa
0x2E2CE6AB	ah3b_swag
0x2EAA1DDA	ah3b_szad
0x2EC527A9	ah_1_ext_t6-5
0x2E85FB59	aiuta
0x2E285579	amant
0x2E13FACF	amb@code_human_in_bus_passenger_idles@male@coffee@base
0x2E70AFDA	amb@code_human_in_car_idles@low@ps@idle_d
0x2E9BF5C5	amb@code_human_in_car_idles@van@ps@idle_b
0x2ED98465	amb@prop_human_seat_bar@female@left_elbow_on_bar@base
0x2E846371	ambclub_06_mi_hi_base_glowstick_l
0x2E680DFA	anim@amb@nightclub@dancers@crowddance_single_props_transitions@
0x2E24744B	anim@mp_player_intcelebrationfemale@banging_tunes_left
0x2E5B1322	anim@mp_player_intincarno_waystd@ds@
0x2EA0650E	anim@mp_player_intincarphotographybodhi@rps@
0x2E047AFA	anim@scripted@nightclub@champage_waitress@hs4_cas_chmp
0x2EDB63B9	anim@scripted@player@freemode@ig5_safe_crack@heeled@
0x2EA93875	anim@scripted@player@freemode@ig6_stash_entry@door_trans@hinge_r@
0x2EDDC08D	anim@veh@boat@patrolboat@ds@base
0x2E9CDFF5	anim@veh@low_racer@front@ps@enter_exit
0x2E6C47CE	anim@weapons@first_person@aim_idle@generic@melee@knuckle@
0x2E8CD69D	anim@weapons@musket@musket_str
0x2E8B149F	anim_ac53_fos_ep1_p6_00-13
0x2E164B6F	anim_ac70_fos_ep1_p6_00-18
0x2E7F9F35	anim_ac70_fos_ep1_p6_02-11
0x2E715425	anim_ac74_fos_ep1_p6_02-9
0x2EE21AFC	anim_ac76_fos_ep1_p6_01-8
0x2E2BEF75	anim_ac82_fos_ep1_p6_00-21
0x2E4E3D4D	anim_casino_a@amb@casino@games@slots@ped_female@slouchy@01b@play@v02
0x2EDEDF51	anim_casino_b@amb@casino@games@roulette@ped_female@seat_1@engaged@01a@reacts@v01
0x2EE54256	anim_corona_oat_fos_ep1_p6_17-34
0x2E9264C7	anim_heist@arcade_property@mission_start@west_vinewood@exit_03@male@
0x2E1BE756	anim_oat_fos_ep1_p6_03-22
0x2E432126	anim_oat_fos_ep1_p6_035-12
0x2E410C3D	anim_oat_fos_ep1_p6_04-18
0x2EDA103C	anim_oat_fos_ep1_p6_041-1
0x2E978CFC	anim_oat_fos_ep1_p6_042-23
0x2E4A8AEE	anim_oat_fos_ep1_p6_051-30
0x2EBEBCC4	anim_oat_fos_ep1_p6_07-21
0x2E755C54	anim_oat_fos_ep1_p6_28-20
0x2EDA5BC6	anim_oat_fos_ep1_p6_28-34
0x2E23E5C8	animl_amar
0x2E0A5244	animl_bkak
0x2E800327	animl_cbaa
0x2E956FB9	animl_ctaa
0x2EBD364B	animl_gfak
0x2E39EC63	animl_gual
0x2E5F9240	ap1_02_door_l-5
0x2E51B0EA	apa_mp_apa_y3_l2b
0x2E56903E	apa_yacht_grp07_3
0x2E62C12A	ar2_byab
0x2E7E4635	ar2_dkaa
0x2EB975FF	ar_cave_dripping_01
0x2E779E62	ar_club_music_11_quiet
0x2E87526F	ar_club_music_13_louder
0x2E84AD53	ar_dlc_gr_yacht_bridge_console_01
0x2ECCDBA5	ar_prop_ig_sprunk_cp_single_l2
0x2EE81592	ar_shipyard_drilling
0x2E98C1F1	ar_xm_int_facility_iaa_recep_aircon_large_01
0x2E8B4283	arm1_doab
0x2E31FF96	arm3_ayaa
0x2E159C3A	arm3_bsaa
0x2E6AD99A	arms_fiab
0x2E0EE34F	arms_hnab
0x2E78E42B	arms_hnaf
0x2EBF2F05	arms_iyaa
0x2EFB61B0	as_prop_as_stunt_target
0x2E07A95C	assistant_base
0x2E349E0F	augen
0x2E967C64	autofit
0x2E6ED4B3	az_music_korea_06
0x2ECE979E	az_music_santamonica_02
0x2EE117D3	az_music_santamonica_07
0x2E49F06F	ba_prop_battle_sports_helmet-7
0x2E23BCE7	ba_prop_battle_whiskey_bottle_s
0x2EC64765	ba_prop_int_edgy_stool-33
0x2E2EF1F8	bailbond3jumper
0x2E672F99	balance_force_fall_from_moving_car
0x2ED3DBA7	baller-30
0x2E3F5344	bar3a_ayab
0x2E72D5A8	bar3c_anac
0x2E6862E6	barracks-3
0x2E272156	bary2_apac
0x2EF26F99	base_clipboard_cc
0x2E8F5458	battle_mix2_radio
0x2E0F802D	beast_checkpoint_npc
0x2E676033	beejay
0x2E64E8D7	bell
0x2E022E97	bkr_prop_coke_spatula_03
0x2E4178F6	bkr_prop_fakeid_foiltipper
0x2E6E9FED	blipcontainer
0x2E0CD2BC	blunt_idle_a_facial
0x2E7215E3	bmad_start_bg_male3_face
0x2ECCA2BE	bobble_hand
0x2E462958	brickade2-1
0x2E8C8FA3	bs2b_nqag
0x2E8D9696	bs_2a_trucks_arrive
0x2EB34DC4	bspra_awaa
0x2EF660CA	buccaneer-0
0x2E3CBA59	bul_cardboard
0x2E4088CA	bul_carmetal_heli
0x2E20D564	bul_mud_heli
0x2E487AFE	bum
0x2E9BBAFF	bump_night
0x2ECC9B9B	burrito3-24
0x2EA77E1C	busto_bgac
0x2E2DD0B9	bwbotb
0x2EDA56C8	c7o@l
0x2E6D90FF	call_cops_threat
0x2E35B7E5	cannone
0x2E7B2AF3	capsule_volume
0x2E7FF2E5	car_1_park_up_cutscene
0x2E830B3A	car_theft_export_cars_crane_section_scene
0x2EE7AE25	cargobob-6
0x2E249070	cbrad_dmac
0x2EFE3173	ch1_04b_vinegrapes_13
0x2E5F3E5D	ch1_05_vinegrapes_07
0x2E7A6ACE	ch_p_ch_jimmy_necklace_2_s-47
0x2E0D6E39	ch_prop_arcade_fortune_door_01a-22
0x2E763530	ch_prop_arcade_street_01a-26
0x2EDB5794	ch_prop_drills_hat02x
0x2EF31A26	ch_prop_whiteboard_04-20
0x2E764381	chatc_bmab
0x2ECFFD49	chinese_2_int-11
0x2E0C7F08	chn1_from_left
0x2E90F1FD	chop_alaa
0x2E0F81D0	cigar_idle_b_cigar
0x2ECFB7C7	click_special
0x2E32F8BC	close_door_tb_3
0x2E748F3B	clothes_swap
0x2E9359E2	club_open_p1_t01_clip2_001-10
0x2E3F5A52	club_open_p1_t01_clip2_001-21
0x2EB29566	clubbag_hole_end_cam
0x2E56C076	clubhouse_enter_plyr
0x2E7AA1C0	clubvip_dlg_januarynastasavasq_laz
0x2E43DC33	cm_emefib
0x2E9A8578	coiote
0x2E4BED56	coke_cut_v4_bakingsoda
0x2EBA87EE	coltello.
0x2E4D7028	combat@gestures@rifle@panic
0x2E299FCF	comingsoon
0x2E43DA41	component_at_scope_thermal
0x2E3AE01D	config/speech.dat
0x2E85D584	contents
0x2E0D8BA5	convo_franklin_heywhatscrackinman_4
0x2E8C6454	convo_franklin_heywhatsuphomie_0
0x2E0FB808	convo_michael_ohhowyoudoing_5
0x2E636E0E	cop_dispatch_interaction_settings
0x2EEB0D36	cop_heli_cam_bleep_too_far
0x2EC385FE	coquette3
0x2E8A918B	corona_fos_ep1_p1_03-2
0x2E6182AB	corona_oatfos_ep_1_p1_018-3
0x2E01DF53	corona_oatfos_ep_1_p1_024-23
0x2EF6D42C	cover@idles@2h@low@_c
0x2EE072C0	cpacketptexfootprint
0x2E73E58D	cpr_kol
0x2E5D57D4	crew.
0x2E08AF12	crw_join
0x2E091D33	cs2_02_night
0x2EFBF2C5	cs3_08c_props_combo06_44_lod
0x2E566CB8	cs_chrisformage_dual-3
0x2E020557	cs_ex3_wheel_spin-3
0x2E2C79AF	cs_fam4_whiskey_pour-34
0x2EA8A09F	cs_jimmydisanto_dual-0
0x2E691B26	cs_lamardavis_dual-31
0x2EEA7FDF	cs_lestercrest_dual-9
0x2E9C9F3C	cs_martin1_wheel_dust-2
0x2E4E3174	cs_mrk_dual-21
0x2EFAA8C3	cs_patricia_02
0x2EA6107B	cs_patricia_02_dual-16
0x2EF5487A	cs_sol1_plane_wreck_smoke-8
0x2E0E81FE	cs_taocheng2_dual-35
0x2E607A0A	cs_taostranslator_dual-16
0x2E065A78	csb_agent14_02_dual-27
0x2EF2F3A7	csb_alan_dual-4
0x2E008C3D	csb_brucie2_dual-21
0x2E714EFA	csb_callgirl_02
0x2EE1DAA2	csb_callgirl_02_dual-6
0x2E623821	csb_chef2_dual-2
0x2E1AD490	csb_huang_dual-14
0x2ECC6F61	csb_imani_dual-50
0x2EBEC174	csb_jenettee_dual-6
0x2E9C2C19	csb_jio_02_dual-18
0x2EA3510D	csb_labrat_dual-43
0x2E5AEC3B	csb_luchadora_dual-32
0x2E420A24	csb_reporter
0x2E6F7930	csb_security_a_dual-23
0x2EB9D659	csb_sessanta_dual-41
0x2E0C8853	csb_sol_dual-50
0x2ECDCB4D	csb_soundeng_00_p
0x2E57D5E0	csb_thornton_dual-0
0x2EA0B6DA	csb_tomcasino_dual-46
0x2E9C2D20	csb_valentina_dual-2
0x2E87F290	csb_vincent_2_dual-8
0x2E983131	csb_vincent_4_dual-28
0x2EDFA348	csb_yusufamir_dual-40
0x2E982E2E	cscaleformstore::removemovieview
0x2E69A73E	cst2_jjaa
0x2EFA7B28	cst3_dbaf
0x2E12046B	cst4_enaa
0x2EEAEAEF	cst7_draa
0x2EA341F2	csx_coastboulder_03_
0x2E999A2F	cut_hs4_plane_exhaust_velum-5
0x2E409BF6	cut_hs4_plane_land_disturb_dust-27
0x2E0CA6C3	cut_sec_chop_weed_drool-55
0x2E608F4E	cut_sec_golf_grass_drop-1
0x2E3A5283	cut_sec_veh_tire_smoke-8
0x2EBE9C94	cut_xm3_plane_smoulder-1
0x2E59441B	cws_jip_dis
0x2E5A8B20	d_ac12_fin_a_int_02-4
0x2E7B2687	d_ac1_fin_c_ext_p3_01-28
0x2E1E3825	d_ac1_fin_c_ext_p3_01-33
0x2E917196	d_ac3_tunf_drp_bag_p1a2_t00_01-3
0x2EA7A59F	d_ac47_exl_3_ext_009-11
0x2E62AA24	d_ac5_scrap_2rcm_p2_alt1_010-4
0x2E6F67E4	dancecrowd_trans_07_mi_to_li_horse
0x2E85D913	darktonemapparams1
0x2E9EE14E	db_apart_10_
0x2ED9D319	deprecated
0x2E6F944C	des_glass_root2
0x2E8FE0CB	des_heli_highway003_root
0x2E9E75DE	des_methtrailer_skin_root001
0x2E7D2426	desk_standing_joint
0x2E280728	dgfrankentry
0x2E5096CD	dh2a_deaa
0x2E9F7AC0	dh2a_diaf
0x2E52F36B	dh2b_dzab
0x2E7DBC37	dhp1
0x2E982BB7	dilettante-30
0x2E3033BA	directions
0x2E669619	dixn_idle_lft_c_dix_face
0x2E9D58E8	dlc_apt_yacht_door_sounds
0x2E539ECF	dlc_ie_steal_photo_shoot_radio_emitter
0x2E4DCCE6	dlc_mp_apa_f_legs_11_7
0x2E17AD3D	dlc_mp_apa_m_jbib_19_0
0x2ED1408E	dlc_mp_arena_f_berd_7_2
0x2E7DE639	dlc_mp_arena_f_feet_9_10
0x2E021C8D	dlc_mp_arena_f_jbib_3_2
0x2ECB083B	dlc_mp_arena_f_legs_4_10
0x2EC6EA72	dlc_mp_arena_f_legs_8_5
0x2E3BB0B1	dlc_mp_arena_f_special_0_14
0x2E228D01	dlc_mp_arena_m_jbib_6_7
0x2E1832B8	dlc_mp_arena_m_legs_0_14
0x2E8FBA0E	dlc_mp_arena_m_legs_0_9
0x2E800723	dlc_mp_arena_m_legs_3_11
0x2E4D8E1D	dlc_mp_beach_f_eyes1_3
0x2EDDDCF4	dlc_mp_bh_f_jbib_4_25
0x2EBCB1A0	dlc_mp_bh_m_jbib_14_10
0x2ED03580	dlc_mp_biker_f_feet_2_1
0x2EA4FFD8	dlc_mp_biker_f_feet_7_0
0x2E3657DC	dlc_mp_biker_f_special_3_0
0x2E4756C6	dlc_mp_biker_m_feet_3_3
0x2E9DA692	dlc_mp_biker_m_legs_5_4
0x2E6D3773	dlc_mp_biker_m_phead_12_6
0x2E5A84DC	dlc_mp_biker_m_special_4_24
0x2E7850F8	dlc_mp_busi_f_accs2_2
0x2EF4ED2B	dlc_mp_busi_m_jbib0_1
0x2EF89B20	dlc_mp_busi_m_jbib2_6
0x2EDF8577	dlc_mp_busi_m_teeth1_1
0x2E645C10	dlc_mp_business_f_glasses0_9
0x2E63141A	dlc_mp_fixer_f_jbib_7_23
0x2EFE7A23	dlc_mp_fixer_f_legs_2_1
0x2E7B9B82	dlc_mp_fixer_f_phead_0_25
0x2E2CDED3	dlc_mp_fixer_m_phead_1_1
0x2E55D76E	dlc_mp_fixer_m_phead_7_6
0x2EA86F78	dlc_mp_gr_f_hair_30_0
0x2E4229F9	dlc_mp_gr_f_jbib_10_0
0x2E14AA48	dlc_mp_gr_f_jbib_22_14
0x2E92C6D9	dlc_mp_gr_f_jbib_23_7
0x2E1668BC	dlc_mp_gr_f_phead_0_16
0x2E5AE217	dlc_mp_gr_f_special_17_16
0x2E2C248B	dlc_mp_gr_f_special_7_18
0x2EA30BCE	dlc_mp_gr_f_torso_35_9
0x2EF466EB	dlc_mp_gr_m_decl_5_10
0x2E203FF2	dlc_mp_gr_m_jbib_13_19
0x2ED60140	dlc_mp_gr_m_jbib_17_6
0x2E9242E8	dlc_mp_gr_m_special_2_3
0x2E7BA7A0	dlc_mp_gr_m_torso_17_8
0x2E29613F	dlc_mp_h3_f_hand_0_3
0x2EB629B4	dlc_mp_h3_f_phead_5_3
0x2E11839D	dlc_mp_h3_m_berd_9_7
0x2EB4B461	dlc_mp_h3_m_legs_4_13
0x2EB719F2	dlc_mp_h3_m_phead_6_18
0x2E080475	dlc_mp_h4_f_berd_1_7
0x2EB3AF75	dlc_mp_h4_f_peyes_0_5
0x2E43A7E5	dlc_mp_h4_f_teeth_3_2
0x2E2343F0	dlc_mp_h4_f_torso_10_0
0x2EDAA02A	dlc_mp_h4_m_jbib_3_25
0x2E976860	dlc_mp_h4_m_jbib_5_0
0x2E01AE47	dlc_mp_h4_m_special_2_2
0x2E6214E9	dlc_mp_h4_m_special_5_0
0x2E6C9F7C	dlc_mp_h4_m_special_6_0
0x2EDEB35B	dlc_mp_heist_f_berd_15_7
0x2EAA1A07	dlc_mp_heist_f_jbib_0_1
0x2E394ADA	dlc_mp_heist_f_teeth_3_15
0x2E9567E3	dlc_mp_heist_f_torso_10_1
0x2EF79395	dlc_mp_heist_m_berd_16_9
0x2E3B16A8	dlc_mp_heist_m_hand_10_13
0x2E698207	dlc_mp_heist_m_special_8_12
0x2E495999	dlc_mp_heist_m_teeth_0_0
0x2E382FD7	dlc_mp_hips_m_jbib7_0
0x2E39C4E3	dlc_mp_ie_f_berd_0_5
0x2E2D1DEB	dlc_mp_ie_f_jbib_1_3
0x2E9B5D16	dlc_mp_ie_f_jbib_6_0
0x2EF90972	dlc_mp_ind_m_jbib_0_2
0x2E258A69	dlc_mp_jan_f_special2_5_4
0x2E04DCDC	dlc_mp_jan_f_teeth_0_6
0x2E261FB3	dlc_mp_jan_m_hand_0_7
0x2E6E281E	dlc_mp_jan_m_special2_4_2
0x2EC98B05	dlc_mp_low_f_special_2_0
0x2EB33E9C	dlc_mp_lts_f_hand_1_9
0x2E997DC1	dlc_mp_lts_f_hand_3_19
0x2E7D5195	dlc_mp_luxe_m_jbib_3_7
0x2E2F653E	dlc_mp_luxe_m_teeth_1_1
0x2E8AF163	dlc_mp_luxe_m_teeth_28_0
0x2E114F33	dlc_mp_pilot_m_hand_10_0
0x2EB29391	dlc_mp_pilot_m_hand_1_5
0x2E1B0ADF	dlc_mp_smug_f_berd_9_21
0x2E690DC0	dlc_mp_smug_f_decl_0_0
0x2E1739F5	dlc_mp_smug_f_jbib_5_21
0x2EECB71A	dlc_mp_smug_m_jbib_2_0
0x2E1E7272	dlc_mp_smug_m_special_9_13
0x2EFB3F59	dlc_mp_stunt_f_phead_0_4
0x2E714C89	dlc_mp_stunt_m_phead_7_7
0x2E42CE90	dlc_mp_sum2_f_feet_1_2
0x2E8A3DE1	dlc_mp_sum_f_berd_0_10
0x2ECAA80B	dlc_mp_sum_f_jbib_18_2
0x2EE1C94F	dlc_mp_sum_f_jbib_18_21
0x2EE862FF	dlc_mp_sum_f_torso_12_3
0x2E6E5A29	dlc_mp_tuner_f_jbib_18_11
0x2E27B5A9	dlc_mp_tuner_m_jbib_1_2
0x2E282E2A	dlc_mp_tuner_m_jbib_5_3
0x2EC9FDDB	dlc_mp_tuner_m_jbib_8_14
0x2ED4111C	dlc_mp_val2_f_legs_0_8
0x2EB5A3E3	dlc_mp_vwd_f_jbib_10_17
0x2E420AA8	dlc_mp_vwd_f_jbib_19_11
0x2E948B7A	dlc_mp_vwd_f_jbib_20_3
0x2EA4FCB1	dlc_mp_vwd_f_jbib_8_20
0x2E097C30	dlc_mp_vwd_m_jbib_3_4
0x2E339198	dlc_mp_x17_f_berd_3_14
0x2E2D0FDD	dlc_mp_x17_f_feet_4_6
0x2EE827AB	dlc_mp_x17_f_jbib_10_15
0x2EDE1C2A	dlc_mp_x17_f_teeth_0_0
0x2EFE7A51	dlc_mp_x17_m_special_1_6
0x2EE5F3D4	dlc_mp_x22_f_special_0_7
0x2E7BBB32	dlc_mp_x22_m_feet_0_5
0x2EF053DA	dlc_mp_x22_m_jbib_20_9
0x2E213C00	dlc_mp_xmas2_m_berd_3_2
0x2EA361FA	dlc_mp_xmas3_m_berd_1_0
0x2EEC90BC	dlc_mp_xmas3_m_jbib_1_1
0x2EDFAB5D	dlc_mp_xmas_f_accs0_2
0x2EC4E01F	dof_enable_hq
0x2E772185	dontbelievewhatothers_3
0x2EA8B909	door_open_succeed_stand
0x2E1E3FF7	drey1_avaa
0x2E30641A	drf_hoaa
0x2E58A323	drf_mic_1_cs_1-35
0x2E800D97	drink_idle_03_jimmy
0x2E24C533	drink_idle_04_glass1
0x2E065E47	either.
0x2EEFD8E9	emissive_alpha
0x2EE6E11F	enabling_car_generators
0x2E4203F3	enter_grab
0x2E719A43	enter_phone
0x2E928C1B	entspricht.
0x2E1635CF	ep_8_rcm-4
0x2E6E7168	espancar
0x2EBF2209	espera
0x2EDED43F	ex_prop_exec_lighter_01-0
0x2ED5F84F	ex_prop_offchair_exec_03-17
0x2EA4A5C5	exit_01_grapeseed_ped_a
0x2E4C5E96	exit_02_la_mesa_door
0x2E6BDBBE	exit_19_ball
0x2EA235F5	exit_capture_zone
0x2E7C71A4	exit_moderately_drunk_cam
0x2E5C002A	exit_slightly_drunk_trevor_facial
0x2E19B66B	exit_sober_cap
0x2EB13F43	exl1_glaa
0x2EE5B952	exp_grd_sub_large
0x2E172C48	exp_tag_vehiclemine
0x2EF66F80	explosion_player0
0x2E5961CF	ext1_dhaa
0x2EF63E78	f_exit_02_la_mesa_ped_a
0x2E759654	facials@p_m_zero@variations@reactions
0x2EE4395D	faft_cjaa
0x2E17CCA1	fam1_ajaa
0x2E1037D8	fam2_dgaa
0x2EB6DC30	fam2_fjag
0x2E6B9FC8	fam4_akav
0x2E9AA026	fam4_akaw
0x2E783DD2	fam5_bnab
0x2E6CC119	fam6_aiak
0x2ED5B6AF	fam6_aqaa
0x2E9F7D14	family_6_drive_home
0x2E25A897	fan3_crab
0x2E9B1731	fare
0x2EDA2B23	fb_l_eye_002
0x2E17E5E2	fb_l_lid_upper_002
0x2E1269FC	fb_r_lip_bot_005
0x2E6E3A39	fbi3_torture_rt
0x2EA59605	fbi4_ram_os
0x2E7830C9	fbi_01_dmw_autopsy_1
0x2EE9566E	fbi_heist_setup_1_car_park_tyre_bump_cr
0x2E308D67	fbis1_bcab
0x2E42369E	fbis1_cyak
0x2E8FC359	fcfj_diaf
0x2E1A5F79	fcft_deac
0x2E604B9F	fcft_dnag
0x2E907CFA	fcma_cnab
0x2E467C5E	fcma_cnaf
0x2E5727F3	fcmf_dnac
0x2E8D897C	fcmft_cuag
0x2E2F4C6E	fcmft_deaa
0x2E91EAD6	fcmft_dfaj
0x2EA3FC0C	fcmt_cnac
0x2E276A60	fcmt_drao
0x2EEAEFC4	fctl_csac
0x2E1DF8FC	fctl_dcam
0x2E62766C	female_pos_b_p1_base
0x2EE8C8F4	fh3a_glaa
0x2E502284	fh3a_hhad
0x2ED9EB21	file_to_base
0x2EF34944	fin2_bcaa
0x2E0509B8	fin_b_mcs_1_aandb-6
0x2EAA8798	finc1_deaa
0x2ECE675D	fine_fuse
0x2E76D152	finh1_cxab
0x2E1B99A9	fire3
0x2E7D2FEC	firefx_info_end
0x2E9DC7CE	firetruk-20
0x2E3B8FBF	fix_trip1_mcs1-2
0x2E8D4E2F	fixieskid_left_still_char
0x2EAB388E	fkn0_fdac
0x2E1530A2	fkn1_fiaa
0x2E3070BF	fkn1_igah
0x2E43C2A1	flying_bail_out
0x2E2F38E9	fm_f_hair_005_c
0x2ECE1CF4	fmt_bkad
0x2EA6A2A7	fofl_abac
0x2EE299AB	fogvolumeinvtransform
0x2EF804D5	fourth_shot
0x2EFA9E9E	fra_0_int-3
0x2E4CCBC5	fra_outofbreath_exit
0x2E20405D	friedlander
0x2ED566AB	frlfb_acal
0x2EE21F02	frlfb_apad
0x2E7574B9	frlfe_baaa
0x2E01462F	futo-9
0x2E448972	g_f_m_fooliganz_01_dual-27
0x2E2EB091	g_m_m_mexboss_02_dual-14
0x2E9CC756	game_bad_other
0x2E9D2FB8	gauntlet-18
0x2EA88E4D	geometry
0x2ECAB7DE	glass_hold
0x2E469CE9	gr_buner_3_ramp
0x2E3F0AFB	gr_grdlc_int_02_bunker_bigbit
0x2E710701	gr_prop_gr_crates_sam_01a-0
0x2E109DE8	gr_prop_gr_rsply_crate04b-59
0x2E2BF1CE	greet_attractive_f
0x2E9E7896	gscb
0x2E2B0E68	gstop_quick
0x2E278FF0	gun_ammo
0x2EDF4AFC	gunshop
0x2E1495E0	h4_des_hs4_gate_exp_03-7
0x2E2B2A84	h4_islandx_terrain_02
0x2EE7B88D	h4_mp_h_yacht_floor_lamp_01
0x2E7221DE	h4_prop_door_club_glass_opaque
0x2E699AAD	h4_prop_h4_coke_metalbowl_01
0x2E6E83C7	h4_prop_h4_ld_bomb_02a-5
0x2E72BDD6	h4_prop_h4_lrggate_01_l-23
0x2E419009	h4_prop_h4_weed_dry_01a
0x2E021B22	h4_rig_dj_04_lights_02_b
0x2EEADF83	harness_l_1
0x2E4B7B1E	hash_2e4b7b1e_hwhepjj_collision
0x2E4DA879	hash_2e4da879_bxvdqhi_collision
0x2E5A0430	hash_2e5a0430_vamxmro_collision
0x2E75DF0D	hash_2e75df0d_wcubsr_collision
0x2E9B6F10	hash_2e9b6f10_ejzbuwx_collision
0x2EA02646	hash_2ea02646_acesfjrt_collision
0x2EB355C1	hash_2eb355c1_acesuho_collision
0x2EF8143E	hash_2ef8143e_iziyfgo_collision
0x2EDD81CA	headlift
0x2E98E44B	heat_bbaa
0x2EA0E746	heat_fhaa
0x2E503E1B	hei_heist_str_avunitl_03
0x2EAAE02B	hei_prop_heist_cash_bag_01-28
0x2EA74F13	hei_prop_heist_transponder-0
0x2EA9AC4B	hei_prop_sync_door03
0x2ED002F0	heist_ruralbank_female
0x2EAA18B9	hexbits
0x2E1AC305	hit_second_card_player_01
0x2EB2184F	hit_wall
0x2E0DCF63	hs3_arc_int-13
0x2EF4CA55	hs3_ext-14
0x2E338E7E	hs3f_dir_ent-2
0x2E670019	hs3f_sub_cel-18
0x2E323392	hs4_nimb_lsa_isd-100
0x2E035887	ht2_cle_1_2
0x2E70A46D	htamb
0x2EABCC4A	http
0x2E50FB34	hud_mp_cash
0x2E3DCC5A	hype_a_player_a
0x2EEAC128	i_am_herby_disembalmed_cam
0x2E5E2228	iaaj_ext-25
0x2E78B696	iamthevinewoodzombie_1
0x2E2A2F2B	iamyourtruesalvation_4
0x2EEEC6A7	idle_05_headphones
0x2E624235	idle_05_lamar_facial
0x2EB53801	idle_c_heeled_facial
0x2EE264E0	idle_v1_pressoperator
0x2E355100	idle_v4_cocpress
0x2E0C88A6	ie_draw_11
0x2ED0D734	ig_2_alt1_idle_b_thosecocksuckers
0x2E2E0606	ig_ahronward_dual-28
0x2EA14EA0	ig_benny_02_dual-3
0x2E4A59E3	ig_bountytarget_05_dual-3
0x2ECD2731	ig_fooliganz_02_dual-7
0x2E0A4F4A	ig_imani
0x2ED0D2E6	ig_pilot_dual-57
0x2EEEDCFD	inreportcooldown
0x2E4DEA60	insult_ped_fat_conv13_part3
0x2E8CED33	interacting_buttons_oscar_mogul
0x2E7A5231	iom_joystick_axis8
0x2ED4DFF2	isdlc
0x2E381289	issi2-26
0x2EBEA4CD	iswidescreen
0x2E9E2EAA	italigtb2-50
0x2E620E1E	iz_v_lab_lab_coldroom
0x2E350926	iz_xm_x17dlc_int_sub_rm_missiles
0x2ED85849	j526
0x2EEB6A4C	jackie_kaylee_action_01_jackie
0x2E3FD86A	jh_gtaa
0x2E85BD9C	jh_lhaa
0x2E1CB11F	jh_lraa
0x2E08B896	josh3_beaa
0x2EA0BBC5	journey2-68
0x2E90C5D5	jump
0x2E3DF3AC	key_r
0x2EEC4357	kick_close_a
0x2E266426	kz@
0x2E38ECAB	lam_1_ig_13_a
0x2EC771FD	layout_low_restricted_rt3000
0x2E9C6E74	layout_plane_seabreeze
0x2E8A2938	ld_girl_a_decline_alt_f
0x2E604405	ld_girl_a_intro_cam
0x2E17D776	lem2_duak
0x2E262439	lem2_hcab
0x2EF5880E	les1a_cbac
0x2EA6E6AE	lester_get_in_car
0x2E300FE8	let_me_tell_all_1
0x2ECFFF4E	libero
0x2EF85D23	lightweight8cutouttint
0x2E930A60	like_really_phone
0x2EE9DB23	limited
0x2E1DF5CA	line_3_gb_1
0x2EF947B2	loc_bmaa
0x2E0CCE35	loc_ceaa
0x2E6E0D0B	location_richman
0x2E194A22	logger.
0x2E8D6166	look_to_right_gr_prop_gr_vertmill_01a
0x2E4B7012	lookaround_phoneless_lazyworkerfemale
0x2E6B1185	low_fin_int-2
0x2EC0C7DC	m-100
0x2E507072	m23_1_dlc_int_03_m23_1
0x2EE07261	m23_2_int1_m232_thruster_up_light007
0x2EF4EBA6	m23_2_prop_m32_arcade_safe_body
0x2EC049BD	m23_2_prop_m32_curb_str_s_01b
0x2EFF8731	m23_2_prop_m32_prtmachine_dryer_01a
0x2EF25D4E	m24_1_mp2024_01_additions_paletobay
0x2E6A4931	m24_1_prop_m24_1_carrier_yah_glass_10
0x2EF873C8	m24_2_prop_m42_filebox_01a-20
0x2EEBF08D	m24_2_prop_m42_hacker_door_ent_02-27
0x2EE363C6	m24_2_prop_m42_hacker_door_tall-15
0x2EE9CD5A	m25_1_int_02_03_smoke_railing
0x2ED47228	m25_1_int_04_low_ktn_over_decal
0x2E212806	m25_1_prop_cs_script_dlc_vehlp-18
0x2E36AE9A	m25_1_prop_m51_bed_01a
0x2E14294D	m25_2_int_01_c_cine_slats
0x2EE2DCC5	m25_2_int_01_ceiling_speaker_012
0x2E34BA64	m25_2_int_01_spa_det06
0x2EDB8EC8	m25_2_prop_m52_billboard_01_frame
0x2E3B1C2A	m25_2_prop_m52_binbag_01a
0x2E25B063	m25_2_prop_m52_door_front_door-1
0x2E3C1E32	m_farplane
0x2E8B04C4	m_up
0x2E810502	mal
0x2E0BAEEA	male_pos_a_trans_p1_to_p2_facial
0x2EFFD7AB	male_pos_b_p1_enter_lamar_strain
0x2ECC7B21	male_pos_d_p2_exit
0x2EF785F8	martin1_distant_train_horns_master
0x2EFE9CC0	mch1
0x2E35D651	mch1_cqam
0x2EF31856	mea1_byaa
0x2EAF4983	mej1_ckac
0x2E4EC761	mej1_csae
0x2E9813C7	melee@large_wpn@streamed_core
0x2ED3D22A	menu_unique_id_header_my_mp
0x2EF20E82	met1_eyaa
0x2E7C6AB4	metro_map_join_2
0x2EFF8617	mgtr_azaa
0x2E688F13	mh_r_shirtfront_target
0x2E215B85	mic_1_int-17
0x2E50C419	mic_2_chopped_up_jumpin_master
0x2EA146E6	mic_4_int-30
0x2E55FF72	michaelcolorcode
0x2EE5C42E	mini@strip_club@idles@bouncer@base
0x2E431957	misscarsteal3pullover
0x2E697A1F	missfbi3_weapon_select_trolley
0x2E08D5DC	mn5r
0x2E30A2D5	mnt_dnc_buttwag
0x2EAEEBD0	mo_gfx_x2
0x2ECF19EB	money_earn_club_dancing
0x2EF98D71	moodm_dance_mf_30_dancer_b_facial
0x2E09D821	moodm_mic_u_v3_06_facial
0x2EF01366	moodm_trans_dance_to_deck_me_02_tumbler
0x2EAB55AB	moodm_vinyl_left_mb_25_lp_right
0x2E547B53	moodm_vinyl_left_mc_18_bag
0x2EB61F8C	moodm_vinyl_right_ha_17_turntable_left
0x2E0DE908	move_characters@sandy@texting
0x2EA45709	move_stealth@p_m_two@2h_short@trans
0x2E7B5F89	move_strafe@melee_large_weapon_fps_gclub
0x2EB7E024	movementclipset
0x2E27474A	movie_prem_02_m_d
0x2E1596DB	mp_casino_apartment_exec
0x2E22C0B6	mp_casino_back_lobby
0x2E1E50AB	mp_christmas2018_tee_009_m
0x2E3A41D1	mp_exec_teams_002_f
0x2E37899B	mp_fib_grab
0x2E4205E3	mp_film_000_f
0x2E223A3D	mp_heist4_tee_044_f
0x2E32CEC8	mp_heist4_tee_060_m
0x2EAF6291	mp_int_mcs_17_a4-0
0x2EE4073A	mp_intro_concat-0
0x2E292584	mp_lobby_allow_speech_scene
0x2EFFDD6F	mp_lr_tat_000_m
0x2EBCC0C2	mp_parachute_outro@female@middle
0x2E76E501	mp_player_int_arse_pick_exit
0x2E117694	mp_xmas2_f_tat_000
0x2EF79897	mpcas1_int-11
0x2E309AF8	mpcas3_int-4
0x2E0491C0	mpct_bkaa
0x2E130F06	mph_nar_fin_int
0x2E6B5587	mpheist3_tat_020_f
0x2E1F8449	mrs.
0x2E84F40C	mule-24
0x2EF8C243	myh4
0x2E1E6ACB	n_ac11_ep_5_rcm_008-6
0x2E4A6CF8	n_ac13_hs4f_ssg_ent_p2a1_t0_01-1
0x2EEE8222	n_ac1_ass_mcs_1_00-0
0x2E44EDA6	n_ac3_lsdh_2a_int_p3b_a1_01-6
0x2E534A23	n_ragelight0_tale_intro_p1_002-7
0x2EB2EE6E	navmeshes
0x2EB7B5FC	nige3_byah
0x2E863FE1	nme_away_sync_d_18_facial
0x2EBC9BEC	nme_bch_unq_shots_a_35_facial
0x2EF8A650	nme_bch_unq_sync2_g_27_alt1_coconutdrink
0x2E9E5A7E	nme_cue_idle_l_08_hp
0x2E643C72	nme_trans_away_to_cue_c_11_hp_neck
0x2E743751	no_random_spawn
0x2E141F66	number_stolen_cop_vehicle
0x2E6F6013	nunca
0x2E007DB4	oat_fos_ep_1_p1_039-13
0x2EF9D403	oat_fos_ep_1_p1_23-20
0x2E91B408	ob26
0x2E9583E5	ojas_kzaa
0x2E1D090E	operate_01_gr_prop_gr_drillcage_01a
0x2EA95DF9	orr_afaa
0x2E4ADA88	p8_glance_sides_solomun
0x2EA53B1A	p_a4_sheets_s-13
0x2E066725	p_ashley_neck_01_s-8
0x2E11CFE1	p_cs_beachtowel_01_s-27
0x2EEF775D	p_cs_beverly_lanyard_s-6
0x2EF465A5	p_cs_clipboard-11
0x2EF6DF3C	p_cs_lighter_01-70
0x2ECB0662	p_ing_coffeecup_02-50
0x2ED09472	p_lamarneck_01_s
0x2EF0D8F6	p_loose_rag_01_s-0
0x2E1F55D2	p_michael_scuba_mask_s-13
0x2E532FA3	p_parachute_s-8
0x2E28CA22	p_tram_crash_s
0x2E35B57F	p_wade_necklace_s-14
0x2EE408A2	pad_lstick_updown
0x2E053370	paper_jam_v1_chair
0x2E88ED58	parameters
0x2EE4C912	pastillas
0x2E30EAEB	pbby_anag
0x2E5DE049	pbcl_ahae
0x2EBC07C1	pbgr_aeae
0x2E9A0604	pbgr_aqac
0x2E9FF22E	pbpro_bnab
0x2EAB9407	pc236
0x2E105993	pelo
0x2EC4D973	ph_rhand
0x2E37BCEA	phone_conv4_intro
0x2E80B05A	photograph_v2_photographer
0x2E7E966C	physics_hat2
0x2E4DFA68	piccolo
0x2E071B5A	pickup_vehicle_weapon_sawnoff
0x2E764125	pickup_weapon_grenadelauncher
0x2E71760F	pistola
0x2E82637F	plane_fly_overhead
0x2EBEBFFA	player_one-1
0x2EE54047	player_one-3
0x2E7CEEB6	player_two_p
0x2EE1BABA	player_zero_dual-84
0x2EEE5638	playing_with_brush_broom
0x2E39C9CA	plays
0x2E41D508	playwatch_loop_var_02_facial
0x2EF9E1A1	pose_c_long_trans_pose_b_headphones
0x2E1F941D	pose_c_trans_pose_a_blamadon_face
0x2E2CBC8F	pporangeout
0x2E4C797F	pr_dlc_h4_co_01
0x2E32BF57	press_grab_facial
0x2EFBB0BA	pri1_bmab
0x2E4BCE5B	pro_fjab
0x2E38EB6A	proc_litter_01
0x2E6E5AE9	prologue_test_fail
0x2EFB3E6C	prop_chair_01a-14
0x2EC6C354	prop_chair_01b-30
0x2E0B36B1	prop_chair_04a-9
0x2E54D4CD	prop_chair_08-4
0x2E0A2EF7	prop_champ_jer_01a-96
0x2E0D79E8	prop_clothes_rail_03
0x2E7C9A23	prop_const_fence02b
0x2E042597	prop_container_01c
0x2E6BB1F2	prop_cs_beer_bot_01b-18
0x2EEA034F	prop_cs_dog_lead_b_s-6
0x2ED800A3	prop_cs_ice_locker_door_r-2
0x2E7DB402	prop_cs_kitchen_cab_l2-3
0x2E0B7D0C	prop_cs_kitchen_cab_l2-52
0x2E02E889	prop_cs_mouse_01-28
0x2E081FB7	prop_cs_paper_cup-18
0x2E2413CF	prop_cs_paper_cup-45
0x2E0482C8	prop_cs_pebble-0
0x2E57399D	prop_cs_silver_tray-7
0x2EA1FEBF	prop_cs_wrench-0
0x2E43A2FF	prop_door_01
0x2E5FA883	prop_faceoffice_door_l-2
0x2E333A53	prop_fib_broken_window_2
0x2E452F88	prop_flatscreen_overlay-6
0x2E8EBF4E	prop_glass_panel_07
0x2EF44EA3	prop_golf_bag_01b-32
0x2E7BDE38	prop_golf_tee-31
0x2E275EC7	prop_golf_tee-44
0x2ECB4F2A	prop_gumball_03
0x2ED50331	prop_human_atm
0x2ED8E0A1	prop_ice_cube_01-7
0x2EDD9003	prop_jerrycan_01a
0x2E193A08	prop_ld_farm_couch02
0x2EB10B9D	prop_ld_hook-2
0x2EF4CEF2	prop_ld_peep_slider
0x2ED4A1F5	prop_ld_shovel-17
0x2EB78E98	prop_ld_shovel_dirt-16
0x2E7DB47F	prop_luggage_02a-1
0x2EA3294C	prop_mb_crate_01a-1
0x2EFBB698	prop_mb_crate_01b
0x2E94C1F6	prop_mem_candle_03
0x2EE84652	prop_mug_01-17
0x2E7D9E9E	prop_off_chair_04_s-3
0x2E03E70F	prop_paint_stepl01-21
0x2E3398E1	prop_paints_can01-15
0x2E5B3016	prop_phone_proto_back-1
0x2E4C7E50	prop_plastic_cup_02-25
0x2EB9FCE9	prop_rolled_sock_01
0x2EAA1E21	prop_rope_hook_01-1
0x2E186446	prop_showroom_glass_1
0x2EE10256	prop_table_02_chr-24
0x2EC9D04D	prop_target_purp_cross
0x2E1A3D9E	prop_test_boulder_03
0x2EECD190	prop_tint_towel
0x2ECC6B0E	prop_tool_screwdvr02-34
0x2E4DF59F	prop_tyre_wall_01c
0x2E5CBC66	prop_wheelchair_01_s-5
0x2EBDB3B3	propsys.dll
0x2E95B99E	prs_epad
0x2EE31F18	prs_peaa
0x2EFBDFCF	ptrx_idle_f_q_r_27_headphones_beer_can
0x2ECE8998	pull_tooth_loop_player
0x2EAD517B	push_guy_back_wade
0x2ECBFB13	pushup_breath
0x2E106841	putt_react_bad_03_face_player0
0x2EA45E5D	ql
0x2E90B5C1	qoynj
0x2E41985B	que
0x2E6C732D	r@4hl
0x2E819CEF	ragdoll_request_event
0x2EDE3F95	rampa_cue_idle_h_13_s_glass_02
0x2ED668A4	rampa_cue_idle_i_17_v2_s_glass_02
0x2E62FCFD	rampa_cuelean_idle_h_11_s_glass_02
0x2E652077	rampa_mix_idle_o_26_hp_head
0x2E080FE7	rampa_mixdance_idle_k_23_s_glass_03
0x2E69B852	rampa_mixsway_idle_c_03_v2_hp_head
0x2E43048F	rampa_mixsway_sync_f_22
0x2E5480F5	rampa_trans_awayside_to_cuedgrab_a_02_v2_s_glass_02
0x2EEF7E2D	rampa_trans_cue_to_away_a_08_s_glass_01
0x2EE3B7A0	rampa_trans_cueddown_to_away_a_07_v2_hp_head
0x2E05B5C0	rampa_unq_sync3_b_21_v2_s_glass_03
0x2ED9E2DA	rather
0x2E4CC391	rbh2a_bgab
0x2EF23B66	rbh2a_ioaa
0x2E7B6484	rbh2a_kead
0x2E1479C7	rbh2a_nxaa
0x2E04E601	rcmpaparazzo1ig_1_ds
0x2E1C950F	react_win_01
0x2E961FA7	rebu2_ddac
0x2E28DBEE	redr2_bqaa
0x2E32D565	reeds_03
0x2E50149A	reh_int4_int_style_4
0x2E1CACE4	reject_02_gr_prop_gr_2stackcrate_01a
0x2EEDB5D8	repap_crac
0x2EA6087A	request_card
0x2E165593	respawn@hospital@paleto_bay
0x2EA68690	rhino
0x2EE5F040	roll2velocity
0x2E0F4E6E	rstart_l_-180
0x2E5AFD37	ruiner3
0x2E2D17D1	rurs1_agac
0x2E2B3358	s_f_y_shop_mid_dual-3
0x2E8CDD51	s_f_y_sweatshop_01_dual-68
0x2EE7A568	s_m_m_autoshop_01_dual-12
0x2EFEAFD5	s_m_m_chemsec_01
0x2EC83F29	s_m_m_highsec_01_dual-1
0x2E4C6432	s_m_m_highsec_03_dual-31
0x2EA2959A	s_m_m_pilot_01_dual-8
0x2E69E58A	s_m_y_construct_01_dual-26
0x2E550A81	s_m_y_robber_01_dual-3
0x2E320916	s_m_y_xmech_01_dual-41
0x2E51A726	samtb
0x2EF89E46	sanchez
0x2EB0A61C	save_scene
0x2EC322C3	sclub_edaa
0x2E93CC87	scr_arc_cc_veh_nitro_crook
0x2EAA6AD5	scr_bike_truck_weed_smoke
0x2EF9CA09	scr_ih_sub
0x2E1A4B06	scr_minigamestuntplane
0x2E29AF48	scr_sb_tycoon_banknotes
0x2E60D9F9	scr_srr_oper_panel_spark_wide
0x2EF856D8	scr_xt_dax_tequila_fire
0x2E797EC3	scrap_aoaj
0x2E7AC537	script_errors
0x2EEDA44E	se_restaurants_industrial_03
0x2E3BFF99	se_sf_dlc_garage_sec_room_gf_01
0x2E1397C3	second_shot_base_cam
0x2E7045F6	segundo:
0x2E85A308	selector_ui_headshot
0x2EFD3447	seminole-67
0x2E6C9AA1	serf
0x2E1C2E56	serie
0x2EFE7C77	served
0x2E297CEB	set_focus
0x2E81AFD8	setmask
0x2E197D7E	sf_prop_sf_apple_01a-49
0x2EDE60D1	sf_prop_sf_cga_drums_01a
0x2EAB5B85	sf_prop_sf_club_overlay
0x2E3B49C5	sf_prop_sf_door_glass_01a-10
0x2EFB8716	sf_prop_sf_door_rec_01a-54
0x2ECDC314	sf_prop_sf_filter_handle_01a-74
0x2ED12C6A	sf_prop_sf_game_clock_01a-6
0x2E601233	sf_prop_sf_golf_wood_02a-30
0x2E683141	sf_prop_sf_monitor_s_02a-26
0x2E8F916C	sf_prop_sf_monitor_s_02a-60
0x2EC4EC9A	sf_prop_sf_phone_01a-28
0x2EB683F1	sf_prop_sf_phone_01a-32
0x2EA7083A	sf_prop_sf_phone_01a-73
0x2EF37257	sf_prop_sf_s_mixer_02b-33
0x2EA4EADE	sf_prop_sf_s_mixer_02b-55
0x2EE87C86	sg_signin_atsv
0x2E38B265	sheriff-1
0x2EC8C3A0	shift-o:
0x2EA7AB79	shut_cuboard_door_door
0x2EC298D5	simple_inspect_v1_bundlepassport
0x2E3F64DB	single_team_intro_one
0x2EECC293	sit_breath_mid_left
0x2E3781CB	sit_low_slow
0x2E12AFB7	sit_phone_lookingaround_nowork
0x2EB2ACF3	sky_cloud_shadow_col_g
0x2E85C45C	sky_moon_influence_radius
0x2EA1F072	slmn1_byac
0x2E3967B0	sm722
0x2EB7DEC1	sm_prop_smug_cctv_mon_01-71
0x2E37EF55	sm_prop_smug_havok-51
0x2E485E62	sm_prop_smug_mic-13
0x2EED364F	socorrista
0x2E3774C5	sol1_cbab
0x2E8E860A	sol1_ckak
0x2E3D0BBF	sol1_ehad
0x2ED26EFF	sol_idle_rt_b_headphones_neck
0x2EA7F558	solicit_franklin
0x2E6B3A9D	sp_f_accs_15_0
0x2E76A2DE	sp_f_feet_0_4
0x2E117F21	sp_f_feet_6_6
0x2E81C40C	sp_f_jbib_7_2
0x2E71F133	sp_f_lowr_0_7
0x2E2A5D01	sp_f_lowr_6_13
0x2EA544DB	sp_m_eyes_13_5
0x2E8054E8	sp_m_hair_13_5
0x2E2413CE	sp_m_hair_4_4
0x2E66A785	sp_m_head_19_0_1
0x2EF3D3D2	sp_m_head_2_4
0x2EA8550D	sp_m_lowr_14_1
0x2E392E68	sp_m_lowr_7_2
0x2E5AB910	special_ped@baygor@monologue_7@monologue_7i
0x2E389893	special_ped@mani@monologue_5@monologue_5g
0x2E8CAB48	special_ped@mountain_dancer@base
0x2E1E9B59	special_ped@pamela@monologue_5@monologue_5i
0x2EAB74AB	special_ped@zombie@monologue_1@monologue_1b
0x2EB585F1	sperm_donor_daddy_amanda
0x2EB662AE	spinreadyidle
0x2E2F46A3	spots_oatfos_ep_1_p1_004-6
0x2EC201EE	stand_female_a_idle_c
0x2E436C9A	startrappel_mic_rope
0x2E80E537	stayupacc
0x2EAAC584	stc_coroners
0x2EF52FC7	stt_prop_stunt_bblock_qp3
0x2E72D572	stt_prop_stunt_tube_end
0x2E5F6892	stt_prop_track_bend2_bar_l
0x2E03ED1D	stt_prop_track_bend_l_b
0x2E5F51A4	sum23_cm6_ext
0x2E60F909	sun_roll
0x2E9662DC	switch@franklin@walk_around_house
0x2E74FAA3	switch@michael@tv_w_kids
0x2EF7F215	t1m4_auab
0x2E0AA0A6	tambour
0x2E7064E4	task_combat_hated_targets_around_ped
0x2EE5D6E9	tennis_coach_intro_racketa
0x2E509E92	test_arm_2_mcs_6-1
0x2E67398B	throwout_d_cam
0x2E429476	time_02_00
0x2E2F59BC	timetable@ron@ig_5
0x2E064B47	tow_fhac
0x2EA43378	tow_ipab
0x2ED4998F	tp3v
0x2ED9B1EA	tr_prop_tr_coke_powder_01a-20
0x2E7E635F	tr_prop_tr_elecbox_01a
0x2EA4409E	trail_custom
0x2E2DC208	trans_pose_d_to_b_vw_prop_vw_valet_01a
0x2E42B9E2	trees_normal_spec_tnt
0x2E217F84	trevor_cover_impatient_a
0x2EA9CAC4	trv1_chase_cs_skip
0x2E3FC027	trv3_dtah
0x2E11C82B	trv4_fail
0x2E7A2ED0	trv_5_int-14
0x2E6529F8	tslaexfbj7
0x2E64E63E	tug-8
0x2E482F74	turn_right_intro
0x2E484B36	turning_backright_oscar
0x2E7C0BF0	turret_grip1_r
0x2EFD8A65	tv_idle_b_lighter
0x2EA45B1B	txm1_eeac
0x2E222C35	txm1_fzab
0x2E5BDAAE	txm3_enab
0x2E1C811A	txm9_ecab
0x2E140314	u_f_m_corpse_01
0x2E0FF683	uc.
0x2E8FFCEB	unknown
0x2E942548	unlink
0x2E460BC4	upside
0x2ECCE10C	usaban
0x2E19BA70	uvvxvrv
0x2E782112	v_11_rack_signsblu
0x2E421D83	v_19_bar_speccy
0x2E935AEB	v_19_strip_stickers
0x2EBD3604	v_24_knt_mesh_boxes
0x2E78215B	v_44_g_hall_emis
0x2E037ED9	v_73_elev_sec5
0x2E403AA1	v_8_framedin
0x2EDB4735	v_corp_servers2
0x2E96CDCB	v_ilev_fh_door5
0x2EAD79E4	v_ilev_finale_shut01
0x2EECA4ED	v_ilev_garageliftdoor-26
0x2EB54442	v_ilev_ml_door1-20
0x2E3E5F52	v_ilev_mldoor02-24
0x2E3CA3D0	v_ilev_mm_doorm_r-26
0x2E71D6D2	v_ilev_mm_doorm_r-9
0x2E1210B6	v_ilev_mm_fridge_l-62
0x2E8929BE	v_ilev_mm_fridge_r-0
0x2E52EECD	v_ilev_ra_door4r-3
0x2EC0879E	v_ilev_rc_door2-7
0x2E25C7C4	v_ind_cm_ladder
0x2E57FC55	v_med_cor_medstool-16
0x2E9FA06D	v_res_fa_chopbrd
0x2E412E49	v_res_j_tablelamp1
0x2ECE85B9	vagos_boss_phone_talk
0x2E40621E	vcana
0x2E254C96	veh@boat@predator@ps@enter_exit
0x2EC3EAF6	veh@common@bicycle@ps
0x2EDE7A03	veh@jeep@bodhi@rps@enter_exit
0x2E0E616D	veh@std@ds@idle_a
0x2EC3692D	veh_deluxo
0x2ED5565D	veh_exhaust_vulkan-1
0x2E31D449	vehicle_track_siren
0x2ED14835	vehicle_weapon_hunter_barrage
0x2EFD9743	ver_01_bottom_right_exit_cam
0x2E5A732B	vfx_it3_06
0x2E6FDF8C	victim_takedown_rear_lefthook
0x2EDA6D53	visibili
0x2E80DEC0	vw_p_vw_cs_bandana_s-17
0x2E75568A	vw_prop_cas_card_club_10
0x2E0D51E5	vw_prop_casino_slot_spin
0x2EE6915C	vw_prop_vw_headset_01a-21
0x2E5820B2	vw_prop_vw_offchair_03-10
0x2E9792F7	vw_prop_vw_tray_01a-45
0x2EE4BD53	vw_prop_vw_wallart_172a
0x2E0DA657	w_am_jerrycan-17
0x2E5453BB	w_ar_carbinerifle_mag1-38
0x2EE050D2	w_at_cr_barrel_1-23
0x2EB14B94	w_at_cr_barrel_2
0x2E6BA61D	w_fire_low
0x2E08FBDE	w_grip_med
0x2E1A672F	w_sb_microsmg_luxe-79
0x2E0015D1	w_sb_smg-25
0x2E03B51C	w_sr_heavysnipermk2_mag_ap2
0x2E14902E	wait_in_elevator_player0
0x2E3EFC3A	water_decal
0x2EC4B810	wcd_var_hpst
0x2EF7C837	weap_ie_vehicle_mg
0x2E1BEEA6	weapons@first_person@aim_lt@p_m_zero@sniper_rifle@marksman_rifle@fidgets@a
0x2E11E531	weapons@first_person@aim_rng@p_m_zero@assault_rifle@carbine_rifle@fidgets@a
0x2EB0ACCC	weapons@first_person@aim_stealth@p_m_zero@heavy@grenade_launcher@aim_trans@unholster_to_stealth
0x2E94B5ED	weed_ayaa
0x2E8FF443	win_big_c_facial
0x2EB31ED6	writhe_idle_b
0x2E6FC81F	wtd_autoshgn
0x2ED9CE4F	xjmdpb
0x2E04AFE1	xm24_mfh_int-26
0x2EBA2F80	xm25_mansion_inta-58
0x2E2ECB24	xm25_mansion_intb-51
0x2E9B5B60	xm3_drg1_ace_int-22
0x2E872DA9	xm3_drg2_pln_mcs2
0x2E265A54	xm3_int3_acid_tables
0x2EE6A9DB	xm3_prop_xm3_coke_spoon_01a-47
0x2E65DEAA	xm3_prop_xm3_desklamp_01a-5
0x2EA43DBD	xm3_prop_xm3_sdriver_03
0x2E1D57D0	xm3_prop_xm3_toy_dog_01a-45
0x2E4FA224	xm4_yard_int-92
0x2E1EA223	xm_prop_silo_elev_door01_l-2
0x2E1658CC	xm_prop_x17_clicker_01-56
0x2E2E9575	xmmjyqaoz
0x2E720CC5	xs_prop_arena_champ_open-0
0x2E249315	xs_prop_arena_clipboard_paper-39
0x2E0C541E	xs_prop_arena_crate_01a
0x2E3B6F86	xs_prop_arena_landmine_01a_sf
0x2ECE0DD1	xs_prop_arena_stickynote_01a
0x2EE81A72	xs_propint2_stand_02
0x2E2512E8	youthinkyourhappy_2
0x2ECC2A3D	zr350-26
0x2E60AB86	zr350-44
