0x48B17003	001446_02_gangintimidation_2_thug_c
0x487BBDA1	001671_02_mics2_1_wakes_up_screaming_exit_facial
0x48AFEDCF	05_dialogue_upload_speed_mouse
0x483AA01C	67_sabregt_modkit
0x48AEEAEB	96c261a9c3ef0da32cbc68a83fb7699ca1d5973d6b4d4ea1f9ef8b4e5c7d85b8
0x4822E8E1	9o:uw
0x4880D4DF	:lym
0x48D997C0	_leadin_doorr
0x48285B67	_leadin_loop_trevor
0x4857B832	a15_tunf_iaa_mcs1_p1_t06_00-8
0x481167AB	a_c_fish_dual-8
0x48C2FFE7	a_c_rabbit_01-77
0x48F96F5B	a_f_m_tramp_01
0x48E62EC3	a_f_o_genstreet_01_dual-44
0x482D1EC8	a_f_o_genstreet_01_white_mini_01
0x48F0406F	a_f_y_business_02_p
0x4840F1EE	a_f_y_fitness_02_dual-25
0x48DE9A19	a_f_y_runner_01_dual-14
0x487DBB87	a_f_y_tennis_01_dual-1
0x484DE4A9	a_f_y_tourist_01-18
0x48E65279	a_m_m_eastsa_02-7
0x48FEEB56	a_m_m_rurmeth_01_p
0x485BDD4E	a_m_m_stlat_02_dual-11
0x48CC0965	a_m_y_gencaspat_01_dual-5
0x488C6273	a_m_y_salton_01_white_mini_01
0x48517CBE	ac12_fspot_fos_ep1_p1_00-28
0x48843371	ac8_mph_pac_fin_int_p1_t01_white_wall_bounce002-1
0x48EC4F3A	ac_ig_3_p3_b-2
0x484385E3	action_2_pistol_and_uzi_pistol
0x48C817AE	action_female_3
0x4892449B	adam_away_idle_i_12_v2_hp
0x489D4E70	adam_away_sync_g_21_bottle
0x48413A57	adam_bch_unq_sync2_b_82_facial
0x489CD574	adam_unq_sync2_a_42_bottle
0x4895224E	adam_unq_sync_a_14_bottle
0x48CB682E	adjust_step_180l
0x48F8BA42	agency_h_2_take_out_architect
0x4852D05D	ah_3b_mcs_3-0
0x48C662EC	ai_loop_gunman_strap
0x482A431C	aimd_calm_bwd
0x48B22B58	aimd_to_aima
0x482F2215	alarm_klaxon_07
0x48100800	alarms_test
0x48F83D4E	amb@code_human_in_car_mp_actions@dance@bodhi@rps@base
0x4822B0A9	amb@code_human_in_car_music@generic@ds@base
0x48B40D05	amb@code_human_in_car_music@generic@rps@base
0x48E3A05D	amb@prop_human_seat_chair_food@male@exit
0x48B53D9E	amb@world_human_bum_wash@male@low@base
0x48A13827	amb@world_human_leaning@male@wall@back@legs_crossed@idle_b
0x48BB1ABE	ambient_tv_52
0x4819BBBA	ambulance-30
0x48F02210	anim@amb@casino@hangout@ped_male@stand_withdrink@01b@base
0x483545D2	anim@amb@nightclub@mini@drinking@bar@player_bartender@base
0x4832869D	anim@mp_corona_idles@male_d@base
0x48101345	anim@mp_helmets@on_bike@dirt
0x48D9B039	anim@mp_player_intcelebrationpaired@f_m_cowering
0x48B75145	anim@mp_player_intin_carthe_woogiestd@rps@
0x489968CC	anim@mp_player_intincardancelow@ps@
0x4868C36A	anim@mp_player_intincaryou_locostd@rps@
0x4801BA09	anim@scripted@ulp_missions@players_wake_up@male@
0x48738995	anim@veh@armordillo@rps@enter_exit
0x4864E7FA	anim@veh@boat@dinghy5@front_turret@enter_exit_right
0x481A7E60	anim@veh@lowrider@std@ds@arm@music@mexicanidle_b
0x48FDA8D4	anim@veh@truck@squaddie@rps@enter_exit
0x48AC7BC1	anim_ac55_fos_ep1_p6_02-11
0x483D73C0	anim_ac69_fos_ep1_p6_01-31
0x48E59BAB	anim_ac73_fos_ep1_p6_02-10
0x482279AB	anim_ac73_fos_ep1_p6_02-24
0x48161CEC	anim_ac73_fos_ep1_p6_02-6
0x486C6B12	anim_ac75_fos_ep1_p6_15-12
0x48BCEBAF	anim_ac75_fos_ep1_p6_15-15
0x48A0F4FB	anim_ac75_fos_ep1_p6_15-33
0x4892A34F	anim_ac75_fos_ep1_p6_16-17
0x48F8B13F	anim_casino_a@amb@casino@games@insidetrack@ped_female@engaged@01a@play@v02
0x489731E9	anim_casino_a@amb@casino@games@slots@ped_female@regular@01b@reacts@v01
0x48AB50CA	anim_corona_oat_fos_ep1_p6_10-2
0x48A53D86	anim_corona_oat_fos_ep1_p6_13-2
0x4842DBF4	anim_heist@arcade_property@mission_start@rockford_hills@exit_01@
0x48CFF5AA	anim_oat_fos_ep1_p6_042-0
0x48197938	anim_oat_fos_ep1_p6_054-25
0x48D01574	anim_oat_fos_ep1_p6_055-1
0x4826CC98	anim_oat_fos_ep1_p6_06-13
0x48D36B99	anim_oat_fos_ep1_p6_07-33
0x48A80811	anim_oat_fos_ep1_p6_23-3
0x48FF4460	anim_spots_oat_fos_ep1_p6_01-0
0x48A7F2A3	animl_ajaa
0x48635911	animl_akaa
0x48418191	animl_apah
0x48689455	animl_blak
0x48042137	animl_daad
0x483E0C11	animl_dfad
0x489D079A	animl_fuag
0x48ACE6B9	animl_gdac
0x48836D48	anotherhalf
0x48306FB1	ansph_awaa
0x4827BFB1	ansph_cbaa
0x4848B6FF	apa_mp_h_acc_candles_05
0x48F9C7B5	apa_mp_h_yacht_sofa_02
0x48DE146F	apa_nar_int-18
0x4839CDAA	apa_p_mp_door_apartfrt_door-20
0x48B8031B	apt_exit_left_alt1_ped_b
0x48CD9A9D	ar2_ctab
0x485FEAA3	ar_crickets_d
0x489EDCB7	ar_dlc_h4_ih_birds_tropical_mockingbird
0x48A15A91	ar_dlc_hei_acc_gun_turret_03
0x4837D95C	ar_dlc_xm_int_sub_auxeng_engine_small
0x48517D94	ar_vehicles_car_alarm_set
0x4867A0AF	arena_int-15
0x481353E7	arm1_dcaa
0x48C01489	arm3_bnaa
0x48F75468	arm_1_mcs_2_concat-0
0x48D81626	arms_faaf
0x4871921A	arms_hlaa
0x485D041F	art_ig2_drums_p1_drums
0x48495E06	asea-7
0x48DA697A	attachfpslefthandiktoright
0x48B2D4E7	attack_loop_cam
0x488EF2E3	axmam1jnt8
0x48287038	az_coast_14
0x4818014C	az_los_santos_port_cranes_01
0x48C68057	az_music_venice_66
0x48A69966	az_xm_int_02_base_announcer
0x48E64FEC	ba_prop_battle_champ_open_03-30
0x4885DDDF	ba_prop_battle_champ_open_03-67
0x488234C6	ba_prop_battle_mic-46
0x485AF740	ba_rig_dj_01_lights_04_b
0x488DA064	ba_rig_dj_03_lights_03_b
0x48107D5F	ba_rig_dj_04_lights_02_a
0x48151B19	backgrounddistortionamount
0x48E36383	bag_straight_idle_no_armour
0x48238A1D	baller-23
0x48EA9108	baller-48
0x4888F2F4	bar_3_rcm-14
0x48174370	base_amy_skater_01
0x48764110	base_idle_a_face
0x488C5B61	base_ron
0x48636403	base_vendor
0x48CAD76A	battle_mix2_club_music
0x48D681F4	bb4_asae
0x485A3BCD	bear_floyds_face_smell_exit_trev
0x4879CCF7	bersaglio.
0x483805DB	bh1_03_satdish
0x48077F09	biker_draw_12
0x48600788	bkr_prop_fakeid_pen_01a-4
0x481BF4B7	blindfire_hi_r_aim_hi
0x488E0BE4	blip_
0x485643CE	bloomparams
0x488DC2AE	bmad_out_tale_in_b_bg_male2_face
0x48EBE1B3	booty_aoaa
0x4857BCF0	break_extra_5
0x483A3B12	bs2b_knaa
0x48089810	bs2b_pgaa
0x48D71151	buccaneer-20
0x48BCA583	burrito-8
0x486D2049	c1_down_4
0x4897CC3D	cancel_neutral_ped_a
0x48B81E9A	car_steal_3_mcs_3-0
0x48ED9504	cards_collect_p04_card_c
0x480A5759	catalog_catalogonlywithstat1
0x48E0FF59	cb_05-04-2012___09-24
0x483BA257	cbplane
0x48E68AE7	cbrad_bbaa
0x48B5D2DE	cbrad_ctaa
0x4807C9D4	cbrad_ebag
0x48E2E831	ch_prop_arcade_street_01b_off-5
0x485C3CDE	ch_prop_ch_casino_door_01c-15
0x48FAA27A	ch_prop_ch_service_locker_01b
0x482FBF76	chad_pullback_girl
0x48295F95	chatc_bxaf
0x481E5594	chatc_cnae
0x48E1C392	checkforcrc
0x48BBC35C	chest_bump
0x48818447	chip_steal_action_chip_01
0x480085CF	clamp_wait_loop_r_clip
0x48A20295	clan_err_no_privilege
0x48C7CDD1	club_intro
0x48FA4FDF	cm_stofab
0x484776E7	cm_stotan
0x48026062	codename_22
0x4821DAF2	codename_f
0x489AACF4	cognoscenti-12
0x481CC1AF	collisionobj
0x483F2D7B	coming
0x48634DDC	common:/data/effects/peds/first_person_alternates
0x48502ED3	common:/data/watertune_heistisland.xml
0x48AF6351	component_combatmg_mk2_camo_05
0x487AAE09	component_microsmg_varmod_luxe
0x48DAEE71	component_revolver_mk2_camo_09
0x48F64B22	component_smg_mk2_camo_05
0x4853C446	conac_anaa
0x48BE88F1	console_get_along_trevor
0x48353678	convo_trevor_mybrother_14
0x48FF6879	coquette-52
0x4847F225	corona_fos_ep1_p1_06-5
0x48061FF3	couch_idle_06_ashtray
0x48D2F940	cower_idle_1_pedb
0x48285998	cpacketbikeupdate
0x4853781B	cpacketrappelpinrope
0x48990075	cpacketweaponsoundfireevent
0x488C630E	creatures@retriever@melee@base@
0x484D1857	crw_no_members
0x488BBE9F	cs_amandatownley_02_dual-46
0x4801E6B8	cs_amandatownley_dual-3
0x4889D8C0	cs_drfriedlander_dual-0
0x481CD785	cs_fam4_fridge_door-28
0x48C2F26D	cs_fam4_juice_spit
0x48EFC07C	cs_floyd_dual-22
0x489B0D5C	cs_lazlow_2_dual-31
0x483927D0	cs_lazlow_2_dual-4
0x481F11C8	cs_lazlow_2_dual-60
0x4887069A	cs_martinmadrazo_02_dual-3
0x48F2D565	cs_nervousron_02_dual-56
0x483F95DD	cs_nervousron_dual-6
0x48699928	cs_taostranslator2_dual-29
0x485DE266	cs_trev1_wheel_fric_sand_bike-6
0x48E63100	cs_wade_dual-17
0x48669C86	cs_xm24_titan_wreck_fire-0
0x48C7D1B9	csb_agatha_dual-16
0x48929CD4	csb_agent14_02_dual-67
0x48FA1CA0	csb_anton_p
0x48551C9C	csb_ary_02_dual-47
0x48770E00	csb_ary_02_dual-52
0x48403587	csb_callgirl_02_dual-18
0x48D7A748	csb_chef_03_dual-40
0x489AD48D	csb_djblamadon_p
0x48AFB6C1	csb_gustavo_dual-29
0x480CAEB5	csb_isldj_00_dual-11
0x48EC02ED	csb_isldj_01_dual-21
0x48DE3612	csb_jamalamir_dual-46
0x48CFA9A5	csb_jamalamir_dual-76
0x482A769D	csb_jio_02_p
0x48787737	csb_jio_dual-33
0x48EF5A5C	csb_jodimarshall_dual-28
0x4812A0DE	csb_luchadora_dual-44
0x48C782EC	csb_luchadora_dual-6
0x484C7F61	csb_maude_02_dual-31
0x486A09E4	csb_thornton_dual-5
0x48935583	csb_undercover_dual-16
0x48FF4CA9	csb_vagspeak
0x48DEC21D	csb_vincent_dual-8
0x48854668	csb_weiss_dual-4
0x489D4BCB	csb_wendy_dual-48
0x48034248	cst2_cyaq
0x4824CCEA	cst7_czbp
0x485552F6	cualquier
0x489A50A9	cut_hs4_plane_land_disturb_dust-29
0x48C649B2	cut_sec_chop_weed_drool-5
0x48054844	cut_sec_chop_weed_drool-7
0x48092451	cut_tn_meet_burnout_smoke-23
0x4806BF21	cut_trevor4
0x48305D2F	cut_xm3_journey_wheel_dirt-35
0x4836DEAF	d3d10_1.dll
0x48AF73D6	d_ac11_ep_5_rcm_014-2
0x48D8401B	d_ac12_fin_a_int_02-6
0x48E4F3D9	d_ac13_les_1a_mcs_1_01-6
0x4863DCA0	d_ac2_pap_2_mcs_1_005-1
0x489AED7B	d_ac3_armenian_3_mcs_8_015-2
0x48C79CBC	d_ac3_hs4_scp_airs_p2_t07_01-33
0x48BD6F55	d_ac4_es_3_rcm_08-0
0x48706049	d_ac4_mic_3_ext_p2_01-7
0x48D0E829	d_ac5_scrap_2rcm_p2_alt1_011-1
0x48EECDD7	dcp_ry
0x4838D7EA	deck_shuffle_card_a
0x4810EF94	dh2b_egad
0x485E24A2	dh2b_gjaa
0x4864B08C	dictionary
0x4899E1FA	dilettante-17
0x48612A8A	direct_traffic_c
0x48297CCB	dixn_trns_cntr_to_lft_dix
0x48C4A2E7	dlc_mp_apa_m_jbib_16_4
0x48ECF652	dlc_mp_apa_m_jbib_8_1
0x4846B440	dlc_mp_ar_f_decl_0_1
0x48A665B6	dlc_mp_ar_f_special_0_1
0x4877F3FA	dlc_mp_ar_m_feet_0_4
0x485ACED5	dlc_mp_arena_f_berd_2_3
0x48F9C4F6	dlc_mp_arena_f_legs_4_4
0x481DDCAC	dlc_mp_arena_f_special_4_13
0x48BCE25C	dlc_mp_arena_m_berd_4_2
0x48B591EA	dlc_mp_arena_m_feet_9_14
0x4852B9FC	dlc_mp_arena_m_jbib_9_20
0x48E8A4FA	dlc_mp_arena_m_legs_12_10
0x48193843	dlc_mp_arena_m_special_0_7
0x483BF4A8	dlc_mp_ass_f_legs_0_2
0x4834E1AD	dlc_mp_bh_f_berd_0_12
0x484E6E82	dlc_mp_bh_f_jbib_10_3
0x484C8A3C	dlc_mp_bh_f_jbib_3_6
0x488460BC	dlc_mp_bh_m_special_3_8
0x4841A486	dlc_mp_biker_f_pright_wrist_5_0
0x48392C7E	dlc_mp_biker_m_special_10_20
0x48F3A3CA	dlc_mp_busi2_m_accs2_1
0x48F407B1	dlc_mp_busi2_m_teeth3_5
0x4892A57C	dlc_mp_fixer_f_jbib_2_11
0x48EB321D	dlc_mp_fixer_f_jbib_8_18
0x486352DA	dlc_mp_fixer_f_jbib_8_8
0x48251670	dlc_mp_fixer_f_legs_0_16
0x48879B18	dlc_mp_fixer_f_peyes_0_7
0x48427546	dlc_mp_fixer_f_special2_0_4
0x482D99BF	dlc_mp_gr_f_hair_19_0
0x481590F1	dlc_mp_gr_f_jbib_3_21
0x48E7FCD5	dlc_mp_gr_f_jbib_9_7
0x48E29EA3	dlc_mp_gr_f_phead_5_6
0x48186C8E	dlc_mp_gr_f_special_20_7
0x483DFE78	dlc_mp_gr_f_torso_11_19
0x48F2DE45	dlc_mp_gr_f_torso_14_2
0x487069C5	dlc_mp_gr_f_torso_27_7
0x48BB1533	dlc_mp_gr_f_torso_5_4
0x4817554E	dlc_mp_gr_m_jbib_4_11
0x48560E23	dlc_mp_gr_m_jbib_9_6
0x4873D9D6	dlc_mp_gr_m_torso_11_3
0x481160BB	dlc_mp_gr_m_torso_20_18
0x48CC05C7	dlc_mp_h3_f_berd_9_4
0x4853A44D	dlc_mp_h3_f_phead_5_19
0x4838FCA7	dlc_mp_h3_m_hand_0_0
0x482E87AB	dlc_mp_h3_m_phead_9_11
0x48FA45B8	dlc_mp_h4_f_berd_3_2
0x484CB099	dlc_mp_h4_f_torso_1_1
0x486B41D0	dlc_mp_h4_m_special_0_6
0x489C6218	dlc_mp_h4_m_teeth_13_1
0x48B314F1	dlc_mp_heist_f_berd_12_2
0x483893F8	dlc_mp_heist_f_hand_11_3
0x48AB1602	dlc_mp_heist_f_jbib_14_2
0x48ADAADE	dlc_mp_heist_f_special_7_7
0x483AECE1	dlc_mp_heist_f_torso_45_1
0x48425341	dlc_mp_heist_m_legs_7_3
0x48E4F6F9	dlc_mp_ie_f_legs_1_1
0x48B8B7F9	dlc_mp_ie_f_legs_7_13
0x48CF98D7	dlc_mp_ie_f_special_5_2
0x4812F3D8	dlc_mp_ie_m_jbib_17_2
0x485DF9CD	dlc_mp_ie_m_phead_1_2
0x48E21651	dlc_mp_ind_f_berd_3_1
0x483D01FD	dlc_mp_jan_f_hand_0_2
0x48D4C4FF	dlc_mp_jan_f_phead_0_8
0x48454253	dlc_mp_jan_f_special2_1_8
0x4817A645	dlc_mp_jan_m_hand_1_1
0x486B4CD0	dlc_mp_jan_m_legs_0_6
0x48008FF4	dlc_mp_jan_m_special2_11_0
0x487353B1	dlc_mp_jan_m_special2_8_2
0x48E5EAEC	dlc_mp_low2_f_special_4_2
0x48ED730C	dlc_mp_lts_f_hand_1_8
0x48644047	dlc_mp_lts_f_hand_8_25
0x48CD315C	dlc_mp_lts_m_hand_6_18
0x48940B2E	dlc_mp_luxe_f_teeth_22_1
0x481B22CF	dlc_mp_pilot_f_hand_7_1
0x48B059D9	dlc_mp_pilot_f_hand_9_17
0x48961D08	dlc_mp_pilot_m_hand_6_15
0x48C9298D	dlc_mp_smug_f_phead_1_11
0x481D5834	dlc_mp_smug_f_phead_5_2
0x48DA43FB	dlc_mp_smug_m_berd_2_10
0x48904063	dlc_mp_smug_m_berd_2_5
0x489723B8	dlc_mp_smug_m_phead_4_6
0x48B4315A	dlc_mp_smug_m_special_10_0
0x480385F6	dlc_mp_stunt_f_legs_1_6
0x483623DE	dlc_mp_stunt_f_phead_14_2
0x4860A1D3	dlc_mp_sum2_m_feet_6_1
0x48BE1166	dlc_mp_sum_m_jbib_11_2
0x484AB580	dlc_mp_tuner_m_feet_1_4
0x48EEF875	dlc_mp_tuner_m_jbib_17_3
0x48F58F41	dlc_mp_vwd_f_pleft_wrist_9_0
0x48E943EF	dlc_mp_vwd_m_jbib_19_4
0x4874EC09	dlc_mp_vwd_m_jbib_2_15
0x4804B462	dlc_mp_vwd_m_jbib_3_14
0x48D02515	dlc_mp_vwd_m_special_4_0
0x482BDB7A	dlc_mp_x17_f_jbib_10_21
0x483F9BC6	dlc_mp_x17_f_jbib_2_12
0x48016FAA	dlc_mp_x17_f_jbib_5_3
0x48A7F566	dlc_mp_x17_f_legs_4_2
0x4804BDD3	dlc_mp_x17_f_special_4_4
0x4826D8F7	dlc_mp_x17_m_berd_4_2
0x48B7FF97	dlc_mp_x17_m_feet_5_25
0x485A078C	dlc_mp_x17_m_legs_4_11
0x48AF1DD4	dlc_mp_x17_m_phead_4_8
0x48AE42A5	dlc_mp_x22_f_feet_2_7
0x486566E8	dlc_mp_x22_f_feet_3_22
0x484FF86C	dlc_mp_x22_f_jbib_1_13
0x4874D7B5	dlc_mp_x22_f_phead_11_0
0x488524D5	dlc_mp_x22_f_teeth_9_4
0x48AB8806	dlc_specialraces/sr_lg
0x48B5DE2B	dont_worry_babe_a_f_y_beach
0x4878CAC6	drf_mic_2_cs_1-101
0x482106AD	drf_mic_2_cs_1-75
0x48D34CC6	drf_mic_3_cs_2-113
0x483C24C6	drop_intro
0x48D9824B	dsp_normal
0x48F998C2	dt_additions_po1_fiz_lod
0x48EE183A	eclettico
0x4851D432	engine_fail
0x482705A1	enormous
0x48465B31	enter_01_player_facial
0x48FFE78B	escortflatbed03stop1
0x48150307	estoy
0x48511BFB	ex_mp_h_acc_candles_06
0x4850CCE5	excludes
0x4842BBBB	exile_1_int-8
0x48092F1C	exit_drunk_trevor
0x48131CC8	exit_franklin
0x48BCF9DE	exit_lighter_open
0x489C416D	exit_r_door
0x48D934A1	exl1_cmav
0x48C6D968	exl3_alaa
0x48081162	ext1_edaa
0x48E65461	ext2_bhab
0x48AD62DE	extraneous
0x48E241D2	f_exit_01_west_vinewood_ped_b
0x4808B15C	facial_underchin
0x48A03DB4	fafj_znaa
0x488B3516	fakeint
0x480CC758	fam2_bnac
0x48E154B3	fam4_akax
0x48E3E315	fam4_bdab
0x48927648	family_3_arrive_at_house
0x48AE682D	family_5_mcs_5
0x48AC2386	fan1_cfaa
0x48BA1468	fan3_btaf
0x4872C404	fan3_ctaa
0x48EA6E58	favorit
0x48570F9A	fb_disabled
0x484D05C8	fbi1_0
0x48464875	fbi2_bdad
0x4825261E	fbi2_bjab
0x48756B4D	fbi2_ggaa
0x484F21CF	fbi3_bsaa
0x482AC318	fbi4_mission_fail
0x48B74BAB	fbi5a_loah
0x48A0D1A8	fbi_1_int-2
0x481E4C5E	fbi_4_go_to_meeting
0x485458BE	fcfl_efal
0x4885438F	fcfl_egac
0x48A6AC61	fcft_dpal
0x489480CB	fcftl_cvab
0x4828A354	fcma_dmag
0x482593CC	fcmf_dhak
0x4837E00A	fcmf_duab
0x4847A31E	fcmf_ecaa
0x48EC3DFC	fcmft_dhaf
0x4852181B	fcmj_cpal
0x48274F4E	fcmj_csac
0x488B81A2	fcmj_cuap
0x48C11E13	fcmt_duae
0x4876DFCE	fcmt_dwag
0x48F791D7	fcmt_ehad
0x48FB0B69	fctj_agao
0x487B079E	fctl_cnaj
0x4891D3F5	fctl_ddac
0x485B2262	fctl_dkah
0x48ACBF19	fdamage
0x48905C6D	female_pos_a_p2_weed_exit_lighter
0x48639152	female_pos_b1_p2_enter
0x48F27E7F	fifth_shot_bot
0x48DB3B16	fill_ac4_mph_pri_mid_p3_t04_005-4
0x48BA3709	fin_b_ext-7
0x4896BC1A	finb_restart_steps
0x48F780D4	finc1_blaa
0x481B1CC7	finh1_atab
0x48E8A188	finh1_brad
0x48A805D0	finh1_cxaj
0x48117C1D	firetruk-35
0x48CB6C81	fix_agy_int1-31
0x484BBD04	fix_agy_int3-32
0x48D651AA	fix_trip1_mcs2-17
0x48E91ECC	fix_weapons1_pvg
0x48BBFE68	fixed...
0x48DFEE56	fkn1_cmab
0x4826973E	fkn1_fuaa
0x48D0EA7F	fkn1_ldaa
0x48AEA79F	flag_extras_gang
0x484598BE	flag_use_coverbound_info_for_covergen
0x48E3AFD8	fm_tat_f_019
0x48AC2920	fmfl_asaa
0x488EA6EF	fmm_jyab
0x48978752	fmt_cfaa
0x48147259	fnfl_amai
0x48040199	fop.o
0x4883A2D4	fos_ep_1_p6-14
0x48F78AE4	fos_ep_1_p7-30
0x48F8931C	fpc_yes1_ok
0x4895F4A4	fra_2_int-1
0x48146F5C	frag_plank_c
0x4877A429	franklinonyacht_clingintro
0x480DDFCF	frfl_afaa
0x48440AC8	frlfe_bnaa
0x480A2810	ftkpitchbackwards
0x48F3CE90	fugitive-17
0x48DEED6C	futo-54
0x48E94A62	gang_chatting_idle02_b
0x48173629	gasmask_choke
0x482D3572	gesture_head_no
0x480626BF	get_up@directional@transition@prone_to_seated@mp_female
0x48EBF789	gfxfontcachemanagerimpl::createbatchpackage
0x487DD146	guard_beatup_full_guard2
0x48B14B19	h4_des_hs4_gate_exp_03-5
0x48E55E4E	h4_dj_set_wbeach
0x487B4D9E	h4_int_lev_sub_periscope-9
0x48620533	h4_p_h4_champ_flute_s-7
0x48C15A6C	h4_prop_battle_lights_fx_rigg
0x48179175	h4_prop_door_club_glam_wc
0x489EFEC3	h4_prop_h4_casino_button_01a-44
0x4872B7E6	h4_prop_h4_gate_l_03a
0x48676920	h4_prop_h4_gate_r_03a-4
0x48F501B3	hab.
0x48086940	hacking_loop
0x48A5BBD8	hammer
0x48CCE724	hang_int-60
0x480BF9A5	hash_480bf9a5_ckgmhcm_collision
0x484A4D39	hash_484a4d39_vdoahhy_collision
0x486225ED	hash_486225ed_erxjglra_collision
0x4875E31F	hash_4875e31f_yrybpgg_collision
0x489FB0E6	hash_489fb0e6_krbskrh_collision
0x48CF3817	hash_48cf3817_vwnptig_collision
0x48B34D5E	hei_ch1_06e_mansion_5_det
0x48FD14F9	hei_p_post_heist_coke_stash
0x48A08865	hei_prop_heist_ammo_box-10
0x4820018F	hei_prop_hst_usb_drive_light
0x489A245D	heli_jump_michael
0x48ED1572	hermes-21
0x486CB9A6	hey_hey_2
0x486538D8	high_fall_death
0x4862FB80	hit_react_a_ped_b
0x48C45C0D	holdup_scient_labped
0x48D5FDE0	hostage_killed_captain_captain
0x489293DB	hs4_sub_int-2
0x48BD7A10	iamwellontheway_0
0x48FE8661	ib_edit
0x48A068E1	ib_pos
0x48176ABB	idle_05_franklin_facial
0x483DCA3D	idle_b_5
0x483BE753	idle_d
0x48C18863	idle_turn_r_0
0x48786B59	ig_chef_dual-0
0x48385603	ig_djgeneric_01_dual-2
0x48BB8BD0	ig_fooliganz_01_dual-44
0x485C7D12	ig_lamardavis_dual-21
0x48542113	ig_priest_p
0x480BA6D6	ihcoc
0x4837859B	ihpai
0x4850FE23	imp_prop_impexp_bonnet_06a
0x48D5DC1E	imp_prop_impexp_brake_caliper_01a
0x48CD671D	initializer
0x48C899B2	input_melee_attack2
0x481FD0C7	input_quad_loco_reverse
0x482560EE	input_veh_gun_ud
0x48216D33	insult_ped_bum_conv05_part2
0x48766783	insult_ped_hipster_conv11_part2
0x4898600D	insult_ped_hipster_conv15_part1
0x480DC285	insult_ped_old_conv05_part3
0x486ADDBF	int2
0x48F2CD19	int_arena_01
0x48CF8076	interrogation_b
0x48B90EE0	intro_loop
0x48440E9D	intro_male_1h_e_michael
0x481799A3	ip
0x48E6D1B5	iron_idle_a
0x481C63BF	iwasthatslut_3
0x48948C26	iz_abaloadbay
0x4897DBE8	jet-26
0x48E4AE4B	jfxxnymmqyyzx
0x48FA027F	jh_2b_mcs_1-2
0x481EEF05	jhf_aaaa
0x48CE21EC	jhs1_axad
0x489E8D97	join
0x489F9534	josh2_bkak
0x48FA39AC	josh_wait_loop_exit
0x48F05B68	justbrace
0x48298743	kcbua8@ww
0x4845D172	key_multiply
0x48F98ADE	kick_idle
0x48F91026	kongresowi.
0x4837E955	kuloodporne
0x48F7D586	launcher
0x48B61B5D	layout_boat_longfin
0x48415DE9	layout_low_dominator3
0x4804E270	leadin_pap_3_rcm_beverly
0x48C5EDDA	lem1_ahaa
0x48E4C8ED	lem1_cyah
0x48850CC7	lem2_baaa
0x48A6C57A	les1a_ajah
0x4869A4C8	les1a_anad
0x48BE96D6	les1a_dhab
0x487BEA76	lguard-30
0x4851C2ED	line_5_tb_2
0x48D80846	load_03_gr_prop_gr_lathe_01c
0x484B4C1B	loc_hraa
0x487114ED	log
0x48A1C1A8	look_around_01_left_gr_prop_gr_laptop_01a
0x48753342	look_at_object_gr_prop_gr_speeddrill_01c
0x487F1EA6	lose_b
0x481103DC	lose_c_face
0x4814F3BF	low_l_to_high_r_topeek
0x48C26796	lsdh_2a_ext-3
0x48ED3E11	lsdh_2a_int-22
0x48B483C5	lurin_aaaa
0x48BA20D1	lux_p_champ_flute_s-15
0x4840C42E	m23_1_m231_3_bike_lift
0x489FA516	m23_1_prop_m31_haybales_01c
0x48E433EB	m23_2_int5_m232_panel_seams
0x48FD3217	m23_2_int6_m232_warehouse_lp
0x487773DD	m23_2_mp2023_02_additions_cablemesh74322_thvy
0x488905D9	m23_2_prop_m32_present_pallet_01a
0x480AD592	m23_2_prop_m32_t_bottle_02a-7
0x484995CF	m24_1_prop_m41_plant_01a-26
0x48C480DC	m24_2_int_03_shell
0x48F88BA0	m25_1_prop_m51_duffbag_c4_01a
0x4845B65B	m25_2_int_01_cig_coffee_table_001
0x48E3DC7B	m25_2_int_01_vent_044
0x48ECFF25	m25_2_int_02_gun_stuff
0x48D41723	m25_2_prop_m52_box_trinket_01
0x4857661D	m25_2_prop_m52_crate_m_hazard_02
0x48661F51	m25_2_prop_m52_door_front_door
0x48D8D0CF	m25_2_prop_m52_door_msn_sliding_01c-76
0x488BDC60	m25_2_prop_m52_keypad_01a
0x48573FBE	m_directionaledgebit2equalpass_ds
0x4815ABDF	m_exit_01_la_mesa_ped_c
0x4884914D	m_pick_up_vw_prop_casino_phone_01a
0x484E4ED6	male_d_idle_c
0x489F2799	male_f_idle_d
0x48A61E34	male_pos_a_p1_enter_normal_weed_lighter
0x4883C92B	male_pos_a_p1_weed_exit
0x484E0BD0	male_pos_b1_p2_idle_02
0x488BB617	male_pos_c_p1_enter_normal_weed_normal_weed
0x48EA01A3	male_pos_d_p2_idle_03
0x48A6EB71	marabunty
0x48D3AE39	mej1_acaa
0x4894886E	menu_unique_id_corona_settings_list
0x487DAC5A	menu_unique_id_settings_facebook
0x484732C5	menumgselectionin
0x48FEE5DE	messed
0x4821DFE2	met1_dmaa
0x4830EBC7	met1_dnaa
0x48B602A6	methl_adab
0x486C1413	methl_ataa
0x48261142	mgps_cmam
0x487670E4	mgps_dfac
0x48189573	mgps_dkae
0x484D87A5	mh_r_panthem
0x48827BD6	mi_idle_c_f03
0x489EC87B	mic_3_int-10
0x48DBFB4B	mic_4_int-46
0x484A60A2	mics1_ig_11_loop
0x48DC96B2	mid_mission_inside_helicopter_lester
0x48210217	min1_aaaa
0x4821C570	mini-map
0x4831580A	mini@golfhole_preview
0x48DE717E	miranmemiranme_0
0x48B16D56	missheistdocks2a@swimtocontainer
0x4843C3CA	missheistdockssetup1ig_5@exit
0x48FDEE8C	mkjsiiip1s
0x48433457	montada
0x485D9177	mosquetes
0x485BFFC9	move_fall@weapons@jerrycan
0x48006C69	move_m@sassy
0x4834B65A	mp_christmas2018_tee_069_m
0x481D9A3A	mp_dense_004_m
0x48C6D47F	mp_f_execpa_02_dual-1
0x481387B2	mp_fm_branding_060
0x4874A9FF	mp_gar_simeon
0x48CE2C36	mp_job_load_01
0x48D41AFF	mp_mp_biker_tat_012_f
0x482EC790	mp_mp_stunt_tat_019_f
0x48500C72	mp_mp_stunt_tat_022_f
0x4860AD02	mp_player_int_rock_exit
0x484E9409	mp_val_m_tshirt_i
0x483EA35D	mp_vinewood_tat_015_f
0x48C30F40	mp_x17dlc_int_01_tint5
0x48A4F99B	mp_x17dlc_int_02_tint9
0x485451F3	mph_fin_cel_tre
0x48135D9B	mph_nar_fin_ext-10
0x48E5547A	mph_pri_mid
0x4893EA60	mph_tut_fin_int-3
0x482619E9	mph_tut_int-1
0x48CD8423	mpm
0x4838A7DB	mule-29
0x4861211F	munition.
0x48869605	my
0x48683EAF	n_ac1_josh_3_intp1_023-4
0x48C44685	n_ac24_bar_3_rcm_013-9
0x4812F5C3	n_ac27_mmb_1_rcm_00-19
0x48C72774	n_ac2_ep_8_rcm_202-10
0x480C71B0	n_ac2_fin_c_ext_p5_04-22
0x4809B478	n_ac7_tunf_uni_swat_p1_t00_01-2
0x483C29C7	n_ragelight12_dixn_intro_p1_002-5
0x48391B87	native
0x48C6C93C	netnopcp
0x489D0EF2	ng_proc_crate_03a
0x4867E7A9	ng_proc_paper_02a
0x48DDFD10	nme_mix_idle_j_16_bottle
0x48506922	nme_mix_idle_k_30_facial
0x48155F36	nme_trans_away_to_cue_a_35_coconutdrink
0x48EEAC33	nme_trans_away_to_cue_b_20_v2_hp_table
0x48CC04DD	num_boarding_points
0x48DB584D	numairlaunchesover5s
0x48526E83	oat_fos_ep_1_p1_038-11
0x480C03F2	oat_fos_ep_1_p1_045-24
0x487AD1FA	oat_fos_ep_1_p1_047-11
0x48E188EE	oat_fos_ep_1_p1_23-16
0x48654F63	observed
0x485FEDD9	offscreen
0x488C7D03	ojas_ksag
0x4888CE05	ojas_lhaa
0x488218BA	open_door_cam
0x4844D984	ortega_outro_loop_ort
0x48D6EB54	ote
0x489DC6CD	outfit_gloves
0x480C436B	p_armchair_01_s-9
0x48841019	p_banknote_onedollar_s-20
0x48E2A787	p_cash_envelope_01_s-49
0x48B6852A	p_cs_beachtowel_01_s-29
0x488318BE	p_cs_clipboard-15
0x4885CCE0	p_cs_joint_02-11
0x480162FC	p_cs_shot_glass_2_s-26
0x4809DE6C	p_cs_sub_hook_01_s
0x4885DB66	p_cs_sub_hook_01_s-2
0x482BBDCD	p_ferris_wheel_amo_p
0x48A510DD	p_parachute_s_turnright
0x4811DE3A	p_tmom_earrings_s-0
0x480ACF66	p_tumbler_01_s-10
0x48E1A986	p_tumbler_02_s1-7
0x489F7F96	p_wade_necklace_s-26
0x48CE2121	p_whiskey_bottle_s-11
0x48AB5DE0	p_whiskey_notop_empty-28
0x4809EBB0	p_zero_tired_02
0x488A328F	pal_end_kei1
0x48D732DC	pap1_eeaa
0x48648157	pap2_czac
0x48B3158A	pap_1_mcs_1-10
0x48C58171	paper_throw_02_m
0x48A007E9	parked
0x48571293	paski.
0x48EF8294	passenger_loop
0x48DCEA17	patricia_jackie_action_02_jackie_facial
0x4898C616	pbby_ahaa1
0x483BE879	pbja_akaa
0x48298054	pbpd_abah
0x4877D541	ped_ac24_mph_nar_int_p1_002-25
0x4828ADF3	ped_female@_stand_withdrink@_01b@_idles_idle_d
0x489B57D1	ped_wade_snow-0
0x484DDFDE	pedir
0x48F469C2	penetrazione
0x488A70F1	penumbra-39
0x488D3F5C	phone_conv2_chat1
0x4837B3D2	plant_enter
0x48BE0ED2	playwatch_win_a
0x48A6AE24	plyr_front_takedown_bat_headhit
0x481225FD	pmpla_aaab
0x4850940A	pose_d_trans_pose_e_headphones
0x488F56B9	postfx_tonemap_filmic_b
0x48409EA9	postprocess_flipdepth_nearplanefade_params
0x483DD1AD	pour_multi_glass_c
0x48688DBC	prd_ig15_trans_1_hp
0x48CE4C03	prd_ig1_mix_p2_chair
0x48C32FA4	precisa
0x480540CE	pri1_araa
0x487D4CA4	pro_eoaa
0x48F68D03	probabilidades
0x48B35B99	promenadenbummler
0x48966EC4	prop_anim_cash_pile_02-5
0x484602E7	prop_ashtray_01-26
0x48A5CE5B	prop_beach_ring_01-11
0x484B8B91	prop_big_shit_01-7
0x48F34E17	prop_chair_04a-13
0x487A5A92	prop_champ_01b-25
0x488A7743	prop_champ_flute
0x4892DF0D	prop_champ_flute-36
0x48F231EB	prop_coffin_02-15
0x489ABCA6	prop_com_gar_door_01-43
0x48129998	prop_cs_beer_bot_01-37
0x482AF304	prop_cs_champ_flute-10
0x488059F5	prop_cs_kettle_01-29
0x4867AF4D	prop_cs_keyboard_01-54
0x48893207	prop_cs_kitchen_cab_l2-54
0x48A7EF37	prop_cs_lester_crate-4
0x483BAA4D	prop_cs_magazine-1
0x489A4F1C	prop_cs_mini_tv-17
0x4806DFCE	prop_cs_sub_rope_01-6
0x4899F979	prop_employee_month_02-53
0x487BFCA0	prop_flattruck_01a-14
0x48563B6D	prop_golf_ball-27
0x48D4F3E5	prop_grass_dry_03
0x486A0541	prop_j_heist_pic_02-1
0x4867B323	prop_ld_contact_card
0x48733154	prop_ld_crate_01-9
0x486C3D5C	prop_ld_dstcover_01
0x484743F5	prop_mp_ramp_01_tu
0x48AC6542	prop_mp_repair_01
0x48787312	prop_mug_01-44
0x4836EEC4	prop_news_disp_02a
0x486670A6	prop_paint_tray
0x483BCDC1	prop_paints_can01-28
0x48954F2C	prop_paints_can01-46
0x4880EA42	prop_paper_bag_small-4
0x48D763AB	prop_phone_proto-1
0x48007E13	prop_pipes_ld_01
0x48403237	prop_plastic_cup_02-23
0x48B6F865	prop_player_phone_02-11
0x483F4C2C	prop_protest_table_01-13
0x489BE16F	prop_rag_01-11
0x484061E4	prop_rag_01-42
0x484E7EA5	prop_railstack01
0x482FB24E	prop_ron_door_01-14
0x48CE84E9	prop_roofvent_02a
0x485FFF64	prop_roofvent_06a
0x484FE6E1	prop_rub_litter_05
0x48F3DA4C	prop_satdish_s_05b
0x48354CC4	prop_sign_interstate_01
0x4841A1A1	prop_sign_road_06o
0x48EC6C2B	prop_skylight_06c
0x48AA9B6E	prop_snow_wall_light_15a
0x480CCE43	prop_table_07-11
0x48E6BF1F	prop_tool_screwdvr01-17
0x4871B11C	prop_tumbler_01_empty-44
0x48104D0D	prop_vb_34_tencrt_lighting
0x481546F1	prop_wheelchair_01_s-17
0x4843CC9E	propr_akac
0x48332B3E	prs_maac
0x487B82ED	prs_mcaf
0x48A35655	prs_mfac
0x482905F1	ps_2a_shootout_factory
0x48D9A7AF	ptrx_idle_e_mix_10_b_hp_head
0x4898A929	ptrx_idle_h_q_r_08_headphones_hp_table
0x48D08F25	ptrx_trans_a_q_r_to_q_l_07_dj_ptrax
0x4856135A	ptrx_trans_b_q_l_to_q_r_16_headphones_hp_head
0x48495574	ptrx_trans_b_q_r_to_mix_31_headphones_dj_ptrax_facial
0x48A49A13	purchase_flow
0x48BF8263	put_to_container_l
0x48C48D47	putt_idle_high_b
0x480F8820	qualche
0x48440C04	r_
0x48CA01CF	race_camera_4
0x4816972C	rampa_bch_unq_crwd_f_78_dancer_a_facial
0x4843DFA3	rampa_cue_idle_e_08_s_glass_02
0x485D24E8	rampa_cuelean_idle_a_01_s_glass_01
0x48E1272B	rampa_mix_idle_m_17_facial
0x48882ED1	rampa_mix_idle_m_17_v2_t_bottle
0x48467FE7	rampa_mixdance_idle_d_04_v2_hp_head
0x48FA8165	rampa_mixdance_idle_d_04_v2_hp_table
0x48303D1F	rampa_trans_cue_to_mix_a_20_hp_table
0x48BDE0F9	rampa_trans_mixdance_to_mix_a_04_s_glass_03
0x484CFDA2	rampa_trans_mixsway_to_mixdance_a_04_hp_head
0x48D6A8A7	rampa_unq_sync_b_27_facial
0x4814B4C4	rancherxl-3
0x484BFA77	rbh2a_fhaa
0x48F150C0	rbh2a_mbaa
0x48E536E5	rbh2a_mmaa
0x48C15ABD	react_big_variations_base
0x4867EE00	react_left_side_dive_back
0x48CD5B48	rear2_bmaa
0x48F9611E	recra_bbab
0x48742FA8	recsb_bgab
0x48B1CD79	regal_c_1st_face
0x4898CAEA	regdrefs
0x48389802	rehh1_amaa
0x48BFCAB1	rehh1_bnaa
0x4865069B	rendererstring
0x48AA7BE9	resume_animation
0x48CE75A1	rummage_bag_temp_cam
0x4884621E	s_f_y_beachbarstaff_01_dual-16
0x48F89C38	s_f_y_sweatshop_01_dual-11
0x48EB6328	s_m_m_fiboffice_02_dual-52
0x4844F1F2	s_m_m_highsec_01_dual-6
0x48EBFFFA	s_m_m_paramedic_01_dual-4
0x48F7164C	s_m_m_security_01_dual-61
0x48DD44DF	s_m_m_snowcop_01_dual-3
0x4845D286	s_m_m_studioassist_02_dual-2
0x483921A5	s_m_y_airworker-1
0x48F58344	s_m_y_dwservice_02_p
0x48114518	s_m_y_pestcont_01
0x48C7A430	s_m_y_waretech_01
0x48B6BBEC	sas1_bgaa
0x48C2686A	sas_getup
0x480CCE68	sblade_3mod
0x483EFD6C	sclub_eraa
0x48815378	scorcher-4
0x48788D44	scr_exile1
0x4880927F	scr_golf_landing_thick_grass
0x48834100	scr_hr_lny_races
0x4896ACEF	scrap_apaf
0x48D4FFF9	sctc:
0x48B3AFFE	seat_pside_r3
0x48CECED3	seminole
0x48D0BED3	sf_dlc_studio_sec_room_control
0x48A0AA11	sf_prop_sf_bag_weed_open_01a-9
0x4864A53C	sf_prop_sf_bag_weed_open_01c-0
0x48169BEB	sf_prop_sf_door_glass_01a-31
0x48090CF9	sf_prop_sf_door_office_r_01a-7
0x48533D15	sf_prop_sf_door_rec_01a-41
0x4851EFEB	sf_prop_sf_door_stat_r_01a-35
0x48E8DCB9	sf_prop_sf_laptop_01a-42
0x48EABD1C	sf_prop_sf_mic_rec_01a-39
0x484EED5A	sf_prop_sf_mug_01a-23
0x480CF0EA	sf_prop_sf_mug_01a-67
0x48F3A50E	sf_prop_sf_rack_audio_01a-0
0x48CDFAE0	sf_prop_sf_s_mixer_01a-5
0x485AF300	shake_cam_heavy
0x485C95DC	sheriff2-0
0x48E2E2EA	shock_b
0x48C08163	shome_araa
0x4807C883	shop_greet_trevor
0x4805525E	shower_exit_to_idle_prop_door
0x4897E5A5	sightseer
0x48509005	skel_r_finger12
0x489C5FC2	skids
0x4856ABEB	skirt
0x4826D772	slfl_abaf
0x480F50E8	sm_prop_smug_flask-51
0x48293856	sm_prop_smug_havok
0x4839954A	sm_prop_smug_speaker-49
0x488B998A	sm_prop_smug_speaker-73
0x482A8DB7	sneak_player3_facial
0x48E0B159	soeben
0x4802B231	sol1_abaa
0x48482601	sol5_cdac
0x4879CDE6	sol_5_stair_shoot_amanda_at
0x4802B2E8	sol_idle_left_d_headphones_table
0x48AC5FE4	sol_idle_rt_a_headphones_table
0x48A3437F	sono
0x4809FCDC	sorter_right_tap_table_weeddry01a
0x485247FE	sp_f_accs_11_14
0x485A62DF	sp_f_accs_3_0
0x48912AAB	sp_f_hand_2_0
0x48D43F9C	sp_f_jbib_10_5
0x482C5848	sp_f_jbib_4_2
0x48257147	sp_f_jbib_6_15
0x488AE2AE	sp_f_teef_6_1
0x48D0A098	sp_m_feet_14_4
0x48E1D774	sp_m_feet_15_2
0x48266D43	sp_m_hair_14_1
0x4878B64A	sp_m_head_7_0
0x4886996D	sp_m_lowr_11_13
0x488AC6C4	sp_m_lowr_4_8
0x484E5A1F	sp_m_teef_12_5
0x488AD9F6	space
0x48EB3653	spec_reflect_decal
0x48B6C939	special_ped@impotent_rage@monologue_1@monologue_1c
0x487AEF72	special_ped@jane@monologue_8@monologue_8f
0x48122B11	special_ped@pamela@monologue_12@monologue_12e
0x4881285A	special_ped@zombie@monologue_1@monologue_1h
0x48D22EBA	spectator9
0x48BE300D	sr2rn
0x487AB61D	sr_mp_specraces_pads
0x48297032	stagd_eraa
0x48031E4B	stage_4_base_franklin
0x48CEBB58	start_engine_loop
0x48586CCF	step_out
0x48A35826	still
0x4887CB89	success_with_stack_bonds_bag
0x48850774	surge-21
0x481CD8A1	swing_react_bad_02_face_player2
0x4843B36B	syringe_use_trolley
0x4874475A	t1m1_fyaa
0x48F57A8D	t1m1_gwaa
0x48D59772	tampa2-22
0x480DAF95	taxi2
0x48CFBB38	throw_cup_exit_facial
0x48911890	throw_exit_cam
0x4816B74C	throw_exit_victim_facial
0x482A0EC0	timetable@jimmy@ig_4@idle_a
0x48E88CFE	timetable@maid@cleaning_window@idle_a
0x48A3B81B	tm44
0x486CDCFF	total_progress_made
0x4884ACB9	tou_dance_f_headphones_mm
0x48C5B517	tou_idle_mid_h_headphonescc
0x48187324	tow_giaa
0x4866933C	tr2_raaa
0x48B76346	tr2_zxaa
0x48B4E974	tr_prop_scriptrt_crew_logo01a
0x48996EC0	tr_prop_tr_photo_car_01a-17
0x48AB619A	tr_prop_tr_photo_car_01a-4
0x48B250C0	tr_tuner_shop_mesa
0x48F0080B	trafione
0x481EB6E8	trailerl
0x48E3D403	trans_cam
0x48FFA4F1	trees_normal_spec.sps
0x48F1D132	trimmed_id_idcounterfiterfemale
0x480C5688	trv2quadairstrip
0x48548029	trv5_cwau
0x484B8B30	trv_1_mcs_1_p1-7
0x488C6E8D	trv_4_mcs_2-2
0x48EC8043	txm6_doac
0x485B851C	u_f_o_prolhost_01_dual-7
0x4830B854	ugc
0x481D8CDB	un
0x48FF4C10	unique
0x48274407	updateparams0
0x48F07AF2	usjca
0x481E3D00	v081
0x48E38CE3	v7
0x48A5E9BA	v_16_rpt_mesh_pictures003
0x485C97CD	v_24_bdr_mesh_lamp
0x485BD91F	v_25_levnumbers_loda
0x48ABBA3E	v_31a_start_tun_cable_bits
0x4884416F	v_31a_tunswap_reflection
0x48DDAB4A	v_34_curtain01
0x487D8A07	v_34_drains002
0x4818039B	v_8_bed1stuff
0x48A37430	v_corp_bk_filedraw
0x481E3680	v_corp_offchair-40
0x48B711BE	v_ilev_fib_doore_r
0x48D9410E	v_ilev_mldoor02-7
0x489B2338	v_ilev_ta_tatgun-5
0x489C73FD	v_ind_ss_chair2-26
0x48A73DAC	v_res_cd-37
0x481D324F	v_res_filebox01
0x484B2920	v_res_lest_bigscreen-0
0x4802239D	v_ret_fh_emptybot2
0x4806CCCA	vault
0x48AFF331	veh@bike@dirt@rear@base
0x48393C4B	veh@driveby@first_person@passenger_left_handed@unarmed
0x48959BED	veh@drivebyvan_ps_grenades
0x4830F5B2	veh@low@front_dsmusic@motownidle_a
0x48D36465	veh@truck@ps@base
0x48971423	veh_downwash_sand
0x4839E914	veh_xm_strom_underwater_trail
0x488BD081	vehicle_weapon_tula_mg
0x4851A1DB	vehicles_supergt_interior
0x483D8687	ver_02_top_right_exit_cam
0x48BCED7B	veui_ed_mk_fxvg
0x48D260CA	veui_speed_150
0x480028AE	vfx_it3_23
0x48BD3E93	vi0jqd
0x48FB0850	visual
0x489BE1F4	vote
0x48551011	vw_prop_roulette_ball-16
0x48A81FD7	vw_prop_vw_coin_01a-33
0x48BDBB88	vw_prop_vw_ice_bucket_01a-33
0x4895019E	w_aim_low_loop
0x48D578C5	w_ar_assaultrifle_smg_mag2
0x48D9CA3C	w_ar_carbineriflemk2-25
0x4854610C	w_at_smgmk2_camo3
0x48F6062A	w_sb_microsmg_luxe-30
0x487A0502	w_sb_microsmg_luxe-38
0x48BAF531	walk_trans_fwd_135_rf_bwd_135
0x489B68B7	water_poolenv
0x483486D5	wcd_scope_lrf
0x48E7B178	weapon_barbed_wire
0x48DDBBF9	weapon_select_waterboard_hand_l
0x48C59661	weapons@first_person@aim_idle@remote_clone@misc@jerrycan@
0x4833E621	weapons@first_person@aim_lt@p_m_zero@heavy@grenade_launcher@aim_trans@lt_to_idle
0x48316B44	weapons@first_person@aim_scope@p_m_zero@heavy@grenade_launcher@aim_trans@scope_to_idle
0x48956636	weapons@first_person@aim_scope@p_m_zero@submachine_gun@shared@aim_trans@scope_to_idle
0x483BD73C	week..
0x48EAF582	wheel_decal_petrol_bike
0x48B651CB	whisky_window_idle
0x48D63C64	whiz
0x485B7863	world_human_drug_processors_weed
0x482952B9	worldpos
0x48498A76	wstart_l_-180
0x48CE26FC	wtd_homlnch
0x48594C0D	wtd_raypistol
0x487164BA	xm24_mfh_int-24
0x4811F0D7	xm25_mansion_inta-85
0x48E8160A	xm3_drg2_cook_mcs1-47
0x482D7EAB	xm3_int3_hut_graf_em_6
0x48908625	xm3_int4_tpo_mesh_22
0x486A9AAC	xm3_mpchristmas3_additions_trainb2
0x4870E476	xm3_prop_xm3_balloon_01a-2
0x488247F3	xm3_prop_xm3_desklamp_01a-14
0x4835BC43	xm3_prop_xm3_glasses_ron_01a-47
0x480CC9AE	xm3_prop_xm3_helmet_01a-52
0x48D34E17	xm3_prop_xm3_pill_01a-66
0x480113A0	xm3_prop_xm3_rub_matress_01a-48
0x484176FA	xm3_prop_xm3_vape_01a-22
0x48A53813	xm4_rob_cas_mcs1-1
0x488E3712	xm_prop_base_jet_02_static
0x4819D239	xm_prop_base_rail_cart_01c
0x48F6EB40	xm_prop_x17_add_door_01-2
0x488F3B55	xm_prop_x17_laptop_avon-44
0x483B3B75	xm_prop_x17_lectern_01-54
0x48262FD3	xm_prop_x17_res_pctower
0x488C6B7F	xs_arena_interior_mod
0x48BF7ECE	xs_arenalights_track_dyst10
0x482A5092	xs_combined2_dyst_07_build_a
0x489F4F55	xs_prop_arena_pipe_end_01a
0x48982A37	y2g
0x488C5F70	youga2-2
0x48FD6645	zdobienie
