0x6CDF2C80	001672_02_mics2_1_wakes_up_scared_exit
0x6C6DA203	108.1
0x6C629355	10:00
0x6C75D83B	223.1
0x6CBC7A5F	687626:
0x6CE7A47A	68d2cc08f9a94b8fb51af4f5cfa6d41b
0x6C23B994	8p3l
0x6CC90FAD	@x796
0x6CEFF946	a_f_m_fatwhite_01_dual-34
0x6CE80141	a_f_y_hipster_02_dual-7
0x6C9D1152	a_f_y_tourist_02_dual-28
0x6C9B2849	a_m_m_hillbilly_01
0x6C60B93C	a_m_m_polynesian_01_dual-50
0x6C28A348	a_m_m_tourist_01_dual-5
0x6C47D05C	a_m_y_gencaspat_01_dual-3
0x6C69082B	a_m_y_genstreet_02_dual-1
0x6C966A9A	a_m_y_hipster_02_dual-17
0x6CFF6666	a_m_y_runner_01-32
0x6C93BE69	a_m_y_stbla_01_p
0x6C2C78F8	a_m_y_stbla_02_dual-61
0x6C4A569A	a_m_y_vinewood_03_dual-46
0x6C903545	abigail_mcs_2-5
0x6C9F83A8	ac12_pro_mcs_6_p2_alt1_001-1
0x6C197F47	ac3_fspot_fos_ep1_p1_01-6
0x6CDCCF75	ac9_arm_1_mcs_1_01-4
0x6C54071A	action_03_player_facial
0x6CACBE99	action_b_door
0x6C4D40F3	action_exit_facial
0x6CEF4FC5	action_female_code_lock_code
0x6C08712F	adam_cue_idle_h_03_facial
0x6C9BE933	adam_cue_idle_w_13_hp
0x6C2DDF66	adam_trans_away_to_cue_d_20_hp
0x6CE7C4E4	adesivas
0x6CB575A7	ah2a_mission_fail
0x6C9B5ABC	ah3b_sqaa
0x6C6EE82F	ah_3b_ext-4
0x6C01028D	alt_feet
0x6CF835E3	alt_tie
0x6C7D6631	amb@world_human_seat_wall@male@hands_by_sides@react_shock
0x6C036B8D	amb@world_human_statue@base
0x6C891224	amb_prop_human_seat_chair_drink_beer_female_idle_b
0x6C7D23B8	ammo_smg
0x6CB4E26C	ammocrates
0x6C6BF9A5	andy_ig_3_gotothehills_3
0x6C80ED72	angehen
0x6C4A9EA6	anim@amb@carmeet@checkout_car@drink@male_a@base
0x6CD7698E	anim@amb@carmeet@checkout_engine@drink@male_b@trans
0x6C13F78D	anim@amb@casino@mini@drinking@bar@drink@heels@three
0x6C4291AA	anim@amb@casino@out_of_money@ped_female@02b@idles
0x6C42641C	anim@cover@weapon@reloads@pistols@sb_minismg
0x6C9A0187	anim@deathmatch_intros@2hcombat_mgmale
0x6C695206	anim@heists@narcotics@finale@ig_4_car_intro
0x6CE824CA	anim@heists@ornate_bank@hostages@ped_e@
0x6CDB4656	anim@mp_corona_idles@male_b@base
0x6C68F141	anim@scripted@freemode@ig4_stash_weapons@male@
0x6C17C9CA	anim@scripted@mfh1@ig2_door_entry@male@
0x6C87A1A8	anim@veh@plane@pyro@front@ds@enter_exit
0x6C0647A0	anim@veh@tank@scarab@rps_rear@enter_exit
0x6C7EC1CC	anim_ac1_fos_ep1_p5_002-4
0x6C211150	anim_ac1_fos_ep1_p5_003-3
0x6C05C13B	anim_ac55_fos_ep1_p6_02-24
0x6C94FF6B	anim_ac72_fos_ep1_p6_02-1
0x6CF12577	anim_ac75_fos_ep1_p6_16-31
0x6C755D3F	anim_ac75_fos_ep1_p6_21-29
0x6C4EE18A	anim_ac83_fos_ep1_p6_02-10
0x6CEA98B4	anim_ac83_fos_ep1_p6_02-6
0x6CF0080A	anim_casino_a@amb@casino@games@insidetrack@ped_male@engaged@01b@base
0x6C469F93	anim_casino_b@amb@casino@games@roulette@ped_female@seat_1@engaged@01b@idles
0x6C068440	anim_corona_oat_fos_ep1_p6_13-9
0x6CF5514D	anim_corona_oat_fos_ep1_p6_16-14
0x6C122DD8	anim_corona_oat_fos_ep1_p6_17-4
0x6C95813F	anim_heist@arcade_property@mission_start@paleto_bay@exit_02@
0x6CA78BD6	anim_oat_fos_ep1_p6_041-0
0x6CB0C68D	anim_oat_fos_ep1_p6_047-34
0x6CE878D5	anim_oat_fos_ep1_p6_09-21
0x6CF71E35	animl_aeap
0x6CBEDD05	animl_blaj
0x6CD5FFD2	animl_cbag
0x6CD9DAC2	animl_cuac
0x6CEA5AF3	animl_cuaj
0x6C7EF281	animl_eoae
0x6C377B6B	animl_etaj
0x6C765309	animl_frag
0x6C0D1B63	animl_gqao
0x6C0DA8E3	animname:
0x6C887EC9	apa_mp_h_acc_pot_pouri_01
0x6CE96E55	apa_yacht_grp10_3
0x6C5F3253	apocalypse
0x6C576992	ar_birds_rooster
0x6CB75CAC	ar_dlc_gr_yacht_engine_room_2_motor_03
0x6CB3388F	ar_dlc_heist_yacht_engine_room_1_motor_02
0x6CBEDA84	ar_mine_creaks
0x6CA12F28	ar_nightclub_clapping
0x6CBCA034	arcade_wr_labrynth_start
0x6C11B075	arena_draw_1
0x6C120B9D	arena_int2-17
0x6CB38DC8	arena_int2-29
0x6CD15285	arm_1_soundset
0x6CECFFEA	arm_3_pistol_cock
0x6C810047	armenian_1_int-1
0x6CA7CD79	arms_hgaa
0x6C00C37B	asfl_acad
0x6CC8DF3F	atm_sounds
0x6C27391F	avenger3-6
0x6CE1B68A	az_big_zones_cassidy_creek_00
0x6C1DD084	az_dlc_vw_casino_vip_lounge_b
0x6C39BE45	az_imp_impexp_int_02_mainroom_river
0x6CDE7554	az_music_hollywood_22
0x6C130517	az_music_sunset_23
0x6CD3731E	b_trans_f
0x6C522A2E	ba_prop_battle_champ_closed-9
0x6C963CCE	ba_prop_battle_sniffing_pipe-35
0x6CDBC879	ba_prop_battle_whiskey_bottle_2_s-19
0x6CAA2FCA	ba_prop_door_club_trad_generic-97
0x6C70F0C5	ba_prop_door_elevator_1l-33
0x6C344460	ba_prop_int_edgy_stool-17
0x6CBF73F7	balance_left_char
0x6C41D3D0	baller8-21
0x6C94B14D	base_idle_chair
0x6C808501	base_idle_male
0x6C7F4FD6	basejump_about_to_jump
0x6C52D6C5	bb3_aqac
0x6C115BA8	bbc_anaa
0x6C3ECF3D	bear_floyds_face_smell_loop_floyd
0x6CBF02E5	beast_cloak
0x6CEDCE8B	beast_jump
0x6C0B42A0	bench_on_phone_idle_listen
0x6CBD1D6D	besra
0x6C579C24	bezkolbowego.
0x6CF3B6AE	biker_jump_on
0x6C42AADE	bird_perception
0x6C6892A7	blendarms
0x6CD28023	blunt_interrupt_lighter
0x6CCC78AA	blurry
0x6CA8CC55	bmx-47
0x6CA37AFB	bomberos
0x6C447428	browse_c
0x6C80586D	bs2b_piaa
0x6C2C68BD	bs_1_int-2
0x6CAD6574	bs_2b_mcs_3
0x6C30709D	burnout
0x6C125422	buzz_in_player_cam
0x6C9DCDAF	bwd_01
0x6C6D5496	c1_up_2
0x6C868FA6	caddy3-0
0x6C073D6C	cancel_right_ped_b
0x6C7B2AB6	car_2_mcs_1-3
0x6C7F7943	car_returned_peyote
0x6C9C25CB	cards_fold_card_a
0x6C376F24	cargen
0x6CABAEC9	carwash2_r
0x6C81FDEE	cas_vince_pvg
0x6CF0B255	cashtransactions.asmx/getlegalterritoryrestrictions
0x6C056C35	cbrad_djag
0x6CE369B6	cbrad_dnai
0x6C40A8F7	cbrad_duag
0x6C648E89	cdgjsb_ggh
0x6CA6798A	cellphone_horizontal_intro
0x6CB92DCC	ch1_04b_vinegrapes_23
0x6C8E1B48	ch_p_m_bag_var06_arm_s
0x6C673393	ch_prop_arcade_street_01d-37
0x6C3CB725	ch_prop_ch_unplugged_01a-15
0x6C4F4B57	chad_car_stolen_reaction
0x6C76D183	chad_idle_chad
0x6C0F5ABE	champagne_a
0x6C168679	chatc_brad
0x6CA05DCC	chefkoch
0x6CF217AE	chopper_crash_cam
0x6CBFA300	clear_chips_zone2_facial
0x6C2E3A77	cm_vagmet
0x6CFD199D	code/data/script
0x6C662929	codename_24
0x6C17131B	common:/data/cloth/
0x6C94D468	completed.
0x6CBF371B	component_heavyrifle_clip_02
0x6C32D2EB	component_heavysniper_mk2_camo_ind_01
0x6C253203	contentflag_mask_retained
0x6CADE289	convict_idleshort
0x6CF7865D	corona_oatfos_ep_1_p1_019-29
0x6C8A2AB9	corona_oatfos_ep_1_p1_026-18
0x6CEA416E	cower_idle_1_peda
0x6C6AB083	cpacketvehicleweaponcharge
0x6C41C672	crew_logo_tuner_6
0x6CDED5A7	criminal_damage_kill_player
0x6CA5FEAB	cruise_freewheel_right_char
0x6C378286	cs_amandatownley_02_dual-30
0x6C6C4CB1	cs_davenorton_dual-10
0x6C362630	cs_drfriedlander_02_dual-40
0x6C7D58DE	cs_drfriedlander_02_dual-7
0x6C553E13	cs_dry_ice_freezer_floor-0
0x6C7F5360	cs_fam4_fridge_door-2
0x6C6FC9FC	cs_fam4_whiskey_splash-11
0x6CD8D7DA	cs_fib3_syringe-21
0x6C7BAF53	cs_jimmydisanto2_dual-58
0x6C7EAFDC	cs_josh_dual-4
0x6CB9D77D	cs_lazlow_2_dual-55
0x6C3BC913	cs_lestercrest_2_dual-2
0x6C778C86	cs_martinmadrazo_02_dual-27
0x6CFACF81	cs_martinmadrazo_02_dual-5
0x6C7AC717	cs_martinmadrazo_dual-2
0x6C079B8E	cs_nervousron_02_dual-54
0x6C30968D	cs_prologue_michael_shot
0x6C437C98	cs_solomon_dual-9
0x6CF57457	cs_wade_dual-30
0x6C040CA4	cs_water_boat_jetmax_bow
0x6C2A987E	csb_agatha_dual-14
0x6CCDFDB5	csb_bryony_dual-23
0x6C9FEDA8	csb_chef_03_dual-58
0x6CF37073	csb_chef_03_dual-71
0x6C4461DC	csb_chef_dual-2
0x6C3C6E28	csb_faber_02_dual-56
0x6C818810	csb_golfer_a_dual-35
0x6CAD5DC6	csb_golfer_b_dual-51
0x6CF5A4A8	csb_jodimarshall_dual-41
0x6C90522A	csb_miguelmadrazo_dual-30
0x6CCE0F34	csb_mp_agent14_dual-37
0x6C79378D	csb_musician_00_dual-24
0x6CBF67B3	csb_security_a_dual-52
0x6C1FB0A3	csb_tomcasino_dual-37
0x6C3C79E2	csb_weiss_dual-41
0x6C21EBCB	csfl_aeaf
0x6CB40BB5	cst2_cyam
0x6C830B47	cst2_cyao
0x6CC572AF	cst2_egai
0x6CF5C516	cst2_hoaa
0x6C842DEE	cst2_ilaa
0x6CE574FF	cst3_doad
0x6CEB4391	cst4_acab
0x6C61655D	cst7_doax
0x6C5C3117	cst7_epaf
0x6C56DA82	csx_coastbigroc05_
0x6C97AB50	cualquiera
0x6CA43678	cuban800-40
0x6C689825	cut_sec_golfcart_wheel_debris-15
0x6C57CD09	cut_tn_meet_burnout_smoke-5
0x6CA1C3F3	cut_tn_swat_van_skid_smoke-52
0x6C2CAED8	cut_xm3_bike_wheel_debris-38
0x6CB8B451	cut_xm3_journey_wheel_dirt-1
0x6CE936B6	cut_xm3_plane_disturb_dust-14
0x6C85ADD8	d_ac18_ep_6_rcm_007-3
0x6C3DC46D	d_ac24_bar_3_rcm_00601-9
0x6CE9E0AB	d_ac3_es_1_rcm_p3_01-8
0x6C74A647	d_ac5_scrap_2rcm_p2_alt1_010-2
0x6C7C9BA1	danceidle_trans_07_hi_to_mi_laz
0x6CE10C79	deprecated_mapper
0x6C69109C	des_protree
0x6CA864C0	des_traincrash_root7
0x6C82C8A8	desk_seated_chair
0x6CA737FC	dh2b_egat
0x6C25D750	dh2b_gbaa
0x6CEE6418	dirt_mud
0x6CA433B7	disgusted_01_right_v_ilev_chair02_ped
0x6CDE9604	dixn_idle_lft_b_glass
0x6C0B0D49	dixn_trns_cntr_to_lft_e_glass
0x6C15E9CB	dixn_trns_lft_to_open_glass
0x6C39264E	dlc_aw_arena_lobby_banter_playing_scene
0x6C4E9B3F	dlc_btl_break_in_sounds
0x6C8B41B4	dlc_exec1/exec_pp_01
0x6C432369	dlc_h3_arcade_interior_scene
0x6C6BEA26	dlc_ie_garage_elevator_ascend_scene
0x6CC844CB	dlc_mp_ar_f_jbib_4_0
0x6CE3463C	dlc_mp_arena_f_legs_1_10
0x6C6A26A3	dlc_mp_arena_m_berd_7_11
0x6C6C6FA2	dlc_mp_arena_m_feet_0_25
0x6C05CD1C	dlc_mp_arena_m_jbib_15_9
0x6C55D0ED	dlc_mp_arena_m_jbib_7_3
0x6C4E3A20	dlc_mp_bh_f_jbib_8_0
0x6CD631B4	dlc_mp_bh_f_legs_0_0
0x6C20D269	dlc_mp_bh_f_legs_4_5
0x6C003C3B	dlc_mp_bh_f_special_6_12
0x6C67984A	dlc_mp_bh_m_jbib_8_2
0x6CCCD568	dlc_mp_biker_f_jbib_10_2
0x6C20DD33	dlc_mp_busi_f_jbib5_3
0x6C362A41	dlc_mp_busi_m_accs4_7
0x6CFF4AA9	dlc_mp_business_f_glasses1_1
0x6C808EAE	dlc_mp_exec_m_jbib_10_5
0x6CDF1BD1	dlc_mp_fixer_f_jbib_8_6
0x6C1C5E5A	dlc_mp_fixer_f_legs_0_11
0x6C8412D3	dlc_mp_fixer_f_phead_6_8
0x6C8D28D4	dlc_mp_gr_f_feet_3_3
0x6C4A03EC	dlc_mp_gr_f_jbib_21_15
0x6C7F8337	dlc_mp_gr_f_jbib_21_24
0x6C51B3A3	dlc_mp_gr_f_torso_0_4
0x6C5C7176	dlc_mp_gr_m_berd_1_13
0x6C534202	dlc_mp_gr_m_jbib_0_23
0x6CF5E1EF	dlc_mp_gr_m_jbib_6_5
0x6C9DBF32	dlc_mp_gr_m_torso_24_3
0x6C2B1C01	dlc_mp_gr_m_torso_2_9
0x6C53957C	dlc_mp_h3_f_berd_9_23
0x6C366184	dlc_mp_h3_f_jbib_12_11
0x6C7A0C3E	dlc_mp_h3_m_decl_7_0
0x6CC8693E	dlc_mp_h3_m_special_11_19
0x6CB76E35	dlc_mp_h4_f_pleft_wrist_0_8
0x6CB86303	dlc_mp_h4_f_pright_wrist_0_6
0x6C854D07	dlc_mp_h4_f_torso_8_19
0x6C48663C	dlc_mp_heist_m_berd_14_4
0x6C47C05F	dlc_mp_heist_m_legs_6_0
0x6C02B448	dlc_mp_heist_m_teeth_2_1
0x6C0DB16F	dlc_mp_hips_f_accs3_3
0x6C677CDB	dlc_mp_ie_f_berd_6_0
0x6CF7144A	dlc_mp_ie_f_special_12_14
0x6C707B18	dlc_mp_jan_m_special2_3_8
0x6C41C4A2	dlc_mp_low_m_phead_0_3
0x6C9B3A67	dlc_mp_lts_f_hand_1_6
0x6C280F63	dlc_mp_lts_f_hand_8_4
0x6C5B290F	dlc_mp_lts_m_hand_4_17
0x6C0AEC16	dlc_mp_luxe2_m_pears_7_1
0x6CFF5089	dlc_mp_luxe_f_legs_0_1
0x6C99A53E	dlc_mp_luxe_f_special_5_16
0x6CC68E0A	dlc_mp_luxe_m_jbib_0_5
0x6C42F69B	dlc_mp_luxe_m_teeth_4_0
0x6CE816B5	dlc_mp_smug_f_berd_0_16
0x6CFEAA59	dlc_mp_smug_f_berd_7_9
0x6C0FF80F	dlc_mp_smug_f_phead_2_21
0x6C1F2DAF	dlc_mp_smug_f_phead_3_22
0x6CF0253D	dlc_mp_smug_m_special_11_12
0x6C544E9B	dlc_mp_stunt_f_legs_1_2
0x6CEBEF56	dlc_mp_stunt_f_phead_11_2
0x6C0B8765	dlc_mp_stunt_m_jbib_1_10
0x6CEBA1DF	dlc_mp_stunt_m_jbib_8_0
0x6C6EA07E	dlc_mp_stunt_m_legs_2_0
0x6CCF693F	dlc_mp_sum2_f_feet_3_2
0x6CBD8053	dlc_mp_sum2_f_peyes_0_14
0x6CED02AD	dlc_mp_sum2_m_jbib_4_0
0x6CF8F0DD	dlc_mp_sum_f_legs_1_21
0x6C5D9333	dlc_mp_sum_f_special_5_0
0x6CCBA4B0	dlc_mp_sum_f_torso_5_1
0x6C45D07E	dlc_mp_tuner_f_decl_28_0
0x6C3429D6	dlc_mp_tuner_f_decl_8_0
0x6CBAFD5C	dlc_mp_tuner_m_jbib_12_13
0x6C3D0B73	dlc_mp_tuner_m_jbib_19_2
0x6C7B2CCC	dlc_mp_val2_f_feet_0_10
0x6C9DBDDB	dlc_mp_vwd_f_jbib_9_22
0x6C092D60	dlc_mp_vwd_f_phead_1_5
0x6C376629	dlc_mp_vwd_m_jbib_11_25
0x6C8F3555	dlc_mp_vwd_m_jbib_2_22
0x6C0F5088	dlc_mp_x17_f_berd_11_8
0x6CDAD44F	dlc_mp_x17_f_berd_5_7
0x6CB5125C	dlc_mp_x17_f_feet_0_21
0x6C563ED9	dlc_mp_x17_f_jbib_13_8
0x6C3DB322	dlc_mp_x17_f_jbib_7_15
0x6C856ACF	dlc_mp_x17_f_phead_1_1
0x6CFE44FD	dlc_mp_x17_m_berd_3_23
0x6CF679CF	dlc_mp_x17_m_decl_4_0
0x6C33D4A7	dlc_mp_x17_m_feet_6_2
0x6C03808F	dlc_mp_x22_f_jbib_26_19
0x6CF2CB19	dlc_mp_x22_f_jbib_2_10
0x6CFC3B92	dlc_mp_x22_f_peyes_0_4
0x6CC17333	dlc_mp_x22_m_feet_4_22
0x6C592E18	dlc_mp_x22_m_feet_5_22
0x6C347D51	dlc_mp_x22_m_jbib_1_2
0x6CEC6213	dlc_mp_x22_m_jbib_28_0
0x6CC7BA49	dlc_mp_x22_m_phead_2_3
0x6C49D6A2	dlc_mp_x22_m_pright_wrist_2_1
0x6CCDDD5C	dlc_mp_x22_m_torso_1_0
0x6CAF347D	dlc_sr_tr_rocket_enemy_sounds
0x6C20B794	doc_inspection_v2_openpassport1
0x6C1F375C	dominato2
0x6C82658E	dp2b_cdad
0x6CFCAD21	dpejh
0x6CAD3F57	drf_mic_3_cs_2-43
0x6CF918BD	drink_beer_stage4_bottle
0x6C49E443	dt1_lod_f2b_slod3
0x6CE844A0	dt1_lod_f3_slod3
0x6C2327DE	dukes_roof15
0x6C2A93C0	dumping
0x6C5FD0A1	e@6
0x6CDAA0FD	electrocute_left_intro_cam
0x6C21FA03	elegy-24
0x6C3E8B32	emperor-8
0x6CA8619F	enginesettings_numrequestedsettingsperbucket
0x6CFD844C	enter_cash
0x6C368938	enter_var01_cam
0x6C068528	epsiloniste
0x6CCAF838	es_2_rcm_concat-0
0x6CC792FB	esto
0x6CEB0A79	event_network_cash_transaction_log
0x6C26D9C7	event_network_ped_left_behind
0x6C38D8FA	ex_prop_crate_art_02_bc
0x6CB2C928	ex_prop_offchair_exec_04-19
0x6C6CA89E	exile_2_int-9
0x6CCF6D8D	exit_low_l_0-5m_180
0x6C18F20D	exit_var01_vw_prop_vw_valet_01a
0x6CB793BE	exl3_cyaa
0x6C1328FD	exp_grd_flare
0x6C11EBE5	exp_tag_bomb_water
0x6C0082AF	exportcamera-31
0x6CFB0B20	exportcamera-57
0x6C7B4060	fair
0x6CB69A67	fake_close
0x6C34A91B	fam1_coab
0x6CE95F5A	fam3_agab
0x6CE020B7	fam3_fgac
0x6CCF3EF2	fam4_bhav
0x6C6D1877	fam5_fbaa
0x6CF41527	family3
0x6C9B2D7E	family_1_protect_franklin
0x6CD9713E	family_4_chase_truck_2
0x6C77A8BB	family_4_mcs_2-5
0x6C68AE42	famt_apaa
0x6C7081ED	fatj_cfaa
0x6CC62370	fbi1_bdaa
0x6CFD18DA	fbi1_ccaf
0x6CB96E91	fbi3_dhay
0x6C9C0914	fbi3a_asab
0x6CBAC4E5	fbi5a_enter_lab_stealth_st
0x6C80927D	fbi5a_kpab
0x6CAA6C1F	fbi5a_mpaa
0x6C84DCE3	fbi5a_noaa
0x6C3098C7	fbi_1_int-4
0x6C402715	fbipr_bxae
0x6C437600	fbis4_bwab
0x6C6D6820	fbis4_gzaa
0x6C34A277	fbis4_iiaa
0x6CA5A992	fcfj_csaa
0x6C2A45E1	fcft_cnab
0x6CCE9E25	fcft_cwad
0x6CBC4358	fcftl_csae
0x6C0BA2B7	fcmft_cxaf
0x6CD10CB5	fcmj_coad
0x6C66ED71	fcmj_dgae
0x6C0A8AD7	fcmt_dtaf
0x6C6058A8	fcmt_ehaf
0x6CB49647	fctj_apal
0x6C0B9805	fctl_czaf
0x6CABCA89	feltzer2-11
0x6CF6143E	female_pos_b1_lamar_strain_base
0x6C85D448	female_pos_c_p1_exit_normal_weed
0x6CD11902	female_pos_c_trans_p1_weed_to_p2_lighter
0x6C271FEC	fh3a_ahaa
0x6CE748EF	fh3a_feaa
0x6CEAE3D6	fh3a_qkaa
0x6C12FA54	fhf_bhab
0x6CA399C1	fhpb_bdad
0x6C1BEAAE	fidget_05
0x6C06D2FC	file_to_base_nail_file
0x6C02F659	fill_ac5_mph_nar_mid_p2_002-12
0x6CC59D67	finale_shootout_outside
0x6CC77905	finc19
0x6C674F75	finc1_adaa
0x6CD84E9F	finh1_chae
0x6C9BD3AE	finh1_dmae
0x6CA88DE8	fix_golf_int-44
0x6CFA8C01	fix_pro_ig3_pro_elevator_action_promotor
0x6C9FE251	fix_stu_ext-10
0x6CC15410	fix_trip3_ext-22
0x6C8A0251	fixed.
0x6C5E160A	fkn0_cmag
0x6CAF35F4	fkn1_cmaa
0x6C12DB28	flag_update_weapon_battery_bones
0x6CF6FC6A	flee
0x6CF0A5F9	flinch_a
0x6C3CB5B2	floor_front
0x6C452649	fnfl_awad
0x6C658B6C	forze
0x6C12373E	fq2-26
0x6C12CAFF	franklin_1_int-7
0x6C7886B9	friends@laf@ig_1@idle_b
0x6C31B1C2	frlfb_aiac
0x6CD8B625	full_cycle_basicmould_v2_cocpress
0x6C8C08E5	g_m_m_cartelguards_02
0x6CC9E9E0	g_m_m_goons_01_dual-31
0x6C6C97F1	g_m_y_lost_01_dual-10
0x6C55606D	g_m_y_lost_03_white_mini_03
0x6CF11CEC	g_m_y_salvagoon_01_dual-7
0x6C958BE1	games.
0x6C1B9CA4	gas_explosion
0x6C7AFBA3	gawk_loop_male_01
0x6C870C42	gbuffertexture3
0x6C0FE54B	get_wanted_level_drunk
0x6CED6699	gfxzlibstate
0x6CF9FC5D	ginocchia
0x6CAE432D	glance_board_03_left_amy_skater_01
0x6C409EE3	gr_prop_gr_pliers_01
0x6CD0574A	gr_prop_gr_tunnel_gate-12
0x6C4D46FD	gr_prop_inttruck_empty_01
0x6CEE55F8	gr_prop_inttruck_light_ca_g_re
0x6C032BC3	gr_prop_inttruck_light_co_g_aq
0x6C43F84B	gta5/dog/appsc.json
0x6CD9C215	guard_beatup_startidle_dockworker
0x6C225388	h4_islandx_props
0x6CD97A05	h4_prop_battle_champ_open_03
0x6CD54C51	h4_prop_battle_lights_wall_l_b
0x6CB0434F	h4_prop_h4_lp_01a-13
0x6CE1E6D5	h4_prop_h4_tray_01a-9
0x6C2307A9	has_transition_sessions_has_started
0x6C1EFA73	hash_6c1efa73_aeizqkn_collision
0x6C4F2FA2	hash_6c4f2fa2_dazxvvh_collision
0x6C686707	hash_6c686707_dhihicm_collision
0x6C816F32	hash_6c816f32_tjalopi_collision
0x6C8F396C	hash_6c8f396c_lecyldi_collision
0x6CD3EAE3	hash_6cd3eae3_nkryqvs_collision
0x6C7B8F7F	hc_gunman_dual-11
0x6CC61024	hc_gunman_dual-19
0x6C0029FF	head_normal
0x6C452E01	heat_etaa
0x6CC0CACD	hei_ch1_09_mansion_1_glass_04
0x6C0C2939	hei_prop_dlc_tablet-1
0x6CCDD8BE	hei_prop_drug_statue_top-2
0x6C3A0A3D	hei_prop_hei_cs_stape_02-4
0x6C22C606	hei_prop_hei_pic_pb_break-15
0x6C7CD0DE	hei_prop_hei_pic_pb_break-23
0x6C069AC8	hei_prop_hei_pic_ub_prep02b
0x6C2A8E3F	hei_prop_heist_tub_truck-31
0x6CB99016	hei_v_ilev_fh_heistdoor2-0
0x6C6E8A22	heli_visual_on_foot_dispatch
0x6C1B5F0A	hermes-50
0x6C8CCE39	hf_alt_ext_wheel_bounds_shrink
0x6C1A52FE	hit_intro_ped_f
0x6CD09379	hs3le_ewaa_05
0x6C2C5885	iamundead_0
0x6C37589F	iamundead_6
0x6C0B1FAD	idct
0x6C17F3EE	idle_a_monitor_l
0x6C44E5B6	idle_c_4
0x6C99F53C	idle_cardgames_var_02_facial
0x6C6A9853	idle_d_bakingsoda
0x6C6428AD	ig_charlie_reed
0x6CCFE08A	ig_clay
0x6CDFD0C8	ig_djsolmanager_dual-50
0x6C6BC534	ig_lamardavis_dual-28
0x6CFE34F8	ig_lildee_dual-37
0x6C11066A	ig_talina_p
0x6C1CF6C2	inclusa
0x6C9810A5	input_veh_fly_mouse_control_override
0x6C64B5DE	install_on_vehicle
0x6C149507	insult_ped_cop_conv14_part1
0x6C6C1040	insult_ped_old_conv01_part3
0x6CD42F25	insult_ped_old_conv10_part3
0x6C4FB0B4	interacting_buttons_oscar_mogul_facial
0x6C1B90FB	intro_male_melee_1h_c
0x6CEE3996	iom_joystick_button31
0x6C4AA336	italigtb2-34
0x6CAD979F	jet-31
0x6C80F593	jh_deaa
0x6C43CB14	jh_qsaa
0x6CDBD337	josh1_aeaa
0x6C76C951	kernelradius
0x6C096879	kk7t7th6n
0x6C5DB270	land_03
0x6C40A6DC	layout_bison
0x6C9FAA75	layout_plane_molotok
0x6C455E74	layout_std_panto
0x6C6BA10B	layout_std_paragon
0x6C7DDDA3	layout_van_policet3
0x6C57CC80	lean_cell_phone_female_a_base
0x6C07F30C	lean_smoke_weed_female_a_idle_b
0x6C20C607	lem2_daab
0x6C3E814D	lem2_ehaf
0x6CD2E699	lem2_eoaa
0x6C82B6A6	lem2_giaa
0x6C5D46D0	living_quarters
0x6CE86752	load_lh_01_gr_prop_gr_3s_millcrate_01a
0x6CC46D3C	load_rh_03_gr_prop_gr_part_drill_01a
0x6C422AAD	loc_aqaa
0x6CE5C3EE	loc_hkaa
0x6C02388C	logiledinit
0x6C81C08F	look_around_ammonia
0x6C144222	loop_anxious_crew1
0x6C024218	low_car_prop_loop_female
0x6C9D4811	low_land_stand
0x6C3464F0	lurin_bdaa
0x6C10DBF7	lyqhs
0x6C0B8ECA	m23_2_int4_m232_desks
0x6CF1D9A9	m23_2_int7_m232_waresml_doorbasic002
0x6C3915EC	m23_2_prop_m32_package_01a-1
0x6C61596C	m23_2_prop_m32_police_badge_01a-46
0x6CE3A242	m24_1_mp2024_01_additions_carrmp_deck_decals
0x6C129514	m24_1_mph_cntl1_detailsa
0x6C8CA669	m24_1_prop_m41_blinds_closed_01a-13
0x6CC800BA	m24_1_prop_m41_bounty_door_01a-10
0x6CA1FE97	m24_1_prop_m41_stairsdetail_01b
0x6C0327E4	m24_2_int_01_hack_shell_blends
0x6C00B681	m24_2_prop_m42_debris_01a
0x6C902F09	m24_2_prop_m42_sewing_machine-1
0x6C3F6E98	m25_1_ch2_04_construction
0x6C02CF4C	m25_2_int_01_ceiling_speaker_006
0x6CBFAE5F	m25_2_int_02_vault_recess
0x6C311837	m25_2_int_mansion_2_rm_mod_garage
0x6C97B4F4	m25_2_prop_m52_door_front_door-101
0x6C619500	male_pos_a_p2_weed_exit
0x6CB967B7	male_pos_a_p2_weed_smoke_01_lighter
0x6C8BA8B2	male_pos_a_trans_p1_to_p2_lighter
0x6C0964FF	male_shower_exit_to_idle_prop_door
0x6C8A4CA6	mariner
0x6CAB4C72	marrom
0x6C964A14	maxvelforsideroll
0x6C1982CB	mch2_cras
0x6C5A07BF	mch3_efaa
0x6CBFFA3F	mch3_egaa
0x6C9F5742	melee@large_wpn@streamed_variations
0x6CC1C498	meleefist
0x6CB32A6A	mgps_cnal
0x6CE639C3	mgps_dfaa
0x6CC32243	mgps_dgab
0x6CCFB952	mic_3_int-2
0x6CA01D57	min1_chab
0x6CBE1256	min1_ckap
0x6CD5C767	min2_byaf
0x6CADC94E	missheistpaletoscore2switch_bulldozer
0x6CB7FC52	misslester1aig_1
0x6C614949	mmattr_aim_type
0x6C42F444	model
0x6C9DB01C	moodm_deck_hg_09_lp_left
0x6C56979D	moodm_deck_ma_09_bag
0x6CD8D625	moodm_idle_lh_12_dancer_a_facial
0x6CEAABED	moodm_mic_w_28_turntable_left
0x6C5E4786	moodm_trans_deck_to_dance_me_03_facial
0x6CC5788F	move_p_m_one_idles@generic
0x6CC8CD2D	movingthresh
0x6C041C63	mp_2023_02_tat_015_f
0x6C6D34FE	mp_buis_f_neck_000
0x6C138DBE	mp_celebration_bg
0x6CCC3A2D	mp_christmas2017_tattoo_026_f
0x6C58A837	mp_christmas2018_tee_000_f
0x6CF5F0D9	mp_christmas2018_tee_051_m
0x6C2A5B10	mp_christmas3_tat_010_m
0x6C9DD7C9	mp_g_m_pros_01
0x6CF69C83	mp_gunrunning_award_022_m
0x6CF3E58F	mp_gunrunning_hair_f_001_f
0x6C1E0314	mp_heist4_tee_042_f
0x6CA3D9E4	mp_m_freemode_01_dual-55
0x6C07E1BA	mp_masks@van@ps@
0x6CF76198	mp_missheist_ruralbank
0x6C767B3B	mp_player_inside_bubble_scene
0x6C9D5504	mp_smuggler_tattoo_000_f
0x6CE35D32	mp_val_m_tshirt_g
0x6C04E72A	mp_xmas2_f_tat_025
0x6CAA3913	mpct_gfaa
0x6C971BD1	mpct_graa
0x6C49C06D	mpct_jpab
0x6C57ECD2	mpgcs_avaa
0x6C94205B	mph_pac_fin_int-0
0x6C9B7CF2	mph_pac_fin_mcs0-0
0x6C60A752	mph_pac_wit_mcs2-0
0x6C3AC5A8	mpsum
0x6CC10235	mpsum_tee_011_m
0x6C940442	mrs3_beaa
0x6CCFF39A	mule3-15
0x6CD2DEC1	muz_xm_khanjali_railgun
0x6C32C0DB	n_ac1_es_3_mcs_1_01-1
0x6C991320	n_ac1_fra_2_ext_p3_02-8
0x6CB78E6F	n_ac24_bar_3_rcm_013-0
0x6CE93F6F	n_ac27_mmb_1_rcm_00-14
0x6C1418E9	n_ac3_hs4_scp_airs_p2_t07_00-9
0x6C689FD3	n_ac3_hs4f_drp_off_p1_t02_05-2
0x6C018E8B	nav_arrow_ahead
0x6C83C627	new_tou_sync_a_cc_face
0x6CFB0F2C	ng_filmic18
0x6C2F9677	nhh1b_trevor_1
0x6CDB3E88	nig1b_ceab
0x6CF4BF62	nme_cue_idle_j_19_hp_table
0x6CC59CC9	nme_mix_idle_d_20_facial
0x6C8F985F	nme_unq_shots_b_66_coconutdrink
0x6CECD759	nmt_1_rcm-14
0x6C8066CA	nmz
0x6CE681BC	nnncndnrnin_n
0x6CD4735B	normal_spec_tnt
0x6CDB57FF	not_charm
0x6C782EF9	notallowedfordriveby
0x6C780DE1	oat_fos_ep_1_p1_038-6
0x6CE008F0	ojda_complete
0x6CDD6A6B	orbitalcannon
0x6CEC9C8B	ox:/build/dev/common/data/gta5_cache_x.dat
0x6C4BD8F0	p_banknote_onedollar_s-10
0x6C9E10CC	p_banknote_onedollar_s-46
0x6C800EE4	p_banknote_onedollar_s-5
0x6CEB60AA	p_cs_beachtowel_01_s-4
0x6C2A5F28	p_cs_beachtowel_01_s-7
0x6C9D2EBA	p_cs_sack_01_s-12
0x6C76D312	p_ecg_01_cable_01_s-10
0x6C041154	p_lamarneck_01_s-24
0x6C90462E	p_ld_crocclips02_s-12
0x6CA70DEC	p_ld_heist_bag_s_1-47
0x6C4B853B	p_lev_sofa_s-1
0x6CD7714A	p_loose_rag_01_s-18
0x6CAD0D3B	p_michael_scuba_mask_s-1
0x6C661AC6	p_mr_raspberry_01_s-6
0x6C91EF7F	p_tumbler_01_trev_s-12
0x6CFBD46D	pa836
0x6CAC2A9B	pacow_aeaa
0x6C31AC79	pamela_ig_1_p13_theworldisfor_4
0x6C238F89	pap1_drad
0x6CD34588	paramedico
0x6CF31037	pbam_ahaa
0x6CDF1147	pbam_alad
0x6CDB1D6C	pbpd_aoak
0x6C042E3F	pbpd_ataa
0x6C04FDF4	pbpro_bvaa
0x6C33936E	ped_a_intro_male_c_glass
0x6C0A1FA9	ped_ac24_mph_nar_int_p1_002-34
0x6C4284DC	ped_b_loop_b
0x6CE4D81B	ped_ragelight16_tale_intro_p1_001-5
0x6CBEB60B	pentity
0x6C4FA577	phantom-5
0x6CB1E339	photograph_v4_model
0x6CE00AC8	pickup_keyring
0x6C5B941A	pickup_weapon_pistol50
0x6C732400	piloto
0x6C3FB130	platebgbumptex
0x6CD5632E	player_melee_long_pistol_a
0x6C51D7C2	player_zero_dual-3
0x6C7AA1DF	player_zero_dual-60
0x6C36666F	police_scanner_prefix_bright
0x6C32A882	porcelana
0x6C6D7D8D	pose_a_idle_g_prop_battle_fan
0x6C2D1582	pose_d_idle_a_headphones
0x6C4D79B9	possiblygenerateveh
0x6C6F8158	pr_xm3_dlc_int_04_xm3_backstairs_lights_01
0x6CF7D83D	pr_xm3_dlc_int_04_xm3_topoff_mid_beepy_stuff_02
0x6C77CD8E	prevents
0x6C19DFFA	pri1_bdab
0x6C3E2B4A	pri1_bmag
0x6C912B42	pro_mcs_6_p2_alt1-4
0x6C744BD4	proj_flare_fuse
0x6C2728F7	projector
0x6CBC1E8C	prop_air_cargo_04a-16
0x6C27933E	prop_anim_cash_note_b
0x6CDCCB01	prop_blackjack_01-10
0x6CB93BA4	prop_box_ammo06a
0x6C38910F	prop_boxcar5_handle
0x6C78C1F7	prop_cap_01
0x6CF0A818	prop_cardbordbox_03a-9
0x6C03B289	prop_chair_04a-1
0x6C54F8B0	prop_coffin_02-13
0x6C046013	prop_cs_beer_bot_01-43
0x6C03E648	prop_cs_box_clothes-7
0x6C2D64C9	prop_cs_cashenvelope-12
0x6CA00728	prop_cs_crackpipe-31
0x6C686D77	prop_cs_mouse_01-58
0x6CA58F6D	prop_cs_paper_cup-56
0x6CED86B1	prop_cs_remote_01-11
0x6C93E96D	prop_cs_shopping_bag-39
0x6C04AD94	prop_cs_silver_tray-13
0x6C356B0D	prop_cs_sm_27_gate-46
0x6CD5BD4E	prop_cs_tablet_02-2
0x6C7C6A45	prop_elecbox_15_cr
0x6C13A303	prop_epsilon_door_r-13
0x6CA22DDA	prop_flipchair_01
0x6C96744B	prop_fnclink_01a
0x6C279421	prop_fnclink_06gate3-12
0x6C4D5AF4	prop_fnclink_09gate1
0x6C76D9D7	prop_fnclink_10d_ld
0x6C74BC0E	prop_grumandoor_r-10
0x6C2DD1FA	prop_ic_10
0x6C4DD947	prop_ic_bomb_g
0x6C9EF1DD	prop_ic_homing_rocket_g
0x6CC950F1	prop_ld_cable_tie_01-37
0x6C19C1B6	prop_ld_can_01-15
0x6CF7D471	prop_monitor_w_large-22
0x6C0A3A35	prop_mug_01-42
0x6CFDDAF8	prop_mug_04-51
0x6C1D6998	prop_npc_phone-64
0x6C70ED6B	prop_pap_camera_01-5
0x6CDD201A	prop_patio_lounger1_table-7
0x6C0269A6	prop_pencil_01-6
0x6CF60DBA	prop_phone_ing_02-6
0x6C414A39	prop_pineapple-13
0x6C5ECA55	prop_plant_interior_05a
0x6C7DF3CE	prop_plastic_cup_02-16
0x6C7CB91C	prop_player_phone_02-73
0x6C1D9B2B	prop_rub_binbag_08
0x6CA06A5E	prop_sign_road_06m
0x6CB50E8F	prop_soap_disp_01
0x6C628426	prop_ss1_05_mp_door
0x6C8DF115	prop_streetlight_01b
0x6C990811	prop_table_02_chr-30
0x6C0C1639	prop_table_07-18
0x6C2F9D05	prop_tool_box_04-40
0x6CA366BB	prop_tool_screwdvr02-38
0x6C40EE9D	prop_wall_light_18a
0x6CA5E76F	prop_watertower04
0x6C104FE2	prop_worklight_04b
0x6C316E4A	prs_nmab
0x6CF5DFDB	prscrv_elevator_pass_sounds
0x6CB17021	ptrx_idle_t_mix_14_dj_ptrax
0x6C0719BC	ptxu_velocity
0x6C246BC6	q_wgsnoen
0x6CE443C6	qrrtrurir
0x6CC39CD0	quella
0x6C887D59	ragevoicechatworker
0x6C82CD99	rampa_cue_idle_g_12_hp_head
0x6C3F9B91	rampa_cue_sync_b_25_v2_s_glass_02
0x6C199162	rampa_cuelean_idle_h_11_v2_hp_table
0x6C066C2B	rampa_mix_idle_h_09_s_glass_01
0x6CE1A4CC	rampa_mixdance_idle_b_04_t_bottle
0x6C945C2C	rampa_mixdance_idle_k_23_v2
0x6C72CB5B	rampa_mixsway_sync_g_38_v2
0x6CDC23BF	rampa_trans_awayside_to_away_b_21_v2_t_bottle
0x6C9D4751	rampa_trans_mixdance_to_awayside_a_19_v2
0x6C396E22	rampa_unq_sync2_f_50_v2
0x6C4C9DDF	rampa_unq_sync2_i_61_s_glass
0x6CB301E4	rampa_unq_sync3_b_21_v2_hp_head
0x6C219196	ratunkowe
0x6C1BA184	rb_lf_jacket
0x6CE4F2D6	rbh2a_anaa
0x6CCD8E1B	rbh2a_icaa
0x6C0414CC	rbh2a_koaa
0x6C9CD9B6	rbh2a_mqaa
0x6CDF40F3	rcmnigel3_trunk
0x6C632F51	re-resource.
0x6C982139	react_small_variations_o
0x6CADBFB5	reaction_good_var01_seat3_facial
0x6CE6313B	rebreather
0x6C2A5EB7	recra_aoaa
0x6C2505D2	redr1_bran
0x6CDA4DDB	redr1_ckaa
0x6C39B6E1	redr1_deaa
0x6C0C257D	redr1_dlaa
0x6C0F7B1F	reduced.
0x6C0A97C1	reh_prop_reh_folder_01b-38
0x6C41C009	reh_prop_reh_folder_01b-6
0x6C082552	rehh1_craa
0x6CB4B59E	rehh2
0x6CF8FADF	rehom_bkaa
0x6CF431B7	retrieval
0x6CF80131	reveal_folded_p01
0x6CC4039E	rimorchio
0x6C095809	rurs1_azad
0x6C5A5606	s_m_m_ccrew_01_p
0x6C874730	s_m_m_paramedic_01_dual-9
0x6CF9D814	s_m_m_paramedic_01_p
0x6C3538CE	s_m_m_paramedic_01_r2pvg
0x6C9638F7	s_m_m_studiosoueng_02_dual-27
0x6C334F71	s_m_y_cop_01_dual-0
0x6C3A0BFC	samolot
0x6CAA8C96	sat_car_slowdown
0x6C8AAD62	scr
0x6C69F9E3	scr_hr_lny_firework_burst_monkey
0x6C5DD4F4	scr_josh3_house_smoked-2
0x6CFAA8B9	scr_sec_helicopter_damage
0x6C0E6F21	scrap_arag
0x6C67BE56	script/data/code
0x6C9A5D92	se_franklin_aunt_house_radio_01
0x6CCCC447	se_mp_apt_15_3
0x6CC0B11A	sem
0x6CC978A1	sf_prop_sf_apple_01a-24
0x6C3DE7C8	sf_prop_sf_apple_01b-26
0x6CD4CFC5	sf_prop_sf_art_dog_01a
0x6C91C66D	sf_prop_sf_bowl_fruit_01a-50
0x6CA29BC0	sf_prop_sf_cash_roll_01a-62
0x6CD8D19E	sf_prop_sf_door_com_r_06a-28
0x6C44E2D3	sf_prop_sf_s_mixer_01a-31
0x6C71521B	sf_prop_sf_s_scrn_01a-5
0x6CC5C2B5	sf_prop_sf_spray_fresh_01a
0x6CCDA53B	sf_prop_sf_stool_01a-32
0x6CDBF4FF	sfbkneesonset
0x6C00664A	sg_ald_sign_agn
0x6C8057CC	sh
0x6CB9F103	shop_sell_suspension
0x6C491052	skeleton
0x6C5E4104	sm_prop_smug_flask-3
0x6C4260F7	sm_prop_smug_speaker-71
0x6C89D507	sm_torch
0x6CD50064	smokin_is_my_specialty_lamar
0x6CAF75E7	snap_next_feed_item_into_position
0x6C898A94	sol1_dwaa
0x6C5C21DB	sol5_alad
0x6C632896	sol_dance_l_sol_face
0x6C37725B	sp_f_accs_5_9
0x6C1CF0C9	sp_f_eyes_3_5
0x6CE89119	sp_f_eyes_6_8
0x6CA160A2	sp_f_feet_13_10
0x6C21E6E8	sp_f_head_16_3
0x6CD1312E	sp_f_head_5_4
0x6C74E800	sp_f_task_4_1
0x6C4C2043	sp_f_uppr_1_0
0x6CE92DE7	sp_fbi_collapse_debris
0x6C43B210	sp_m_accs_14_3
0x6C4D2591	sp_m_accs_3_1
0x6CCE2606	sp_m_eyes_10_3
0x6C8BA5FC	sp_m_head_2_0_1
0x6C9874A0	sp_m_jbib_0_2
0x6CAEA486	sp_m_jbib_6_10
0x6CE9AFC9	sp_m_left_wrist_0_1
0x6CF11D99	sp_m_left_wrist_1_4
0x6CEFA5DD	sp_m_lowr_4_13
0x6CE7367A	special_ped@andy_moon@franklin_1@franklin_1d
0x6C1A69FC	special_ped@baygor@monologue_6@monologue_6i
0x6CEF43B0	special_ped@impotent_rage@monologue_8@monologue_8b
0x6C054122	special_ped@zombie@monologue_3@monologue_3f
0x6C757665	special_ped@zombie@monologue_6@monologue_6d
0x6CB886F0	spinningwheel_high_effort_05_facial
0x6CE481CB	spinningwheel_low_effort_02_wheel
0x6C74F835	spinningwheel_low_effort_19
0x6C29271F	spinningwheel_med_effort_07
0x6C95155C	split_card_player_04_facial
0x6C9FD341	stagd_csai
0x6CFB77B4	start_game
0x6CBED3EC	stayupright
0x6C93CF7E	stringfromguid2
0x6CCAD2B5	strip_announce_generic
0x6C911C65	strip_generic_home_fail
0x6CDBEF42	stripper_idle_01
0x6CA1E917	stt_prop_stunt_target
0x6C51261A	stt_prop_stunt_track_funnel
0x6C6CD789	stt_prop_wallride_45l
0x6CD7C79C	success_react_exit_var01_facial
0x6C131EC8	sum23_cm1_int_p1-2
0x6C7ED154	sunmontuewedthufrisat
0x6C9962A9	supergt
0x6CEF423B	svt
0x6C16DFAB	t1m1_etah
0x6C64A0FA	tale_enter_sol_face
0x6C4C5697	tampa2-16
0x6C24FA87	tank_critical_damage_loop
0x6C5D66BB	tanker2-71
0x6CE0A51A	temp
0x6CEB0C6C	test_tree_cedar_trunk_001
0x6CF5B7BC	text_base_jimmy_facial
0x6C413341	thats_some_service_scott_facial
0x6C2BA31A	three_cam
0x6C67A434	tm44_dmaa
0x6CF1C8F9	tou_idle_open_a_cc_face
0x6C807DEE	tou_sync_e_cc_face
0x6CA97664	tow_ddab
0x6C676929	tow_glaa
0x6CD4B979	tow_kgaa
0x6C3CAA36	tp_016
0x6C5C5441	tr2_boaa
0x6C5D64A9	tr_prop_tr_chair_01a-25
0x6C3728B1	tr_prop_tr_photo_car_01a-6
0x6CA2D9D9	tr_prop_tr_swipe_card_01a-10
0x6C310B10	tries
0x6C1E2432	trimmed_id_ruler
0x6C071CA1	trjoin
0x6C4A3D2F	trv3_daaa
0x6CA2C8AD	trv5_cwap
0x6C229FEB	tun_asd_ext-3
0x6C156A95	turbine_hatch
0x6C82C735	txm12_bpab
0x6CD90F86	txm3_dxab
0x6CF3C199	txm8_duaa
0x6C556EFF	txm9_elam
0x6CB605FB	u_f_y_poppymich_02
0x6C7B35E2	u_m_m_edtoh_dual-9
0x6C19E962	u_m_m_streetart_01
0x6C616130	u_m_y_smugmech_01_dual-43
0x6C54CB5A	v_11_slaughtbox
0x6C713E14	v_16_studunits
0x6C00165E	v_31_cablemesh5785287_hvstd
0x6CB6478F	v_31_walltext023
0x6C4EE107	v_31a_cablemesh5777646_thvy
0x6C3BD183	v_34_drains001
0x6CBA1652	v_corp_offchair-5
0x6C08BBE0	v_ilev_fib_btrmdr-7
0x6C4AA4AC	v_ilev_ml_door1-40
0x6CEA1650	v_ilev_rc_door2-42
0x6C793B7E	v_ilev_roc_door3-23
0x6CDD9E13	v_ilev_sol_off_door01-25
0x6C66A157	v_ilev_ss_door04-34
0x6CA499B8	v_ilev_trev_doorfront-29
0x6C074B7D	v_ilev_trev_pictureframe-14
0x6C8D2E8E	v_res_fh_diningtable
0x6C90F4ED	v_res_fridgemodsml
0x6CE97F5B	v_res_lest_bigscreen-12
0x6CBCFEF7	v_ret_fh_fry02
0x6C9C502E	v_ret_gc_pen1
0x6CE83857	variable_countdown_clock_wp
0x6C711F9E	veh@drivebyboat@predator@ps@1h
0x6C70AEBA	veh@drivebystd_rds_restricted
0x6C3188F8	veh@plane@duster@front@ds@enter_exit
0x6C422098	vehicle.lights.sunset
0x6CD92481	vehicle_paint4_emissive.sps
0x6C57645C	vehicle_population
0x6C516BA8	vehicle_weapon_caracara_mg
0x6C88E47D	vehicle_weapon_rogue_missile
0x6CE3334A	ver_02_re-enter_cutting_left_top_to_bottom
0x6C14262E	videoeditortab
0x6C698E6D	vivanite2-2
0x6C8578E9	vw_prop_casino_mediaplayer_stop
0x6C09ADFA	vw_prop_casino_water_bottle_01a-28
0x6CA283EB	vw_prop_casino_wine_glass_01a-19
0x6CB17AB1	vw_prop_casino_wine_glass_01b-33
0x6C6DE7B8	vw_prop_chip_10dollar_st-16
0x6C0FEC0F	vw_prop_chip_10dollar_st-6
0x6C0C5284	vw_prop_vw_casino_podium_01a-1
0x6C9467AF	vw_prop_vw_coin_01a-34
0x6CECC9E0	vw_prop_vw_coin_01a-40
0x6C6112CE	vw_prop_vw_hrt_char_05a
0x6C9208DA	w_am_digiscanner-9
0x6C3929FE	w_ar_bp_mk2_barrel1
0x6C134CEC	w_ar_carbinerifle_mag1-12
0x6C0CE243	w_ar_carbinerifle_mag1-61
0x6C5AEBD1	w_ar_carbinerifle_reh-13
0x6C569F00	w_lr_rpg-12
0x6C1C4B79	w_me_knuckle_02
0x6CAF4B66	w_pi_appistol-16
0x6CC904DD	w_pi_pistol-60
0x6CEB7FB6	w_pi_revolvermk2_camo3
0x6C719B36	w_pi_sns_pistolmk2_sl_camo4
0x6C738702	waiting_d_crew2
0x6C19ACB6	warning_once
0x6CFDA1DD	watch_lose_c
0x6CD9A4E1	watchidle_b_var_02
0x6CEDBE25	water_reflection_height_override_amount
0x6CC0A50B	waterparamstexture
0x6C056B81	wcd_ap_clip1
0x6C0E6FBD	wdrop_r_small
0x6CC028CA	we_got_your_gear_franklin
0x6C0CCFF8	weaponized
0x6C600291	weapons@first_person@aim_idle@p_m_two@unarmed@fidgets@c
0x6C08C550	weapons@first_person@aim_lt@p_m_zero@light_machine_gun@combat_mg@fidgets@c
0x6CAB7433	weapons@first_person@aim_lt@p_m_zero@pistol@pistol_50@aim_trans@lt_to_stealth
0x6C5D3B33	weapons@first_person@aim_rng@p_m_zero@shotgun@sawnoff@fidgets@c
0x6CA58B92	weapons@heavy@rpg_str
0x6C809554	weapons@melee_2h
0x6C3131A1	weed_crouch_checkingleaves_idle_04_inspectorfemale
0x6CAA4843	westcolorcloud
0x6C93FBAC	whd
0x6C4C58F2	wheel_fric_hard
0x6CB0FE42	wheel_rb1_dummy
0x6CADF6F3	wooden_door_closed_at
0x6C977983	world_human_gardener_leaf_blower_lo_res_base
0x6C47D27B	wr
0x6C793368	wrench_attack_right_cam
0x6C5DFB62	wstop_quick_l_0_facial
0x6C153C06	wtd_mkpistol
0x6CA662E7	xm24_factory_int-60
0x6C799D29	xm25_avi6_extc-1
0x6CBF4F74	xm25_mansion_intb-71
0x6C145411	xm3_drg1_ace_int-44
0x6C8B9C29	xm3_prop_xm3_cemtrolly-42
0x6C495CE8	xm3_prop_xm3_hat_ron_01a-53
0x6CCEB6B9	xm3_prop_xm3_pouch_01a-69
0x6C165F0E	xm3_prop_xm3_toy_dog_01a-64
0x6C313A55	xm3_prop_xm3_vape_01a-66
0x6C7B7E5A	xm4_cbr_vin_int-26
0x6CE92796	xm4_yard_int-17
0x6C342DBC	xm4_yard_int-74
0x6CAE7CD8	xm_hatch_07_cutscene
0x6C2ADB2E	xm_int_lev_sub_chair_02-29
0x6C2AE93E	xm_int_lev_sub_chair_02-8
0x6C40C6C4	xm_prop_x17_add_door_01-15
0x6C4153ED	xm_prop_x17_clicker_01-60
0x6CAF5CED	xm_prop_x17_corp_offchair-30
0x6CAE1999	xs_combined2_dyst_07_build_c
0x6CAC2238	xs_prop_arena_clipboard_01a-56
0x6C2E3B09	xs_prop_arena_overalls_01a-24
0x6C5026EB	xs_terrain_set_dystopian_06
0x6C9DE077	yosemite2-33
0x6CF866AC	you_gonna_take_me_trevor
0x6C21550B	you_need_anything_cam
0x6C5F8F5C	youthinkyourhappy_5
0x6C2D1D22	zone_held
0x6C7EA6A1	zr350-54
0x6C8DBF17	ztype-2
0x6C4658E0	zugqm
