0x7D5E67B9	001833_01_mics3_18_ama_tennis_exit_mic
0x7D4FC443	002113_02_fras_15_stripclub_idle
0x7DADB8CA	02:00
0x7D1C8CD1	0xd7114c9
0x7D51B2E3	11_done_yes_ahh_monitor01
0x7D26BA8F	22dmw139
0x7D1BC739	377_gauntlet4_modkit
0x7D59D08B	448_annihilator2_modkit
0x7D56A01E	4qs:
0x7D531A9B	5k96
0x7D52598A	6bpb
0x7DDA1F9E	@j526
0x7D1707A0	__unaligned
0x7D77297A	_idcp
0x7DB1C065	a_c_chimp_dual-3
0x7DC81E0A	a_c_chop-2
0x7DE7CC8C	a_c_chop_dual-19
0x7D33E23A	a_c_fish_dual-45
0x7D2D33FB	a_c_panther_dual-0
0x7D8AE4F6	a_c_rabbit_01-39
0x7DC35DE2	a_f_m_salton_01_white_mini_02
0x7D143CFE	a_f_y_beach_02_dual-26
0x7D9DD020	a_f_y_business_03_chinese_full_01
0x7D0129FD	a_f_y_fitness_01_dual-43
0x7D643AC7	a_f_y_gencaspat_01_dual-33
0x7DD8FB58	a_f_y_golfer_01
0x7DF4377C	a_f_y_tourist_02_dual-59
0x7D773CE4	a_f_y_vinewood_02_dual-9
0x7DB7E4E7	a_m_m_tourist_01_dual-28
0x7D9D88B1	a_m_o_tramp_01_dual-0
0x7D8373F9	a_m_y_beach_03-5
0x7D9F92A5	a_m_y_gay_02_dual-49
0x7D901D34	a_m_y_genstreet_01_dual-0
0x7D03E617	a_m_y_hippy_01
0x7DB0EDFB	a_m_y_rollercoaster_01_mini_01
0x7DD81C4F	a_m_y_stbla_02_dual-62
0x7D6B6BCC	ac10_bs_2b_int_001-4
0x7D27E330	ac12_fspot_fos_ep1_p1_00-5
0x7D74A29E	ac14_family_4_mcs_2p4_00-5
0x7D07790B	ac3_fra_2_int_p2_b_01-15
0x7D99BC47	ac42_fam_6_int_p3_t7_01-17
0x7DA8242E	ac5_mph_hum_fin_int_p2_cyan_lamp001-2
0x7D414487	action_lock
0x7DF56D3B	acult_arad
0x7D1656D6	adam_away_idle_j_05_v2_bottle
0x7D899F79	adam_away_idle_t_10_v2_hp
0x7DD604B5	adam_cue_idle_x_21_hp_table
0x7DC79C7F	adam_mix_idle_q_02_facial
0x7D8DE4AD	adam_unq_sync3_a_78_v3_facial
0x7D877636	add_column_help_text
0x7D4CEA45	agree_across_street
0x7DF3A2A9	ah3b_rcab
0x7DEEB79D	ah_3a_ext-15
0x7DEE918A	aiment
0x7D7C983F	alvo
0x7D63CE20	amb@code_human_in_car_mp_actions@gang_sign_a@bodhi@rds@base
0x7D74408A	amb@prop_human_movie_studio_light@idle_a
0x7DF3C333	amb@prop_human_seat_chair@female@proper_skinny@enter
0x7DF6328F	amb@prop_human_seat_deckchair@female@idle_a
0x7D5A1A93	amb@world_human_const_drill@male@drill@idle_a
0x7DF87C0C	amb@world_human_smoking_fat@male@male_a@idle_a
0x7D140EA3	amb@world_human_stupor@male_looking_left@idle_a
0x7D69704F	anim@amb@clubhouse@seating@female@var_c@base@
0x7DACE51B	anim@heists@narcotics@funding@gang_idle
0x7D521A40	anim@mp_player_intcelebrationfemale@cry_baby
0x7D5829B6	anim@mp_player_intincarshushstd@ps@
0x7D09F90E	anim@mp_player_intupperair_shagging
0x7D82069A	anim@scripted@freemode@tagcoll_ig_postertag@heeled@
0x7D109BC3	anim@scripted@mfh4@ig1_jammer_set@heeled@
0x7DB106B3	anim@scripted@player@mission@tun_table_grab@gold@
0x7D903B60	anim@scripted@submarine@ig17_sub_periscope@heeled@
0x7D90A003	anim@veh@boat@predator@ps@idle_agitated
0x7D6076E5	anim@weapons@first_person@aim_idle@generic@melee@switchblade@shared@core
0x7D18B47C	anim_ac2_fos_ep_2_p3_00-2
0x7D1E3C99	anim_ac53_fos_ep1_p6_01-15
0x7D09046F	anim_ac70_fos_ep1_p6_01-29
0x7D4500AF	anim_ac75_fos_ep1_p6_16-6
0x7DEBA0D1	anim_ac77_fos_ep1_p6_02-34
0x7DF6C402	anim_ac82_fos_ep1_p6_01-4
0x7DDFD487	anim_casino_b@amb@casino@games@threecardpoker@ped_male@regular@01a@trans
0x7D18E457	anim_corona_oat_fos_ep1_p6_15-35
0x7D929F44	anim_corona_oat_fos_ep1_p6_16-8
0x7D08322A	anim_group_visemes_m_hi
0x7D78914B	anim_oat_fos_ep1_p6_041-12
0x7D92F59F	anim_oat_fos_ep1_p6_08-10
0x7D476899	anim_oat_fos_ep1_p6_22-34
0x7D23F108	anim_oat_fos_ep1_p6_23-5
0x7D351F28	animl_afap
0x7DDCD7F6	animl_agam
0x7D77FA1C	animl_alap
0x7D361FC0	animl_bbac
0x7D5B4198	animl_bjak
0x7D0A8C2E	animl_efak
0x7DF87B54	animl_fiah
0x7D4DC2DE	animl_ggae
0x7DF4BF32	animl_gqal
0x7D147CD7	apa_nar_int-15
0x7DD168BC	apa_v_mp_h_07
0x7DC84985	apa_yacht_grp06_3
0x7D9DC8C5	apt_exit_left_alt1_side_fincam_2ped
0x7D248964	apt_ya_stop
0x7DFFAC68	ar2_bwab
0x7D0A10AE	ar_chilead_cable_car_line_pylon_03
0x7DEC3951	ar_dlc_hei_acc_control_room_01_console_03
0x7DCB0A2F	ar_dlc_heist_police_station_scanner_line
0x7D6F27D1	arm1_bcaa
0x7D7AFA64	arm_2_mcs_4-0
0x7D1CAD7A	arms_evab
0x7D443774	arrest_on_floor_front_left_cam_alt
0x7D693E95	awaiting
0x7DB1FABB	az_dlc_h4_guard_tower_02
0x7D86DE20	az_dlc_xm_int_facility_server_group_east_04
0x7DB2113D	az_walla_ls_downtown_01
0x7D481CED	az_walla_ls_vespucci_09
0x7DE7CD59	ba_prop_battle_champ_closed-8
0x7D90461E	ba_prop_battle_club_computer_01-39
0x7D3CD3CF	ba_prop_battle_ice_bucket-4
0x7DDE17D8	ba_prop_battle_mic-101
0x7D8EA362	ba_prop_battle_mic-84
0x7DD216B5	ba_prop_battle_mic-94
0x7D113B68	ba_prop_battle_whiskey_bottle_2_s-9
0x7D85D5A1	ba_prop_door_club_trad_generic-51
0x7D95EBA3	ba_prop_int_edgy_stool-51
0x7D1E0178	ba_rig_dj_04_lights_01_b
0x7D9FBEC4	back_upper_right
0x7D992C26	barr3_aqab
0x7D044FFB	base_back_left_exit
0x7DAFED66	base_cigar_b
0x7D1783FF	base_lawnmower
0x7D76F4F3	base_trevor_facial
0x7D8EEC36	bati-0
0x7D74A19A	bell_02
0x7D2A1C16	benny_pvg
0x7DC5DF6F	bfinjection-6
0x7D653C1C	bilateralcoefficient
0x7D327004	bkr_prop_clubhouse_arm_wrestle_01a
0x7D3D5FFA	bkr_prop_meth_lithium
0x7DEC8781	bkr_rescue_contact_lsia_rescue
0x7D619E94	blips.
0x7D77051F	bmad_out_soldix_in_b_bg_male5
0x7D2A5AE4	boardroom_into_exit_m_b
0x7D31C509	box_placement_1_gb_3
0x7D1E7AB9	bs2b_gsab
0x7D35623A	bul_sb_hal_skel_bone
0x7DCC5F06	bunk_int-31
0x7D120993	c1_a
0x7D69F696	caddy-32
0x7D355051	caddy-52
0x7D40E119	caddy3-12
0x7D899FB7	candidate.
0x7DE76D56	car.sirenlight.night.emissive.on
0x7D98D504	carbonizzare-13
0x7DEF4871	cards_fold_card_b
0x7DC9BEFC	cbrad_ahaa
0x7D98F5D3	cbrad_diad
0x7D92A8A7	cbrad_dvaj
0x7D93140E	cell_cam_fw_2
0x7DD0C0BC	ch1_09b_vinegrapes_84
0x7DE7C7C2	ch_des_heist3_tunnel_04-0
0x7DD0AE83	ch_prop_arcade_street_01c_off-0
0x7D289B54	ch_prop_casino_chair_01b
0x7DADB562	ch_prop_ch_phone_ing_02a-1
0x7D639DEC	ch_prop_vault_key_card_01a-8
0x7DF2B84B	chatc_aaab
0x7D42BF31	chatc_bnaj
0x7D65416C	clean_mop_back_cam
0x7DEC942C	clean_surface_02_gr_prop_gr_lathe_01b
0x7DABC1A6	climb_down
0x7D8FE881	clip_set_id_invalid
0x7D8C651D	close_fh_ts_hi
0x7DC97BCB	cloth_bvad
0x7D3180CB	cloudhat_cloudy_d
0x7DFF7ABD	clown_idle_6
0x7D0F4D24	club_intro-56
0x7D351EA0	combat@reposition@gang@left
0x7DECFE30	component_knuckle_varmod_hate
0x7DC54371	confetti_canon_d_2nd
0x7D1D3ACE	continue_down_to_hallway_steve
0x7DE3B3ED	convo_trevor_mybrother_0
0x7D5FA2E5	convo_trevor_whahellholaamigo_0
0x7D6E8C68	county-sheriff
0x7DBA2BFA	cover@weapon@machinegun@combat_mg_str
0x7D1ED816	crash_generic_raining
0x7D49E29D	creatures@chickenhawk@amb@world_chickenhawk_standing@exit
0x7D22050E	cs5_2
0x7DF8C89D	cs_drfriedlander_02_dual-50
0x7D681583	cs_fabien_dual-34
0x7D8C926C	cs_fabien_dual-48
0x7DF7433D	cs_fam4_fridge_door-22
0x7D29F2AA	cs_fam4_fridge_door-57
0x7D441CE5	cs_fam4_whiskey_pour-23
0x7D1F7B1C	cs_janet_dual-10
0x7D558E2F	cs_lamardavis_02_dual-49
0x7D19240E	cs_lest1_cig_smoke-7
0x7D728A86	cs_lifeinvad_01_p
0x7D7A3D73	cs_martinmadrazo_02_dual-70
0x7D61C4A1	cs_nervousron_dual-37
0x7D01834D	cs_orleans_dual-27
0x7D9FE71F	cs_russiandrunk_dual-61
0x7D7EE6C9	cs_russiandrunk_dual-67
0x7D6D3B03	csb_agatha_dual-13
0x7DE5D535	csb_alan_dual-30
0x7D50B0DD	csb_ballasog_dual-1
0x7D4A2ABB	csb_brucie2_dual-23
0x7DB11F80	csb_callgirl_02_dual-26
0x7DF61DDA	csb_callgirl_02_dual-89
0x7D7FF1EF	csb_celeb_01_dual-23
0x7DEE767B	csb_faber_02_dual-111
0x7D40A698	csb_fos_rep_dual-16
0x7D2AC0A2	csb_g_dual-2
0x7D6977AC	csb_hao_02_dual-44
0x7D57EB5C	csb_helmsmanpavel_02_dual-57
0x7D47DEC6	csb_hugh_dual-11
0x7DB78D3E	csb_imani_dual-56
0x7D690B71	csb_imani_dual-62
0x7DEEA482	csb_jio_02_dual-48
0x7DA9C6A1	csb_johnny_guns
0x7DFAE61B	csb_johnny_guns_dual-31
0x7D666630	csb_maude_02_dual-23
0x7DE6A68A	csb_mrs_r_dual-16
0x7D3FE2D5	csb_ramp_mex_dual-2
0x7D11F868	csb_sessanta_dual-50
0x7DEC27AB	csb_sol_p
0x7D779D96	csb_stripper_01_dual-2
0x7D592573	csb_tonyprince_dual-57
0x7DE99F38	csb_tonyprince_dual-77
0x7D4BB32B	csb_yusufamir_dual-51
0x7D862964	csb_yusufamir_dual-87
0x7D63ED1B	cst2_hgac
0x7D6AC6F4	cst2_hwaa
0x7D77C122	cst3_ataa
0x7DC9A6CA	cst7_araa
0x7DE1B6CE	cst7_ehaa
0x7DF0D368	cut_hs4
0x7DF10E8C	cut_sec_car_disturb_dust
0x7DB20AE3	cut_sec_cig_lighter_flame-27
0x7D0D4369	cut_sec_cig_weed_smoke_exhale
0x7D618EFD	cut_tn_meet_burnout_smoke-22
0x7DCF0FF0	cut_xm3_muz_pistol_flash_low_fill
0x7D4AFFCE	cz.
0x7DF41A09	d_ac13_hs4f_ssg_ent_p2a1_t0_00-8
0x7D364648	d_ac2_pap_2_mcs_1_005-2
0x7DBCAB1B	d_ragelight11_dixn_intro_p1_001-7
0x7D61D1FE	dance_b_1st_face
0x7DFF6B50	dance_b_idle_a_blamadon
0x7D38EBAD	dead_guard
0x7DEFD00E	dead_jerk
0x7D5E591A	des_jewel_cab3_end
0x7D629605	desk_standing_throw_franklin_facial
0x7DFBE3C2	dh1_coab
0x7D45F55E	direct_heli_b_dave
0x7DB94B73	dirty_harry_bang
0x7D855FD1	disp_calib_hdr
0x7D420D5D	dixn_sync_cntr_a_dix_face
0x7DE6D8EE	dixn_trns_open_to_lft_b_headphones_neck
0x7D506978	dj_crowd_cheer
0x7D84E039	dlc_btl_tp_remix_juggernaut_player_sounds
0x7DB1CCAC	dlc_mp2023_cs_garage
0x7D454330	dlc_mp_apa_f_legs_0_0
0x7DF09C5F	dlc_mp_ar_f_berd_0_4
0x7DB49A22	dlc_mp_arena_f_jbib_8_5
0x7D80D02E	dlc_mp_arena_f_special_0_0
0x7D0C7086	dlc_mp_arena_f_torso_0_1
0x7D0D90E0	dlc_mp_arena_m_feet_0_22
0x7D2DEEC1	dlc_mp_arena_m_jbib_17_9
0x7D5690C8	dlc_mp_arena_m_jbib_9_0
0x7D9EE01F	dlc_mp_arena_m_torso_2_2
0x7D84E0F3	dlc_mp_bh_f_berd_0_1
0x7D11A826	dlc_mp_bh_f_jbib_18_0
0x7D5CD2C1	dlc_mp_bh_f_legs_0_1
0x7D08A7A3	dlc_mp_bh_f_legs_4_11
0x7DD43FA5	dlc_mp_bh_f_special_2_2
0x7DE975EE	dlc_mp_bh_m_jbib_0_15
0x7DD21361	dlc_mp_bh_m_jbib_16_19
0x7D6095AC	dlc_mp_bh_m_jbib_1_10
0x7D5C4F1B	dlc_mp_bh_m_jbib_1_3
0x7D127300	dlc_mp_bh_m_special_1_14
0x7DB465FF	dlc_mp_bh_m_special_2_4
0x7DB7464A	dlc_mp_biker_f_berd_0_0
0x7DB3778B	dlc_mp_biker_f_decl_5_0
0x7DDB31ED	dlc_mp_biker_f_feet_4_5
0x7D9B17A7	dlc_mp_biker_f_jbib_5_3
0x7D1E12D9	dlc_mp_biker_m_feet_1_0
0x7DF2D6B8	dlc_mp_biker_m_hand_3_5
0x7D2254E4	dlc_mp_biker_m_phead_12_5
0x7D446CA3	dlc_mp_biker_m_special_3_2
0x7DFF9EBB	dlc_mp_busi_f_legs1_4
0x7D60E975	dlc_mp_busi_m_berd0_12
0x7D0F9EDA	dlc_mp_exec_f_feet_1_6
0x7DD70C39	dlc_mp_fixer_f_legs_1_13
0x7D048411	dlc_mp_fixer_f_peyes_0_1
0x7D124B79	dlc_mp_fixer_f_phead_4_9
0x7DF36241	dlc_mp_fixer_m_legs_1_17
0x7D84C287	dlc_mp_fixer_m_legs_3_18
0x7D56917E	dlc_mp_gr_f_berd_1_1
0x7D594AB3	dlc_mp_gr_f_berd_2_5
0x7D860066	dlc_mp_gr_f_jbib_15_9
0x7D245B4F	dlc_mp_gr_f_jbib_19_9
0x7DD4A701	dlc_mp_gr_f_jbib_21_14
0x7DF55A03	dlc_mp_gr_f_legs_3_16
0x7D8E1394	dlc_mp_gr_f_special_0_5
0x7DA20B49	dlc_mp_gr_f_special_11_10
0x7D0112D0	dlc_mp_gr_f_torso_11_7
0x7D76E2F0	dlc_mp_gr_f_torso_12_4
0x7D4C97AD	dlc_mp_gr_f_torso_15_19
0x7DB8F00B	dlc_mp_gr_f_torso_16_4
0x7DAFF26A	dlc_mp_gr_m_feet_0_22
0x7D3DF40E	dlc_mp_gr_m_jbib_15_2
0x7DB23159	dlc_mp_gr_m_jbib_19_1
0x7DEEDEDF	dlc_mp_gr_m_legs_3_19
0x7DE6137B	dlc_mp_gr_m_phead_0_14
0x7D0BA92F	dlc_mp_gr_m_special_0_21
0x7DB283A9	dlc_mp_gr_m_special_3_12
0x7DD2CEA9	dlc_mp_gr_m_special_4_4
0x7D44F2B9	dlc_mp_gr_m_torso_25_8
0x7DF70FC4	dlc_mp_gr_m_torso_6_6
0x7D71E96B	dlc_mp_h3_f_hand_2_25
0x7DE375E0	dlc_mp_h3_f_special_11_18
0x7D2BFA62	dlc_mp_h4_f_hand_3_14
0x7DBA484D	dlc_mp_h4_f_phead_2_0
0x7DAFC098	dlc_mp_h4_m_peyes_1_9
0x7D9C8D66	dlc_mp_heist_f_torso_16_0
0x7DAB0600	dlc_mp_heist_f_torso_4_1
0x7D568858	dlc_mp_heist_m_berd_14_5
0x7D630B09	dlc_mp_heist_m_berd_18_1
0x7D361A72	dlc_mp_heist_m_torso_15_1
0x7D9FA1B2	dlc_mp_heist_m_torso_69_0
0x7D09EE69	dlc_mp_hips_f_accs1_0
0x7DEB6445	dlc_mp_ie_f_berd_0_7
0x7D7CBD8A	dlc_mp_ie_f_berd_5_3
0x7DA85AB4	dlc_mp_ie_f_special_11_16
0x7D437E19	dlc_mp_ie_f_torso_12_0
0x7D40CD63	dlc_mp_ie_m_jbib_5_21
0x7DE31B40	dlc_mp_ie_m_legs_4_6
0x7D74F89B	dlc_mp_jan_f_uppr_10_3
0x7DA6BE5B	dlc_mp_jan_m_hand_0_3
0x7D095CD9	dlc_mp_jan_m_jbib_0_9
0x7DA57B3D	dlc_mp_jan_m_special2_11_5
0x7D6DEE40	dlc_mp_low_m_jbib_2_10
0x7D45EE6D	dlc_mp_low_m_legs_0_4
0x7D664641	dlc_mp_lts_f_hand_2_6
0x7D06862F	dlc_mp_lts_f_hand_4_21
0x7D4C538D	dlc_mp_lts_m_hand_8_8
0x7D31C18D	dlc_mp_luxe_f_pears_3_0
0x7DC6D6F3	dlc_mp_pilot_f_hand_8_11
0x7D999196	dlc_mp_pilot_f_hand_9_7
0x7D4A4463	dlc_mp_pilot_m_hand_4_15
0x7D709B5E	dlc_mp_smug_f_berd_6_13
0x7DD5D036	dlc_mp_smug_f_jbib_1_6
0x7D8FADD9	dlc_mp_smug_m_berd_2_13
0x7D764473	dlc_mp_smug_m_berd_4_4
0x7D33B477	dlc_mp_smug_m_phead_0_24
0x7D702FAC	dlc_mp_smug_m_phead_6_20
0x7D32F72E	dlc_mp_stunt_f_special_1_13
0x7D64A327	dlc_mp_sum2_f_phead_5_22
0x7DEDB860	dlc_mp_sum2_m_feet_3_3
0x7DC0D559	dlc_mp_sum2_m_peyes_0_5
0x7D82CCDE	dlc_mp_sum_f_jbib_19_2
0x7D9E1CDD	dlc_mp_sum_m_jbib_0_5
0x7D85FB9F	dlc_mp_sum_m_jbib_3_2
0x7DD65BEC	dlc_mp_sum_m_special_2_2
0x7DAA100E	dlc_mp_sum_m_torso_13_4
0x7D1FF1A0	dlc_mp_tuner_f_decl_5_0
0x7DFD32AD	dlc_mp_tuner_m_decl_9_0
0x7D3CC27B	dlc_mp_tuner_m_hand_10_2
0x7D79A49E	dlc_mp_tuner_m_jbib_11_20
0x7D7013DC	dlc_mp_vwd_f_jbib_14_5
0x7DC1695F	dlc_mp_vwd_m_feet_0_0
0x7D34250D	dlc_mp_vwd_m_feet_3_5
0x7D034D34	dlc_mp_vwd_m_special_2_6
0x7D51AFAC	dlc_mp_vwd_m_special_4_10
0x7D20B30D	dlc_mp_x17_f_feet_5_5
0x7D491E3E	dlc_mp_x17_f_legs_0_21
0x7D568EFF	dlc_mp_x17_f_legs_3_3
0x7D59BCFC	dlc_mp_x17_f_special_2_2
0x7D14E69A	dlc_mp_x17_m_berd_3_19
0x7DD6CC7E	dlc_mp_x17_m_jbib_12_7
0x7DBD6D35	dlc_mp_x17_m_phead_4_20
0x7D718C4B	dlc_mp_x22_f_feet_12_15
0x7D025226	dlc_mp_x22_f_feet_5_3
0x7DCD2422	dlc_mp_x22_f_jbib_26_18
0x7D67F90C	dlc_mp_x22_f_jbib_2_3
0x7DA10357	dlc_mp_x22_f_jbib_9_15
0x7D66A052	dlc_mp_x22_f_teeth_3_3
0x7D918105	dlc_mp_x22_m_feet_3_23
0x7D3E8FB9	dlc_mp_x22_m_jbib_6_9
0x7D12ED4A	dlc_mp_x22_m_phead_0_18
0x7D7D46CF	dlc_mp_x22_m_phead_4_0
0x7DEB5D78	dlc_mp_x22_m_teeth_8_0
0x7DF96C49	dlc_mp_xmas_f_hat0_1
0x7D8FB4AA	dlc_mpchristmas3_warehouse
0x7DAAAC92	dlc_pilotschool/city_landing
0x7D2F662F	dlc_xm_deluxos_hacking_scene
0x7D71FA73	dof_shear
0x7D949D06	dont_render
0x7D99D8AD	downlimit
0x7D9AD86D	drf_dpab
0x7D72C476	drf_mic_1_cs_1-26
0x7D50DF82	drf_mic_3_cs_2-90
0x7D368F8B	drill_straight_start_ch_prop_ch_vaultdoor01x
0x7D71875D	drink_idle_01_pooh
0x7DF6FB73	drink_idle_01_pooh_facial
0x7D79DAD4	dt1_tc_dufo_core
0x7D0C49AC	dukes_roof12
0x7DC18A4E	electrocute_spark_player_facial
0x7D67268D	ent_amb_leaves_oak_g
0x7DBC8101	ent_anim_cig_exhale_nse_plane
0x7DF0FB91	ent_dst_veg_shrub
0x7D12D6C7	ent_ray_ex1_plane_break_r
0x7DACEEC7	enter_alt_pen
0x7D47F618	enter_bartender
0x7D5682AF	enter_male
0x7DE101B6	entre
0x7D975F68	eps5
0x7DF4654C	eps8_bfaa
0x7DC4C58A	epsw_aeab
0x7D80508B	escortflatbed03stop3
0x7D972C39	event_network_connection_timeout
0x7DB392ED	event_network_inbox_msgs_rcvd
0x7D67A39B	ex_office_swag_med1
0x7D992214	ex_p_ex_decanter_03_s
0x7D5696A8	ex_prop_exec_lighter_01-41
0x7D8FA764	ex_prop_tv_settop_remote-24
0x7D0F676E	exceed
0x7DF35525	exhaust_30
0x7DB7FF40	exil_agaf
0x7DA197B5	exl1_gkaa
0x7D174C0A	exl3_daab
0x7D53E64D	exl_3_ext-2
0x7DF62A2A	exportcamera-21
0x7D9E0FF3	ext2_afal
0x7DA3E7B5	external
0x7D27B1E8	extras
0x7DDDE3CA	failure
0x7D8B7E9F	falls
0x7D0A287F	fam1_byaa
0x7D70FD0D	fam1_duaa
0x7DBCE0A9	fam4_bhaf
0x7DFC75F1	fam4_btaa
0x7DF3C5B5	fam5_emaa
0x7D9D59E5	fam6_aibj
0x7D2B0F72	fam_4_int_alt1-10
0x7D43A6DD	fam_6_mcs_5-5
0x7D1492EB	family_5_mcs_1-2
0x7D7955DA	fan1_blah
0x7DE64DDF	fan3_cgaa
0x7D6206C2	fast_pedal_left_bike
0x7DCFEAE9	fbi2_dpaa
0x7D1523D2	fbi2_gjaa
0x7DEDBE09	fbi3_cfab
0x7D214C0A	fbi5a_forklift_restart
0x7D2E546B	fbi_3_michael_drive_chumash
0x7D870562	fbis4_cyab
0x7D0DBED4	fbis4_itak
0x7D4A22C1	fcft_cqah
0x7D54A5B2	fcft_djab
0x7D98A5FE	fcft_djae
0x7D292752	fcftl_cnai
0x7D2D7541	fcftl_craj
0x7DCDC010	fcmf_cvah
0x7D18EA3C	fcmft_deak
0x7D39A673	fcmj
0x7D69D9A2	fcmt_afad
0x7D941DE3	fctj_amae
0x7DC860A6	fctj_anab
0x7D1A5F4A	fctj_anae
0x7DAE1430	felon2-21
0x7D7FB5B7	female_dealer_focus_player_04_idle_split_facial
0x7DF4D5A9	female_deck_put_down
0x7D8FB5B1	female_hit_second_card_player_03_facial
0x7D207793	female_pos_b_p2_enter_lamar_strain_normal_weed
0x7DFFE1FF	female_pos_b_p2_weed_idle_03
0x7DA5E859	fh3a_cjaa
0x7D2B990A	fill_ac5_mph_nar_mid_p2_002-19
0x7DF32B8B	finc1_hvaa
0x7D2A402B	finger_facial
0x7DF77014	finger_guns_b_1st
0x7DF710B6	fix_agy_int1-4
0x7D184996	fix_agy_int2-55
0x7D38A1B7	fix_art_int-5
0x7D9B8A01	fix_golf_int-15
0x7D306561	fix_pro_ig3_pro_elevator_loop_door
0x7D88A61D	fix_wrms_ig7_fake_joint
0x7D399C7C	fixf_fin_mcs2-45
0x7D1E03AA	fixup
0x7DF94768	fkn0_boaa
0x7DB0E671	fkn0_btaa
0x7D233433	fkn0_dbad
0x7DF66E87	fkn0_dyac
0x7D68F5E8	flag_ramp
0x7DB32BE5	flashed
0x7D6B3C09	flatbed-6
0x7D909FE8	flatterswingfeet
0x7D2FA315	floyd_dh1_afac_01_g2
0x7D829A4A	floyd_fellpackage_startidle_dockworker1
0x7DE7F103	floyd_take_this_to_the_loading_area
0x7DA9D372	fm_tshirt_award_f_002
0x7D2CFF6F	fmfl_avaa
0x7D3FA3F6	fmm_abaa
0x7DAF6DF8	fmm_gjab
0x7D41A0B4	fmm_ihaa
0x7D28BA6E	foliage_preprocess
0x7D735C09	forced_tutorial_no_clips
0x7DAA32C3	fos_ep_1_p1-23
0x7D28ECD4	fos_ep_2_p5c-16
0x7DAE2B00	fos_ep_2_p5c-6
0x7D884814	four_cars_lester
0x7D15C2D2	fpc_yes1_veryirate
0x7DA05FE5	fra0_switch_1
0x7D0B97EE	frlfb_adac
0x7DB1F4E0	frlfb_aeac
0x7D503350	frlfb_afab
0x7DAD1A4A	frlfb_aoab
0x7D6D10F0	frlfb_avaa
0x7DB78424	frright_tofront
0x7D0ABBE8	g_m_m_fooliganz_01_dual-30
0x7D9DE914	g_m_y_ballasout_01-3
0x7D1BD6AF	g_m_y_famfor_01_dual-5
0x7D0416D5	g_m_y_lost_03_p
0x7D1C0106	getvideoinfo1
0x7DBE7C22	glass_emissive_alpha
0x7D180F84	globalentityscale0
0x7D235E7C	gr_prop_gr_crate_pistol_02a-12
0x7D446DD5	gr_prop_gr_jailer_keys_01a-1
0x7DCE32A5	gr_prop_gr_jailer_keys_01a-25
0x7D8672F3	gr_prop_gr_target_w_02a-29
0x7D0B95D4	grand
0x7D887842	gta_spec_reflect_decal.sps
0x7D85CA95	gtao_vision_modes_soundset
0x7D5E612C	gunsh_bcaa
0x7DD0DA2C	h4_beachparty_day
0x7D95E10E	h4_int_05_wooden_chairs_2
0x7D9E8566	h4_int_lev_sub_periscope-32
0x7D7A2EE6	h4_prop_club_water_bottle-2
0x7D7A91B7	h4_prop_h4_big_bag_01a-10
0x7D756716	h4_prop_h4_big_bag_02a-10
0x7D1BE677	h4_prop_h4_big_bag_02a-19
0x7DB381A8	h4_prop_h4_ld_keypad_01c-7
0x7D500E5F	h4_prop_h4_luggage_02a-6
0x7D8C0BDA	h4_prop_h4_rope_hook_01a-1
0x7DD91F24	h4_prop_tree_dracaena_sml_01
0x7D146A7B	hash_0436ae4a
0x7D06D71A	hash_7d06d71a_nqxzgme_collision
0x7D6DDC4D	hash_7d6ddc4d_vgzuwyc_collision
0x7D74DD2B	hash_7d74dd2b_wbmoggf_collision
0x7D96DD23	hash_7d96dd23_tjpzznd_collision
0x7DBB91B6	hash_7dbb91b6_rdwuznc_collision
0x7D4431E1	hash_c21f2ee4
0x7D44527F	hassirens
0x7DADC8D9	heard
0x7DE84B6E	heat3
0x7D48D050	hei_heist_apart2_door-33
0x7D66F60B	hei_p_attache_case_shut_s-4
0x7D8E17C5	hei_p_pre_heist_trash
0x7DCDCCBC	hei_prop_dlc_tablet-0
0x7D8A5134	heist_draw_2
0x7D675DD9	heliguncam
0x7D886EF0	high_turn_l_walkstart_facecover
0x7DE52DEA	hold_loop_cam
0x7DBAB4B3	hooker_request
0x7D415718	hot_i_need_ice
0x7D176990	hs3_arc_int-37
0x7D4D6705	hs3_ext-11
0x7D23F1CD	hs3_prp_vin2-5
0x7D82125F	hs3f_all_drp1-1
0x7D2811E3	hs3f_all_esc_b-2
0x7D0B16B5	hs3f_int1
0x7D9C30A8	hunt2_ccaa
0x7D4314D0	hydra-1
0x7D1A6D1B	iaaj_int-32
0x7D2D5E82	idle_02_right_gr_prop_gr_laptop_01a
0x7DAB032B	idle_03_clipboard_cc
0x7D5DEBF4	idle_03_sol_2_int_rocco
0x7DA1FB75	idle_b_huang_facial
0x7D073546	idle_c_weapon
0x7DEFA2BF	idle_d_pencil
0x7DE479EE	idle_v4_cocmold
0x7D26182C	ig2_p3_base_jimmy
0x7D311E13	ig_avischwartzman_03
0x7D62C1F6	ig_benny_02_dual-24
0x7D8271F1	ig_djgeneric_01_dual-26
0x7D610EA8	ig_furry_dual-33
0x7D3A104F	ig_sacha_dual-12
0x7D17D20D	ig_yusufamir_p
0x7DA68ABC	imp_imptexp_mod_int_01_mainroom
0x7D350AD7	imposterdeferred
0x7DE3182A	incar_lookbehind_enter_passenger
0x7DBCD016	input_drop_weapon
0x7DA48D2A	input_frontend_rs
0x7DCA9C75	input_talk
0x7D4F3EC3	input_veh_cinematic_down_only
0x7D51DE24	input_veh_sub_descend
0x7D9DF7B7	insult_ped_bum_conv09_part1
0x7D9D51CC	insult_ped_hipster_conv11_part1
0x7D9BB29F	insult_ped_old_conv01_part2
0x7DFAC2BB	insult_ped_tough_conv13_part2
0x7D279D6A	int_lesters
0x7DBB43B7	investigate_03_amy_skater_01
0x7DF4CF5A	iom_pov3_up
0x7D5D1796	ionrrzqx
0x7D5F7A9A	itstimeto_5
0x7D8C43A3	jessie_ig_1_p8_thingsareallreallycool_6
0x7D018BBD	jessie_ig_2_yeahyeahyeah_2
0x7DB9BAE5	jh_buaa
0x7D6BB43C	jh_stab
0x7D7114CF	jhf_awah
0x7D9FF5F4	jhs1_adaa
0x7DC831C2	jimmy_rollsflapping
0x7D96AE52	josh4_asan
0x7D1D73F8	karate_chops
0x7D77332F	key_backslash
0x7D3FCF17	key_space
0x7D2577B6	kill_for_a_fag
0x7DCCF108	lamar_fkn0_cjae_01_g3
0x7D7B4EA3	laser_overheat
0x7DC8CB3A	layout_low_restricted_emerus
0x7DA74364	ld_2g_accept_s1
0x7DAA2701	left_arm_idle_b
0x7DBC4BA8	legal_main_disk_usage
0x7DFA357F	lem1_faab
0x7DA3A745	lem2_apaa
0x7D1122F2	lem2_ehae
0x7D907E48	lem2_ffad
0x7D88D668	lem2_gkad
0x7D575E53	les1a_ayaa
0x7D7D89AB	les_1a_ig_5a_jaynorris
0x7DCA526B	lift_posh_soundset
0x7D0F7FBB	live
0x7D2B4273	loc_bkaa
0x7D712CC0	loc_gvaa
0x7D3C4262	look_around_left_01_gr_prop_gr_part_mill_01a
0x7D8F4F88	lostkidnapgirl
0x7D1DDCDC	low_draw_5
0x7D662F6E	low_fin_int-6
0x7D09E607	lsdh_2a_ext-10
0x7D6B2038	lsdh_int-6
0x7DCF1BB3	lsdh_int_leadin_action_floyd
0x7DE67873	lts.
0x7D661F86	lts_prop_wine_glass_s2
0x7D5E4ED8	luce.
0x7D10FEE8	luxor-104
0x7D2505B8	luxury_horn_2
0x7D0D7612	m23_1_m231_3_iaa_f_rooms_shell003
0x7D71969D	m23_1_prop_m31_container_02a
0x7DD04E1F	m23_2_prop_m32_flarebox_01a
0x7DD8CE0F	m23_2_prop_m32_torncloth_01a
0x7D7F1865	m24_1_int_02_m241_elevators
0x7DE7BCF3	m24_1_prop_m41_blinds_closed_01a-31
0x7D5A4773	m24_1_prop_m41_candypile_01a-39
0x7D8ACA8F	m24_1_prop_m41_clipboard_01b
0x7D747DC7	m24_2_prop_m42_boat_01a-1
0x7D506EE4	m25_1_prop_m51_cratesmug_dam_2
0x7DD384B4	m25_2_int_01_l_lob_shelves_01
0x7D762A77	m25_2_int_01_l_mb_bed
0x7DC3B046	m25_2_int_01_r_gr_bed
0x7D047D8A	m25_2_int_01_win_outter_06
0x7DB6C0CA	m25_2_int_01_wp_safari_wall_08
0x7D0FECB2	m25_2_int_02_bar_tab_008
0x7D1C9079	m25_2_int_02_lght_pan_flr_4_vault
0x7D09CD9E	m25_2_prop_m52_business_card_01a-32
0x7DFBE8A2	m25_2_prop_m52_door_front_door-41
0x7DAD1BA8	m25_2_prop_m52_door_msn_pool_01a-83
0x7D413853	m25_2_prop_m52_door_msn_sliding_01c-87
0x7DC1F901	m25_2_prop_m52_wallart_r_08
0x7D608757	male_pos_e_p2_base
0x7D0A56CC	male_shower_idle_a_cam
0x7DA8E2E9	mann
0x7D32DA17	martin_1_mcs_1-5
0x7D708447	maxplayers
0x7D00CE7E	mch3_cnaa
0x7D03F4A8	mej1_bgab
0x7D02CEC8	melee@unarmed@streamed_stealth_fps
0x7D02C546	menu_unique_id_players_options
0x7D636C00	methl_adaa
0x7DDBE7AC	mgps_eoag
0x7DC4233B	mic_2_mcs_3_concat-9
0x7D23CCD7	micarrive_leadin_loop_trevor
0x7D28D8AA	miguel_patricia_action_01_patricia
0x7D63F855	min1_cnaf
0x7D62EF5A	min_value
0x7D74FD40	minivan2-52
0x7D27AFD9	missfbi5ig_34
0x7DC8D1C9	mo_ur_completedscan
0x7DB96CBA	money_spent_casino
0x7D83CA14	moodm_cdj_left_c_23_lp_right
0x7D63F574	moodm_dance_md_21_turntable_left
0x7D3F5184	moodm_deck_hi_02_bag
0x7D1E2261	moodm_mic_j_41_bag
0x7DDE40B4	mp_award_f_tshirt_011
0x7D5B9644	mp_corona@team_idles@female_a
0x7DBFF038	mp_f_sum2_g9ec
0x7DD903DE	mp_gunrunning_tattoo_014_m
0x7D7697CE	mp_heist3_loading_stairs
0x7D498DBA	mp_heist4_tat_023_f
0x7D5C8009	mp_heist4_tee_004_f
0x7D6E431F	mp_lr_tat_007_m
0x7D0D7D00	mp_m_weapwork_01_dual-24
0x7DC93D5D	mp_sum2_tat_062_m
0x7D3BB51E	mpcas1_int-15
0x7D4F3C8A	mpcas5_int-20
0x7D83AC98	mpct_ehaa
0x7DAC3FDF	mpct_itaa
0x7DFB7A28	mpdlc_auac
0x7DF70407	mph_tut_ext-1
0x7DC1780F	mph_tut_mid-11
0x7D6B028F	mpheist3_tat_004_f
0x7DD78372	n_ac1_fra_2_ext_p3_03-3
0x7DD79A30	n_ac1_fra_2_ext_p3_05-29
0x7D55D7E1	n_ac1_hs4f_tun_ent_p2_t01_01-0
0x7D56712C	n_ac2_fin_c_ext_p5_005-12
0x7DB08B7E	n_ac3_carsteal_3_mcs_33c_00-6
0x7D1F3389	n_ac59_mic_2_mcs_3_03-2
0x7DD209CD	n_ac7_bar_2_rcm_06-2
0x7D1E5704	n_ragelight1_dixn_intro_p1_001-7
0x7DC4BD7D	nig1a_ehaf
0x7D6BBDBF	nig1c_aqaa
0x7D3E4EC7	nme_mix_idle_k_30
0x7D0089FF	nme_unq_sync_a_14_facial
0x7DE087D0	nmt_1_rcm-20
0x7D3223C0	ntopenprocess
0x7D3566F4	oah
0x7D487437	oat_fos_ep_1_p1_35-14
0x7DF33424	ojas_gwab
0x7D75231D	on_knee_start_a_combatmg
0x7D258C5D	operate_03_gr_prop_gr_vertmill_01a
0x7D74A83C	orr_lakesidesplash_finish
0x7DCCB457	outro_hi_l_corner_short_topeek
0x7DB4BB8A	outro_hi_r_corner_short
0x7DFAA175	overflod
0x7DB98C9B	overheat_react_01
0x7D8846F9	overwritedragreduction
0x7D4D2D81	p_clb_officechair_s-3
0x7D460077	p_cs_clipboard-35
0x7DE7B8B7	p_cs_joint_02-22
0x7DBA1470	p_cs_laptop_02
0x7DD70948	p_cs_newspaper_s-7
0x7DC3CCC3	p_cs_sack_01_s-60
0x7DC4102F	p_franklin_02_dual-9
0x7D1EB117	p_ld_heist_bag_s_1-25
0x7D809901	p_leg_bind_cut_s-12
0x7D34AECD	p_lestersbed_s-10
0x7DDD2824	p_lev_sofa_s-32
0x7D202B3B	p_michael_02_dual-74
0x7DAEFFC9	p_motelbed_01_s-4
0x7DF9908E	p_novel_01_s-3
0x7D866175	p_parachute_s_braking
0x7D134866	p_spinning_anus_s-1
0x7DB9FA23	p_tumbler_01_trev_s-23
0x7D33F90F	p_tumbler_01_trev_s-27
0x7D326F04	panthere
0x7DB0F21D	pap1_cxab
0x7D6F3A19	pap1_egaa
0x7DABA29A	pap_1_rcm-5
0x7D4B7E23	pbcl_ahad
0x7D03D163	pbje_ahad
0x7DA4A091	pbpd_afae
0x7DBC79F2	pbsh_aqaa
0x7D9BAE88	ped_a_pour_one_male_d_glass
0x7DDB9958	ped_female@_stand_withdrink@_01b@_idles_idle_a
0x7DC29AC2	peventargslist
0x7DBDB005	pi_loadout
0x7DF0E49B	pil_prop_fs_target_01
0x7DC2EBD4	player/ped/vehicle.
0x7DA858B8	player_shotgun_takedown_kill_front
0x7DBA5C33	plyr_takedown_rear_righthook
0x7D1A2B9B	pm_pane_mis
0x7D0B2529	pose_a_trans_pose_c_prop_battle_fan
0x7D451F5C	pose_e_idle_e_blamadon
0x7D7406A6	postfxtexture2
0x7DE35E7D	pounder
0x7DAE1F02	precision:
0x7DEFA155	presetinteriorambientcache
0x7D30FB4A	proc
0x7D57C6F6	prop_barrel_01a-6
0x7DA33ACB	prop_box_ammo03a_set2
0x7DE28AE3	prop_cablespool_04
0x7DD8CB10	prop_champ_flute-27
0x7DA7C387	prop_const_fence01b_cr
0x7D60BBCF	prop_cs_bottle_opener-5
0x7D7D3632	prop_cs_cashenvelope-3
0x7DD617B2	prop_cs_ciggy_01b-0
0x7D823DBB	prop_cs_fridge_door-4
0x7D7AC3F5	prop_cs_kettle_01-22
0x7DB1F61C	prop_cs_keyboard_01-12
0x7D2A18B8	prop_cs_kitchen_cab_ld-61
0x7D85F101	prop_cs_kitchen_cab_rd-22
0x7D57ECAE	prop_cs_rage_statue_p1-7
0x7DBAD100	prop_cs_silver_tray-14
0x7D045DA7	prop_cs_tablet_02-6
0x7D10B85C	prop_dock_crane_01
0x7D8566B6	prop_flattruck_01a-17
0x7D8E36EE	prop_fnclink_06gate3-15
0x7D682C79	prop_food_bs_burg1
0x7D896177	prop_gd_ch2_08-12
0x7D69D9BD	prop_huf_rag_01-9
0x7DD96F06	prop_hx_arm_g_tr
0x7DA3D023	prop_hx_special_buggy_p
0x7D96D65F	prop_ind_conveyor_04
0x7DD2805E	prop_ld_handbag_s-33
0x7D75FFA5	prop_ld_handbag_s-37
0x7D78CADD	prop_microphone_02-6
0x7D7CDF66	prop_mug_01-65
0x7DAE3189	prop_parknmeter_02
0x7D2E1327	prop_phone_ing_03-21
0x7D8ECEF5	prop_phone_overlay_anim-25
0x7D49B233	prop_phone_overlay_anim-56
0x7D269E13	prop_pipes_03a
0x7DA25FC3	prop_player_phone_02-31
0x7D90E100	prop_player_phone_02-65
0x7D770186	prop_poolball_13
0x7D02B479	prop_rail_boxcar4
0x7DFE035C	prop_ron_door_01-8
0x7D4FDDA3	prop_roofpipe_04
0x7DBDB93C	prop_skate_flatramp
0x7DE757DC	prop_speaker_02
0x7D1A596A	prop_t_shirt_ironing-3
0x7D7A64FF	prop_t_telescope_01b-4
0x7D3DB088	prop_trev_tv_01-1
0x7DD9370D	propr_ajah
0x7D7D1888	prs_agaa
0x7D650DFD	prs_fhaa
0x7D060782	prs_kpaa
0x7D284145	ptrx_idle_g_q_l_21_headphones_dj_ptrax_facial
0x7D5652C3	ptrx_idle_q_mix_23_headphones_pd_dj_ptrax
0x7DA77714	rampa_away_idle_b_03_s_glass_02
0x7DF33BC2	rampa_away_idle_e_08_v2_hp_table
0x7D3440D7	rampa_away_idle_f_09_t_bottle
0x7D95B576	rampa_bch_unq_sync3_b_29_tumbler
0x7D710D0C	rampa_bch_unq_sync_a_18_hp_table
0x7D84B51E	rampa_bch_unq_sync_b_99_s_glass_03
0x7DF6D0DE	rampa_cue_idle_a_01_v2
0x7DEA55B9	rampa_cuedance_idle_a_02_s_glass_01
0x7D400E4E	rampa_cuelean_idle_b_02_v2_s_glass_02
0x7D5FCF9D	rampa_mix_sync_a_21_hp_head
0x7D9D85A7	rampa_mix_sync_a_21_v2_hp_table
0x7D45AE2C	rampa_mix_sync_b_26_facial
0x7D3D02F0	rampa_mixsway_idle_e_05_v2_s_glass_01
0x7D0A64AC	rampa_trans_cuedgrab_to_cueddown_a_05_v2_tumbler
0x7D1DC1A8	rampa_unq_sync_e_22_v2_s_glass_03
0x7D20AB2B	random@thanks
0x7D2EB9BB	rbh2a_fwab
0x7DD00536	rbh2a_kjaa
0x7D9336ED	re_seaplane2
0x7D8107E2	react_02_ped03
0x7DF40020	react_big_variations_a
0x7D59035B	reaction_bad_var01_seat2_facial
0x7D80AF41	read_02_amy_skater_01
0x7D3BE667	rear3_afaa
0x7D3BCAEE	rebu2_daac
0x7D2A4CE5	rebu2_dcag
0x7DFBDE12	recra_bjaa
0x7DC21CDF	rect1_alaa
0x7D22DFB5	reduced
0x7D6BC70C	regdref
0x7D818385	reh_int4_style4_shell
0x7DF0CCD9	reh_prop_reh_platform_b_01a
0x7D82CA58	rehh5_cdag
0x7DD21145	rehh5_chad
0x7DA40E30	repap_dgaa
0x7D665B58	retry
0x7DF3DBF9	reveal_played_p02_card_a
0x7DC4F1ED	ridotta.
0x7D527F83	rumpo-2
0x7DD5F109	s_m_m_bouncer_01_dual-12
0x7DB88D9D	s_m_m_ciasec_01_white_mini_01
0x7D36A027	s_m_m_gentransport_dual-20
0x7D70BCDF	s_m_m_studioassist_02_dual-6
0x7D8E9996	s_m_y_baywatch_01-13
0x7DB71AFB	s_m_y_baywatch_01-21
0x7D5F4AAC	s_m_y_grip_01_dual-2
0x7D54B84D	sample
0x7DABB6E9	sas1_byaa
0x7DD73AB0	savemigration.asmx/getsourceplatforms
0x7D7CBBC6	schafter3-0
0x7DE70E29	sclub_avaa
0x7DFC8D95	sclub_egaa
0x7D1ABCAA	scorcher-3
0x7D4DDFF1	scr_stunts_bomb_fuse
0x7DBC8912	scrap-lastwagen
0x7DF74849	seen
0x7D8751A8	set_stats_labels_and_values
0x7D58C470	sf_prop_sf_bot_broken_01a-3
0x7D2D19D7	sf_prop_sf_door_cabinet_01a-14
0x7DCBBCD1	sf_prop_sf_door_com_l_06a-54
0x7DBE97BF	sf_prop_sf_door_office_l_01a-52
0x7D4CCDBB	sf_prop_sf_door_stud_01a-15
0x7DD04B26	sf_prop_sf_door_stud_01a-66
0x7D3EC208	sf_prop_sf_laptop_01a-51
0x7DB16904	sf_prop_sf_mic_rec_01a-10
0x7DEFEA67	sf_prop_sf_monitor_stu_01a-7
0x7D0028EE	sf_prop_sf_offchair_exec_01a-12
0x7D18AD93	sf_prop_sf_offchair_exec_01a-59
0x7DD78941	ship_loop
0x7D302E24	shome_dbaa
0x7D71E934	shovel_shunt_from_back_michael
0x7D2B9E03	silenzio
0x7D4DC8DE	sit_phone_lookingleft_phone01
0x7DC36678	sky_diving_shake
0x7D782157	sleep_in_car_premier_car
0x7D83A307	sm_prop_smug_flask-71
0x7D49C724	sm_prop_smug_offchair_01a-56
0x7DFABEF2	sol1_bjab
0x7DE0C803	sol5_awab
0x7DF8C718	sp_f_eyes_0_6
0x7D334488	sp_f_feet_11_3
0x7D93492C	sp_f_feet_2_13
0x7D776F1B	sp_f_hair_9_0
0x7D1208C8	sp_f_head_16_0
0x7D624B63	sp_f_lowr_0_13
0x7D9A5992	sp_f_lowr_12_11
0x7D95FBDB	sp_f_lowr_6_11
0x7DBE8002	sp_f_teef_5_5
0x7DC93052	sp_m_feet_3_3
0x7D314BCB	sp_m_feet_6_15
0x7DAF1503	sp_m_jbib_6_3
0x7D2A82B0	sp_m_lowr_11_11
0x7D4438FE	sp_m_teef_10_5
0x7D90D9A1	sp_m_teef_11_13
0x7DEE6521	sp_m_teef_4_7
0x7DF508C6	special_ped@andy_moon@monologue_2@monologue_2e
0x7DF4A762	special_ped@tonya@franklin_4@franklin_4a
0x7DD3F143	spinningwheel_high_effort_03_facial
0x7D6E90DE	spots_oatfos_ep_1_p1_004-30
0x7DAFC304	spray_can_var_01_spraycan
0x7D44CD1F	stagd_coae
0x7DEE5E3F	stagd_cyab
0x7DC37193	stand_big_boat_front_idle
0x7DA4863C	stand_bwd_r
0x7DA9EF06	standclimbup_220
0x7D0F2746	standvault_80
0x7D951891	stars
0x7DB6260A	stradale
0x7D9CF4E7	stretch_bucket
0x7DAB26AB	stt_prop_tyre_wall_09
0x7DF86A04	sub_int-32
0x7D6E9CBF	sum_mp_h_acc_dec_sculpt_01
0x7D9894E2	sum_prop_ac_papers_01a
0x7D9E64F5	surprise.
0x7D6EFE03	swing_react_good_02_face_player1
0x7D092862	switch@trevor@scares_tramp
0x7DE04823	switch_on_clubchair
0x7DC2DE20	t1m1_dzaa
0x7DEFFC9B	t1m1_gkaa
0x7D8FFB28	tailgater2-55
0x7D5E2F31	tatto_aeab
0x7D1FBC21	taxi-11
0x7D28E5F5	than
0x7DA8EFCE	thrax-5
0x7DE33FF8	thugs_idle_b
0x7DAF5582	time_out_male
0x7DF5509E	timetable@reunited@ig_7
0x7D9B19BC	tou_dance_d_mm
0x7D0F9D0F	tow_deaa
0x7DB3F2EB	tr2_fmaa
0x7D67318B	tr_prop_tr_note_rolled_01a-1
0x7D9F0385	traction.
0x7D04EBF5	trade
0x7D7D9EBB	trevor_death_reaction_pt
0x7D588E96	trevor_shout_vig_02_l_facial
0x7D44017D	tri_swim_scene
0x7D0308E9	triggering
0x7D9383D6	trophy_b_player_b_face
0x7DF54319	trv3_cfac
0x7D37587C	tutorial.
0x7DB17B7C	txm3_dzaa
0x7D7D115A	txm9_elag
0x7D21BAD2	u_f_m_miranda-1
0x7DC3908F	u_m_y_justin
0x7D36797D	ueedpx
0x7DD7B89E	ui5
0x7DDBF2A4	unload_rl_01_gr_prop_gr_vertmill_01a
0x7D947D81	url:bugstar:1020424
0x7DBEFBD3	v_16_high_pln_over_shadow
0x7D11DAB7	v_16_mpmidapart17
0x7D6863A7	v_24_lgb_over_dirt
0x7D8B006B	v_31_newtun2ol
0x7D3DAC1F	v_44_shell
0x7DFD27AD	v_61_bd2_mesh_roadsign
0x7D0A3CCF	v_73_jan_wcm_over
0x7D883D72	v_74_it3_open_mnds
0x7DE23125	v_ilev_fh_bedrmdoor-42
0x7D71BBFF	v_ilev_fib_btrmdr-12
0x7DD388A7	v_ilev_fib_door1_s-41
0x7DF48CD9	v_ilev_fib_door1_s-86
0x7D6E6264	v_ilev_mm_doorm_l-19
0x7D00B7A1	v_ilev_rc_door2-57
0x7D7E3ED8	v_ilev_ss_door04-0
0x7D24C7DB	v_ilev_tort_stool-16
0x7DEB1FAD	v_ind_ss_chair01-48
0x7DDEE412	v_med_cor_downlight
0x7D4D0BD3	v_med_cor_medstool-8
0x7D5EE05D	v_res_fa_chopbrd-24
0x7D6C9703	v_res_mddresser_off
0x7DC01ABB	v_res_tre_sofa_s
0x7D0DC479	v_res_tt_bedpillow-7
0x7DC0BD25	v_ret_fh_walllighton
0x7DAAB8FD	v_ret_gc_plant1-24
0x7D129A4C	v_tre_sofa_mess_a_s-32
0x7DDF6251	valley
0x7DA851EC	van_front_ps_idle
0x7DEC14AD	veh_vent_plane_duster
0x7D9F92CA	vend_no_item
0x7DD491E7	veui_cam_lhs
0x7D29224F	veui_save
0x7DB094EE	vfx_it3_13
0x7D462960	vid_xs_f
0x7DF63FD9	vivanite2-13
0x7D24C474	vw_prop_casino_art_plant_09a
0x7D15EAE7	vw_prop_vw_box_empty_01a-69
0x7DF9F65F	vw_prop_vw_casino_podium_01a-0
0x7DE99F4C	vw_prop_vw_hrt_char_10a
0x7D8F8EA1	vw_prop_vw_ice_bucket_01a-5
0x7D81F60B	vw_prop_vw_key_cabinet_01a
0x7D62D71D	vw_prop_vw_wallart_98a
0x7D7AD8E4	w_ar_assaultrifle-33
0x7DDF5BE5	w_ar_assaultrifle-52
0x7D1FDC92	w_ar_assaultrifle-78
0x7DC9364E	w_ar_bullpuprifleh4-9
0x7D83F337	w_ar_bullpuprifleh4_mag1-5
0x7DD53FD5	w_ar_carbinerifle_mag1-6
0x7DFAB491	w_ar_carbineriflemk2-27
0x7D0590E4	w_at_pi_comp_2
0x7DE6720D	w_grip_idle
0x7D1B3C89	w_pi_sns_pistolmk2_sl_camo5
0x7D2F8D36	w_pi_stungun-6
0x7DD049A4	wade
0x7D1D8C9E	watchidle_b_var_02_facial
0x7DDF7751	water_jetski_bow1_mounted
0x7D3D212C	wcd_grip
0x7D2CBDEF	wcd_pdw_clip1
0x7DBDD3D4	wcisbrg58a
0x7DF39B8D	wct_tint_27
0x7D112C28	weapon_select_electrocute_player
0x7D7F5B78	weird
0x7DA09D2F	wheel_fric_hard_dusty_tank
0x7DC5970C	whisky_window_part_two
0x7D78C303	winky-19
0x7D755E21	wobble_add_neutral_ped_a
0x7DEF2A24	wobble_add_winb_ped_b_face
0x7D50506E	x@t
0x7D468753	xm24_factory_int-50
0x7DEECE88	xm24_mfh_int-10
0x7D8157D8	xm25_avi6_rescue_mcs1c-14
0x7D127B6D	xm3_drg1_ace_int-53
0x7D5D03E2	xm3_int3_impexp_intwaremed_lamp14
0x7D66DB50	xm3_mpchristmas3_additions_trainb13
0x7D768E7A	xm3_prop_xm3_code_77_79_73
0x7DD3C927	xm3_prop_xm3_lab_hcacid
0x7D521126	xm3_prop_xm3_lsd_bottles3
0x7D45C585	xm3_prop_xm3_papers_01a
0x7D5F8B15	xm3_prop_xm3_para_rope_01a
0x7D2B5892	xm3_prop_xm3_pouch_01a-76
0x7D8CFDA7	xm3_prop_xm3_rub_matress_01a-31
0x7D29121A	xm_prop_base_blast_door_02_l-0
0x7DD17D6C	xm_prop_iaa_base_door_01-31
0x7D7525C0	xm_prop_lab_booth_glass03
0x7D4AF600	xm_prop_x17_clicker_01-61
0x7DFAA7F7	xm_prop_x17_laptop_avon-61
0x7DB0927C	xs_prop_arena_jump_s_01a_wl
0x7D1224EC	xs_propintarena_structure_c_01bld
0x7D4E60BD	yaceaquiestoynomas_0
0x7D65FFD7	yosemite2-15
0x7DCF0A46	youga2-38
0x7D997BBC	ziptie_drugged_idle_02_right_hand
0x7D53474E	zr350-28
0x7DE4F6C1	zu.
