0x8F6B22F7	-disablevehmods
0x8F86F10D	.bat
0x8F25F468	/q9qqcd9dmhi@b
0x8FF22B86	001077_01_m_c
0x8F77E775	01_03_base_mouse
0x8F27C8B4	157.2
0x8F7A89FE	230_technical3_modkit
0x8FF9575C	36_landstalker_modkit
0x8FDC1D6C	3ohesqkvny
0x8FEF3512	54_sandking_modkit
0x8F1C9D01	9p.md
0x8F7FE67B	:98765443210//.-
0x8F172434	@peeraddrs
0x8F5CB2D9	_leadin_loop2_lester
0x8FB359EA	_leadout_patricia
0x8F151D21	a@xydq
0x8F40A138	a_f_m_bevhills_02-2
0x8FBB59C7	a_f_y_beach_01_dual-43
0x8FC6457E	a_f_y_clubcust_04_p
0x8F11F3F9	a_f_y_fitness_01_dual-9
0x8FD362C2	a_f_y_smartcaspat_01_dual-29
0x8F8C2ACF	a_f_y_tourist_01_dual-70
0x8FCA1B55	a_m_m_bevhills_01_dual-10
0x8F325C87	a_m_m_fatlatin_01_dual-32
0x8F45DF82	a_m_o_soucent_01_black_full_01
0x8F422F72	a_m_y_busicas_01_dual-29
0x8FEE4F35	a_m_y_genstreet_02_dual-3
0x8F0E2245	a_m_y_hipster_02_dual-0
0x8FD35867	a_m_y_hipster_02_dual-23
0x8FB8400E	a_m_y_juggalo_01_p
0x8FF54A53	ac12_pro_mcs_6_p2_alt1_001-3
0x8FCF3702	ac14_lamar_1_intp2t10_01-9
0x8F521DA0	ac3_fra_2_int_p2_b_01-14
0x8F0F5F32	ac42_fam_6_int_p3_t7_01-18
0x8FB79037	ac4_mph_pri_mid_p3_t04_cyan_lamp001-3
0x8F69DC34	ac_ig_3_p3_b-6
0x8F1F690D	action_02_door
0x8F5EED18	adam_away_idle_g_01_bottle
0x8FED6DB5	adam_away_idle_z_02_tumbler
0x8F6223B3	adam_cue_idle_t_06_facial
0x8F9FE075	adam_trans_cue_to_away_d_08_facial
0x8F3E50FA	adam_trans_mix_to_mixdance_c_08_tumbler
0x8FBBC96A	adam_trans_sidemix_to_mix_b_08
0x8F3F7B79	adam_unq_sync2_g_27b_hp_table
0x8FC1D446	aeroporto
0x8FB44178	ah3b_anaa
0x8FA6DE11	ah3b_bpaa
0x8F0DD819	ah3b_iraa
0x8F7C2688	ah3b_nbac
0x8F05BE86	ah3b_saaa
0x8F979CCB	ah_3a_building_explosion
0x8F1458C8	ah_3a_ext-22
0x8F2E45E4	aimc_calm_fwd_r
0x8F976B2A	air_guitar_02_exitloop_chair_a
0x8FBA8E03	amb@world_human_bum_freeway@male@base
0x8F6165EF	amb@world_human_seat_wall@female@hands_by_sides@cowering
0x8FAF5FC4	amb@world_human_seat_wall_tablet@male@exit
0x8F59130C	ambclub_07_mi_hi_to_li_mi_laz
0x8FAD40EA	ambclub_11_li_mi_handsup_glowstick_r
0x8F6CCD70	amir
0x8F71B4BF	anim@amb@carmeet@checkout_car@drink@male_a@idles
0x8FAA237E	anim@amb@carmeet@listen_music@female_a@base
0x8F99DDDD	anim@arena@amb@seating@seat_d@
0x8F5FF4E6	anim@mp_player_intcelebrationmale@the_woogie
0x8FF219C7	anim@mp_player_intincardancestd@ds@
0x8FDEE559	anim@mp_player_intincarslow_clapbodhi@rds@
0x8F933371	anim@mp_player_intupperface_palm
0x8F30BE6E	anim@scripted@avi5@ig3_wire@heeled@
0x8F47C021	anim@scripted@data_leak@fixf_fin_ig1_johnnyguns_idle@
0x8F410FF9	anim@veh@helicopter@thruster@front@enter_exit
0x8FD68F10	anim@veh@lowrider@std@ds@arm@music@countryidle_c
0x8F1131E3	anim@veh@plane@besra@front@base
0x8FDCA48C	anim@veh@plane@bombushka@rear@rds@enter_exit
0x8FC80E93	anim@veh@std@draugur@rds@enter_exit
0x8FFB09BD	anim@veh@van@zhaba@common@rds@enter_exit
0x8F267744	anim_ac55_fos_ep1_p6_01-14
0x8F5BD81F	anim_ac61_fos_ep1_p6_00-29
0x8F58E51F	anim_ac61_fos_ep1_p6_01-35
0x8F4B8BC4	anim_ac70_fos_ep1_p6_00-32
0x8F056AFF	anim_ac75_fos_ep1_p6_16-23
0x8FCB2BDA	anim_casino_a@amb@casino@games@insidetrack@ped_female@engaged@01b@play@v01
0x8FBC5F29	anim_casino_a@amb@casino@games@slots@ped_male@regular_withdrink@01b@base
0x8FF81968	anim_casino_b@amb@casino@games@roulette@ped_female@seat_3@regular@03b@ready_up
0x8FB18516	anim_casino_b@amb@casino@games@threecardpoker@ped_female@slouchy@01b@reacts@v01
0x8F3AAED5	anim_casino_b@amb@casino@games@threecardpoker@ped_female@slouchy_withdrink@01b@trans
0x8F46CE85	anim_oat_fos_ep1_p6_044-33
0x8FCC7885	anim_oat_fos_ep1_p6_22-5
0x8F01F76D	anim_spots_oat_fos_ep1_p6_01-29
0x8F79C3B1	animl_afar
0x8FF503B8	animl_aiam
0x8F319285	animl_aoao
0x8F6699BC	animl_dlaf
0x8FA87323	animl_dpaf
0x8FADEDFA	animl_dsag
0x8FD151C0	animl_ekaa
0x8F62B4BB	animl_ewag
0x8F737405	animl_fhai
0x8F6B2587	animl_fmab
0x8F144196	animl_fwal
0x8F6FD572	animl_gyaa
0x8F4FE53D	annihl
0x8FA396A5	ansph_bzab
0x8FDF0368	apa_int_mp_h_06
0x8F635BFC	apa_p_mp_door_apartfrt_door-24
0x8F69891A	apa_pri_int-45
0x8F33D30B	apa_v_mp_h_04_a
0x8FF61196	apt_exit_left_alt1_ped_c
0x8F26BFD0	ar_birds_quail_day
0x8FFF8650	ar_dlc_gr_yacht_engine_room_1_motor_04
0x8FD46F7E	ar_dlc_hei4_int_sub_command_radio_02
0x8F511669	arena_int2-8
0x8FACDEDD	arm3_adal
0x8F95526B	arms_evad
0x8F034845	arms_jdaa
0x8F839357	arrive
0x8F3F3D84	asfl_abak
0x8F7DCDE0	aspectratio
0x8F56395F	athashnextsize
0x8F9BBD03	autrefois
0x8FDE725F	az_dlc_gr_moc_b3_vehicle
0x8F6B9E2E	az_dlc_h4_guard_tower_01
0x8FD39131	az_dlc_h4_ih_compound_01
0x8F403D56	az_lesters_house_cameras_03
0x8F15F999	az_reflections_tunnel_07
0x8F6B5CE9	ba_prop_battle_champ_open_03-35
0x8F833BC7	ba_prop_battle_club_computer_01-3
0x8FD08342	ba_prop_battle_sniffing_pipe-32
0x8FF911CF	ba_prop_battle_sniffing_pipe-74
0x8F013EA3	ba_prop_door_elevator_1r-6
0x8F586561	ba_prop_door_elevator_1r-75
0x8F312B0F	bag_cash_dissapear
0x8F9A4E65	balanceabortthresholdend
0x8F616E98	bar_3_rcm_barry_standing_on_street_fidget
0x8F1427FE	base_joe
0x8FB972FA	batch
0x8F316711	bb_fra2_16
0x8FE97ED6	bedienfreundlichkeit
0x8FA3A1B3	bfinjection-13
0x8F0B6F84	bh1_08_carparkdoor
0x8F6F9549	bighitbyvehicle
0x8FBE7A42	bill_ig_1_b_01_imofferingironclad_4
0x8FAC194D	bits
0x8FCEAAC2	bkr_biker_dlc_int_ware02_coke_anim_sound_load
0x8FC9CCF0	bkr_deadline_start_music
0x8F327422	bkr_prop_coke_block_01a
0x8F458E24	bkr_prop_fakeid_penclipboard-26
0x8FDBB832	bkr_prop_weed_bucket_01c
0x8F86EB94	blazer-6
0x8FB29E56	blindfire_hi_l_enter_hi
0x8F3AFAEC	bmad_out_soldix_in_a_glass_cc
0x8FF0CFCF	boardroom_react_m_d
0x8F4EB8AE	break_weigh_tray01
0x8F93BEC7	breakdown_idle_b
0x8F49AE28	brutus2
0x8FF86C16	burrito3-8
0x8FA41AB4	busto_bdag
0x8F6DEE7D	c_trans_b
0x8F9D3FC4	car.indicator.day.emissive.off
0x8F445AA3	car_mod_lowrider_entry_transition_scene
0x8F350BF8	carbonizzare-23
0x8F656133	cargobob5-5
0x8F142B44	cavalcade-2
0x8F2C486C	cellphone_call_listen_a
0x8F28C62A	certes
0x8FE4C3D8	ch1_09b_vinegrapes_52
0x8F316115	ch1_09b_vinegrapes_69
0x8FF46503	ch1_09b_vinegrapes_83
0x8F0B0061	ch_prop_arcade_street_01c_off-40
0x8F543FAB	ch_prop_casino_chair_01a
0x8F625F1D	ch_prop_tunnel_tripod_lampa
0x8FDB7AFB	chassis_dummy
0x8F7BC9E6	chatc_chag
0x8F02635B	chatc_cnaf
0x8FC51243	chi2_cfab
0x8F2CCE74	clear_wanted
0x8FE59B32	club_intro2-29
0x8FE4ECD0	clutchchangeratescaledownshift
0x8F05F874	cm_dowel2
0x8F0CE3CE	collapse_loop_a
0x8FC4EBAA	combat_gear
0x8F510FE7	combatroll_bwd_p2_135
0x8FA06F1F	contre
0x8F753F91	conv_smoke_state
0x8F1D4660	convo_trevor_whahellholaamigo_1
0x8F88CD94	corona_fos_ep1_p1_05-27
0x8F3F8220	cpacketwatercannonsprayfx
0x8F10D85E	crate_box_2_cb_2
0x8F093545	cruiser-1
0x8F401662	cs_amandatownley_dual-54
0x8F800225	cs_barry_dual-11
0x8FFF61EA	cs_clay_dual-10
0x8F4DAE58	cs_doobie_smoke-1
0x8F269E30	cs_drfriedlander_02_dual-9
0x8FBD484A	cs_janet_dual-4
0x8F43856A	cs_lestercrest_2_dual-32
0x8FF3815E	cs_lestercrest_2_dual-44
0x8F74E010	cs_martinmadrazo_02_dual-64
0x8F22DF6C	cs_martinmadrazo_02_dual-65
0x8F62BBCB	cs_milton_dual-2
0x8FB8D547	cs_molly_dual-19
0x8FC756C4	cs_nigel_dual-4
0x8F3C7943	cs_prologue_tire_mist-6
0x8F3A8480	cs_russiandrunk_dual-38
0x8F508AA0	cs_taostranslator_dual-2
0x8F6378AD	cs_xm_lighter_flame-37
0x8F5B663B	csb_avon_dual-62
0x8F723347	csb_faber_02_dual-24
0x8F1F8EEF	csb_helmsmanpavel_02_dual-58
0x8F4340CF	csb_jamalamir_dual-24
0x8FE3CC7C	csb_mrs_r_dual-30
0x8F67E495	csb_musician_00_dual-9
0x8F2CED3C	csb_screen_writer_dual-12
0x8F2D9C9F	csb_sessanta_dual-51
0x8FC83C24	csb_wendy_dual-9
0x8F9257B8	csb_yusufamir_dual-50
0x8F31D0B0	cst2_cyak
0x8F468979	cst2_imab
0x8F1357A6	cst7_czae
0x8FB058DC	cst7_czaw
0x8FC63AA0	cut-outs
0x8F804843	cut_chinese1
0x8F90BFB2	cut_exile3
0x8FB30282	cut_guilotine_v1_table
0x8F7B6C83	cut_sec_chop_weed_drool-29
0x8F07AD8E	cut_sec_cig_lighter_flame-26
0x8F351C93	cut_sec_cig_weed_smoke-17
0x8F9A7D6E	cut_sec_weed_van_smoke-16
0x8F12749A	cut_sec_weed_van_smoke-22
0x8FF38972	cut_tn_swat_van_skid_smoke-41
0x8F2DD659	cutting_loop
0x8F4C93EC	d_ac12_fin_a_int_01-6
0x8FAB4BDA	d_ac1_fra_2_ext_p3_05-27
0x8F24021A	d_ac1_fra_2_ext_p3_05-9
0x8F73C213	d_ac27_mmb_1_rcm_02-16
0x8FB6FBB2	d_ac3_armenian_3_mcs_8_015-3
0x8F1CA786	d_ac3_hs4_scp_airs_p2_t07_00-21
0x8FC228F5	d_ac3_hs4_scp_airs_p2_t07_00-23
0x8F3914D5	d_ac3_hs4_scp_airs_p2_t07_03-13
0x8FE854E4	d_ac3_hs4_scp_airs_p2_t07_03-6
0x8F9955B8	default_noedge.sps
0x8FB2F1CA	des_frenchdoors_start
0x8FEEE2CD	des_jewel_cab4_start
0x8F3A5331	des_tanker_crash
0x8F21F814	desk_seated_throw_joint
0x8FF7338A	dh1_dwac
0x8F0D14D6	diagonally
0x8F793628	disablelefthandikincover
0x8F596BA4	disgusted_01_left_v_ilev_chair02_ped
0x8F8119E5	distantlights.size
0x8F66C7F7	dixn_start_headphones_neck
0x8FA216B9	dlc_ch_maintenance_sounds
0x8F913FA0	dlc_mp_ar_f_berd_0_5
0x8F47B2B7	dlc_mp_ar_f_jbib_1_12
0x8F3DFB16	dlc_mp_ar_m_phead_0_4
0x8F084EB2	dlc_mp_arena_f_feet_8_9
0x8F27737B	dlc_mp_arena_f_special_0_9
0x8F2CEACD	dlc_mp_arena_f_special_4_10
0x8F5DE97E	dlc_mp_arena_m_berd_2_4
0x8FCE708A	dlc_mp_arena_m_berd_4_6
0x8FCC365D	dlc_mp_arena_m_feet_0_21
0x8F379EA9	dlc_mp_arena_m_jbib_1_8
0x8F28E55E	dlc_mp_arena_m_jbib_3_10
0x8F3543D8	dlc_mp_ass_f_jbib_0_4
0x8FFC615F	dlc_mp_bh_f_jbib_9_1
0x8F21764A	dlc_mp_bh_f_legs_0_2
0x8FC4BA92	dlc_mp_bh_f_special_11_11
0x8FF39D5A	dlc_mp_bh_m_jbib_0_23
0x8FE14124	dlc_mp_bh_m_special_1_6
0x8FBB20E5	dlc_mp_biker_f_jbib_19_0
0x8FEDE2FF	dlc_mp_biker_f_jbib_23_0
0x8F67634A	dlc_mp_biker_f_special_0_25
0x8F4E720F	dlc_mp_biker_f_special_4_25
0x8FDDB826	dlc_mp_biker_m_jbib_22_1
0x8F1A940B	dlc_mp_biker_m_pright_wrist_4_0
0x8FFCEF48	dlc_mp_biker_m_special_1_12
0x8F946E41	dlc_mp_biker_m_special_1_2
0x8FFA1934	dlc_mp_biker_m_torso_20_0
0x8F495849	dlc_mp_busi2_m_accs1_1
0x8F1F8932	dlc_mp_busi2_m_teeth0_0
0x8F636C27	dlc_mp_busi_f_accs0_9
0x8FEA2FFA	dlc_mp_busi_f_hair1_4
0x8F88ACBF	dlc_mp_busi_m_accs0_7
0x8F6CD3EB	dlc_mp_busi_m_accs2_6
0x8F680748	dlc_mp_busi_m_feet1_11
0x8F99BBD0	dlc_mp_busi_m_jbib1_8
0x8F5961EC	dlc_mp_business_m_hat1_10
0x8F9CAFC4	dlc_mp_fixer_f_legs_1_12
0x8FF1A97D	dlc_mp_fixer_f_legs_3_20
0x8F92EEE6	dlc_mp_fixer_m_jbib_0_7
0x8F0885A1	dlc_mp_fixer_m_legs_4_15
0x8F8135D3	dlc_mp_gr_f_berd_1_2
0x8FEEEFDE	dlc_mp_gr_f_berd_2_6
0x8F7812D2	dlc_mp_gr_f_jbib_19_15
0x8FA9CAAB	dlc_mp_gr_f_jbib_21_17
0x8F9B1278	dlc_mp_gr_f_special_23_0
0x8F97EB8E	dlc_mp_gr_f_torso_14_5
0x8FE9B735	dlc_mp_gr_f_torso_19_8
0x8F10008E	dlc_mp_gr_f_torso_26_0
0x8FF04F22	dlc_mp_gr_f_torso_32_6
0x8F94717F	dlc_mp_gr_f_torso_4_1
0x8FC105CB	dlc_mp_gr_m_decl_5_6
0x8F2D064B	dlc_mp_gr_m_jbib_12_12
0x8F3E87EE	dlc_mp_h3_f_hand_2_5
0x8FEABD32	dlc_mp_h3_f_jbib_16_0
0x8FE69D25	dlc_mp_h3_f_phead_6_22
0x8F934244	dlc_mp_h3_f_special_8_15
0x8F45E939	dlc_mp_h3_m_hand_3_4
0x8F46C9FF	dlc_mp_h3_m_jbib_11_12
0x8F2F4FF3	dlc_mp_h3_m_phead_9_9
0x8F559EB5	dlc_mp_h4_f_hand_3_13
0x8F9821FE	dlc_mp_h4_f_phead_0_5
0x8F31BFB9	dlc_mp_h4_f_special_4_2
0x8FEDC115	dlc_mp_h4_f_torso_8_3
0x8F6C60C3	dlc_mp_h4_f_torso_9_12
0x8FEE6515	dlc_mp_h4_m_peyes_1_8
0x8F8EE1BF	dlc_mp_h4_m_special_6_4
0x8FB3E20D	dlc_mp_h4_m_special_6_6
0x8FA387C7	dlc_mp_heist_f_hand_9_20
0x8F9D9B7F	dlc_mp_heist_f_legs_6_2
0x8F33F864	dlc_mp_heist_f_teeth_1_0
0x8F333E9E	dlc_mp_heist_m_hand_6_0
0x8F08927E	dlc_mp_hips_f_accs1_8
0x8FB1C600	dlc_mp_hips_f_teeth0_0
0x8FC566A8	dlc_mp_hips_m_jbib3_1
0x8FDB0864	dlc_mp_hips_m_teeth0_0
0x8FB370B7	dlc_mp_ie_f_jbib_11_15
0x8F84F1D2	dlc_mp_ie_f_jbib_20_8
0x8FEDAB9E	dlc_mp_ie_f_jbib_4_8
0x8F7AFE59	dlc_mp_ie_f_special_11_15
0x8FED02D0	dlc_mp_ie_m_berd_5_0
0x8FECE966	dlc_mp_ie_m_jbib_4_19
0x8F568FEF	dlc_mp_ind_f_phead_4_0
0x8FEC1B72	dlc_mp_ind_m_phead_6_2
0x8F2E317A	dlc_mp_jan_f_hand_7_9
0x8F308181	dlc_mp_jan_f_special2_6_9
0x8FDC1FAA	dlc_mp_jan_m_special2_11_4
0x8F06DCC5	dlc_mp_jan_m_special2_5_9
0x8F9ADB4F	dlc_mp_jan_m_special2_9_7
0x8FA3A00C	dlc_mp_low_f_phead_0_13
0x8F330049	dlc_mp_lts_m_uppr_0_3
0x8FE6C68E	dlc_mp_luxe2_m_teeth_10_1
0x8F4AB01C	dlc_mp_luxe_f_special_5_3
0x8FD29807	dlc_mp_pilot_f_hand_3_1
0x8F734AA3	dlc_mp_pilot_f_hand_4_12
0x8F096ED7	dlc_mp_pilot_m_hand_7_1
0x8F87821C	dlc_mp_pilot_m_hand_9_25
0x8FF8BAAB	dlc_mp_smug_m_phead_5_10
0x8FC2D451	dlc_mp_smug_m_phead_6_22
0x8F1CB25B	dlc_mp_smug_m_phead_7_14
0x8FDDCAFA	dlc_mp_smug_m_special_5_2
0x8FC86864	dlc_mp_smug_m_special_8_8
0x8F44563D	dlc_mp_smug_m_special_9_7
0x8F453B68	dlc_mp_stunt_f_feet_3_0
0x8F4CE6A1	dlc_mp_stunt_m_jbib_8_2
0x8F97859E	dlc_mp_stunt_m_phead_4_0
0x8F38FDE1	dlc_mp_stunt_m_phead_9_16
0x8F36BA9B	dlc_mp_sum2_f_feet_3_13
0x8F81CD15	dlc_mp_sum2_f_peyes_1_17
0x8FA03B4A	dlc_mp_sum2_m_berd_10_13
0x8FE26336	dlc_mp_sum2_m_berd_10_22
0x8FC7CB7B	dlc_mp_sum2_m_legs_0_17
0x8F036877	dlc_mp_sum_f_jbib_18_6
0x8F66022C	dlc_mp_sum_f_jbib_8_4
0x8F188A46	dlc_mp_sum_m_jbib_17_15
0x8FF5E21E	dlc_mp_sum_m_jbib_6_2
0x8F92157C	dlc_mp_sum_m_legs_1_14
0x8F2C7A3A	dlc_mp_sum_m_special_0_11
0x8FBBFFB7	dlc_mp_sum_m_special_2_1
0x8F9BB3F1	dlc_mp_sum_m_torso_13_3
0x8FDFB125	dlc_mp_tuner_f_jbib_11_4
0x8FF2850C	dlc_mp_tuner_f_phead_1_8
0x8F0E6DA0	dlc_mp_val2_f_legs_1_8
0x8FD39589	dlc_mp_val_f_jbib2_1
0x8FA22F61	dlc_mp_vwd_f_jbib_16_11
0x8FA22D02	dlc_mp_vwd_m_jbib_11_23
0x8F9CB8B2	dlc_mp_vwd_m_jbib_23_1
0x8F74E968	dlc_mp_vwd_m_jbib_6_1
0x8F22395B	dlc_mp_vwd_m_jbib_7_13
0x8F65A111	dlc_mp_vwd_m_legs_4_6
0x8FC36106	dlc_mp_vwd_m_phead_1_11
0x8F824FE5	dlc_mp_vwd_m_pleft_wrist_5_5
0x8F4529D4	dlc_mp_x17_f_jbib_2_16
0x8F2FCAAD	dlc_mp_x17_f_jbib_2_5
0x8F1CB5AC	dlc_mp_x17_m_feet_4_25
0x8F1C22EC	dlc_mp_x17_m_special_1_13
0x8FF65138	dlc_mp_x22_f_feet_2_8
0x8FDB65C4	dlc_mp_x22_f_jbib_12_10
0x8F8E8256	dlc_mp_x22_f_jbib_23_0
0x8F47A6A4	dlc_mp_x22_f_jbib_9_16
0x8F66B78E	dlc_mp_x22_f_legs_0_19
0x8FEAA45E	dlc_mp_x22_f_phead_10_19
0x8F7CD281	dlc_mp_x22_f_phead_1_9
0x8FDD9516	dlc_mp_x22_f_phead_2_22
0x8F582B3D	dlc_mp_x22_f_pleft_wrist_0_0
0x8FB0A051	dlc_mp_x22_f_pright_wrist_0_3
0x8F048C62	dlc_mp_x22_m_jbib_22_25
0x8FAF536B	dlc_mp_x22_m_legs_0_1
0x8FBC8122	dlc_mp_x22_m_phead_5_1
0x8F2B16C7	dlc_mp_xmas2_f_jbib_0_0
0x8FE0863F	dlc_mpsecurity_studio_lounge
0x8F705CE3	dlc_mpsum2_basement_entity1
0x8FB4EEB4	door_trans_hinge_lr_sneak_player1
0x8FBBD004	doyouwantaphotowithme_0
0x8F9941BF	drf_dtad
0x8F325838	drf_mic_2_cs_1-105
0x8F2694BB	drf_mic_2_cs_1-71
0x8F5E9925	drf_mic_2_cs_2-3
0x8F183890	drf_mic_3_cs_1-53
0x8FBE0460	drf_mic_3_cs_2-91
0x8FCBA1D2	drinking_wine_cam1
0x8F2F24D9	dx11
0x8FC3FD19	economists
0x8F245469	emissive
0x8FC3AADC	emperor2
0x8FBE3A3A	end_loop_foreman
0x8FBE637B	ent_ray_pro1_vault_exp_lit
0x8F7AF9E8	entityxf-8
0x8F6AB032	ep_2_rcm-11
0x8F399810	eps1_aeaa
0x8FF1384D	epsw_akaa
0x8F3C2BBF	es_1_rcm_p1-0
0x8FF2E7DC	event_network_summon
0x8F2C7B5D	event_ped_jacking_my_vehicle
0x8FE3A3D7	ex_dt1_11_office_02b
0x8FF5573F	ex_mp_h_din_chair_09
0x8F033A01	ex_prop_exec_lighter_01-46
0x8F18BA66	ex_prop_tv_settop_remote-30
0x8FD8ADBF	exc_prop_exc_gar_door_01a-6
0x8F2F6FEB	exile_3_int-4
0x8F1CBA0C	exit_spraycan
0x8FBECEC4	exp_tag_bomb_cluster_secondary
0x8F03A144	exp_tag_railgunxm3
0x8F704C81	ext1_cvab
0x8F88D2EB	ext1_czaa
0x8F7364EC	f_exit_01_davies_ped_b
0x8FC2DB1D	fafj_buaa
0x8F318FC4	fam4_awac
0x8FE70145	fam5_byai
0x8F000543	fam6_avab
0x8F0E0450	fam_4_int_alt1-2
0x8F545724	fam_5_mcs_6
0x8F41C156	fama_cgaa
0x8F7E7D0C	famf_bdaa
0x8F975884	famt_coaa
0x8F0A78FC	fan1_blac
0x8F850776	fanatic2_start
0x8F33D4A1	fatf_afaa
0x8FED37C9	fatm_biaa
0x8F6EA88E	fb_l_lid_upper_005
0x8FC79061	fbi2_doaa
0x8F661F54	fbi3_avaa
0x8F01135E	fbi3_michael_arrives_1
0x8FF693A2	fbi5_gesture_chat
0x8F3F4FCC	fbi5a_izaa
0x8F4D58D6	fbi5a_loac
0x8FA3F61F	fbi_2_int_leadin_action_steve
0x8FC5936B	fbi_heist_mug_architect
0x8F6ADC54	fbiold
0x8FDCEE4E	fbipr_bxac
0x8F77DF57	fbis1_bqac
0x8F4989DE	fbis4_aeaa
0x8F2DA04D	fbis4_dfac
0x8FFB1C5F	fcfj_czah
0x8F1BC664	fcft_cqag
0x8F1E1754	fcft_daac
0x8F264B4C	fcftl_cnab
0x8F6F4798	fclrlohkls
0x8F4FB16D	fcma_dfad
0x8FBCB27B	fcma_dmad
0x8F623099	fcmf_diab
0x8FA84C62	fcmf_dtab
0x8FA9F452	fcmft_csao
0x8FB7382E	fcmft_dbab
0x8F4C8EA7	fcmft_deaj
0x8FCCEF4D	fcmft_dgan
0x8F319020	fcmj_czag
0x8F3D9E62	fcmt_ehah
0x8FC7EBDB	fctl_cram
0x8FB12134	female_pos_a_p1_weed_idle_02_facial
0x8F543757	female_pos_a_p2_idle_01_facial
0x8F77C6A0	female_pos_b1_p1_exit
0x8F630B0C	female_reveal_played_p01
0x8F346D56	fh2b_leave_bank
0x8FBFFD90	fill_ac5_mph_nar_mid_p2_005-8
0x8F7FB5F2	fin_2_save_michael
0x8F6DC745	final_loop_gal
0x8FE76742	finc1_enaa
0x8F0B21BE	finc1_fhao
0x8F9604C8	finc1_gcac
0x8F073AC9	finh1_caaa
0x8F0AB7FA	finh1_cpai
0x8FFC8DBA	finh1_cwac
0x8F2770DC	fix_agy_int2-24
0x8F592D7C	fix_golf_int-14
0x8F853494	fix_golf_int-33
0x8FE8929A	fix_trip3_ext-10
0x8F5812B4	fix_trip3_mcs1-5
0x8F21FE53	fix_wrms_ig2_weak_action_franklinweed
0x8FE28E36	fkn0_bbak
0x8FB33B7E	fkn0_dzaa
0x8FB490E0	fkn0_fead
0x8FA5CD57	fkn1_iaaa
0x8F712888	fkn1_kaac
0x8F876F6B	fkn1_kcaa
0x8F7F4AB0	flag_drawablelodusealtfade
0x8FE01B68	flap_4
0x8FC50F21	flatbed2
0x8FCB40EA	fld@
0x8F19A21E	flip_off_a_1st
0x8FC59620	flowtexture
0x8FCBAC8D	fm_1_fqac
0x8FA098D9	fm_f_hair_013_a
0x8F3E7FD5	fm_tat_award_m_011
0x8FF077FF	fm_tshirt_award_f_001
0x8FF8AA21	fmm_gnad
0x8FC84D3A	fmm_idaa
0x8FACC021	fmm_kbab
0x8FD7F078	fmm_laab
0x8F68D640	fos_ep_1_p1-24
0x8F8B4344	fos_ep_1_p3c
0x8F56B07D	fos_ep_1_p6-13
0x8F0C15BC	found.
0x8FE027F5	fra2_aaaa
0x8F509654	franklin_fkn0_cjab_01_g1
0x8F0E29F0	franklin_knocks_out_anyone_06
0x8FD00B99	freight_elevator_01_door_close
0x8F92D7D5	frlfb_afaa
0x8F8A474A	frlfb_agab
0x8F23BD37	frlfb_aoaa
0x8F383185	frlfb_bbaf
0x8F691A7A	frlfb_bqab
0x8F3F6CE2	frlfe_ctab
0x8F79175C	front_outro
0x8F6C8F0F	fuaxcwsibs
0x8FD4520C	g_m_m_armgoon_01_dual-2
0x8FBBCD51	g_m_m_knoway_01_dual-1
0x8F38F1DB	g_m_m_zombie_05_dual-0
0x8F2D0EC1	g_m_y_ballaeast_01_black_full_02
0x8FEDD989	g_m_y_korean_02
0x8F1B5588	g_m_y_pologoon_01_dual-69
0x8F46FF4E	gang_chatting_combined
0x8F7BF700	garage_door
0x8F639D6B	get_in_extra
0x8F78061A	gfxvalue::objectinterface::deletemember
0x8FB5F2FB	golf_link
0x8F33CD23	gr_case2_bunkerclosed
0x8F30E033	gr_prop_gr_rsply_crate04b-55
0x8FB2E6CD	graphics_pc
0x8FBE48AD	gta_glass_spec
0x8F6997B1	gtao_fm_events_soundset
0x8FB755B5	gusenberga.
0x8F29A29B	h2_instance_end
0x8FCEEA55	h4_islandx_terrain_props_05_f
0x8F9535EC	h4_prop_h4_big_bag_01a-11
0x8FEF8F76	h4_prop_h4_big_bag_02a-23
0x8F00EAB4	h4_prop_h4_camera_01-12
0x8F5E1462	h4_prop_h4_casino_button_01a
0x8FDF3CFF	h4_prop_h4_console_01a-14
0x8FE25393	h4_prop_h4_console_01a-4
0x8FD0F982	h4_prop_h4_door_03a-3
0x8F632507	h4_prop_h4_ld_keypad_01c-8
0x8FEEB92A	h4_prop_h4_npc_phone-28
0x8FAF16E6	h4_prop_h4_wheel_nimbus-2
0x8FB8E0D0	h4_rig_dj_01_lights_04_b_scr
0x8FD48D6F	hakerskie
0x8F28E8BD	hash_8f28e8bd_smdwywy_collision
0x8F2D9A64	hash_8f2d9a64_duzpvri_collision
0x8F38AABC	hash_8f38aabc_idvtwtu_collision
0x8F87FD93	hash_8f87fd93_exxieoh_collision
0x8FB03E37	hash_8fb03e37_esvnlsi_collision
0x8FFBAAAB	hash_8ffbaaab_zmyagd_collision
0x8FC7F09C	hash_a290ac04
0x8F7A73F6	hdao:
0x8F857E70	hdeuo
0x8F403980	headlight_l
0x8F9F74FD	hei_heist_apart2_door-34
0x8FD7144E	hei_prop_heist_magnet-0
0x8F833D27	hf_steer_all_wheels
0x8F5E41B2	hh_tex1ufrequencyoffset
0x8F1BC50F	high_idle_l_peek_facecover
0x8F3F88EF	high_left_down
0x8F897C67	hit_perfect
0x8F78348A	hole_03_cam
0x8F5A68FF	hood_up
0x8F5B03A9	hostage_killed_bar_lady_gangsterone
0x8F5600A9	how_you_doin_0
0x8FDB0F17	hs3_arc_int-34
0x8FC2B6E0	hs3f_all_drp1-2
0x8F91AC42	hw_tee_003_f
0x8FF8A40F	hw_tee_009_f
0x8F9E64EE	i936
0x8F66051F	i_kill_for_you_0
0x8F387A4A	ib_trim_hold
0x8F33A77C	idle_03_lighter
0x8F2A4775	idle_1_gb_2
0x8FD1D892	idle_c_female_facial
0x8F457565	idle_h
0x8FA77A49	idle_turn_l_0
0x8FDB66F1	ie_svm_start
0x8F132EF4	ig_7_arrow_four_draw_michael
0x8FAD0719	ig_7_enter_door_l
0x8FA2F55F	ig_7_smelllikeasea_cam
0x8F7F4667	ig_ahronward_dual-46
0x8F19C678	ig_ahronward_dual-51
0x8F90FC16	ig_bountytarget_03
0x8FFAD387	ig_fooliganz_01_dual-4
0x8FA03326	ig_furry_dual-32
0x8F9FA2B7	ig_kaylee_dual-20
0x8FFF62F6	ig_lamardavis_dual-6
0x8FA25963	ig_oldrichguy_dual-10
0x8FD4A7CF	impulseairmultstart
0x8FCF087B	inchpurple01
0x8FB1982B	injured_drag_plyr
0x8FD015D8	input_move_up_only
0x8FFC75D6	input_sprint
0x8FF494DF	inputgroup_cellphone_navigate_ud
0x8F1B81BB	inputgroup_frontend_dpad_ud
0x8F03B770	insult_ped_hipster_conv13_part2
0x8FE9573A	insult_ped_old_conv01_part1
0x8F2A37EE	insult_ped_old_conv12_part1
0x8F7D01F3	iom_joystick_button23
0x8FAF8BAE	iz_m25_1_int_tycoon_car_wash_gtamloroom001
0x8FFB9E48	iz_metro_newwalk5_gtamloroom066
0x8F0A5F89	iz_xs_x18_int_mod_arena_mod_rm2
0x8FFB5784	j3eafq
0x8FFAE6E6	jend
0x8F80786C	jh_acae
0x8F085775	jh_stae
0x8F7EA1FE	jhrs_4_int_p1-14
0x8FC9B560	jhs1_dyac
0x8F6548F5	jhs1_fdaa
0x8FA2EBAC	jimmy_idle_b
0x8F98DB61	jkv9
0x8F407E48	joinrequest
0x8FE62E67	joinsession
0x8F9CD498	josh_1_int-10
0x8FA2A098	josh_1_int_concat-0
0x8FE29670	jzj
0x8F986325	kei_enter_kei2_facial
0x8FDFB544	khew
0x8FC044B0	klassisch
0x8F8EF659	kneel_exit
0x8F6C3D51	kraken
0x8F335550	lam_1_ig_14_stretch
0x8FEF81FB	launch.
0x8FC42CFD	layout_boat_speeder
0x8F7B4F4E	layout_low_sentinel2
0x8FF40AE2	layout_plane_luxor2
0x8FFA429F	layout_plane_mogul
0x8F74E6FF	ld_2g_accept_s2
0x8FCD8A6E	ld_2g_decline_s2_face
0x8F2D9D05	ld_rail_02_track
0x8F85F464	lem1_bmaa
0x8F6594A1	lem2_dsad
0x8FFBA950	lem2_dzaf
0x8F0F2145	lem2_ffaf
0x8F14425E	lem2_guab
0x8FDBE9BB	lem2_hoaa
0x8F9E12AA	lensartefactsparams4
0x8FCDD7CA	let
0x8F43F13B	light_investigation_idcounterfiterfemale
0x8FAE5503	load_rl_01_gr_prop_gr_3s_millcrate_01a
0x8FA32CE3	location_la_puerta
0x8F1DD453	look_around_04_amy_skater_01
0x8F5F83C3	look_at_object_amy_skater_01
0x8FE65F9B	look_left_at_sheets_singlestack
0x8FD812CE	look_right
0x8F785889	low_r_walkstart_facecover
0x8F3B1B02	lux_p_champ_flute_s-57
0x8F97AF1D	m23_2_int1_m232_office_door
0x8F1305CD	m23_2_int4_m232_tab3
0x8FA7EB1D	m23_2_prop_m32_prtmachine_dryer_op
0x8FB6CD8B	m24_1_prop_m41_bounty_door_01a-43
0x8F1E1F06	m24_1_prop_m41_cokebag_01a
0x8FA0F3C4	m24_1_prop_m41_officechair_01a-13
0x8FD19D88	m24_1_prop_m41_vase_01a
0x8FEC9846	m24_2_prop_m42_bunkerbed_01a
0x8F60C273	m24_2_prop_m42_filebox_01a-68
0x8FC9494B	m25_1_int_02_03_smk_bulb_em
0x8FEA9959	m25_1_prop_m51_blood_smear_01b
0x8F00FC17	m25_1_prop_m51_duffbag_outfit_02a
0x8F049123	m25_1_prop_m51_tvstand_01a
0x8F0E236F	m25_2_int_01_l_lob_shell
0x8F8BDB9D	m25_2_int_01_mirror_0023
0x8FE70A40	m25_2_int_01_r_gal_molding_005
0x8F27EE8E	m25_2_int_01_vent_019
0x8F9D1EAD	m25_2_int_03_shell
0x8FD10B7F	m25_2_prop_m52_keyboard_01a-8
0x8F7322CC	m25_2_prop_m52_snowman_01a
0x8F37AD5A	maid_champagne_pass_normal
0x8FA476AC	mainlightinfo.coronasize
0x8F47D332	male_b_trans_d
0x8FB78738	male_pos_a_p1_weed_idle_01_ashtray
0x8FEBB0A2	male_pos_b_p1_idle_03
0x8F6A2CC5	male_pos_b_trans_p1_weed_to_lamar_lighter
0x8FCE6A47	male_pos_c_p1_weed_idle_02_lighter
0x8F0E1169	marino
0x8F5A91D0	marron
0x8F27220D	martelo
0x8F9E0B24	mch2_csaa
0x8FBB233E	menu_shift_depth
0x8F43669E	metre
0x8F148EF3	mgps_ehaf
0x8FD11C45	mgtn_foaa
0x8FC6DA5C	mh_r_shortsback
0x8FEFAC33	mh_r_wingpusher
0x8F911255	mi_4_enemies_breach_door
0x8FC06FE3	mic_2_int-14
0x8FA2F2D0	micro_lips_fat
0x8FDE2EE4	micro_nose_short
0x8F4C1816	miguel_base_tray
0x8FF714B0	min1_asaa
0x8FDD53AC	min2_cnai
0x8FDDAD1E	mini@strip_club@lap_dance@ld_girl_a_decline
0x8F05377F	mirrorpark_41_hookers
0x8FB40543	missmic2ig_11
0x8F308826	misssolomon_3
0x8F072B00	mod_u
0x8F288890	moodm_dance_md_21_lp_left
0x8FB5D653	moodm_deck_hb_30_bag
0x8F2FCC83	moodm_mic_e_19_lp_right
0x8F6E5313	moodm_mic_l_26
0x8FC24412	moontex
0x8FF4961E	move_stealth@p_m_one@1h@idle@b
0x8F698668	move_stealth@p_m_one@2h@idle@d
0x8F15DE5A	mp_biker_tee_040_f
0x8FC489EF	mp_christmas3_tat_015_f
0x8F0E06D3	mp_christmas3_tat_031_m
0x8FC49824	mp_christmas3_tat_037_f
0x8F751314	mp_fm_branding_058
0x8F1FA44B	mp_gunrunning_tattoo_000_f
0x8F92AC99	mp_heist4_tat_032_f
0x8F221911	mp_positioned_radio_mute_scene
0x8F19B92F	mp_tuner_tee_012_f
0x8F6E3A7F	mp_vinewood_tat_027_f
0x8FE8BB61	mp_xmas2_f_tat_014
0x8F2CD918	mpcas1_int-18
0x8FC2FFF0	mpcas3_mcs1-22
0x8FE586DF	mpct_ljab
0x8F4E579C	mpct_lqaa
0x8F3CF628	mpdlc_amaa
0x8F39B6FA	mpdlc_asaa
0x8F2011FD	mph_pri_fin_mcs1-0
0x8F4678AC	mpheist3_tat_017_f
0x8F508C56	mpheist3_tat_022_f
0x8F13E1D8	mplowrider2
0x8F895647	musik
0x8FFAA3A8	n/
0x8FEC3C5A	n_ac11_trvram_3_01-1
0x8FB6841A	n_ac18_ep_6_rcm_005-3
0x8FBD2B0C	n_ac18_trv_1_mcs_1_p1_01-12
0x8FB12725	n_ac1_fra_2_ext_p3_03-8
0x8F9BFC6D	n_ac1_hs4f_tun_ent_p2_t01_01-1
0x8FFCAA35	n_ac24_bar_3_rcm_01301-7
0x8F850766	n_ac2_pap_2_mcs_1_00-0
0x8FE32FE3	n_ac3_carsteal_3_mcs_33c_00-5
0x8FBB7578	n_ac6_mic_2_int_p2_lamp002-29
0x8F56FE59	n_ac9_sol_2_int_alt1_09-2
0x8F921956	negative_c
0x8F0505D1	nethttprequest::readbody
0x8FBEBB2B	ng_m_hair_008
0x8F00A4BF	ng_proc_binbag_01a
0x8F7FAFD0	nhh2_ranch2
0x8F8110E7	nhh_keaa
0x8F901880	nig1a_cnaf
0x8FAF6CC6	nme_away_idle_b_16_hp_table
0x8FE0FE25	nme_mix_idle_g_base_10_facial
0x8F775C60	nme_unq_sync2_h_37
0x8FFC8740	nme_unq_sync_b_27_facial
0x8FA5FEBF	nme_unq_sync_e_22
0x8F7E1AD7	nmt_2_mcs_2-4
0x8F99D508	non-breakable.
0x8F7303AF	not_in_offline_mode
0x8FBAB35F	notaweapon
0x8FFAF025	nt_inv_party_invite_save
0x8FA9042F	oat_fos_ep_1_p1_039-9
0x8F7338EB	ojas_hval
0x8F2A3ECD	ojas_isaa
0x8F9A5156	ojas_llab
0x8F74011C	ojas_miae
0x8F26A20A	ojashk_104
0x8F01EE02	ojdg1_package
0x8F80BD44	onat_ep_7_rcm_001-0
0x8FFDFEEA	operate_01_hi_gr_prop_gr_2stackcrate_01a
0x8FA1B96B	oracle2-6
0x8F5E3C5E	originalrect
0x8FD19D33	p5e5
0x8F2D17AA	p_airdancer_01_s
0x8F1A73DF	p_arm_bind_cut_s-21
0x8FCF584E	p_banknote_onedollar_s-33
0x8FCEE203	p_cigar_pack_02_s-32
0x8FDE731D	p_cs_mp_jet_01_s-6
0x8F94ACC3	p_cs_newspaper_s-8
0x8FC8C9A2	p_fin_vaultdoor_s-3
0x8F6E2664	p_ilev_p_easychair_s-10
0x8FBE4C20	p_lev_sofa_s-3
0x8FF34F59	p_michael_02_dual-40
0x8F468FFA	p_pliers_01_s-19
0x8FBECC2B	p_stretch_necklace_s-15
0x8F8C5E78	p_tumbler_01_s-14
0x8FE85470	packer-27
0x8FCBD0D7	packer-51
0x8F0CBFFF	panel_l5
0x8F3137B6	pap2_car
0x8F842ADF	pap3_acac
0x8FE928C4	patrolguard06
0x8F0BEEEC	pbja_adaa
0x8FF9218B	pbjs_alac
0x8F1C94E6	pbmn_agac2
0x8FECEBB3	pbpd_akad
0x8FCEF3F5	pbpro_bzab
0x8FDD7C7F	pcard_bad_sport
0x8FD163F3	ped_ac24_mph_nar_int_p1_002-21
0x8F65124D	pensato
0x8F3A4FE4	people.
0x8F45DADB	petits
0x8FAA6C2C	phantom-7
0x8F599F10	phone_conv1_chat2
0x8F99CEBA	pick_up_facing_away_cat
0x8F707C18	pickup_health_standard
0x8F0A91F8	player_messes_around
0x8F14ED4E	player_two_dual-33
0x8F2B62E0	player_zero_dual-45
0x8F808DFB	pointms
0x8F3185B5	ponton
0x8F80F7FD	pose_d_idle_b_blamadon
0x8F159663	post_fleeca_finale_respawn_door
0x8F8882DA	postfxtexturev1
0x8F7989C8	powerupshard_attract_loop
0x8F09F31D	precisione:
0x8FB66F9B	premier
0x8F305E09	pro_cxao
0x8FA9E972	progressive
0x8F831C1F	prologue03_grv_fun
0x8F423781	prone_l_intro
0x8FAF4B43	prop_ashtray_01-4
0x8FD0E6B3	prop_barebulb_01
0x8FE5B03D	prop_beach_lg_float
0x8FB17BA6	prop_beer_logger-5
0x8F769022	prop_bong_01-37
0x8F7AFADB	prop_bottle_cognac-41
0x8FA6F425	prop_byard_bench02
0x8FD48CB3	prop_byard_sleeper01
0x8FA9BC27	prop_cctv_cam_04c
0x8FB079FA	prop_chair_04a-7
0x8F97D8BC	prop_cratepile_01a
0x8FAC3B5E	prop_cs_ciggy_01b-1
0x8F179346	prop_cs_folding_chair_01-14
0x8F3584BE	prop_cs_kitchen_cab_rd-6
0x8FF3094E	prop_cs_milk_01-34
0x8FE92FF8	prop_cs_mouse_01-19
0x8FCC343A	prop_cs_mouse_01-52
0x8FA0C93F	prop_cs_office_chair-7
0x8F20C2A9	prop_cs_wrench-12
0x8F4C4A38	prop_cs_wrench-33
0x8FADE066	prop_cuff_keys_01-4
0x8F4C4F62	prop_fag_packet_01
0x8F12D266	prop_fnccorgm_02a
0x8FE85331	prop_fnccorgm_03c
0x8F30AA99	prop_fragtest_cnst_07
0x8FF20433	prop_golf_tee-10
0x8FAAF140	prop_golf_tee-6
0x8FBA4DF4	prop_hotdogstand_01-6
0x8F427D6E	prop_huf_rag_01-8
0x8F571A04	prop_ice_cube_03-1
0x8FB12848	prop_ld_can_01-59
0x8FA9FA19	prop_ld_can_01-9
0x8F005FE5	prop_ld_shovel-2
0x8FE01A41	prop_luggage_06a-29
0x8F2A6E40	prop_microphone_02-5
0x8F789736	prop_monitor_w_large-46
0x8FA9B49B	prop_mouse_01b
0x8F085317	prop_oldlight_01b
0x8F4A5914	prop_out_door_speaker
0x8FB45D69	prop_paints_can01-49
0x8F1B34FB	prop_pallettruck_01
0x8F38E8B6	prop_pencil_01-25
0x8F87A849	prop_plant_group_05d
0x8F9BC1D5	prop_plastic_cup_02-38
0x8FC33EAC	prop_plastic_cup_02-44
0x8FC476D9	prop_rail_sigbox02
0x8F32A5C5	prop_ron_door_01-5
0x8FB3826A	prop_roofpipe_06
0x8F6FDFA0	prop_rope_hook_01-11
0x8FA7758F	prop_rub_litter_09
0x8FB233A4	prop_saplin_001_c
0x8F371C67	prop_sign_prologue_01a
0x8FA37B54	prop_speaker_05
0x8F92662D	prop_syringe_01-1
0x8FDA62A9	prop_table_07-52
0x8F130E6C	prop_telegraph_01f
0x8F3DB913	prop_tennis_rack_01b-3
0x8F68AD5D	prop_tool_screwdvr02-42
0x8F4674EC	prop_voltmeter_01
0x8FBABC3F	prophatch_l_2
0x8F0BAA34	propr_alae
0x8F678C8E	prs_meac
0x8F27D83F	ps_2a_shootout_yard_flying_tank
0x8FC4F649	ptrx_idle_ee_mix_17_headphones_dj_ptrax_facial
0x8F0A1477	ptrx_trans_e_q_l_to_mix_07_headphones_v2_hp_table
0x8F3B6036	ptxu_decal
0x8F00BACF	pull_level_michael
0x8F6CC3E0	q8h-_qt
0x8FD73414	qh-16
0x8F0A984D	quite
0x8FC6AE05	rage::grctexturefactorydx11::unlockmrtinternal
0x8F826F46	railing_end
0x8F1623A0	rampa_away_idle_a_02_v2_hp_table
0x8F29B702	rampa_bch_unq_sync2_b_82_tumbler
0x8FB4C901	rampa_bch_unq_sync_b_99
0x8F96ED5F	rampa_cuedance_idle_c_04_v2_s_glass_02
0x8F79F085	rampa_cuedance_idle_d_06_v2_s_glass_01
0x8F87FC22	rampa_cuedance_idle_g_08_v2_hp_table
0x8F8932E0	rampa_cuelean_idle_b_02_v2_s_glass_03
0x8FA9171B	rampa_mix_idle_e_04_v2_tumbler
0x8F5E5893	rampa_mix_idle_h_09_v2_t_bottle
0x8F1B9951	rampa_mixdance_idle_e_06_s_glass_02
0x8F6DEDC9	rampa_mixdance_idle_g_08_hp_table
0x8F389CF9	rampa_mixdance_idle_j_14_v2_hp_head
0x8FCA1D1F	rampa_mixdance_sync_b_13_hp_head
0x8FBE3496	rampa_mixsway_idle_f_07_v2_tumbler
0x8F72737F	rampa_mixsway_sync_d_13_s_glass_02
0x8F323C7A	rampa_trans_away_to_awayside_a_08_v2
0x8F0EACC3	rampa_trans_cue_to_cuedance_a_03_v2_hp_table
0x8FAFA8A2	rampa_trans_cuehpgrab_to_cuelean_a_04_tumbler
0x8F391BD3	rampa_trans_mix_to_mixsway_sync_a_06_facial
0x8FDC97AF	random@security_van
0x8FBA0882	rayfire
0x8F0CC64E	rbhs_mcs_2_leadin_action_michael
0x8FAD8226	rbhs_mcs_3-3
0x8FEF2F36	rcmpaparazzo_3big_1
0x8FF94417	re-force
0x8FCB648A	re_ac_akaa
0x8F8634C7	react_lose_putter_02_franklin_frank_facial
0x8F5FD584	recra_bsaa
0x8F29F697	redr2_caaa
0x8F8797C7	reh_prop_reh_door_sec_01a
0x8F4EE40A	repap_deaa
0x8FD5B86A	repap_flab
0x8F75462B	reveal_folded_p03
0x8FA97F64	reveal_played_p02_card_b
0x8F106F8D	runs_away_from_player
0x8FE660A5	s_f_y_beachbarstaff_01_dual-5
0x8F74F5EA	s_f_y_shop_mid_dual-9
0x8FCAB450	s_m_m_gaffer_01_dual-38
0x8F6E63C0	s_m_m_genericmarine_01_latino_mini_02
0x8F7BAFC1	s_m_m_highsec_01-8
0x8FC5B29A	s_m_y_casino_01_dual-10
0x8F9F9571	s_m_y_fireman_01-2
0x8F12EE13	s_m_y_grip_01_dual-1
0x8FEFCD82	s_m_y_marine_03_dual-16
0x8FD9F2D4	samplerate
0x8F987659	sas1_bsaa
0x8F26C6D5	scr_lamgraff_paint_spray
0x8FC9C504	scr_man_oj_fire_smoke_garage
0x8F28A3C8	scr_paleto_doorway_smoke
0x8FBEF94C	scr_sv_drift
0x8FED1018	scr_trev1_crash_dust
0x8F208C21	scr_xs_props
0x8F40FE00	script_reserving_global_vehicles
0x8F4581B4	se_dlc_apt_stilts_b_bedroom
0x8FE74D2E	sechsmal
0x8F4F46D4	second_shot_glass
0x8F26791C	seminole-27
0x8F8F3C69	set_watermark_type
0x8FE2D9AB	setstyle
0x8FF96A16	setuavnull
0x8F15E13C	sf_mp_apa_yacht_jacuzzi
0x8FCAC70D	sf_prop_sf_amp_head_01a
0x8FBBBDA5	sf_prop_sf_apple_01a-53
0x8F48F77B	sf_prop_sf_baseball_01a
0x8FCF04EF	sf_prop_sf_bowl_fruit_01a-45
0x8FEBBF54	sf_prop_sf_door_cabinet_01a-15
0x8F3862C2	sf_prop_sf_door_com_l_06a-43
0x8F71138E	sf_prop_sf_door_com_r_06a-51
0x8F2B7D9D	sf_prop_sf_door_stat_r_01a-31
0x8FE06EA9	sf_prop_sf_keyboard_01a-38
0x8F02E60E	sf_prop_sf_keyboard_01a-56
0x8F63722E	sf_prop_sf_monitor_s_02a-72
0x8F792E7B	sf_prop_sf_monitor_s_02a-8
0x8FC3711D	sf_prop_sf_monitor_stu_01a-11
0x8F7300B1	sf_prop_sf_mug_01a-57
0x8F655993	sgta50001
0x8FC65A8D	shadow_map_csm_soft_shadow_early_out1
0x8F18A06C	shop_ig_4_b_player
0x8F34486A	shove_var_c
0x8F0C5438	shut_cuboard_door_brad
0x8FD4D5C8	shutdown_unknown
0x8F9C1E03	sj
0x8FA6A171	sky_sun_col_b
0x8F8AE766	sleeping_idle_bed
0x8F7F0EC4	sm_boat_hull_dirt
0x8FD082E7	sm_prop_inttruck_door_static2
0x8F7201F0	sm_prop_smug_cctv_mon_01-10
0x8F03577C	sm_prop_smug_crate_m_01a-67
0x8F55202E	sm_prop_smug_havok-49
0x8F4076AB	smug_b_player_a
0x8F80E824	sol5_alaf
0x8F09F908	sol5_bmaa
0x8F80D490	sol_5_crowd_idle_female_d
0x8F18DEDB	sol_idle_rt_b_sol
0x8FC5CDBF	sorter_right_left_interact_weedbag01a
0x8F318545	sp_f_feet_1_5
0x8F68E925	sp_f_hair_10_0
0x8F4662BC	sp_f_head_42_0
0x8F5A492F	sp_f_jbib_4_14
0x8FAFEFFE	sp_f_lowr_0_12
0x8F47FCED	sp_f_lowr_12_10
0x8F20BD48	sp_f_lowr_14_14
0x8F11D2FA	sp_f_lowr_15_13
0x8F9F9456	sp_m_accs_1_3
0x8FEA8909	sp_m_accs_5_4
0x8FE73774	sp_m_eyes_0_7
0x8F915CA0	sp_m_feet_10_9
0x8F45442F	sp_m_feet_7_2
0x8F58B476	sp_m_head_14_2
0x8F56E199	sp_m_jbib_0_13
0x8FE299EC	sp_m_jbib_3_1
0x8F2F04C2	sp_m_jbib_7_4
0x8F5FE0E8	sp_m_lowr_10_13
0x8F2366C6	special_ped@griff@monologue_7@monologue_7h
0x8F697672	special_ped@mani@monologue_3@monologue_3b
0x8F62CFEB	special_ped@mani@monologue_8@monologue_8b
0x8FEC1F09	special_ped@zombie@monologue_4@monologue_4n
0x8F9DEE08	spinningwheel_med_effort_09
0x8F37FAE3	spinningwheel_med_effort_09_wheel
0x8F91F0FA	spots_oatfos_ep_1_p1_00-28
0x8F6B6FD6	sqefz
0x8F0BF170	stahl
0x8F6CE9B1	stamped_id_ruler
0x8FFDE7E9	stand_base_pooh
0x8F10F350	standclimbup_180_low_angled_20
0x8FF5758C	stolflap_rr1
0x8F4A76C4	strip_duo_accept
0x8F3E2EC2	sub_hatch8
0x8F5F8AC1	submission.
0x8F150495	sum24_office_int-44
0x8FA41108	sum_hall_reflect_blocker
0x8FDC04A0	sup_homie_hows_everything_5
0x8F0E3594	surge
0x8F6C9542	surge-25
0x8F73D7B8	suspect_down
0x8F0BC26D	swat_run_2_cover_b
0x8F6AAA54	tailgater-0
0x8F91660B	task_general_sweep
0x8F3DF5BD	terrain_cb_4lyr_2tex
0x8FF3EB5F	terrain_cb_w_4lyr_pxm_spm.sps
0x8FD01ECC	theyll_kill_ya_3
0x8F1FCDCF	three_cocktail_glass
0x8F76FDC1	tirador
0x8F30DAA3	tonemapparams
0x8F91801D	tou_trans_pc_to_mid_pc_to_open_headphonescc
0x8F7CF18C	tow_ilaa
0x8FA49BFF	tow_lcaa
0x8FD9D04B	tr_prop_tr_table_vault_01b
0x8FD54EBB	trailersmall2
0x8FBEDBDC	trans_06_player
0x8F053FB7	transition_wakeup_phone
0x8F2D48E5	trev_annoys_sunbathers_exit_girl
0x8FAB032F	trev_exit_lingerie_shop_outro
0x8FD0D0CE	trevor_3_drive_to_ls_dialogue
0x8FECF49C	turn_on_spot_r
0x8FEBF059	tvtrailer-8
0x8F6FA40C	txm10_cvaa
0x8F8BE9EA	txm10_dcab
0x8F7F9745	txm12_deal
0x8F7AF080	txm1_emaf
0x8F9227ED	txm8_dtai
0x8F61FE3F	txm9_ekaa
0x8FE3B627	txm9_elaf
0x8FF8FCDD	u_m_m_edtoh_dual-7
0x8FE9974A	uinf
0x8F253300	unlocked_bleep
0x8F04F981	untagged.
0x8F1D1955	v3
0x8F4C89C8	v_19_jetstrpstge
0x8FEEB3A1	v_19_premium2
0x8FFC30F8	v_24_hangingclothes1
0x8F05B8F9	v_24_lnb_mesh_smallvase
0x8F09FACA	v_31a_jh_tunn_03d
0x8F1AC51F	v_34_strips003
0x8F8E8E45	v_61_lng_rugdirt
0x8F6EF97E	v_74_it1_cor2_deca
0x8FA9A588	v_corp_bank_pen
0x8F484BED	v_corp_bk_lamp1
0x8F1B1C6D	v_corp_boxpaprfd
0x8FD59D8D	v_ilev_door_orange
0x8F9E4121	v_ilev_fa_warddoorr-4
0x8F3E27F4	v_ilev_fib_door1_s-57
0x8F6B42BC	v_ilev_fos_mic-22
0x8F3FDF35	v_ilev_gunsign_pistol50
0x8FA04A7C	v_ilev_lester_doorfront-12
0x8F5A5B34	v_ilev_rc_door2-47
0x8FCAE2CD	v_ilev_sol_off_door01-17
0x8F7B9EEF	v_ind_dc_table
0x8F5402DE	v_ind_meatclner
0x8F6402AB	v_ind_ss_chair2-12
0x8FA532A4	v_res_fa_magtidy
0x8FB4BE83	v_res_paperfolders
0x8F5D0A49	v_res_tre_bed2
0x8F553ED1	v_tre_sofa_mess_a_s-31
0x8F7DD3F6	veg
0x8F82DE78	veh@driveby@first_person@bike@scooter@driver@unarmed
0x8F533AAF	veh@drivebybike@chopper@front@unarmed
0x8F8393FC	veh@drivebytruck_ds_unarmed
0x8F1DD23B	veh@low@front_ps@jimmy_sit
0x8F1E4977	veh@van@side_fds
0x8F5E680F	vehicle_licenseplate.sps
0x8FF7E5A7	velocity
0x8F292D89	versatile
0x8F84851C	veui_ed_mk_filt_hlp
0x8F6DE9C2	vpos.y
0x8FA400B4	vw_casino_garage
0x8FDAA954	vw_prop_casino_water_bottle_01a-2
0x8FEFDD2C	vw_prop_vw_offchair_03-35
0x8F20D000	vw_prop_vw_valet_01a-8
0x8FA0F6FC	w_ar_assaultrifle_mag1-7
0x8F501BB4	w_ar_assaultrifle_mag1-70
0x8FEBF00F	w_ar_assaultriflemk2-8
0x8F729886	w_ar_carbinerifle-19
0x8F86955A	w_ar_carbineriflemk2_mag1-12
0x8F61E2E1	w_at_cr_barrel_1-3
0x8F2D6ED9	w_lr_rpg_m31
0x8FCBF926	w_mg_minigun-4
0x8F2C2FC8	w_pi_sns_pistolmk2_camo1
0x8F3F9968	w_sb_microsmg_luxe-56
0x8FD99C0B	water_boat_prop-7
0x8F8AA224	wcd_cp_clip2
0x8FACDB76	weapons@first_person@aim_idle@generic@assault_rifle@advanced_rifle@
0x8F893865	weapons@first_person@aim_idle@p_m_zero@unarmed@aim_trans@idle_to_stealth
0x8F8D7D42	weapons@first_person@aim_rng@generic@light_machine_gun@gusenberg@str
0x8FA712ED	weapons@first_person@aim_rng@generic@shotgun@heavy_shotgun@
0x8F6CE16E	weed_spraybottle_stand_base_inspector
0x8FD0F677	wheel_burnout_snow-2
0x8F09AD71	wheel_fric_gravel_bike
0x8F3DF5DB	wheelmesh_lr_l1
0x8F72B1E9	win_small_e
0x8F18636F	workercb
0x8F1C7899	world_human_drug_processors_coke
0x8FAF1D24	world_human_seat_ledge
0x8FF1D8A7	world_human_security_shine_torch_lo_res_base
0x8F1A2907	wrench_attack_mid_victim_facial
0x8F479484	xm25_mansion_intb-74
0x8F9E2084	xm3_drg1_ace_int-55
0x8F39D3C4	xm3_drg2_cook_mcs1-4
0x8F50CF72	xm3_drg2_pln_mcs2-8
0x8F5D91BC	xm3_int3_hut_graf_3b
0x8F4C6CCE	xm3_prop_xm3_folding_chair_01a-42
0x8F5DC736	xm3_prop_xm3_glasses_ron_01a-35
0x8FD5E8AF	xm3_prop_xm3_rack_vial_01b
0x8F60996D	xm3_prop_xm3_tool_draw_01a
0x8FE27916	xm_prop_x17_add_door_01-6
0x8F04A3FB	xm_prop_x17_coffee_jug-5
0x8F2F4E18	xm_prop_x17_laptop_avon-10
0x8F8BAAE7	xs_prop_arena_clipboard_01a-31
0x8F3F9A6E	xs_prop_arena_turret_post_01a_wl
0x8FD8C501	xs_propintarena_structure_f_02c
0x8F92E5DF	xs_x18_int_mod_arena_mod_rm
0x8F0C8544	yosemite2-49
0x8FBAA0D2	yt_video_bad_request
0x8F706887	ytyp
0x8F8E777E	zion2-18
