0xA5F76F55	.cl-qc-g
0xA540D2AC	001433_01_trvs_26_digging_exit_cam
0xA5F3C7C8	001895_02_mics3_17_opens_door_for_ama_exit_car
0xA566BECE	0xf9513f1
0xA55DCCE7	14:30
0xA5F05FFC	1st_person_outro_low
0xA5C1BF21	21:00
0xA546CE39	5e33cbd
0xA56F937A	607_everon3_modkit
0xA52758BF	9@t53
0xA584973B	_car_b_chatting_female
0xA513192A	_seq
0xA524863C	a_f_m_tourist_01_dual-51
0xA5F3C508	a_f_o_genstreet_01_dual-73
0xA56DE716	a_f_o_soucent_02
0xA563DD36	a_f_y_beach_01_r2pvg
0xA5A7400B	a_f_y_carclub_01_dual-47
0xA5054C81	a_f_y_fitness_01-17
0xA5862917	a_f_y_fitness_02_dual-30
0xA5BA9A16	a_f_y_hipster_03
0xA58E0D03	a_f_y_smartcaspat_01_dual-15
0xA5F48F04	a_f_y_smartcaspat_01_dual-26
0xA53F74D2	a_m_m_afriamer_01_dual-24
0xA5BB94BC	a_m_m_genbiker_01_p
0xA5349498	a_m_m_stlat_02_dual-2
0xA5C0C696	a_m_o_beach_01_r2pvg
0xA50F7B70	a_m_y_business_01_dual-14
0xA5E64A81	a_m_y_cyclist_01-32
0xA5720781	a_m_y_gay_02
0xA5646B93	a_m_y_hippy_01_p
0xA558773D	a_m_y_musclbeac_02_r2pvg
0xA5A75E9F	a_m_y_soucent_02_dual-40
0xA5DBCFA4	a_m_y_vinewood_03_dual-19
0xA58EDE11	ac10_chi_1_mcs_1p3_00-3
0xA5C84DB4	action10_beth
0xA5A4B4F3	action5_beth
0xA5E3667A	action_02
0xA5455C0F	action_male_cut_grinder_male
0xA596A266	actor_berating_assistant
0xA5D7A3C8	adam_away_idle_o_16_facial
0xA54E3614	adam_cue_idle_k_04
0xA5167675	adam_mixdance_idle_b_14_facial
0xA5E2AA15	adam_sidemix_idle_e_03
0xA5433CF1	adam_trans_sidemix_to_mix_b_08_tumbler
0xA54153DB	adam_unq_chat2_b_43
0xA5944A4A	adam_unq_sync3_h_49_bottle
0xA516B580	adaptivedof
0xA57BD643	adl2_display_displaymapconfig_get
0xA521A2C3	agencysetup1park2
0xA54D7473	ah3a_blow_back
0xA5669A2C	ah3b_csar
0xA532EAA5	ah3b_gnab
0xA528F701	ah_3b_int_loop_lester
0xA56BB935	ai_1h_breakrun_d
0xA542CFCD	aimidle_facial
0xA52F6866	alphaz1
0xA52E68E8	altitude.
0xA5A96F65	amb@incar@male@patrol@ps@idle_a
0xA55B957D	amb@prop_human_parking_meter@male@exit
0xA54ADE58	ambient_tv_22
0xA50ABB74	ammo_raypistol
0xA513EAF4	andy_ig_3_gotothehills_8
0xA533414C	anim@amb@business@cfid@cfid_desk_docs@
0xA577BB06	anim@amb@casino@hangout@ped_female@stand@03a@idles
0xA5A76F41	anim@amb@casino@valet_scenario@pose_d@
0xA5D206DD	anim@amb@nightclub@mini@drinking@drinking_shots@glass@ped_c@
0xA5D66210	anim@heists@ornate_bank@thermal_charge_heels
0xA5E02474	anim@mp_apt_ext@left_alt2
0xA524F50D	anim@mp_helmets@on_bike@chopper
0xA5B0EB53	anim@mp_player_intin_carcut_throatlow@ds@
0xA5C5C2E0	anim@mp_player_intin_carthe_woogiebodhi@ds@
0xA5400B6A	anim@scripted@avi5@ig2_book@heeled@
0xA55CFBA0	anim@scripted@deathmatch@rpg@male@
0xA599C4F8	anim@scripted@heist@ig3_button_press@male@
0xA5011CE5	anim@scripted@player@fix_drink_juice@male@
0xA5DD52C3	anim@veh@lowrider@std@ds@arm@music@genericidle_e
0xA598B1F8	anim@weapons@heavy@compactgl_str
0xA58F058A	anim_ac2_fos_ep_2_p3_00-24
0xA544FD46	anim_ac53_fos_ep1_p6_01-35
0xA55DDA75	anim_ac72_fos_ep1_p6_00-8
0xA59CADF8	anim_ac74_fos_ep1_p6_00-4
0xA5381764	anim_ac75_fos_ep1_p6_16-27
0xA5E964BC	anim_ac76_fos_ep1_p6_02-32
0xA5345358	anim_ac83_fos_ep1_p6_02-14
0xA57F7E1A	anim_casino_a@amb@casino@games@insidetrack@ped_female@engaged@01b@base_big_screen
0xA5B57E2A	anim_corona_oat_fos_ep1_p6_14-1
0xA5E82CB1	anim_group_visemes_f_lo
0xA58CDC02	anim_oat_fos_ep1_p6_03-35
0xA5DCEE75	anim_oat_fos_ep1_p6_040-17
0xA5773A08	anim_oat_fos_ep1_p6_053-17
0xA5EE6AE8	anim_oat_fos_ep1_p6_09-26
0xA5B1A51C	anim_oat_fos_ep1_p6_18-22
0xA52BDA0F	anim_oat_fos_ep1_p6_21-11
0xA53FE720	anim_oat_fos_ep1_p6_25-35
0xA594A492	anim_spots_oat_fos_ep1_p6_01-26
0xA518F365	anim_spots_oat_fos_ep1_p6_02-28
0xA57B0D82	animl_acai
0xA5399273	animl_avad
0xA5F64F73	animl_blaf
0xA5BDF735	animl_bxao
0xA5F52C4E	animl_ceak
0xA507FFBD	animl_cpag
0xA511C4E3	animl_drae
0xA5246D3C	animl_etag
0xA524F9F8	animl_faag
0xA55B3E1F	animl_fbai
0xA5B14AC7	animl_fjah
0xA5BED715	animl_gcaa
0xA54693B3	animl_gjag
0xA5248D08	animl_glab
0xA50C4C43	animl_gram
0xA5660162	animl_gyal
0xA599BE3F	apa_mp_apa_yacht_o1_rail_b
0xA5AC4AC5	apa_mp_h_stn_foot_stool_02
0xA5E5170B	apa_nar_int-9
0xA5F90881	apa_p_mp_door_mpa2_frnt-35
0xA51FFB71	ar2_flaa
0xA5E523E7	ar2_hcac
0xA50534E0	ar_apa_mpapa_yachtbridge_computer_console_morsey
0xA54AB022	ar_birds_finches_town_day
0xA5A8B933	ar_dlc_biker_meth_warehouse_normal_hum
0xA5A1746C	ar_tunnel_drips
0xA564A2FA	arm1_afaa
0xA50EC553	arm1_bvab
0xA5FD4AF2	arm3_cwab
0xA543FE3E	arms_ioaa
0xA5D85DB9	ass1_start
0xA57D9FA8	attrezzo.
0xA5DAE003	avisa_exit_cam
0xA50B2634	az_big_score_2b_windfarm_zone_01
0xA5E8AA9F	az_coast_24
0xA58644A7	az_los_santos_vinewood_hills_observatory
0xA522260E	ba_barriers_case8
0xA525ECDB	ba_prop_battle_champ_closed-24
0xA53DD465	ba_prop_battle_crates_rifles_04a
0xA5F3D29B	ba_prop_battle_headphones_dj-13
0xA5AF735D	ba_prop_battle_lights_05
0xA57674A9	ba_prop_battle_mic-56
0xA57F3B1F	ba_prop_battle_whiskey_bottle_2_s-22
0xA5C65352	ba_prop_club_dressing_posters_01
0xA50C34CD	ba_prop_club_water_bottle-4
0xA5BDC876	ba_prop_door_club_entrance-74
0xA557757C	ba_prop_door_club_trad_generic-26
0xA5A6A746	ba_prop_door_club_trad_generic-63
0xA5DAFE2D	ba_rig_dj_02_lights_01_a
0xA5223C36	backhand_ts_hi
0xA5CE0D2E	bar3a_axae
0xA54F3860	bar3c_asaa
0xA5931CC4	base_idle_phone
0xA50C827B	baseboneidx
0xA5DE5CD3	batyskaf
0xA57D91C0	bet_max_pull_spin_v02
0xA5F68D04	bh1_39_crprk01_emsign_44_lod
0xA523884C	bkr_prop_biker_bblock_mdm2
0xA5BA5F16	bkr_prop_fakeid_penclipboard-3
0xA5882F97	blbhcsvhn2
0xA530B3BC	blindfire_low_l_exit_edge_facecover
0xA5DD2054	bot_01b_bit_03-23
0xA50301BB	bouncer_eject_generic
0xA591D603	bout.
0xA5FA094A	branchbendetc_sfxwindvaluemodulation0
0xA5C31F93	bs2b_hmaa
0xA5E2AC6E	bs2b_iaaa
0xA5C4C0B9	bs2b_jsaa
0xA545A293	bs2b_kqaa
0xA581168A	bs_1_switch_to_trevor
0xA5DA780F	bs_2a_mcs_8_p3-3
0xA515A6EB	bsprp_aqaa
0xA55A840E	bullet_tracer_ch_tank_mg
0xA54307AA	burrito3-18
0xA550C660	c1_up_6
0xA5285968	calibration
0xA5073F7A	car.coronas.mainfaderatio
0xA55C6F70	cards_collect_p02_card_a
0xA5CEA604	cb2wr
0xA54BC3B0	cbrad_bbac
0xA535D5EE	cbrad_blab
0xA548C532	cbrad_diaa
0xA57D4412	cgame::render
0xA54F0B88	ch_p_ch_rope_tie_01a-0
0xA5939FE2	ch_prop_arcade_street_01b-49
0xA5230820	ch_prop_arcade_street_01d-0
0xA55C6DAC	ch_prop_arcade_street_01d-10
0xA558A3D1	ch_prop_ch_vaultdoor01x
0xA570CB24	ch_prop_swipe_card_01d
0xA5479BFF	ch_prop_whiteboard-41
0xA5A7C646	cham_spray_b_1st
0xA5804445	chatc_aqaa
0xA55EF860	chinesesimp
0xA5AC85F7	chop_growl
0xA5E3DDAE	cigar_idle_a_remote
0xA518C4E0	close_inspection_chair
0xA5C2F77A	cloudhat_shower_b
0xA59F907A	club_open-27
0xA507AFEF	club_open_p1_t01_clip2_003-26
0xA52AC3DB	clubbag_round_end_mad_cam
0xA5D8DE4D	coffee_grab_01_amy_skater_01
0xA56B4978	colorshiftlowlum
0xA5047E53	comparing
0xA5C38392	component_assaultrifle_mk2_camo_10
0xA564D78B	component_at_sb_barrel_02
0xA5716279	confetti_canon_d_2nd_face
0xA5697AE9	conv_smoke_resp
0xA523A52E	convo_michael_heyheymanthankgod_0
0xA540B402	convo_trevor_what_are_you_on_5
0xA5BD5FA0	coquette4-43
0xA502D633	corona_fos_ep1_p1_01-10
0xA590512E	corona_fos_ep1_p1_01-20
0xA515F29F	corona_oatfos_ep_1_p1_018-25
0xA5AE9233	corona_oatfos_ep_1_p1_023-17
0xA56AD1B0	corona_oatfos_ep_1_p1_025-14
0xA5FCA185	crate_box_1_gb_2
0xA5DAF915	crate_box_2_tb_3
0xA54DB537	crowddance_hi_06_base_horse
0xA53322B7	cs4_lod_em_d_slod3
0xA5EFF7EA	cs_amandatownley_02_dual-13
0xA5FC4EC4	cs_cig_smoke_lamar-17
0xA58A6552	cs_ex1_plane_break_l
0xA5A74C4B	cs_exile2_gas_liquid_pour-6
0xA56BE9B0	cs_fin_car_radiator_smoke-4
0xA5453D72	cs_josef_dual-8
0xA5D6B3CC	cs_lestercrest_2_dual-24
0xA5ADACD2	cs_lestercrest_2_dual-45
0xA559C6EF	cs_mich1_lighter_flame-28
0xA5487F8E	cs_molly_dual-22
0xA5FF8E3C	cs_mrsphillips_dual-12
0xA5E4CFD8	cs_old_man2_dual-0
0xA5747CFF	cs_pls_tea_pour-5
0xA583B54B	cs_pro_car_impact
0xA545B9B8	cs_sv_yard_car_exhaust-5
0xA574A515	cs_taocheng_dual-8
0xA5B57FA4	csb_anita_dual-17
0xA5C787B6	csb_anton
0xA558CA5C	csb_bogdan_dual-26
0xA5471A79	csb_callgirl_01_dual-5
0xA568E680	csb_golfer_b_dual-21
0xA5CB1939	csb_jackhowitzer_dual-8
0xA54B1312	csb_jodimarshall_dual-23
0xA5D52CE0	csb_moodyman_02_dual-38
0xA586F8B1	csb_oscar_02_dual-19
0xA5D08ACC	csb_rafdeangelis_dual-67
0xA59F5976	csb_security_a_dual-54
0xA517F668	csb_sol_dual-54
0xA51400CD	csb_thornton_dual-30
0xA5E08E20	csb_vincent_2
0xA50AAA84	csb_vincent_4_dual-58
0xA55BF614	csb_weiss_dual-56
0xA5598E15	cst4_byaa
0xA5B95D6D	cst4_elad
0xA511A281	cst7_epab
0xA58306E9	cut_hs4_plane_land_disturb_dust-14
0xA5C04C41	cut_hs4f_photo_burn-26
0xA502ADBA	cut_sec_car_disturb_dust-28
0xA5963EB3	cut_sec_golf_grass_drop-17
0xA5FD61E5	cut_sec_veh_tire_smoke-43
0xA5472EFB	cut_xm3_bike_wheel_debris-2
0xA5395F25	cutting_right_to_left
0xA5570728	d_ac1_fra_2_ext_p3_02-13
0xA5E015CA	d_ac1_hs4f_tun_ent_p2_t01_00-2
0xA59F0F0F	d_ac2_ep_8_rcm_00201-6
0xA5CB18FF	d_ac4_arm_1_mcs_2_00-6
0xA5A1A245	d_ac5_fra_2_ig_4_alt1_p2_03-4
0xA5F74B49	d_ac6_mic_2_int_p2_trevor_bounce002-3
0xA57B964E	d_open_out_water
0xA5DD82D5	danceidle_mi_06_base_v2_laz_face
0xA5A040D3	dh1_cpae
0xA5CD71FE	dh1_fyaa
0xA5045361	dh2b_gaaa
0xA594255D	directionalmotionbluriterparams
0xA56B09F2	discard
0xA5AACC59	displays
0xA5F68C5D	distantlights.hourstart
0xA546B67E	dixn_sync_cntr_e_glass
0xA5D9AC44	dl_paraboloid_shadows
0xA56D6281	dlc_mp_apa_f_teeth_0_2
0xA53D85C1	dlc_mp_ar_m_berd_0_9
0xA5E5B805	dlc_mp_arena_f_feet_4_0
0xA52F6B0D	dlc_mp_arena_f_feet_6_7
0xA555C8C7	dlc_mp_arena_f_jbib_6_12
0xA53CD196	dlc_mp_arena_f_jbib_7_12
0xA5E0D75C	dlc_mp_arena_f_legs_8_8
0xA55443DD	dlc_mp_arena_m_jbib_7_11
0xA50F5BE7	dlc_mp_beach_f_lowr10
0xA5998C99	dlc_mp_bh_f_jbib_9_0
0xA5DDA3C2	dlc_mp_bh_f_legs_0_4
0xA583E2A0	dlc_mp_bh_f_special_9_11
0xA5021CB4	dlc_mp_bh_m_jbib_10_5
0xA5579368	dlc_mp_bh_m_jbib_16_6
0xA5936C88	dlc_mp_bh_m_special_1_7
0xA53BC645	dlc_mp_biker_f_jbib_10_5
0xA59B7C73	dlc_mp_busi_m_accs4_10
0xA5323DD7	dlc_mp_busi_m_feet1_0
0xA5A0CD5D	dlc_mp_business_f_hat0_13
0xA595A75A	dlc_mp_exec_f_feet_0_8
0xA5366166	dlc_mp_exec_f_jbib_9_3
0xA55EDABE	dlc_mp_exec_f_special_0_2
0xA5244DA0	dlc_mp_exec_m_jbib_11_8
0xA589250C	dlc_mp_fixer_f_phead_1_17
0xA575B515	dlc_mp_fixer_m_jbib_2_18
0xA5FB3730	dlc_mp_fixer_m_jbib_2_22
0xA524A5CF	dlc_mp_fixer_m_jbib_8_23
0xA554E1D6	dlc_mp_gr_f_berd_1_6
0xA5701A99	dlc_mp_gr_f_feet_3_6
0xA5A77012	dlc_mp_gr_f_jbib_4_15
0xA520BA6D	dlc_mp_gr_f_jbib_5_3
0xA5433A76	dlc_mp_gr_f_jbib_5_7
0xA5C88582	dlc_mp_gr_f_torso_30_8
0xA54C10F9	dlc_mp_gr_f_torso_31_16
0xA5FED657	dlc_mp_gr_f_torso_35_13
0xA565E388	dlc_mp_gr_m_berd_1_17
0xA51784BE	dlc_mp_gr_m_berd_2_19
0xA5618D83	dlc_mp_gr_m_hair_19_0
0xA5C625CD	dlc_mp_gr_m_hair_5_0
0xA5AD535D	dlc_mp_gr_m_jbib_6_1
0xA51A7A03	dlc_mp_h3_f_berd_14_7
0xA559E911	dlc_mp_h3_f_berd_16_0
0xA57453FF	dlc_mp_h3_f_jbib_12_16
0xA5763BDB	dlc_mp_h3_f_jbib_6_0
0xA5D3B8E1	dlc_mp_h3_m_berd_14_18
0xA5A29CDD	dlc_mp_h3_m_berd_18_19
0xA5167560	dlc_mp_h3_m_jbib_0_1
0xA5977EF1	dlc_mp_h4_f_berd_3_0
0xA5AE1F1D	dlc_mp_h4_f_teeth_1_0
0xA5F3957F	dlc_mp_h4_m_hand_0_10
0xA5EF18EA	dlc_mp_h4_m_hand_0_23
0xA50220AC	dlc_mp_heist_f_jbib_13_3
0xA5E767CE	dlc_mp_heist_f_jbib_3_0
0xA54B81DA	dlc_mp_heist_f_torso_33_1
0xA5D6386B	dlc_mp_heist_m_berd_22_4
0xA5E6904C	dlc_mp_heist_m_phead_0_0
0xA5C8A2D3	dlc_mp_heist_m_torso_75_1
0xA51A8415	dlc_mp_ie_f_berd_2_1
0xA54A6EA4	dlc_mp_ie_f_berd_6_3
0xA5D5F0CF	dlc_mp_ie_f_berd_9_4
0xA52D1D58	dlc_mp_ie_f_phead_6_6
0xA512E81F	dlc_mp_ie_f_special_12_2
0xA5C565C3	dlc_mp_ie_f_special_8_5
0xA52C5DC9	dlc_mp_ie_m_berd_10_12
0xA53F278E	dlc_mp_ie_m_feet_0_0
0xA5DA9541	dlc_mp_ie_m_jbib_4_11
0xA52330DF	dlc_mp_ie_m_legs_0_0
0xA5595DC0	dlc_mp_jan_f_hand_7_4
0xA5E5C12F	dlc_mp_jan_f_hand_9_7
0xA57A2322	dlc_mp_jan_f_uppr_0_6
0xA5137D9B	dlc_mp_jan_m_hand_2_6
0xA5A82E12	dlc_mp_jan_m_jbib_0_3
0xA5E79CEC	dlc_mp_low2_f_jbib_5_0
0xA58CC17B	dlc_mp_low_f_phead_0_9
0xA5F5EC78	dlc_mp_lts_f_hand_3_15
0xA54A26AE	dlc_mp_lts_m_hand_7_10
0xA5EEBED2	dlc_mp_luxe2_m_pears_6_0
0xA5860774	dlc_mp_luxe_m_pears_5_1
0xA5214E4F	dlc_mp_luxe_m_teeth_0_1
0xA52FDBC4	dlc_mp_luxe_m_teeth_5_1
0xA5D0C4DD	dlc_mp_pilot_f_hand_1_25
0xA5FB77B3	dlc_mp_pilot_f_hand_4_11
0xA52E7010	dlc_mp_pilot_f_hand_7_10
0xA50F7289	dlc_mp_pilot_f_teeth_0_0
0xA53CD007	dlc_mp_smug_f_berd_3_21
0xA5646B2D	dlc_mp_smug_f_berd_6_18
0xA55E91B0	dlc_mp_smug_f_phead_7_8
0xA5F25E07	dlc_mp_smug_f_special_2_0
0xA5871E90	dlc_mp_smug_m_berd_4_12
0xA5221063	dlc_mp_smug_m_phead_4_16
0xA50EE773	dlc_mp_stunt_f_jbib_2_6
0xA5408668	dlc_mp_stunt_m_jbib_9_5
0xA5A094EB	dlc_mp_sum2_m_feet_1_2
0xA59880D6	dlc_mp_sum_f_jbib_10_3
0xA50E288F	dlc_mp_sum_f_special_4_20
0xA595AAE7	dlc_mp_sum_m_jbib_0_19
0xA5334A4F	dlc_mp_sum_m_jbib_11_4
0xA5076C32	dlc_mp_sum_m_jbib_2_6
0xA5A6DCB3	dlc_mp_tuner_f_jbib_11_5
0xA5E66FB2	dlc_mp_tuner_m_jbib_12_17
0xA541C810	dlc_mp_val2_m_jbib_0_4
0xA5C4678D	dlc_mp_val2_m_legs_0_1
0xA570F6D4	dlc_mp_vwd_f_feet_1_12
0xA5BC71BB	dlc_mp_vwd_f_jbib_5_19
0xA5DD7C84	dlc_mp_vwd_f_pleft_wrist_4_1
0xA56DA37F	dlc_mp_vwd_m_jbib_16_12
0xA59F49D9	dlc_mp_vwd_m_jbib_18_3
0xA5153FBB	dlc_mp_vwd_m_peyes_1_16
0xA51EC2A6	dlc_mp_x17_f_berd_11_4
0xA5562461	dlc_mp_x17_f_feet_3_12
0xA5D853AA	dlc_mp_x17_f_jbib_2_22
0xA50C48A8	dlc_mp_x17_f_jbib_7_1
0xA5F4EFF6	dlc_mp_x17_f_phead_2_0
0xA5EB5150	dlc_mp_x17_m_feet_5_11
0xA511DFF4	dlc_mp_x17_m_jbib_12_20
0xA5F0CD9D	dlc_mp_x17_m_jbib_4_9
0xA586E4ED	dlc_mp_x17_m_legs_0_21
0xA561B144	dlc_mp_x17_m_legs_1_8
0xA5CCB368	dlc_mp_x22_f_jbib_1_10
0xA5443091	dlc_mp_x22_f_jbib_22_19
0xA5A068E5	dlc_mp_x22_m_jbib_10_1
0xA53A6F64	dlc_mp_x22_m_jbib_1_1
0xA5410D2C	dlc_mp_x22_m_special_1_20
0xA5E069BB	dlc_mp_x22_m_teeth_10_4
0xA5744154	dlc_mp_x22_m_torso_9_4
0xA50F447D	dlc_tuner/dlc_tuner_adversary_gokart_battle
0xA5FA74F8	dlc_xm17_facility_strike_pc_sounds
0xA50775BE	dlc_xm_hata_sounds
0xA5F20DFE	dn_ac5_scrap_2rcm_p2_alt1_069-0
0xA53A4DC4	do_you_want_to_be_happy_5
0xA5716D6F	drf_dtag
0xA50E4C2F	drf_hnab
0xA5B6F4B5	drf_mic_1_cs_1-2
0xA52EC4C5	drf_mic_2_cs_2-2
0xA5AE65BC	drf_mic_3_cs_1-54
0xA5726784	drf_mic_3_cs_1-73
0xA55E7DA3	drogadicto
0xA5D72B8F	drug_flying_02
0xA59F0EEF	e_to_a
0xA5ED3575	ec5mr
0xA54F217F	eject_xm_akula_mg_turret
0xA58D91DF	enabling_road_nodes
0xA5E016C5	enginesettings_gamethreadcommandbuffer
0xA5E62C4F	ent_amb_wind_litter
0xA5656FDC	ent_ray_fam3_wall_glass
0xA57126B7	enter_p_m_bag_var22_arm_s
0xA54736E2	entityfx_collision_ptfx_start
0xA5A4DCA6	ep_2_rcm-10
0xA53A3FB4	epsd_aaak
0xA55C04A8	erste-welt-land
0xA5D70F3B	estintore
0xA50E7240	ex_sm_15_office_01c
0xA593EF51	exemplar-15
0xA5DB9F92	exit_moderately_drunk_facial
0xA5936E08	exl1_cmae
0xA50C2621	exl3_ddaa
0xA52E7514	exp_grd_barrel
0xA5371CB5	exp_grd_vehicle
0xA590FD4F	exportcamera-67
0xA55C94C1	facing
0xA5BB8A48	fam1_anad
0xA56797F3	fam1_bhad
0xA5CB6E16	fam1_bvaa
0xA5265C92	fam1_ddaa
0xA5BEFEC0	fam2_bmaz
0xA57E64A8	fam3_aeac
0xA573F71A	fam3_bzaf
0xA5370E5D	fam4_akbb
0xA5025037	fam5_elaa
0xA563936A	family_5_go_to_jimmy
0xA55A9609	fan1_bmae
0xA50820A0	fast_pedal_right_char
0xA57F3D49	fb_r_lip_corner_005
0xA5E95B4E	fbi2_gyaf
0xA55BF129	fbi3_apaa
0xA5A817BF	fbi3_djad
0xA5A7C52C	fbi3a_byaa
0xA52FFABF	fbi5a_igaa
0xA5016AA2	fbi_2_ext-8
0xA51E8AB8	fbis1_bqav
0xA5E8881B	fbis1_csaa
0xA52E3A10	fcfj_cyah
0xA566D8EF	fcft_doad
0xA5A6352B	fcftl_csaj
0xA590115F	fcma_coaa
0xA5AB1267	fcma_czad
0xA5D7DD17	fcma_deai
0xA5D788C8	fcma_djab
0xA597FDEC	fcmf_dcad
0xA518F567	fcmf_dvaa
0xA5AE7D64	fcmft_cqac
0xA5CA1633	fcmft_cxad
0xA576358A	fcmft_dcac
0xA5DDAA91	fcmt_afao
0xA5A573FF	fctl_cwae
0xA5A98EC3	fctl_ddae
0xA542CC66	fctl_diad
0xA5B5CB9E	felon-26
0xA5503335	female_pos_b_trans_p2_weed_to_lamar_facial
0xA5E8FD4C	female_pos_c_p2_weed_exit
0xA5749E29	female_reaction_great_var_01_facial
0xA570FD33	female_std_jog
0xA53FD604	fh3a_dlaa
0xA57BC71E	fh3a_plaa
0xA51FC4F8	fill_ac5_mph_hum_fin_int_p2_003-5
0xA5A09AD2	fill_ac5_mph_nar_mid_p2_007-19
0xA5D362B1	fill_ac8_mph_pac_fin_int_p1_t01_002-0
0xA57D5A12	finc1_chaa
0xA5979332	finc1_dmaa
0xA5878220	finc1_igaa
0xA556BFE0	find_the_fish
0xA5D4A326	finh1_acaa
0xA50E5EC1	fist_pump_a_1st_face
0xA539CC13	fixing_a_car
0xA5EC0B04	fkn0_azab
0xA50654D7	fkn0_ciaa
0xA535673F	fkn0_czaf
0xA527D191	fling2relaxtimer
0xA5E5224F	flip_off_b_1st_face
0xA57E7489	fm_deathmatch_creator
0xA54E9352	fmm_braa1
0xA5D8185A	fmm_hsaa
0xA5E7EBD1	fmm_jbaa
0xA5777F23	fogvolume_density_scalar_interior
0xA5058ED7	fos_ep_1_p7-10
0xA537EE2F	fos_tracey_1_p1-0
0xA5EF5102	fp_vig_blue
0xA52B0807	fpmj_bhaa
0xA5CF97F0	fptf_aqaa
0xA5988AF3	fptl_bvaa
0xA5507EA2	fr_027
0xA50F7EE6	fra_2_ext-1
0xA5C5F2F0	frlfb_axad
0xA52A0760	fromcharcode
0xA52FC8C5	ftkonkneesarmtype
0xA5D251D1	fullcut_cycle_v2_cokesieve
0xA5EA57FD	g_m_m_friedlandergoons_01_dual-20
0xA5D51437	g_m_y_lost_01_dual-4
0xA5364DA4	g_m_y_streetpunk_01_black_mini_01
0xA56013BF	gallery_finalize_text
0xA579DF54	gauntlet-30
0xA525CF3F	geschenk
0xA580556E	get_current_weapon_wheel_hash
0xA594ABB0	get_out_no_wings
0xA5030132	ghost
0xA587608A	glass_normal_spec_reflect
0xA53E2F74	golf_sink_putt_other
0xA5E9A7F0	guiado
0xA53F013F	gunsh_dgag
0xA5C82CA5	h4_int_lev_sub_chair_02-0
0xA59EE989	h4_int_lev_sub_chair_02-22
0xA54F6FE8	h4_prop_battle_cuffs
0xA5C19E8C	h4_prop_battle_lights_fx_support
0xA504B791	h4_prop_h4_casino_button_01a-41
0xA55363F3	h4_prop_h4_npc_phone-26
0xA54FC44D	h4_prop_h4_t_bottle_01a-26
0xA5C1E3BE	h4_prop_h4_tray_01a-39
0xA5EEA1D2	hang_int-67
0xA507B8A4	hash_a507b8a4_jcacyae_collision
0xA5E1D502	hash_a5e1d502_vzctqz_collision
0xA5E60AAC	hash_a5e60aac_edfzwkv_collision
0xA5EC93DC	hash_a5ec93dc_klsrgur_collision
0xA5C8851E	haz
0xA504A6CD	hc_hacker-4
0xA517BDF0	hdrtextureaa
0xA5E62EBE	healthcare
0xA51100C4	hear
0xA5E13541	hei_ch1_roads_55_slod1
0xA5C018D7	hei_dt1_02_carpark
0xA54C93AA	hei_v_ilev_fh_heistdoor2-28
0xA5452629	heist3_prep
0xA5B15605	hg
0xA53E3A64	high_right
0xA58BF896	hint_cam_scene
0xA5654EF8	hit_intro_cashier_a
0xA580318B	hospital_1
0xA585419C	hs3_arc_int-5
0xA59613B0	hs4_sub_int-22
0xA543D77E	hud_frontend_tattoo_shop_soundset
0xA5171176	hunt1_ctab
0xA5549965	ib_delete
0xA5999438	idle_05_lsd_bottle_small_01
0xA5751DEF	idle_06_mug
0xA5CB8DCD	idle_a_prop_cs_ciggy_01
0xA55D44D7	idle_c_fuse
0xA5E896C1	idle_c_lookaround
0xA507E72C	idle_right_back
0xA50E1DFA	idle_v1_moneystack
0xA538E087	idle_v2_cocbowl
0xA5CCF6AA	idle_v2_cocmold
0xA56FE2FA	idles_a
0xA5B9DD04	ig_11_idle_ohreallywow
0xA592C726	ig_7_head_draw_michael
0xA59DF927	ig_7_outro_scissors
0xA5D6F2C9	ig_acidlabcook_dual-40
0xA573C77F	ig_fooliganz_01_dual-23
0xA53CFE0B	ig_fooliganz_01_dual-3
0xA53D3912	ig_fooliganz_02_dual-38
0xA52A6A59	ig_helmsmanpavel_02_p
0xA5FB3EDE	ig_isldj_01_p
0xA5C40874	ig_maudebf_dual-4
0xA5CD7CD8	ig_miguelmadrazo
0xA5F6D578	ik
0xA5AF53D7	imanes
0xA5B2CF56	imp_prop_impexp_door_vid
0xA54619B0	importexport_warehouse_trade
0xA52E539A	injury2localposition
0xA5BDCD3C	input_sniper_zoom_in_only
0xA597BD28	inspecting_low_confused_clipboard
0xA5424261	insult_ped_fat_conv03_part3
0xA5369C02	intro_ped_d
0xA5BEA528	introblue
0xA51EA1D5	investigate_01_w_ar_assaultriflemk2_mag1
0xA54498C5	italigtb2-46
0xA5F2F597	jessie_ig_1_p9_whothehellwalks_2
0xA5BE950C	jet-18
0xA58F9501	jh_cwaa
0xA5A7DD0A	jh_pkaa
0xA57D6C53	jhrs_6_int_p4-0
0xA52F5660	jhs1_fiaa
0xA525809B	ju-fu9kgc
0xA5F125AE	k.l/l
0xA528E704	key_f11
0xA51B9FFF	keypad_access
0xA59035A4	knuckle_crack_slap_cel
0xA50F9E60	kruk
0xA5AD7147	lamar_car_drive_07
0xA52A2D30	laugh_b_player_b
0xA5155498	layout_low_s80
0xA5D2EFC8	ld_2g_decline_h_cam
0xA5D68398	leanagainstvelocity
0xA5042AB1	lefthandtargetindex
0xA5807786	lem1_ciaa
0xA5E5B436	lem1_dpaa
0xA55091E2	lem1_fraa
0xA57123AC	lf_house_15d_
0xA5FE9052	line_2_tb_2
0xA5A6A5E3	lm1_terminador_gameplay_begins_restart
0xA55CE7C9	loc_fwaa
0xA5F82BD7	look_around_v1_driverslicense
0xA5C05726	lost_boss_phone_talk
0xA591ECFB	low_pho_int-1
0xA5DD411A	lux_p_champ_flute_s-68
0xA5C6CBC6	m23_1_m231_3_corridor_lgt_prox
0xA5D1AC27	m23_1_m231_3_v_med_examlight001
0xA555CCC1	m23_2_int4_m232_pq_lp
0xA5F4ACE5	m23_2_mp2023_02_additions_cablemesh74267_thvy
0xA5050249	m23_2_prop_m32_door_ls_logo_01b-56
0xA596B9EF	m24_1_mp2024_01_additions_carrmp_flight_deck
0xA536DDBF	m24_1_mp2024_01_additions_carrmp_radar_slod
0xA59BA05B	m24_1_prop_m41_leaf_01a-4
0xA59A3F41	m24_2_int_01_off_furniture_01
0xA58B986A	m24_2_mp2024_02_additions_airstrip_slod
0xA5A3D93B	m24_2_prop_m24_2_des_radiomast_01
0xA5D4B671	m24_2_prop_m42_container_01b
0xA5A5E7A9	m24_2_prop_m42_elecbox_01a
0xA5E625F2	m24_2_prop_m42_monitor_w_large
0xA5354F4D	m24_2_prop_m42_shipdebris_03a
0xA54189DD	m25_1_prop_m51_diamond_box_01a
0xA57D5AE2	m25_2_int_01_c_gr_slats
0xA5749C3F	m25_2_int_01_vent_023
0xA581D1FD	m25_2_prop_m52_door_front_door-18
0xA5E939A0	m25_2_prop_m52_door_front_door-39
0xA59E038C	m25_2_prop_m52_door_msn_sliding_01c-15
0xA5EEDF80	m25_2_prop_m52_man_shut_wind-13
0xA5BCBFB6	m25_2_prop_m52_mansiontvscreendam2-12
0xA5D5EE94	m25_2_prop_m52_trpy_spotlight
0xA534EF0A	m_voiceid
0xA506F28D	magoftorquetoalign
0xA5C1D4F0	mainlightinfo.enable
0xA555CCF4	male_g_trans_d
0xA5D79DD7	manageress_enter_cam
0xA5325278	manchez
0xA56F2B41	mani_pvg
0xA58FE225	map/interior
0xA5421CC0	martin_1_02
0xA55C866E	maverick-2
0xA5878566	mch2_cbaa
0xA57754D1	mch2_djag
0xA51ACFE1	mch3_dqaa
0xA5BE30D7	mej1_ceab
0xA5653021	mej1_ceah
0xA59DE9BE	melee_passive
0xA567DA6D	mesa-13
0xA54C9B64	metric
0xA5494DC1	mic1_argue_cs_skip
0xA5FE5EF8	mic2_triads_chase_rt
0xA5AD9737	mic_4_int-217
0xA555527F	milklady_exitloop_f
0xA5FE31BD	missbigscore2aig_5
0xA53734AF	misscarsteal2car_stolen
0xA5D31B37	missexile3@train_
0xA52F9134	missfbi5ig_21
0xA5A1A6F4	missheistpaletoscore2ig_8
0xA5F3F8ED	missmartin1@pointing_sky1@idle_a
0xA544B50B	missrbhsig_2
0xA50CFD3D	mo_load_sp
0xA5BC5658	money_earn_air_freight_smuggler
0xA52F6097	moodm_deck_mh_26_lp_right
0xA546DDC1	moodm_mic_v_43_lp_right
0xA5FA4A1B	moodm_vinyl_right_hb_13
0xA506A173	move_action@p_m_zero@armed@2h@idle@high_energy@d
0xA54771F8	move_m@hurry@b
0xA5D54C4E	movie_prem_02_f_b
0xA585B3D0	mp_biker_hair_002_f
0xA5B7817B	mp_biker_rank_006_f
0xA5445765	mp_biker_tee_005_f
0xA5C77A62	mp_buis_f_stom_002
0xA51FD197	mp_bull_tost
0xA5D74733	mp_christmas2018_tee_019_f
0xA5B1BC01	mp_fm_branding_047
0xA54B8D40	mp_gunrunning_award_022_f
0xA5555917	mp_gunrunning_tattoo_024_m
0xA5651C78	mp_heist4_tat_025_f
0xA5DF1404	mp_lr_tat_007_f
0xA5A54F75	mp_mp_biker_tat_006_f
0xA5F19D14	mp_mp_stunt_tat_038_f
0xA5F30672	mp_player_int_wank_02_enter_fp
0xA597B1C3	mp_security_tat_026_m
0xA5B7C062	mp_sum2_hair_003_f
0xA547B313	mp_sum2_tat_006_m
0xA5ECCF44	mp_val_m_tshirt_c
0xA5D6CF14	mp_val_m_tshirt_s
0xA57EB351	mp_x17dlc_int_02_tint4
0xA5115946	mp_xmas2_f_tat_028
0xA5C3FADF	mpcas5_int-11
0xA5782B90	mpct_hraa
0xA5491455	mph_nar_fin_int-1
0xA5DBBAFC	mpheist3_tat_014_m
0xA5DA3070	mpheist3_tat_031_m
0xA576FDC8	muscle_land
0xA57F4CB9	n_ac1_hs4f_tun_ent_p2_t01_03-1
0xA562401F	n_ac24_bar_3_rcm_01301-14
0xA528B1A3	n_ac2_fin_c_ext_p5_04-13
0xA58C9703	n_ac4_jh2_fina_mcs4_a1a2_00-0
0xA56E243D	n_ac6_mic_2_int_p2_street_lamp002-19
0xA587F7E8	nemico
0xA5414163	nera
0xA5FBF30A	network_crc_hash_check_event
0xA56F4DBE	ng_proc_food_nana1a
0xA5740900	ng_proc_sodabot_01a
0xA52FC427	nimbus-6
0xA5657574	nlinebits
0xA55B742A	nm@normal@
0xA50F6073	nme_away_sync_e_18_facial
0xA574F872	nme_bch_unq_sync_a_18_hp_table
0xA529200B	nme_mix_idle_h_23
0xA5E07A9E	nme_trans_away_to_cue_a_15_v2_hp_head
0xA5F9AFDA	nme_unq_sync_a_14_t_bottle
0xA51EC7A0	nmt_1_rcm-13
0xA50133A7	nodes.
0xA5217084	oat_fos_ep_1_p1_35-0
0xA5D74A42	ojas_mlaa
0xA5F268F5	ombro
0xA59F4944	or.
0xA5DFF8C6	ory_mfbfwg
0xA5828D41	outro_door
0xA54313F2	p..0r.
0xA59982C2	p_banknote_onedollar_s-42
0xA587162C	p_banknote_s-12
0xA5D4B699	p_cigar_pack_02_s-8
0xA5CDC31E	p_cs_joint_01-19
0xA5BBA1F6	p_cs_sack_01_s-23
0xA5CC8F54	p_finale_bld_pool_s-39
0xA518C990	p_hw1_22_doors_s-6
0xA5B91826	p_laptop_02_s-1
0xA5C55E64	p_large_gold_s-9
0xA5DE099C	p_ld_crocclips01_s-16
0xA5E602A5	p_ld_heist_bag_s_1-29
0xA5115A3A	p_notepad_01_s-2
0xA56F18F3	p_tmom_earrings_s-7
0xA5CA8154	packer-16
0xA5066B86	pal_end_kei3
0xA5081757	pap4_anad
0xA5364582	parfaite
0xA534D1E6	pbgr_anab
0xA5D2D217	pbje_acab
0xA5D9AF9D	pbzb_aqab
0xA5EA9195	ped_ac24_mph_nar_int_p1_002-14
0xA5D87613	ped_b_enter_keycard
0xA5D354E5	ped_b_outro_male_bottle
0xA599BCF1	ped_b_pickup_drunk_male_b_glass
0xA57764DD	ped_female@_stand@_03a@_base_base
0xA5AD8FB8	pers.
0xA5BAE265	phantom2-10
0xA5E85059	phone_cam10
0xA533B2A5	phone_couch_male_idle_cam
0xA54D8B20	physionomiste
0xA5B8CAA9	pickup_vehicle_custom_script
0xA54AE7B7	pickup_vehicle_weapon_pistol
0xA5D950F3	plane_warning_stall
0xA5C761A0	player_melee_pistol_a
0xA590857F	player_success_exit
0xA58BEEFE	player_zero_dual-100
0xA59E1425	player_zero_dual-64
0xA579D456	pose_b_idle_h_tumbler_cs2_s
0xA5142D0A	positive_b
0xA5434114	postload
0xA5051718	pr_xm_x17dlc_int_02_base_hangar_lift_pad
0xA5797928	pranger-0
0xA5349CA3	previoussibling
0xA5C1389C	pro_fcaa
0xA5B5D27E	pro_mcs_6_p1
0xA5E3D471	proc_drygrasses01b
0xA5CA93EE	procobj
0xA5BE9090	prop_air_cargo_04a-11
0xA549C181	prop_ashtray_01-62
0xA5129DD9	prop_bar_cockshakropn
0xA50DDDD0	prop_bball_arcade_01
0xA50B89C3	prop_biotech_store-2
0xA515D692	prop_bmu_01
0xA5F2F692	prop_bollard_03a
0xA53DE4D1	prop_box_ammo02a
0xA5C3F740	prop_box_wood05a
0xA592F828	prop_burto_gate_01-15
0xA529B342	prop_cap_row_01b
0xA5A49677	prop_cardbordbox_03a
0xA52127FD	prop_cd_folder_pile1
0xA5AD41AD	prop_chair_06-28
0xA5CA37BE	prop_champ_01b-7
0xA516F5A1	prop_com_gar_door_01-45
0xA5A3C491	prop_cs_crackpipe-7
0xA5A8EAA6	prop_cs_keyboard_01-28
0xA500F77D	prop_cs_kitchen_cab_l2-42
0xA506F509	prop_cs_lipstick-23
0xA5CD0909	prop_cs_milk_01-1
0xA563D749	prop_cs_mouse_01-21
0xA556EF15	prop_cs_wrench-13
0xA5A7BA11	prop_curl_bar_01-35
0xA56CFF1A	prop_fnccorgm_02b
0xA58E27D5	prop_food_bs_bag_01-48
0xA58EC082	prop_food_cb_cups04
0xA577346C	prop_ld_can_01-10
0xA5AF5358	prop_ld_can_01-69
0xA5014CBD	prop_ld_rail_02-3
0xA5AF2740	prop_luggage_02a-28
0xA582AB8F	prop_luggage_02a-63
0xA5254347	prop_luggage_06a-46
0xA5120C89	prop_luggage_08a-9
0xA526D8F5	prop_monitor_w_large
0xA53EA775	prop_sign_route_13
0xA5D8A28C	prop_snow_watertower01
0xA55359B8	prop_table_01_chr_a
0xA5CEF1BD	prop_tv_cabinet_05
0xA54633DB	prs_ocac
0xA50544E3	psjoy
0xA571AA49	psvmlx
0xA52A2485	ptrax_moody_switch_ptrax_facial
0xA5E0D046	ptrx_idle_gg_mix_15_hp_table
0xA566277C	ptxeffectrule::containsparticlerule
0xA5418B83	purchase_beer_shopkeeper
0xA56640C1	pw9wj
0xA50101A5	pxn96
0xA51C31F4	py9f6
0xA5BF5DE3	racing_v4_facial
0xA53FB7D7	radio_14_dance_02_music
0xA510A6E0	rage::grctexturefactorydx11::lockrendertarget
0xA575BE81	ramp
0xA54E39A4	rampa_cue_idle_f_12
0xA517E92E	rampa_cuedance_idle_j_15_v2_s_glass_01
0xA5B21EF4	rampa_mix_idle_f_06_v2_hp_head
0xA5CB9673	rampa_mixdance_sync_a_09_v2_s_glass_02
0xA599DE16	rampa_mixsway_idle_g_08_hp_table
0xA55343BA	rampa_trans_mixdance_to_mixsway_a_07_tumbler
0xA5EE7F37	rampa_trans_mixdup_to_mixddown_a_06_facial
0xA57100BA	rampa_unq_chat_f_41
0xA518F5D6	rampa_unq_sync3_g_25_t_bottle
0xA58E9289	rampa_unq_sync_e_22_v2_s_glass_02
0xA5CB2126	rappel_idle
0xA5B6AB91	rbh2a_chaa
0xA53B2913	rbh2a_dhaa
0xA5E870CD	rbh2a_huaa
0xA5CA87C1	rbmaxbroommomentarmoneleg
0xA5DF9914	re_ye_adaa
0xA51ECE79	react_big_variations_q
0xA5734D50	react_lose_putter_03_trevor_cam
0xA5A809BF	reaction_no_bet_var01_seat4_facial
0xA53BF509	reaction_terrible_var_03_facial
0xA5E9D0ED	readyidle_var_02
0xA58B7332	rear5_akaa
0xA54FC363	recgf_ayaa
0xA560B311	recra_ckaa
0xA5E7770E	redo2_cwaa
0xA5FA22C7	redr2_ccaa
0xA5E52C2D	rehh1_cxaa
0xA5EFF8A0	rehh3_ahaa
0xA51C7A86	remg4_abaa
0xA5642CA8	rendercubemap
0xA5CEFB67	repap_fhac
0xA52F41D2	representation
0xA52AE0B0	request_map_pickup_event
0xA5585A81	rgvpuj
0xA5645D53	rurs1_cpaz
0xA5062E66	rurs1_csaa
0xA505AF62	s_f_m_sweatshop_01_dual-9
0xA529BDF2	s_f_y_casino_01_dual-16
0xA5C839AF	s_f_y_casino_01_dual-26
0xA58AD55F	s_f_y_sweatshop_01_dual-13
0xA5B7572F	s_m_m_security_01_dual-14
0xA5A94EB0	s_m_y_casino_01_dual-8
0xA5773E9F	s_m_y_xmech_01_dual-27
0xA583CACC	scanline_cam_cheap
0xA52CDFA6	sclub_ahaa
0xA5F0FAFF	sclub_dgaa
0xA5683723	scr_apa_jacuzzi_steam
0xA557931F	scr_ar_trail_smoke_slow
0xA51C1C47	scr_fbi5a_flare
0xA519068B	scr_finale2
0xA50CC474	scr_prologue_door_blast
0xA5BFE1EF	scr_sol1_plane_crash_dust
0xA5DAC1A1	screw_you
0xA5961D8F	se_dlc_gr_bunker_radio_03
0xA548D93D	se_m24_2_int_hacker_basement_gen_radio_workshop_01
0xA5C65AE5	se_vw_dlc_casino_main_rm_bettingroom_main_floor_radio
0xA5E7C55C	seat_pside_f
0xA5078CD6	seatedidle_hi_11_handpump_laz
0xA5675EAF	sf_prop_sf_bag_weed_open_01a-23
0xA5C1114C	sf_prop_sf_cash_roll_01a-13
0xA5C5B8D4	sf_prop_sf_door_glass_01a-19
0xA51774A0	sf_prop_sf_door_rec_01a-63
0xA5BF1AFF	sf_prop_sf_door_stud_01a-62
0xA5041CBF	sf_prop_sf_drum_stick_01a-3
0xA546B0D5	sf_prop_sf_music_stand_01a-17
0xA5570C56	sf_prop_sf_music_stand_01a-5
0xA547F558	sf_prop_sf_rack_audio_01a-18
0xA5EDB526	sf_prop_sf_s_mixer_01a-8
0xA5F93E5E	sf_prop_sf_speaker_l_01a
0xA58407F2	sg_sgn_sv_rpt
0xA57404C9	sgv2
0xA5C10553	sgvz
0xA543BD1C	shitzu
0xA562E01C	shouting_jimmy_idle_c
0xA5B9CB36	sider_intro
0xA5B379CF	sidesomersaultanglethreshold
0xA5C78A17	simple_inspect_openpassport1
0xA5E3A537	sit_enter_right_side_facial
0xA50EC812	sit_idle_03_lamar
0xA596F257	skel_r_hair007
0xA5B0038F	sm_prop_inttruck_doorblock2
0xA59A43B9	smash_case_egg_bag
0xA5418B9D	sol2_ayac
0xA5D794C9	sol5_alah
0xA5C557A0	sol_dance_e_headphones_table
0xA5D83CAC	sol_trans_lft_to_lfthp_a_sol
0xA513E962	soldix_out_bmad_in_bg_female1_face
0xA576EB71	solvers
0xA543DD33	sorter_left_tap_table_weedbud02a
0xA5C904EF	sorter_right_tap_table_weedbagpile01a
0xA511E14A	sp_f_eyes_7_10
0xA53C1499	sp_f_feet_11_0
0xA5BC4AC0	sp_f_hair_4_4
0xA5A2A2D0	sp_f_head_5_0
0xA5FE1409	sp_f_lowr_4_6
0xA5C65164	sp_m_feet_7_14
0xA5DEEA7A	sp_m_hair_5_2
0xA590E4C6	sp_m_jbib_6_6
0xA5AC8F0F	sp_m_left_wrist_1_0
0xA54A0CCC	sp_m_lowr_10_14
0xA5D8FA36	sp_m_lowr_1_8
0xA5B809E5	sp_m_teef_10_0
0xA5876121	special_ped@impotent_rage@monologue_9@monologue_9e
0xA59E7601	special_ped@jessie@monologue_4@monologue_4g
0xA598D2BE	special_ped@pamela@franklin_1@franklin_1c
0xA5543DDF	spflap_r
0xA5FACC97	spin_right_interested
0xA579E9C8	spinningwheel_high_effort_18_facial
0xA5095277	spinningwheel_low_effort_08_wheel
0xA5D73505	spustu
0xA5A35D61	sr_prop_spec_tube_crn_30d_02a
0xA516AADA	sr_prop_spec_tube_m_05a
0xA54931F3	ss1_01
0xA54048AD	stagd_cwad
0xA560A249	stage_3_loop_facial
0xA5271C16	stairs_opendoor_michael
0xA5446257	standclimbup_180_high_angled_20
0xA5B90181	standing_idle_a
0xA5E9DEAE	steer_right_intro
0xA54A6085	stereoparmstexture
0xA58D4B59	stone_me_v2_heeled
0xA5A70F6D	stoned_monkeys
0xA55E58DF	strafeclipset
0xA576D927	streamedped
0xA502C509	streetlighting
0xA56F252F	stuart_rsn.
0xA560E523	stunning.
0xA59B2AF0	subj_ext-10
0xA5964526	success_with_metal_cylinder_player
0xA5F64E9C	sum_mpapyacht_hall_shell
0xA57DFA9C	sum_yacht_bridge_glass02
0xA524D3BA	sum_ych_mod_glass7
0xA5863E09	surge-38
0xA5F94D78	swift_lv2
0xA55A20FD	switch_franklin
0xA5DEFF68	t1m1_feaa
0xA5F84D3E	tale_out_bmad_in_bg_male1_face
0xA5E1AFEF	talk_gantry_idle_a_worker2
0xA563C037	tambor
0xA5DFD60B	tanker2-28
0xA5BE89B9	tant
0xA5341017	targeting
0xA589420F	tasca
0xA519FE7C	tatto_aeae
0xA5FD0FD7	taxi-37
0xA5C543DF	tennis_ig_intro_female_rack_a
0xA5FD1C44	ti_idle_a_m02
0xA587BC64	timetable@floyd@clean_kitchen@idle_a
0xA58D3C57	timetable@jimmy@ig_5@idle_a
0xA551FABA	tired_v2_vw_prop_vw_valet_01a
0xA5F015A0	tolowercase
0xA5878810	tou_sync_d_headphonescc
0xA54610E0	tow_eaab
0xA5BA3699	tow_geaa
0xA55216C3	tow_jxaa
0xA539052E	tow_lgal
0xA54CD93D	tr2_eraa
0xA59E9619	tr_prop_meth_sodium
0xA510AF5C	trainconfigname
0xA502BD3C	transparentsrcmap
0xA5EA33B4	trevorsmp
0xA5FD7E48	tried
0xA5CB676F	truck_ramp_raise
0xA590227B	trv5_cqac
0xA554FFA0	trvram_1-1
0xA506A2DA	tun_shop_ext-13
0xA562A52D	tune
0xA56BA199	tuner
0xA511B3FC	turnaround_exit_broom
0xA5A388A7	txm1_buaa
0xA5B2E062	txm3_ehab
0xA58B2BA8	txm4_eeaa
0xA53F3275	txm8_dvaa
0xA531E18B	txm9_eoaf
0xA5BF0C00	u_f_m_miranda-5
0xA5909EED	u_m_y_smugmech_01_dual-5
0xA561BB25	v_31_walltext003
0xA500DF57	v_34_entpipes
0xA50BF087	v_73_vfx_curve_dummy002
0xA5A957D0	v_74_atr_door_light
0xA52C2D00	v_8_bed1ovrly
0xA5D35A0C	v_club_vumakeupbrsh
0xA50BFBEB	v_coroner_reception
0xA5A6BC73	v_corp_facebeanbagd
0xA55D10AE	v_ilev_csr_door_l-1
0xA5DDDAF7	v_ilev_fib_door1_s-68
0xA5871509	v_ilev_fibl_door02
0xA55D3369	v_ilev_mm_doorm_l-27
0xA526826D	v_ilev_mm_fridge_l-29
0xA50BA987	v_policehub
0xA549F09B	v_res_lest_bigscreen-10
0xA527D15C	v_res_tt_fridgedoor-17
0xA52EFA17	v_res_tt_pizzaplate-4
0xA59EA453	v_ret_bagsml
0xA5E680CE	v_ret_ml_fridge02_dr-5
0xA5B043AD	v_serv_bs_foamx3
0xA5F08558	veh@low@front_dsmusic@genericidle_a
0xA53402B3	veh@plane@velum@front@ds@base
0xA5EDD1AC	veh@truck@biff@ds@enter_exit
0xA5084120	veh_impexp_ruiner
0xA51A46D6	velocityoffset
0xA5C3B08F	velum2-4
0xA5B45232	ver_01_top_left_enter_cam_bre
0xA5AE54AE	ver_02_top_left_enter
0xA5CBD6A8	versione
0xA56BC132	vespucci_20_cops
0xA515713C	vrsif
0xA50162B1	vw_prop_casino_art_mod_03a
0xA56C11D8	vw_prop_casino_slot_02a
0xA58AC3B6	vw_prop_vw_door_bath_01a-15
0xA5F5CDCF	vw_prop_vw_wallart_36a
0xA5D495E7	w_am_jerrycan-10
0xA5A8946F	w_am_jerrycan-20
0xA5FC8BAB	w_at_ar_flsh_luxe
0xA5E940A6	w_at_ar_supp_luxe_02
0xA5306B35	w_lr_compactgl
0xA531EAF9	w_me_switchblade-17
0xA5F13EFE	w_me_switchblade_b
0xA5EC4809	w_sb_microsmg_luxe-62
0xA542D67D	wait_idle_clipboard
0xA5ADA676	walk_bwd_-90_stop_r
0xA52158BE	weapon_5l
0xA52246F0	weapons@first_person@aim_lt@p_m_zero@assault_rifle@carbine_rifle@fidgets@b
0xA50638FB	weapons@first_person@aim_rng@p_m_zero@sniper_rifle@marksman_rifle@fidgets@c
0xA5FEF43C	weapons@pistol@pistol_50_stealth
0xA50619F8	weed_apab
0xA54FF50B	wheel_burnout_snow
0xA5B93FCB	where_is_the_fucking_panther_cam
0xA5B5CBBD	window_lr_4
0xA57B3918	window_part_one_cam
0xA593B51B	windowscreen
0xA51D392F	windowsl
0xA5023205	world_dog_barking_shepherd
0xA5124FAE	wt_lock
0xA558FF16	xm25_mansion_intb-111
0xA5DF4D06	xm3_drg1_ace_int-56
0xA5264B18	xm3_drg2_cook_int-2
0xA509CF24	xm3_drg2_cook_mcs1-32
0xA5EF260A	xm3_int1_trim
0xA5F36405	xm3_prop_xm3_cover_car_01a-3
0xA522A4B4	xm3_prop_xm3_pill_01a-30
0xA5158346	xm3_prop_xm3_pill_01a-55
0xA575FA59	xm3_prop_xm3_pineapple_01a-11
0xA56A4773	xm3_prop_xm3_pouch_01a-22
0xA5A31909	xm4_yard_int-12
0xA5527D92	xm_prop_lab_ceiling_lampb
0xA570AF66	xm_prop_x17_clicker_01-26
0xA5BF52AC	xm_prop_x17_corp_offchair-25
0xA515E2CB	xs_combined_dyst_06_build_04
0xA515FA0F	xs_prop_arena_champ_open-5
0xA53214DB	xs_prop_arena_pit_fire_03a_sf
0xA55107A9	xs_prop_arena_pit_fire_03a_wl
0xA59C4D9B	xs_prop_arena_stickynote_01a-21
0xA586BF2E	xtra_uppr001_ltoggle_00
0xA56A9418	zr350-16
0xA5634B42	zrpx3pqmwe
