0xAA0513B3	.2tb
0xAA442127	.f7rh
0xAA2754EE	.rightcolor
0xAAD660B9	.w0ge
0xAA28396D	/6@
0xAA7F4782	001218_03_trvs_23_rude_at_cafe_idle_female
0xAAC7F6C9	001671_02_mics2_1_wakes_up_screaming_exit
0xAA6482A3	1st_place_gain
0xAACE4B70	20w1n
0xAA381B59	3ftjd
0xAA9C175F	490_champion_modkit
0xAAA39E73	496_lm87_modkit
0xAA621BB5	594_uranus_modkit
0xAAA61982	5d
0xAAF56D54	92694d1b738d91c40da97f68d6946d658c64a420ae2cf5bff92a819cf8dbab6e
0xAAB71F62	a_c_chickenhawk
0xAA4B67D0	a_c_deer_02
0xAA93F511	a_f_m_fatwhite_01_dual-31
0xAAC70A9D	a_f_m_tourist_01_dual-36
0xAA4B2212	a_f_y_bevhills_02_white_mini_01
0xAA2A50A4	a_f_y_bevhills_03-3
0xAA0CA0FE	a_f_y_clubcust_02_dual-57
0xAA1D1CAB	a_f_y_fitness_01-8
0xAAA30E2C	a_f_y_gencaspat_01_dual-16
0xAAF81080	a_f_y_genhot_01_dual-58
0xAAC6BBE2	a_f_y_hipster_02-40
0xAA6E5D37	a_f_y_runner_01_dual-12
0xAA71DF24	a_f_y_soucent_03_latino_full_01
0xAA096C5C	a_f_y_studioparty_02_dual-24
0xAAB35ED1	a_f_y_tourist_01_dual-53
0xAA7E1087	a_f_y_tourist_02_dual-52
0xAAF4000D	a_m_m_beach_01-1
0xAA8590F1	a_m_m_fatlatin_01_dual-17
0xAAF8751B	a_m_m_genfat_01_dual-52
0xAAD2C80E	a_m_m_salton_02_white_full_01
0xAA374591	a_m_m_tourist_01_dual-19
0xAAB8E2E7	a_m_o_tramp_01_dual-1
0xAA48A9FB	a_m_y_busicas_01-13
0xAA070FE5	a_m_y_business_03_dual-10
0xAA82FF9B	a_m_y_epsilon_02
0xAA97D958	a_m_y_hipster_02_dual-2
0xAAC959F5	a_m_y_runner_01-46
0xAAB7760D	a_m_y_stbla_02_dual-65
0xAA49EB02	ac3_fspot_fos_ep1_p1_00-4
0xAAA00A96	ac42_fam_6_int_p3_t7_002-1
0xAA09B333	ac5_mph_nar_mid_p2_white_wall_bounce001-12
0xAA771152	action8_beth
0xAA2C5FF7	action_paperbag
0xAA084D6D	adam_away_idle_c_04_bottle
0xAA2B77D5	adam_bch_unq_sync3_a_11_v2_facial
0xAAC22843	adam_cue_idle_i_01
0xAA523DA6	adam_cue_idle_m_06_bottle
0xAA170149	adam_mix_idle_n_02
0xAA16FC5B	adam_unq_sync2_h_37_v2_tumbler
0xAA9327DA	adapter
0xAAB58A61	add2weapondistconnect
0xAAAF48B8	ah3b_caaa
0xAA858967	ahf_aeac
0xAAAA85C4	aim_walk
0xAA3C0A4D	all.
0xAA12FCB8	amb@code_human_in_car_mp_actions@smoke@std@rps@base
0xAA279805	amb@prop_human_seat_chair@male@left_elbow_on_knee@idle_b
0xAA1AD0D0	amb@world_human_hang_out_street@female_arms_crossed@idle_a
0xAA2BF599	amb@world_human_stand_mobile@male@standing@call@exit
0xAA5FEA91	amb@world_human_stupor@male_looking_right@idle_a
0xAAE8DD20	anim@amb@casino@staff_problems@ig_1_v1@
0xAA448BC6	anim@amb@office@boardroom@boss@female@
0xAAB19301	anim@mp_player_intincarrespectlow@ds@
0xAA9CF4A0	anim@scripted@player@freemode@gen_grab@male@
0xAAD79E7B	anim@veh@drivebyplane@dodo@side@ds@1h
0xAAD19346	anim@veh@plane@starling@front@ps@enter_exit
0xAA114D7E	anim_ac55_fos_ep1_p6_00-29
0xAA6F8D42	anim_ac61_fos_ep1_p6_00-35
0xAAF82C2C	anim_ac73_fos_ep1_p6_01-26
0xAAD45BCD	anim_ac75_fos_ep1_p6_16-5
0xAA8441BD	anim_ac77_fos_ep1_p6_01-6
0xAA358F63	anim_casino_a@amb@casino@games@insidetrack@ped_female@engaged@01b@base
0xAAF3EF8F	anim_casino_a@amb@casino@games@insidetrack@ped_female@slouchy_withdrink@01a@play@v01
0xAA867B1C	anim_casino_b@amb@casino@games@blackjack@ped_female@no_heels@slouchy@01b@play@v02
0xAA5EE959	anim_casino_b@amb@casino@games@roulette@ped_male@seat_3@regular@03b@play@v01
0xAA35DA1E	anim_casino_b@amb@casino@games@threecardpoker@ped_male@regular@01b@base
0xAA2B84FD	anim_casino_b@amb@casino@games@threecardpoker@ped_male@slouchy@01a@play@v02
0xAA7997A0	anim_corona_oat_fos_ep1_p6_13-35
0xAA4F2150	anim_corona_oat_fos_ep1_p6_14-15
0xAA027823	anim_corona_oat_fos_ep1_p6_16-9
0xAAC624AE	anim_oat_fos_ep1_p6_06-3
0xAA599C70	anim_oat_fos_ep1_p6_06-35
0xAAB754DA	anim_oat_fos_ep1_p6_28-29
0xAAA7D29F	anim_oat_fos_ep1_p6_30-8
0xAAF23D97	anim_spots_oat_fos_ep1_p6_04-15
0xAA4B2F68	anim_spots_oat_fos_ep1_p6_05-6
0xAA7BEA87	animl_abac
0xAACB49B8	animl_aoai
0xAA0A6425	animl_azal
0xAA825138	animl_bgag
0xAA766C51	animl_bzap
0xAA8061F2	animl_caal
0xAA977B48	animl_cbaq
0xAAA79727	animl_cfab
0xAA40E1AD	animl_dgaf
0xAACC5087	animl_dlad
0xAA7828CE	animl_dpad
0xAA4C82EB	animl_esab
0xAA8D668C	animl_fdac
0xAADA9FF6	ansph_cyaa
0xAADE569B	apa_mp_h_acc_artwalll_02
0xAA85ACCE	apa_mp_h_lit_lamptable_21
0xAAB854A2	apa_nar_int-28
0xAA098AA5	ar2_boab
0xAADADE4C	ar2_cuao
0xAA433637	ar2_dbaa
0xAAED2189	ar_apa_v_mp_stilts_a_fridge
0xAAFEFEEF	ar_dlc_h4_ih_animals_rat_sewer
0xAAF7D6CF	ar_dlc_hei_aircraft_carrier_hangars_mini_alarms
0xAA03A7E4	ar_m24_1_acc_alarm_01
0xAA70EC5A	ar_shipyard_warning_beeps
0xAAE55628	ar_vehicles_truck_ignition
0xAADB290A	arm1_axaa
0xAAB2DD26	arm1_bwab
0xAAB2E02C	arm3_ceab
0xAA8C2D18	arm_1_drive_through_garage
0xAAF87D26	arm_2_chase_the_bike
0xAAE19980	armenian_3_mcs_6-0
0xAA56D7C9	arms_ixaa
0xAAA322BC	asea-3
0xAA2FED15	audio_icon
0xAAC3D9C7	authorization
0xAA1E7691	avenger3-15
0xAA595504	avisa_enter_hatch_01r
0xAA831DB6	az_dlc_h4_ih_pier_06
0xAA4EB157	az_los_santos_port_se
0xAA1CAFA6	az_reflections_tunnel_02
0xAA73AE3C	ba_prop_battle_ice_bucket-8
0xAA1D79ED	ba_prop_door_elevator_1l-79
0xAA7EA21D	ba_prop_door_elevator_1r-12
0xAA531F7E	ba_prop_door_elevator_1r-30
0xAA988827	ba_prop_int_edgy_stool-4
0xAA0499EA	ba_rig_dj_all_lights_02_off
0xAAE4ECF8	ballasog
0xAA3713C1	bar_3_rcm-3
0xAA61D0C2	bar_5_rcm_p2-5
0xAA85EC5B	base_gr_prop_gr_3s_drillcrate_01a
0xAA33B667	base_gr_prop_gr_vertmill_01a
0xAA706798	base_idle_f_facial
0xAA028594	battle_mix4_private_club_music
0xAA7B5762	bfinjection-16
0xAA7FA3B1	bigscorea50
0xAACBA916	blimp_ahaa
0xAA435CA7	blindfire_low_r_aim_hi_edge
0xAA753AB4	bmad_out_tale_in_b_bg_female1_face
0xAA699BB6	bodhi2
0xAA15521E	body_high2
0xAA7BF6CD	bot_01b_bit_03-5
0xAA517765	bullet_tracer
0xAA2B38C7	bunk_int-29
0xAAA14CD2	c9dquc
0xAA5E0B40	caddy3-9
0xAAC22743	car_2_mcs_1-7
0xAA6387F8	car_glass_bulletproof
0xAA396197	car_steal_3_mcs_3-2
0xAAF1F8C6	careful_4
0xAA42C1DE	cargador
0xAA73C8E9	ccs_title_update_weapon_patch
0xAAB46643	ceiling_collapse
0xAA52C2B7	ch1_04_props_combo22_slod_children
0xAA1F1227	ch_prop_arcade_street_01a_off-1
0xAA575FC1	ch_prop_arcade_street_01a_scrn_uv
0xAA9AB8B0	ch_prop_arcade_street_01c_off-30
0xAA1536BE	ch_prop_ch_top_panel01
0xAA256F02	chatc_bbae
0xAAED5D54	chatc_bwab
0xAAB323F7	chatc_cbaa
0xAA06E281	checks
0xAAF6594C	chumash_14_cops
0xAAD9715C	cigar_a2
0xAAA16630	clamber_land_run
0xAA45C011	clean_surface_01_gr_prop_gr_vertmill_01a
0xAA45F1DA	cloth_bwac
0xAAA3FD24	club_intro-14
0xAA92605F	cm_dowdad
0xAAE803BC	collisionmlo
0xAA59182E	combat@gestures@hillbilly@beckon
0xAAD6CC7E	common:/data/cargens
0xAA930206	common:/data/lensflare_m
0xAA8283BF	component_at_pi_comp_02
0xAA2C45B4	component_at_scope_small
0xAAE14DF8	component_carbinerifle_mk2_camo_08
0xAA0CE98F	coquette4-52
0xAA4AE0C7	corona_fos_ep1_p1_01-12
0xAAD9BB6E	coughing_hit
0xAA2EA022	cover@first_person@weapon@rpg
0xAA03AABF	cover@pinned@ai@unarmed@low@_b
0xAAA559D6	crash-
0xAA4BEF0E	crate_box_1_dax
0xAAD569B8	crew
0xAAA762BC	crew_logo_fixer_7
0xAAEEB4C8	crw_stat2
0xAACB73C4	cs1_12_tunnel03_int
0xAA4C0092	cs2_roadsb_tunnel_03
0xAA7F753B	cs5_roads_ronoilgraffiti
0xAA57770D	cs_amandatownley_02_dual-107
0xAA384958	cs_amandatownley_02_dual-6
0xAAB67272	cs_amandatownley_02_dual-64
0xAA4A649A	cs_chrisformage_dual-8
0xAAB15862	cs_cig_smoke_lamar-13
0xAA9964F0	cs_drfriedlander_dual-40
0xAA74C2DE	cs_jimmydisanto_dual-10
0xAA444375	cs_jimmydisanto_dual-47
0xAAC6B5E4	cs_lestercrest_2_dual-57
0xAAE772D4	cs_milton_dual-4
0xAAA4E68D	cs_nervousron_02_p
0xAAC95CEC	cs_pls_sub_water_drips-3
0xAA73B1C5	cs_pro_wheel_snow-2
0xAAFD6CE9	cs_solomon_dual-21
0xAAC39A18	cs_sum24_bty6_wheel_smoke-1
0xAA2ECBD9	cs_sv_yard_car_exhaust-73
0xAA9F0E72	cs_taocheng2_dual-4
0xAA78CC64	csb_abigail_dual-1
0xAA8C91DF	csb_anton_dual-16
0xAA133B06	csb_avon_dual-27
0xAAC16906	csb_callgirl_01_dual-66
0xAA7DF487	csb_isldj_01_dual-32
0xAA2D6363	csb_isldj_01_dual-8
0xAAA51C5A	csb_jodimarshall_dual-56
0xAA7FB6E5	csb_mjo_dual-15
0xAA50B6F7	csb_moodyman_02_dual-29
0xAAD6907F	csb_rafdeangelis_dual-9
0xAA64168C	csb_roccopelosi
0xAA92F29D	csb_security_a_dual-19
0xAAA9CF17	csb_sessanta_dual-17
0xAA202999	csb_soundeng_00_dual-32
0xAADE942B	csb_undercover_dual-0
0xAA766A73	csb_vincent_2_dual-3
0xAAB105B4	csb_vincent_dual-1
0xAA01B674	csb_william_dual-17
0xAAB8C2BD	cst2_ciab
0xAADA0800	cst2_cyax
0xAAD3F607	cst2_icad
0xAA209642	cst2_ihaa
0xAA897380	cst3_blad
0xAABD6144	cst4_bzaa
0xAABB83ED	cuban800-0
0xAA9B64B5	cut_sec_cig_lighter_flame-24
0xAAD64C53	cut_sec_golf_grass_drop-24
0xAA859526	cut_sec_golfcart_wheel_debris-42
0xAAC3F738	cut_sec_weed_van_smoke_haze-25
0xAAC9A0CD	cut_sec_weed_van_smoke_haze-3
0xAA1B2EEF	d_ac18_ep_6_rcm_006-4
0xAADDABCF	d_ac1_fra_2_ext_p3_01-24
0xAA8C105A	d_ac1_fra_2_ext_p3_02-24
0xAACBE9CA	d_ac2_fin_c_ext_p5_01-37
0xAA4B7A31	d_ac2_tunf_drp_bag_p1a1_t00_02-3
0xAA545EB0	d_ac3_hs4_scp_airs_p2_t07_01-24
0xAA587F5F	d_ac6_mic_2_int_p2_frank_bounce002-6
0xAAC712B3	d_trans_h
0xAAAEAF65	dark.seclight.usespec
0xAA956AC7	deal_card_self_card_06
0xAA85D7BB	des_farmhs_root7
0xAAFE146C	des_fib_ceiling
0xAA94218E	des_heli_highway006_skin
0xAA3EAF97	des_heli_mansion
0xAA4612B1	dh1_afab
0xAAFF8D04	dh1_cyai
0xAAEAC791	dh1_dpaf
0xAA1638FE	dh2b_clear_merry
0xAAA613DF	dhp1_ajaa
0xAA3D70BC	disablestealth
0xAAEA21CA	display_sign_in
0xAAB9B92E	distantlights.sizeupscalereflections
0xAA9D0B91	dixn_idle_cntr_h_glass
0xAA8AD632	dl_ped_damage_gen
0xAA9B46B0	dlc_mp_apa_f_jbib_23_3
0xAA6BE5C9	dlc_mp_apa_m_legs_5_1
0xAAB4D1B2	dlc_mp_ar_f_jbib_0_8
0xAAE369EE	dlc_mp_ar_f_jbib_1_10
0xAA9C29AC	dlc_mp_ar_f_special_0_8
0xAABBDE17	dlc_mp_arena_f_berd_5_7
0xAA9258F3	dlc_mp_arena_f_jbib_2_14
0xAA4C9E93	dlc_mp_arena_f_legs_3_4
0xAA7426C4	dlc_mp_beach_m_head1_7
0xAA3EBA7A	dlc_mp_bh_f_berd_0_3
0xAA746DB5	dlc_mp_bh_f_jbib_2_16
0xAAEE9B71	dlc_mp_bh_m_jbib_2_1
0xAA462395	dlc_mp_bh_m_jbib_6_14
0xAAE296BD	dlc_mp_biker_f_jbib_22_0
0xAAF53BA2	dlc_mp_biker_f_phead_12_2
0xAAE896EC	dlc_mp_biker_f_special_0_18
0xAA5CE5C2	dlc_mp_biker_f_special_0_8
0xAA751DE2	dlc_mp_biker_f_special_2_17
0xAA349918	dlc_mp_biker_f_torso_16_0
0xAA0CA683	dlc_mp_busi2_m_jbib3_5
0xAA2D7712	dlc_mp_busi_f_legs1_8
0xAA9E8828	dlc_mp_busi_m_hair0_2
0xAA42372B	dlc_mp_busi_m_teeth3_2
0xAA430080	dlc_mp_business_m_hat0_4
0xAAA60132	dlc_mp_business_m_hat0_6
0xAA1EF419	dlc_mp_business_m_hat1_5
0xAABA7A2F	dlc_mp_exec_f_feet_1_7
0xAA0052F1	dlc_mp_exec_m_legs_1_7
0xAA0D5771	dlc_mp_fixer_f_jbib_14_3
0xAAFD169C	dlc_mp_fixer_f_legs_0_4
0xAA54843C	dlc_mp_fixer_f_legs_4_5
0xAA0FB799	dlc_mp_fixer_f_special_7_2
0xAA3CB7EF	dlc_mp_fixer_f_special_7_4
0xAAD84804	dlc_mp_fixer_m_phead_4_12
0xAA1CED4D	dlc_mp_gr_f_jbib_18_14
0xAA57F200	dlc_mp_gr_f_legs_2_4
0xAA17100F	dlc_mp_gr_f_phead_3_2
0xAA7810DD	dlc_mp_gr_f_phead_3_4
0xAA3F4F5B	dlc_mp_gr_f_special_13_5
0xAA3775B7	dlc_mp_gr_f_special_20_15
0xAA52CD2F	dlc_mp_gr_f_special_27_0
0xAA09C438	dlc_mp_gr_f_special_4_5
0xAAAA50AB	dlc_mp_gr_f_special_9_18
0xAA54BAA2	dlc_mp_gr_f_special_9_6
0xAA229EB4	dlc_mp_gr_f_torso_14_11
0xAAA9A1A5	dlc_mp_gr_f_torso_14_7
0xAA1BCEDB	dlc_mp_gr_f_torso_23_17
0xAA8CF930	dlc_mp_gr_f_torso_26_10
0xAA9F02E5	dlc_mp_gr_f_torso_30_19
0xAACBF944	dlc_mp_gr_f_torso_34_9
0xAA57CD27	dlc_mp_gr_m_jbib_5_10
0xAAA7F775	dlc_mp_gr_m_torso_12_8
0xAAF15382	dlc_mp_gr_m_torso_14_7
0xAA1A4135	dlc_mp_gr_m_torso_1_7
0xAA587BDB	dlc_mp_gr_m_torso_3_8
0xAAA488D4	dlc_mp_gr_m_torso_4_18
0xAA002EF2	dlc_mp_gr_m_torso_6_11
0xAAE7FA18	dlc_mp_h3_f_berd_4_0
0xAA865048	dlc_mp_h3_f_hand_0_22
0xAAB83137	dlc_mp_h3_m_hand_0_13
0xAA0FAEC6	dlc_mp_h3_m_hand_0_23
0xAAE58943	dlc_mp_h3_m_hand_3_22
0xAA08591B	dlc_mp_h4_f_jbib_1_0
0xAA73BDEE	dlc_mp_h4_f_jbib_2_20
0xAAEC58A6	dlc_mp_h4_f_phead_0_2
0xAA4D6E76	dlc_mp_hal_f_berd_4_0
0xAA117BA6	dlc_mp_heist_f_berd_17_1
0xAAF7311C	dlc_mp_heist_f_berd_18_4
0xAA005044	dlc_mp_heist_f_legs_6_0
0xAA176E28	dlc_mp_heist_f_special_7_2
0xAA639553	dlc_mp_hips_f_feet1_1
0xAA0E6E3A	dlc_mp_hips_f_jbib0_6
0xAA9EACD3	dlc_mp_hips_m_glasses_1_10
0xAA08DC8B	dlc_mp_ie_f_feet_0_4
0xAA425E12	dlc_mp_ie_f_jbib_18_12
0xAA392778	dlc_mp_ie_f_phead_6_2
0xAA078CEB	dlc_mp_ie_f_special_7_1
0xAADE7FCD	dlc_mp_ie_m_jbib_1_10
0xAADDD318	dlc_mp_ie_m_phead_0_10
0xAA05CD25	dlc_mp_ind_f_special_0_0
0xAAA69D58	dlc_mp_ind_m_jbib_1_1
0xAA47D029	dlc_mp_ind_m_phead_6_4
0xAA0E96B3	dlc_mp_jan_f_hand_8_8
0xAAD15C0A	dlc_mp_jan_f_phead_4_5
0xAA37D544	dlc_mp_jan_f_teeth_0_5
0xAA8A32DA	dlc_mp_jan_f_uppr_4_7
0xAAF6EE7C	dlc_mp_jan_f_uppr_5_4
0xAA9D155F	dlc_mp_low2_f_jbib_4_7
0xAA880E34	dlc_mp_low2_f_jbib_8_5
0xAA6F0302	dlc_mp_lts_f_hand_7_24
0xAAD4E8D3	dlc_mp_lts_f_hand_8_18
0xAA3F69AC	dlc_mp_lts_f_uppr_0_0
0xAA303E11	dlc_mp_luxe2_f_teeth_23_0
0xAAFEF75E	dlc_mp_luxe2_f_teeth_6_0
0xAABB7BFE	dlc_mp_luxe2_m_teeth_3_1
0xAA8A32F9	dlc_mp_luxe_f_special_10_1
0xAA0CD8F1	dlc_mp_luxe_f_special_1_5
0xAA1EFFCA	dlc_mp_pilot_f_hand_4_19
0xAAD13AEE	dlc_mp_pilot_m_hand_4_5
0xAA685C1E	dlc_mp_smug_f_berd_4_11
0xAAC8DF6C	dlc_mp_smug_f_jbib_3_5
0xAA30A245	dlc_mp_smug_f_phead_3_17
0xAA68EFA5	dlc_mp_smug_m_berd_0_23
0xAA733166	dlc_mp_smug_m_berd_6_0
0xAA225340	dlc_mp_smug_m_jbib_7_1
0xAAFD84E7	dlc_mp_smug_m_special_2_4
0xAAEA6C14	dlc_mp_smug_m_special_9_18
0xAA4CFEB6	dlc_mp_stunt_f_phead_6_0
0xAAFDE6E6	dlc_mp_stunt_f_torso_0_0
0xAA519490	dlc_mp_stunt_m_phead_6_7
0xAA4FB40E	dlc_mp_stunt_m_phead_9_18
0xAA440299	dlc_mp_sum2_f_peyes_1_19
0xAA03F7E4	dlc_mp_sum2_m_jbib_10_8
0xAAA84147	dlc_mp_sum2_m_phead_5_17
0xAA864640	dlc_mp_sum_f_jbib_15_6
0xAA623755	dlc_mp_sum_f_jbib_20_6
0xAA23120C	dlc_mp_sum_f_legs_2_22
0xAA652CBA	dlc_mp_sum_m_jbib_0_22
0xAA6D767B	dlc_mp_sum_m_jbib_0_4
0xAA7F4B41	dlc_mp_sum_m_jbib_18_4
0xAAC85623	dlc_mp_sum_m_jbib_3_1
0xAAE4CC21	dlc_mp_sum_m_legs_1_12
0xAAA8DF88	dlc_mp_tuner_m_feet_1_14
0xAABBDE8E	dlc_mp_tuner_m_feet_1_23
0xAA026B48	dlc_mp_tuner_m_jbib_7_5
0xAA9B679F	dlc_mp_val2_f_jbib_0_10
0xAA13509A	dlc_mp_vwd_f_pleft_wrist_1_4
0xAA9414BB	dlc_mp_vwd_m_jbib_12_9
0xAAC4BA6D	dlc_mp_vwd_m_jbib_9_8
0xAAFD88FC	dlc_mp_x17_f_feet_0_12
0xAA1CAF56	dlc_mp_x17_f_feet_7_2
0xAAA4E561	dlc_mp_x17_f_jbib_6_20
0xAABB7802	dlc_mp_x17_f_legs_0_14
0xAA3BB10E	dlc_mp_x17_f_special_9_8
0xAA6FB465	dlc_mp_x17_m_berd_9_7
0xAADB67C5	dlc_mp_x17_m_feet_4_16
0xAAD19DB6	dlc_mp_x17_m_phead_5_2
0xAAC59F9E	dlc_mp_x22_f_feet_10_7
0xAAF91D04	dlc_mp_x22_f_jbib_8_13
0xAA660A28	dlc_mp_x22_f_phead_8_12
0xAA5750D1	dlc_mp_x22_m_feet_10_22
0xAA5072A3	dlc_mp_x22_m_teeth_10_0
0xAA45B721	dlc_mp_x22_m_torso_10_1
0xAAADD8A3	dlc_mp_xmas2_m_hand_3_1
0xAA51E59B	dlc_mp_xmas2_m_teeth_1_3
0xAAE5E256	dlc_mp_xmas3_f_berd_3_2
0xAAC92272	dog_food_heeled_empty_bowl
0xAAF08D3C	doorlight_lf001
0xAAF4481C	dosvq
0xAA031148	drawdepth
0xAA337DAA	drf_mic_1_cs_1-0
0xAA6A6F00	drf_mic_3_cs_1-59
0xAA453632	drf_mic_3_cs_2-82
0xAABD936F	e_pluribus_unum_10
0xAAE2507F	ef_2_rcm__maryann_biking_cyclist
0xAA746DFF	emblems
0xAA60F1A3	emperor2-21
0xAAEECE42	ent_dst_chick_carcass
0xAA6B19C6	enter_ch_prop_ch_sec_cabinet_01def
0xAA712417	enter_safe
0xAAD64269	enter_to_armraisedidle
0xAA0D5A07	ep_8_rcm-10
0xAAD7412B	eps8_abad
0xAA237C3D	epsw_acae
0xAA1A91CE	ex_p_ex_tumbler_01_empty-9
0xAABEFF04	ex_prop_door_arcad_roof_l
0xAAB44646	ex_prop_offchair_exec_04-21
0xAA155B1F	ex_prop_offchair_exec_04-5
0xAABFF854	exec1_exit_office_in_heli_cutscene_end_scene
0xAABECA9F	exit_01_la_mesa_door
0xAA455083	exit_3_ball
0xAAB35BC8	exl3_epac
0xAAAC6CC5	exploded
0xAA2B7382	explosionfx
0xAADA6D8C	ext1_cqbd
0xAA04E308	extintor
0xAAB5519D	f620-3
0xAA61EC74	f_exit_01_grapeseed_ped_b
0xAA0EB34C	f_exit_02_paleto_bay_ped_c
0xAA763744	f_sleep_l_loop_bighouse
0xAA526147	fabien
0xAA215881	fade_out_bigfeed
0xAA4896AA	fall
0xAADF87AD	fam1_eaak
0xAAFEAF88	fam5_fkaa
0xAAFA461E	family_3_int-7
0xAA49DD8E	family_4_chase_foot_outside
0xAA4FFE21	fb_lowerlip_045
0xAA1F7BC2	fb_r_ear_000
0xAA33FBE9	fbi1_aaac
0xAA1C01B3	fbi5a_lzad
0xAAC50E1A	fbi5a_mfaa
0xAA454FCD	fbi_3_int-10
0xAA39857B	fbis1_bcae
0xAA603A63	fbis4_iyaa
0xAA6DAB92	fcfj_cqag
0xAA76CFEE	fcfj_dgae
0xAA24823D	fcft_cuam
0xAAC250B8	fcma_dyai
0xAA9645D2	fcmf_ctah
0xAA48D733	fcmf_djad
0xAA5A70AF	fcmf_dqal
0xAA0F23D1	fcmft_dgah
0xAA13EE47	fcmt_dqak
0xAA286260	fcmt_draf
0xAA02FCDA	fctj_ajat
0xAA0E7CE1	fctj_aqak
0xAAB8A1BC	fctl_crao
0xAA51B770	female_hit_card_player_02
0xAAE3F9DB	female_pos_a_p2_weed_base
0xAA67E4C5	female_pos_c_p1_weed_idle_02_normal_weed
0xAAF1294A	female_pos_c_trans_p1_weed_to_p1
0xAA061435	female_pos_e_p2_idle_02
0xAA961C6F	female_reaction_impartial_var_04_facial
0xAA74EE64	fin1_aoaa
0xAA9A54CA	finc1_haaa
0xAA349C8A	finh1_asaa
0xAA28DFE6	finh1_ckag
0xAA93A48C	fix_agy_int2-52
0xAA6C0EDB	fkn0_eyam
0xAA0A4A42	fkn1_imab
0xAA152BA5	fkn1_kvae
0xAA1E97E9	flatterstaticfeet
0xAAD5C668	fm_1_atag
0xAAFE9DF8	fm_1_frab
0xAA889B80	fm_hip_m_tat_042
0xAA6F5054	fm_tat_m_002
0xAA022608	fmfl_arac
0xAAEE6A36	fmm_dcaa
0xAAD5F328	fmm_frac
0xAAC4750A	fmm_hhac
0xAAFCA9BD	fmm_jlab
0xAAD653DF	fog_moon_col_a
0xAAD3103F	fpfm_alaa
0xAA859E3E	fptf_asaa
0xAA08B48A	fq2-36
0xAAD5D4F6	fra_0_int
0xAA84F3F1	frlfb_aoad
0xAA8DFB9F	frlfb_baag
0xAA3E3DF2	fucking_screens
0xAA5E05A4	g_m_m_prisoners_01_r2pvg
0xAA21A708	g_m_y_pologoon_01_dual-4
0xAA937ECA	gen9_mig_int_p1_t00-11
0xAAF3C7F4	generic_no
0xAA473F7F	gfxfillstyle::getgradientfilltexture
0xAADDA4C8	glass_normal_spec_reflect.sps
0xAA3C372C	gr_prop_gr_grinder_01a
0xAA9649AD	gr_prop_gr_part_lathe_01a
0xAA87AFD5	gr_prop_gr_tool_draw_01b
0xAA1BDE9D	gr_prop_inttruck_light_ve_w_ol
0xAAEEF2BD	greatly
0xAA87363B	greet_gang_families_m
0xAAED99B7	gsendmin
0xAA5E8565	gta_normal_cutout
0xAA564346	gun_barrels
0xAA7254C8	gunsh_bdaa
0xAA060216	gunsh_ddad
0xAAD7F0A4	gunstore
0xAA89F69B	h4_int_lev_sub_chair_02-37
0xAA616753	h4_prop_battle_champ_closed_03
0xAA142C41	h4_prop_h4_casino_button_01a-8
0xAAA7EF70	h4_prop_h4_console_01a-22
0xAA2D5573	h4_prop_h4_door_03a
0xAAB6AF55	h4_prop_h4_door_03a-8
0xAAA2D528	h4_prop_h4_luggage_01a-6
0xAA234813	h4_prop_h4_luggage_02a-25
0xAA35D977	h4_prop_h4_photo_fire_01a-5
0xAA9E9321	h4_prop_h4_t_bottle_02a
0xAA1A4A36	h4_prop_h4_wheel_nimbus_f-18
0xAAD391C8	h4_prop_x17_sub_extra
0xAA1B145E	halloween_adversary_thermal_vison_mixscene
0xAA8ED6C9	harness_l_2
0xAA18D4AF	hash_aa18d4af_ndeidpia_collision
0xAA3DC681	hash_aa3dc681_nemcaie_collision
0xAA3F44AC	hash_aa3f44ac_xbuylva_collision
0xAA70CB20	hash_aa70cb20_ehnypmf_collision
0xAA88C6AC	hash_aa88c6ac_djrwxyo_collision
0xAAEAE0FE	headlock_loop_mp_m_brawler
0xAAF23A8F	hei_dlc_casino_door_broken
0xAA2471D7	hei_heist_din_chair_04
0xAA91AE15	hei_kt1_08_slod_shell
0xAABAD5FE	hei_prop_carrier_panel_3
0xAA65518E	hei_prop_heist_cutscene_doora
0xAA597AA5	help_standup_cam
0xAA425917	hermes-34
0xAA08449A	hi_idle_d_m01
0xAAD48ABA	high_turn_r_end_facecover
0xAAC802C9	hs3f_int1-24
0xAA14BEAD	hs4_nimb_lsa_isd-44
0xAA0CB8E1	hs4_nimb_lsa_isd-72
0xAAD930BF	hugs_guy_b
0xAAA2111E	i0z
0xAA8A96C0	idle_02_clipboard_sl
0xAA5C4B56	idle_b_a_f_y_beach_facial
0xAA44E98B	idle_b_clipboard
0xAA25D6DA	idle_b_phone
0xAA52829D	idle_o_a_m_y_vinewood_01
0xAAF3EA1D	idle_waive_mariachi_01
0xAA923954	ig_3_switch_trev_to_fra_and_oneills_trev
0xAA56DDE1	ig_benny_dual-0
0xAAE4EA7B	ig_chengsr
0xAA8CE8FF	ig_furry_dual-34
0xAA6D0E4A	ig_guadalope_p
0xAAB33877	ig_jackie_dual-22
0xAA584367	ig_pilot_dual-38
0xAA56E968	ig_sacha_dual-27
0xAAB08B3F	ig_weiss_p
0xAA0D3E99	ihearyouvebegun_1
0xAACA1381	impatient_idle_d
0xAA4A0F84	imperator-21
0xAAA7C39C	init_landing_page
0xAAB12839	input_code_enter_correct_final
0xAADDC975	input_script_ls
0xAA56B926	input_veh_jump
0xAA816D66	intro_ped
0xAAF90457	ioms_mouse_button
0xAA27E609	jessie_ig_2_yeahyeahyeah_1
0xAA78A347	jh2b_arrive_stop_track
0xAA770560	jh_2a_intp4-7
0xAAEC55B8	jhs1_atas
0xAAF05651	juerga.
0xAAA7151D	kampfschrotflinte
0xAAEDE9C8	key_f4
0xAA1DBB1F	keymap_can_delete
0xAA6F980A	khanjali
0xAACDF2B2	ladders@femalebase
0xAA29C9E0	lam_1_mcs_1_concat-2
0xAAB6E6AB	lamar_1_int-17
0xAA52C825	lanzador
0xAAFA6270	layout_ranger_sandking
0xAA9CE9DF	ld_2g_wait_cam
0xAA780D8B	lean_l_slow_extreme
0xAAC04127	lean_wall_idle_01_lamar
0xAAF50D10	lem2_hpab
0xAA9FB80E	les1a_btaa
0xAA49F40B	lester_1st_suitless_entrance_negative_a
0xAA1153CD	lester_loop
0xAAE05F7B	lguard-8
0xAA1C8D48	like
0xAA743CBC	loc_aaaa
0xAA28E7DC	loc_efaa
0xAAA12584	loc_hmaa
0xAAB72E89	loc_jhaa
0xAA7F8BA2	location_strawberry
0xAAF0C88D	look_around_right_03_gr_prop_gr_drillcage_01a
0xAAD7C6F7	low_car_bj_to_prop_p2_female
0xAA3DFECE	low_r_settle
0xAAB18D5E	lr_m_hair_004
0xAA0ACBF2	lsdh_2a_int-9
0xAA89E683	lux_p_champ_flute_s-31
0xAAAECD36	m23_2_int1_m232_storage_detailmesh
0xAA0C5721	m23_2_prop_m32_door_ls_logo_01b-1
0xAA0C91BC	m23_2_prop_m32_door_ls_logo_01b-11
0xAA51709A	m23_2_prop_m32_shaftdoor_01a
0xAA181A91	m23_2_prop_m32_surfboard_01a
0xAA2C1DB6	m24_1_prop_m41_officechair_01a-37
0xAAF6BFBA	m24_2_int_03_cables_hanging
0xAAF76BC4	m24_2_prop_m42_filebox_01a-27
0xAA9F2B96	m25_1_int_01_decals_floor_01
0xAA2564B3	m25_1_prop_m51_laundry_trolley_01c
0xAA74AEAE	m25_2_int_01_globe_bar
0xAAF46CD8	m25_2_int_01_lamp_ceil_spot_046
0xAAEBD4E6	m25_2_int_01_spa_partition_001
0xAAB9C69B	m25_2_prop_m52_art_dog_01b
0xAAD88DA7	m25_2_prop_m52_business_card_01a-99
0xAA388DA3	m25_2_prop_m52_door_msn_sliding_01c-6
0xAA67144B	male_c_trans_h
0xAAC4E52C	male_e_trans_f
0xAA431670	male_pos_c_lamar_strain
0xAA7F6C78	martin_1_int-2
0xAAC1DE05	matrixtype
0xAAFEFE44	mch1_acaj
0xAAEFCFC3	mch1_cqad
0xAAFC50A5	mch2_brab
0xAA74E23D	mefl_amas
0xAAE2D927	menu_unique_id_exit_to_windows
0xAAFA320E	menu_unique_id_replay_random
0xAA3CB652	met1_dwaa
0xAA430522	met1_eyah
0xAA3F3BBB	metro_sm1
0xAAD696BB	mgps_drag
0xAA8A6114	mgtn_eqaa
0xAA47129A	mgtr_bxaa
0xAA2E8691	mh_r_panthem_root
0xAA08C0B0	mh_r_scap_root
0xAA3F561B	michael_idle_b_pz
0xAA481A15	missfbi5ig_17
0xAA8BCE52	missheistdocks2a
0xAAA53184	missheistdockssetup1showoffcar@idle_a
0xAAB62179	missile_incoming_hit
0xAAEBBDA7	misslester1aig_7main
0xAA343B53	missmartin1@pointing_sky1@enter
0xAAA41660	missrappel
0xAA573978	misstrevor2ig_10
0xAA89B994	mk_001
0xAA30C93F	mp_biker_tee_014_f
0xAA545249	mp_christmas3_tat_002_f
0xAA33605E	mp_corona_idles@female_b@base
0xAA1960AC	mp_global_radio_fade_in
0xAAB90E45	mp_int_mcs_15_a1_b
0xAAABE9FA	mp_mp_biker_tat_051_m
0xAA9E0269	mp_sm_stop_track
0xAADC968F	mpct_bdaa
0xAA111270	mpct_cyaa
0xAAF3CEDB	mpct_djaa
0xAA23A1A2	mpct_fxaa
0xAAA8C83E	mpct_hmaa
0xAA1554C5	mpgcs_abaa
0xAA52DF1F	mph_nar_met_ext-4
0xAAF56AC2	mpheist3_tat_040_f
0xAA71DC6B	mptxi_apaa
0xAAC8175D	mule4-13
0xAA82B4E5	music_started_cam
0xAA834FCD	myo
0xAABAFA9B	n_ac13_les_1a_mcs_1_00-5
0xAA1BE71F	n_ac16_bar_5_rcm_p2_2-5
0xAA03B8B4	n_ac18_ep_6_rcm_005-2
0xAAED52E4	n_ac1_fin_c_ext_p4_03-28
0xAAE250CE	n_ac1_fra_2_ext_p3_00-10
0xAAE777CE	n_ac3_es_1_rcm_p3_0101-3
0xAACA00DD	n_ac3_hs4_scp_airs_p2_t07_01-12
0xAA480DDA	n_ac59_mic_2_mcs_3_03-6
0xAAD12F1F	n_ac6_mic_2_int_p2_street_lamp002-14
0xAAD3B1A8	n_ac6_mic_2_int_p2_street_lamp002-42
0xAA8656FE	n_ac9_family_5_mcs_3p2_03-3
0xAAEDEF29	n_ragelight12_dixn_intro_p1_002-3
0xAA067855	nessuna
0xAA2EB653	new_trevorstrailer
0xAA30461C	ng_proc_box_02b
0xAA959CD7	nhh2a_cbaa
0xAA2C43D1	nhh_jmaa
0xAAE66638	nhs1b_bxaa
0xAA87B6C7	nig1d_baaa
0xAACCD95C	nm
0xAA856C18	nme_away_dance_d_30_facial
0xAA36412C	nme_bch_unq_sync_b_99_coconutdrink
0xAAF1F8E0	nme_cue_idle_k_15_hp_table
0xAAA65E4D	nme_unq_chat_a_22
0xAA7862D4	nme_unq_sync2_e_40_coconutdrink
0xAA9A1089	nme_unq_sync_e_22_facial
0xAA650DAF	normal_spec_emissive
0xAA34EB32	oat_fos_ep_1_p1_046-17
0xAA8554F3	ofensywny
0xAAD18DD5	offroad_outro_trv
0xAABF5965	oilpump_run_01
0xAAEE0932	onalt_ton_mcs_1_00-5
0xAAE9239C	one.
0xAAD0F92F	operate_03_hi_gr_prop_gr_vertmill_01c
0xAA661628	operator
0xAA6D4E54	othis
0xAAAAB03F	outro_2
0xAA0972D3	p1_solomun_facial
0xAAE1B759	p_ashley_neck_01_s-11
0xAAFA2E44	p_brain_chunk_s-11
0xAA615D56	p_cash_envelope_01_s-50
0xAA4A3984	p_champ_flute_s-5
0xAAA024DF	p_cs_ciggy_01b_s-12
0xAA213918	p_cs_shot_glass_s-43
0xAA0CF1C4	p_ilev_p_easychair_s-65
0xAA28009B	p_ing_microphonel_01-15
0xAA6A08F4	p_jimmy_necklace_s
0xAA230938	p_mbbed_s-5
0xAAF222D5	p_v_med_p_sofa_s-104
0xAA48222C	p_wade_necklace_s-0
0xAAA23B29	paczka
0xAA887CB2	pap3b_bcaa
0xAA1E5802	pap4_avap
0xAA0475C5	parachute_black_deployed
0xAA769D68	passenger_ko_female_f
0xAAA8F8E3	pbam_aiab
0xAA14E0EF	pbam_araf
0xAAC9CB3D	pbpd_aiac
0xAA278188	pbpro_bfaa
0xAA617D81	ped_a_hold_idle_male_a_glass
0xAA0CC812	ped_cloth_enveff
0xAAA4B936	phone_generic_key_02
0xAA6977E2	pistoletu.
0xAA604F59	playable.
0xAA3BBA10	playidle_to_watchidle_a
0xAA36DC01	policeb-5
0xAA651233	pose_b_idle_a_blamadon
0xAAB3292F	pose_e_idle_b_blamadon_face
0xAA4D2860	postfx_noise
0xAA858208	ppu
0xAA6C40CE	prerace_chat
0xAA7A5A4F	profiles
0xAA4BD054	prop_agave_02
0xAA64D5A6	prop_beer_logger-27
0xAA7BAB6D	prop_blackjack_01-2
0xAAFDC810	prop_bong_01-24
0xAA5DBB9C	prop_bong_01-58
0xAA19B8C4	prop_bong_01-76
0xAA8BBF12	prop_bottle_cap_01-6
0xAA61FAC1	prop_box_wood03a-8
0xAAF87F72	prop_boxpile_04a-2
0xAADB7F3C	prop_boxpile_04a-4
0xAA6F3FFD	prop_cap_row_01
0xAAA46E89	prop_cardbordbox_03a-28
0xAA3B22FC	prop_cardbordbox_04a
0xAA1F0F0F	prop_ceramic_jug_01-13
0xAADC9240	prop_ch3_01_trlrdoor_l-4
0xAA69EC0F	prop_chair_04a-30
0xAA76A04A	prop_champ_jer_01a-15
0xAAFEF677	prop_coffin_02-11
0xAA435F77	prop_coral_kelp_01
0xAA05E30F	prop_cs_aircon_fan
0xAA00C093	prop_cs_beer_bot_01b-6
0xAAE2760C	prop_cs_bottle_opener
0xAA5D6E26	prop_cs_burger_01-23
0xAA88CC0D	prop_cs_ciggy_01b-14
0xAAF33787	prop_cs_frank_photo-7
0xAAF33DA2	prop_cs_glass_scrap-7
0xAA412F6C	prop_cs_gravyard_gate_r-24
0xAA6A77D0	prop_cs_kitchen_cab_ld-28
0xAA5DEEE8	prop_cs_magazine-7
0xAA7FD81E	prop_cs_mini_tv-4
0xAA783017	prop_cs_rage_statue_p2-2
0xAAEC632A	prop_cs_sm_27_gate-13
0xAA00A650	prop_damdoor_01-6
0xAA7A2BAC	prop_flag_ireland_s
0xAA38FE6F	prop_fnclink_02p
0xAA00E4CF	prop_fncsec_01gate
0xAAF96495	prop_food_bs_bag_01-3
0xAA2A0160	prop_golf_ball-7
0xAAF927E8	prop_golf_tee-4
0xAAF6DBE7	prop_human_seat_chair
0xAACC84B0	prop_hw1_04_door_r1
0xAA282040	prop_ld_contain_dl2-3
0xAAC7584D	prop_ld_rail_02-1
0xAA1F1622	prop_ld_shovel-4
0xAAE6B777	prop_luggage_02a-51
0xAA639545	prop_magenta_door-0
0xAA6FD3EC	prop_med_bag_01b-15
0xAA8760C6	prop_mk_thermal
0xAAD06B97	prop_peyote_water_01
0xAA91C911	prop_phone_overlay_03-5
0xAAC4A0E0	prop_phone_overlay_anim-71
0xAAAA37CA	prop_player_phone_02-59
0xAA709BEF	prop_prologue_phone_lod
0xAAD8F4D1	prop_ron_door_01
0xAADF5B4C	prop_sandwich_01-66
0xAA9A17AA	prop_shredder_01
0xAA5A0E3B	prop_snow_bush_01_a
0xAA89FD44	prop_tool_screwdvr01-24
0xAA933BF5	prop_wall_light_10a
0xAA999BCD	prop_windowbox_b-4
0xAA483A44	propr
0xAA839E58	prs_ihaa
0xAA4D74FF	prs_nyaa
0xAA54FAD9	ps_2a_shootout_start
0xAAAC9C00	ptrx_idle_cc_mix_14_headphones_beer_can
0xAA04E7A2	ptrx_idle_p_mix_16_dj_ptrax_facial
0xAA87AF2F	putt_react_good_01
0xAAA8702D	rage::applyimpulseandpushartandart
0xAA231523	rampa_away_idle_c_05_s_glass_03
0xAA116EBA	rampa_awayside_idle_c_09_t_bottle
0xAAAD8274	rampa_mix_idle_g_07_hp_table
0xAAC0F63E	rampa_mixdance_sync_a_09_t_bottle
0xAACCA302	rampa_mixsway_idle_d_04_hp_head
0xAA6CA478	rampa_mixsway_idle_i_10_s_glass_01
0xAA8CFB6B	rampa_trans_cuedgrab_to_cueddown_b_17
0xAAC2C203	rampa_trans_cuedgrab_to_cueddown_b_17_s_glass_03
0xAA85C205	rampa_trans_cuelean_to_cue_a_06_v2
0xAA03D895	rampa_trans_mix_to_mixdance_b_05_s_glass_02
0xAAC834E3	rampa_trans_mix_to_mixdance_b_05_t_bottle
0xAA8A7B1A	rampa_unq_shots_b_66_s_glass_01
0xAAC85CF9	rbh2a_agac
0xAA6C047A	rbh2a_bzad
0xAAE9308E	re_ye_aaaa
0xAA2B8595	reachout_gr_prop_gr_vertmill_01b
0xAAA7E722	react_front_dive_right
0xAA255F23	reaction@male_stand@big_intro@forward
0xAA2F2090	reaction@male_stand@small_variations@c
0xAADE7FFD	really_very_unhappy_0
0xAA95EC88	rear2_ajab
0xAA43D6B9	rear3_aiaa
0xAAB75892	rebu2_baaa
0xAA19692E	received
0xAAE018E3	recgf_avaa
0xAAAC268C	rehh1_bfaa
0xAA8EDE4B	rehh2_bvag
0xAAE52191	repap_abaa
0xAA9F792C	resna_awaa
0xAAF8E094	return_bag_stand_b_bag
0xAA237B87	reveal_folded_p02
0xAA35B92A	rgba_proj
0xAABC6AFC	rhvbvlv5vjvivfvxvzv@v3v
0xAAD09FC4	run_climbup_exit_r
0xAA603A40	run_drop_l
0xAAA82A18	runclimbup_180_high_angled_20
0xAA8B5697	s_f_y_hooker_01_r2pvg
0xAADAA92D	s_f_y_sweatshop_01_dual-5
0xAA65D501	s_f_y_sweatshop_01_dual-61
0xAAD6C8DF	s_m_m_bouncer_01_dual-8
0xAA8A329E	s_m_m_studiosoueng_02_dual-41
0xAAC8D9F7	s_m_y_cop_01_dual-59
0xAA95C53C	s_m_y_xmech_01_dual-13
0xAA3BF952	sc_error_invalid_account_age
0xAAF95D3C	score_track_list
0xAA224900	scr_armenian2
0xAAF4930E	scr_ba_bb_leaflet_drop
0xAA5219C9	scr_hr_lny_firework_launch_shape_heart
0xAA13E9A6	scr_hr_mfh_shark_attack_bite
0xAA42C49A	scr_xt_trip_muz_musket
0xAAF677BF	scrap_aoae
0xAA3A09BE	screencenter
0xAA3BE0A6	script_install.rpf
0xAA0D3B90	se_exec_wh_m_radio
0xAAAAD7F5	se_restaurants_korea_03
0xAAB57406	sea_races_outro
0xAA44D6A5	seatedidle_mi_15_namaste_laz
0xAA1484DD	serviceaccesstoken
0xAA5110B5	set_list_highlight
0xAA463130	sf_prop_sf_door_com_r_06a-14
0xAA822B15	sf_prop_sf_door_com_r_06a-3
0xAA99F01A	sf_prop_sf_door_office_r_01a-31
0xAACFB196	sf_prop_sf_door_stat_l_01a-5
0xAAD79218	sf_prop_sf_jewel_01a
0xAABBFFD9	sf_prop_sf_mic_rec_01a-44
0xAA66329F	sf_prop_sf_mug_01a-16
0xAAB2D1F9	sf_prop_sf_og2_01a
0xAA786DDD	sf_prop_sf_s_mixer_01a-66
0xAA0CC3B5	sf_prop_sf_s_mixer_01b-31
0xAAE9CEAD	sf_prop_sf_scrn_tablet_01a
0xAA2EB0A4	sf_prop_sf_track_mouse_01a-0
0xAAAA6B54	sf_prop_sf_tv_studio_01a
0xAAF8A990	sg_bnch_saves
0xAA7FB9DB	shadowprocessing_softshadowblur_optimised2particlecombine
0xAAA85B08	shake_can_idle_male
0xAA4B3687	shootout_open_fire
0xAAE39D77	shouldertwist
0xAA8EE2E3	sigforcebalanceperiod
0xAAB741AA	silj_ext-15
0xAA2B639B	simple
0xAA658CFC	sit_high_fast
0xAA394BA4	sit_sofa_b
0xAAFC63E5	skidmarks
0xAA432243	skincolourtweak
0xAA7CE3E9	slmn1_bvag
0xAA5511B8	sm_cocknballs
0xAA7FAD00	sm_prop_smug_crate_m_fake
0xAA5BA99B	sm_prop_smug_offchair_01a-60
0xAAD89B42	smash_case_idol_cam
0xAA94B0C2	smg.
0xAA89394D	smug_draw_4
0xAA7FEDAC	sol1_cbae
0xAABC1E79	sol1_chase_plane_rt
0xAA9AD61F	sol1_diaa
0xAAC4F29E	sol_sync_h_sol
0xAA51CEEF	soldixn_out_tale_in_bg_female3
0xAA350F45	sorter_left_sort_v3_chair01
0xAA8662B0	sorter_left_sort_v3_sorter01
0xAAAB923C	sp_f_eyes_5_10
0xAA868C50	sp_f_eyes_6_2
0xAA7E1BDF	sp_f_feet_15_10
0xAA6A86BA	sp_f_head_11_7
0xAA44BB19	sp_f_jbib_8_1
0xAA4DADD5	sp_f_lowr_13_10
0xAAA87457	sp_f_lowr_14_12
0xAAA4F722	sp_f_lowr_3_12
0xAA0A41B1	sp_f_uppr_6_0
0xAAA421C1	sp_m_eyes_10_0
0xAAFC13DD	sp_m_feet_11_7
0xAA310B57	sp_m_feet_5_5
0xAAAE5D2D	sp_m_head_12_3
0xAA3E994D	sp_m_uppr_13_0
0xAAA78895	special_ped@andy_moon@monologue_1@monologue_1d
0xAAF66290	special_ped@andy_moon@monologue_2@monologue_2b
0xAA5C7B58	special_ped@griff@monologue_5@monologue_5j
0xAA9E3D95	ss1_13
0xAABC2566	stage1michaelroute
0xAAD5F9AB	stand_drink_cup_female_a_base
0xAA2D9298	start_rappel_f_franklin
0xAA74CA18	steer_no_lean_low
0xAA4BD4FF	strafe_bwd_switch_to_walk_ccw_rf_180
0xAA65E455	strandliebhaber-packs.
0xAA8B08C8	subj_mcs1-15
0xAA4B1371	submersible-7
0xAAB13726	surfer2-16
0xAA1ED6D1	swap_position
0xAA0BA5C8	switch@trevor@at_the_docks
0xAA3D00BD	t1m1_dcaa
0xAA3158E4	tampa2-31
0xAA276062	tanker2-13
0xAA142A23	target_hit_head_black
0xAA2C4AC2	task_start_scenario_at_position
0xAAC664F1	text_to_mobile_transition
0xAA765E26	textalign
0xAAEBAC58	throw_idle_a_down
0xAA1A5765	thruster-18
0xAAEC2E5A	ti_to_li_f03
0xAAA6AF06	timeofpredelay
0xAAB4E140	tou_idle_open_b_mm
0xAA0B59C2	tow_hgad
0xAA3F9606	tow_hrag
0xAA95AA14	tr_prop_tr_coke_powder_01a-16
0xAA0D6DCD	tribike-10
0xAA4BD503	trv3_dgcc
0xAA68C58D	try_shoes_neutral_b
0xAA638853	turn_right_02
0xAA225B7B	txm10_asaa
0xAAAB0E1C	txm4_aaaa
0xAA221783	txm8_blac
0xAAC75139	txm8_dsaa
0xAA179262	txm9_biab
0xAA5F55FE	txm9_bwaa
0xAAC5691F	u_m_y_smugmech_01_dual-22
0xAAE7EA9C	u_m_y_smugmech_01_dual-30
0xAA56C878	uho78r0g7e
0xAA7CD954	unescape
0xAA5B237A	unload_press_basicmould_v1_cocmold
0xAAE2A953	usjs_completed_mask
0xAAE6BABF	v_11_abboffovers
0xAA84954D	v_11_abbslausigns
0xAA4CE55E	v_16_ap_hi_pants2
0xAA81F59A	v_28_coldr_dirt
0xAA9F3A85	v_29_moltmet
0xAA0F1E50	v_44_1_master_wait
0xAA41F0F6	v_61_bed2_mesh_drugstuff001
0xAA0802D1	v_73_v_fib_flag_a003
0xAA9DEEB5	v_74_it2_ser2_deca
0xAA908D84	v_8_hall6decdirt
0xAA8789C1	v_apart_midspaz
0xAA48BA08	v_corp_bk_lfltstand
0xAAF27C5C	v_farm
0xAAE15548	v_ilev_mm_doorm_r-31
0xAA0798EE	v_ilev_rc_door2-32
0xAA8F1E9D	v_ilev_rc_door2-79
0xAA3B9548	v_ilev_ss_door04-63
0xAA3FC7F1	v_ilev_trev_pictureframe-17
0xAAA0DA7D	v_med_cor_offglass
0xAAA4F5B4	v_med_whickchair2
0xAABD8443	v_res_cd-18
0xAA98BA94	v_res_m_horsefig-7
0xAA812BD3	v_ret_gc_staple
0xAAA611B3	v_ret_ml_scale
0xAA022B5F	vagos_extlight_small
0xAAEC9995	veh@low@front_dsmusic@hiphopidle_a
0xAAC546D9	veh@van@ds@music@hiphopidle_a
0xAA4140DE	veh@van@riot@rds@enter_exit
0xAA886DF8	vehicle_weapon_insurgent_minigun
0xAA135F8E	ver_01_cutting_bottom_right_idle_hei_p_m_bag_var22_arm_s
0xAAB9A625	ver_02_top_right_enter_cam_re
0xAA612BE6	veui_ed_mk_time_hlp
0xAABCD400	veui_edit_cam_mounttype
0xAA311855	vle6
0xAA6AD13F	vw_prop_casino_roulette_01-9
0xAAB84FDB	vw_prop_vw_casino_podium_01a-5
0xAA973DD6	vw_prop_vw_offchair_03-64
0xAA85F272	vw_prop_vw_trailer_monitor_01-2
0xAA066188	w_ar_assaultriflemk2_mag1-28
0xAA523316	w_ar_bullpuprifleh4_sight
0xAA37154D	w_ar_railgun_mag1
0xAA73D893	w_lr_grenadelauncher-0
0xAA302748	w_me_bat-21
0xAA06233C	w_pi_pistol-111
0xAAB02F4B	watchidle
0xAA90E8F9	weapons@first_person@aim_scope@generic@assault_rifle@shared@core
0xAA130F78	weed_alaa
0xAACB45B9	weed_awac
0xAA194421	wheel_fric_sand-5
0xAA87552C	windf
0xAA579F59	windsor2-44
0xAAA623BE	windsor2-7
0xAACB9361	wood_swing_action_high
0xAABFE3A4	world_human_partying
0xAA4B01CF	x-agile-content-detect
0xAAD46E4F	xgcep
0xAABF2F8C	xm24_factory_int-2
0xAA0E2632	xm25_mansion_inta-53
0xAA0AC94E	xm25_mansion_intb-19
0xAAFD414B	xm25_mansion_intb-83
0xAA720AAD	xm25_mansion_intc-110
0xAA6EEC6E	xm25_mansion_intc-65
0xAAC4E5C3	xm3_int1_proxy_mover_004
0xAA97DB50	xm3_prop_xm3_bag_coke_01a-20
0xAA3D5A2F	xm3_prop_xm3_folding_chair_01a-13
0xAAA610A7	xm3_prop_xm3_pill_01a-78
0xAA0E0E11	xm3_prop_xm3_pouch_01a-2
0xAABD5D3B	xm3_prop_xm3_toy_dog_01a-75
0xAA8EAC24	xm4_cbr_fin_ext-11
0xAA96B730	xm_prop_base_slide_door-3
0xAAF29245	xm_prop_lab_cyllight01
0xAA15C26D	xm_prop_x17_add_door_01-16
0xAAC9C895	xmas
0xAA30C7AB	xs_prop_arena_gate_01a
0xAA868723	xs_prop_x18_flatbed_ramp
0xAAC63BB4	yaceaquiestoynomas_2
0xAAC8EE47	youngpoorman
0xAA2C7310	zoom_right
