0xAB6BE279	001077_01_m_e
0xAB25E1BC	001218_03_trvs_23_rude_at_cafe_idle_trv
0xAB9D7965	001393_02_mics3_3_talks_to_guard_exit_cam
0xABBF303A	001510_02_gc_mics3_ig_1_base_chair_2
0xABED8D5F	001915_01_fras_v2_8_watching_tv_exit_cam
0xAB71C5D3	0o.
0xAB87E810	177_rallytruck_modkit
0xAB433344	420weedvan
0xAB13E794	487_astron2_modkit
0xAB91216E	557_dorado_modkit
0xAB84B24B	_all
0xAB696337	_d_b_w_y_
0xAB5345B9	a.@pit
0xAB89F98D	a_c_chop-3
0xABB8A07C	a_c_chop_02_dual-11
0xAB3A9F80	a_c_chop_02_dual-12
0xABB6C18B	a_c_fish_dual-29
0xAB755761	a_c_rottweiler_02
0xAB3727CF	a_f_y_clubcust_02_dual-13
0xABC5F9DD	a_f_y_gencaspat_01_dual-4
0xAB603F55	a_f_y_hipster_02-24
0xAB3C0D6B	a_f_y_tourist_02_dual-14
0xABA0B6EA	a_f_y_vinewood_01_dual-43
0xAB2C184D	a_f_y_vinewood_02_dual-4
0xAB844515	a_m_m_business_01-11
0xAB4B105C	a_m_m_fatlatin_01_dual-72
0xABCCBA7C	a_m_m_malibu_01_white_full_01
0xABF5280D	a_m_m_mlcrisis_01_dual-1
0xABAB17E1	a_m_o_tramp_01_black_full_01
0xAB1ECE3B	a_m_y_carclub_02_p
0xAB5F45BE	a_m_y_cyclist_01-41
0xAB134AB8	a_m_y_motox_02_p
0xAB700622	a_m_y_stbla_02_dual-37
0xAB0D7DA1	a_m_y_stbla_02_dual-45
0xABA93603	a_m_y_studioparty_01_dual-31
0xAB0A7155	a_m_y_yoga_01
0xABB1490C	ac12_fspot_fos_ep1_p1_00-12
0xAB59C9AC	ac13_fspot_fos_ep1_p1_00-9
0xAB704F21	ac24_mph_nar_int_p1_cyan_lamp004-7
0xAB905081	ac2_fra_0_int_p2_00-14
0xAB3CFF57	ac5_mph_hum_fin_int_p2_cyan_lamp001-0
0xAB042F8E	account.creationdate
0xAB387F8F	action_a_blowtorch
0xAB21A278	action_avi4_phonebox
0xABFF4C5C	action_heeled_player
0xABC48012	adam_away_idle_k_23_v2_hp
0xABAB8E48	adam_cue_idle_d_02_bottle
0xABF15204	adam_sidemix_idle_a_08_hp_table
0xAB8F6F84	adam_sidemix_idle_b_01_hp_table
0xAB1D7B9A	adaptivedofparams3
0xABE96B71	adjustments
0xAB73FFC8	ah3b_coas
0xAB85A470	ah3b_hacked_pc
0xAB345C56	ah3b_pbaa
0xAB6DC50D	ah_2_ext_alt-6
0xABFEA3C2	aimd_calm_bwd_l
0xAB601DDE	als
0xABF5F2F1	alt2
0xABA8CF43	alt_special_5
0xAB7AF6CA	amb@code_human_in_car_idles@generic@ps@idle_a
0xAB6766D6	amb@code_human_in_car_mp_actions@drink_bottle@std@ps@base
0xAB5A3490	amb@code_human_police_investigate@base
0xAB911369	amb@code_human_wander_mobile@male@base
0xABF688C8	amb@world_human_leaning@male@wall@back@foot_up@idle_a
0xAB34EB48	ambient_tv_33
0xAB222AF4	america_is_not_2
0xABDBFF02	anim@amb@carmeet@take_photos@male_a@base
0xABCF0070	anim@amb@casino@hangout@ped_male@stand@02b@enter
0xABBF3684	anim@amb@casino@shop@special_peds@carol@01a@idles
0xAB837358	anim@amb@drug_processors@weed@male_b@react_shock
0xAB7AF91C	anim@amb@nightclub@dancers@crowddance_single_props_transitions@from_low_intensity
0xAB5EF958	anim@mp_player_intcelebrationpaired@f_f_cowering
0xAB5B7DA8	anim@mp_player_intin_carcut_throatbodhi@ds@
0xABD85B19	anim@mp_player_intincardjbodhi@rds@
0xAB1A8480	anim@mp_player_intincarfreakoutlow@ds@
0xAB48146F	anim@scripted@island@special_peds@dave@hs4_dave_ig1_bars
0xABE0BDEC	anim@scripted@player@fix_agy_ig6_office_chair_entry@right@male@
0xABB7B19B	anim@veh@boat@speed@fds@base
0xAB64462B	anim@veh@lowrider@std@ds@arm@music@countryidle_e
0xABA76D27	anim@weapons@pistol@ceramic_pistol
0xAB541ABF	anim@weapons@rifle@lo@dbshot_str
0xABB7B67F	anim_ac1_fos_ep1_p5_003-13
0xAB7514C6	anim_ac2_fos_ep_2_p3_00-13
0xAB8F9848	anim_ac53_fos_ep1_p6_01-4
0xABFFFF84	anim_ac54_fos_ep1_p6_01-13
0xAB29B9A9	anim_ac69_fos_ep1_p6_00-28
0xAB034333	anim_ac70_fos_ep1_p6_00-30
0xAB4EE0FA	anim_ac70_fos_ep1_p6_01-28
0xAB54B4EE	anim_ac72_fos_ep1_p6_02-35
0xAB376D18	anim_ac76_fos_ep1_p6_02-10
0xAB4B6E4C	anim_ac76_fos_ep1_p6_02-23
0xAB3782DD	anim_ac82_fos_ep1_p6_00-6
0xABFA9D88	anim_casino_b@amb@casino@games@roulette@ped_male@seat_2@regular@02a@play@v01
0xABCF6930	anim_casino_b@amb@casino@games@threecardpoker@ped_male@regular_withdrink@01a@play@v02
0xAB20DD0D	anim_corona_oat_fos_ep1_p6_019-13
0xAB751993	anim_corona_oat_fos_ep1_p6_13-33
0xAB06209A	anim_corona_oat_fos_ep1_p6_14-33
0xAB5A9F57	anim_heist@arcade_property@fortune_teller_door@lester_speaks@
0xABC30661	anim_oat_fos_ep1_p6_044-29
0xAB1A6EE3	anim_oat_fos_ep1_p6_046-18
0xAB2745AF	anim_oat_fos_ep1_p6_048-1
0xAB8634C2	anim_oat_fos_ep1_p6_049-1
0xABA90221	anim_oat_fos_ep1_p6_051-20
0xAB32D290	anim_oat_fos_ep1_p6_07-1
0xAB7630E9	anim_oat_fos_ep1_p6_07-32
0xAB8ECA40	anim_oat_fos_ep1_p6_17-14
0xAB0132FF	anim_spots_oat_fos_ep1_p6_01-33
0xAB9AE8B0	anim_spots_oat_fos_ep1_p6_04-33
0xAB726C70	animl_abap
0xAB7FFBBD	animl_afao
0xAB1FB273	animl_agal
0xAB18BA03	animl_aiaa
0xABB357ED	animl_auad
0xAB8DB315	animl_bqab
0xAB900AB5	animl_dmaj
0xAB4FDB80	animl_dxaj
0xABF075A4	animl_dyac
0xAB5E1A08	animl_gqab
0xAB27199E	animl_gqad
0xAB96477A	animl_haag
0xAB439E54	ansph_clab
0xAB7A09A5	anybody_wanna
0xABCF4AAA	apa_mp_apa_yacht_o1_rail_a
0xAB1D28C8	apa_mp_h_acc_rugwoolm_04
0xAB813836	apa_p_mp_door_mpa2_frnt-4
0xABA193E2	apa_yacht_grp09_1
0xAB4FE844	ar_afb_hum_02
0xAB58DFB1	ar_birds_coot
0xAB8CE966	ar_dlc_h4_ih_insects_grasshopper_fly_day
0xABC79A8B	ar_dlc_sm_hanger_ac_units_02
0xAB071A8E	ar_docks_cranes_short
0xAB836F80	ar_prop_ar_neon_gate_05a
0xAB118090	arm1_radio_off
0xAB251028	arm3_cvaa
0xAB574003	arm3_restart_7
0xABA57DB6	armenian_3_int-0
0xAB5F35F7	arms_jsab
0xABBC8016	arms_juad
0xABEEE0E6	asbo-59
0xAB60AE69	ascend
0xABD3D329	ask_you_a_question_6
0xABF6E86A	avoidance
0xAB6C3FEE	az_dlc_h4_ih_detail_hanging_cage
0xAB3567DD	b2
0xABE35664	ba_prop_battle_amb_phone
0xAB24A4FB	ba_prop_battle_champ_open-22
0xAB4B17B4	ba_prop_battle_ice_bucket-13
0xAB4AA9E8	ba_prop_battle_sniffing_pipe-5
0xABFA5B3F	ba_prop_door_club_entrance-55
0xABA4704B	ba_prop_door_elevator_1l-49
0xAB952202	ba_prop_door_elevator_1r-31
0xABBC9C6D	ba_prop_sign_palace
0xAB8CC219	banshee2_upgrade
0xAB02228C	bar3c_avab
0xAB577C93	bb2_akao
0xAB1BBCF4	beastintro01
0xAB11B319	big_score_gold_cage_lock
0xAB39FFCD	bill_ig_1_c_01_dontbeafool_3
0xABE01D20	bill_ig_2_convo_michael_youseemmellow_1
0xAB686EEF	biosversion
0xAB0EEEFE	bkr_prop_fakeid_pen_01a-44
0xAB95C800	bkr_prop_fakeid_penclipboard-17
0xAB11CC80	bkr_prop_weed_drying_01a
0xABBFB6C2	boardroom_into_exit_jnor_chair
0xAB8A3B0C	bodyguard_miguel_action_01_champagne_bottle
0xAB29AEB0	boot1
0xAB4EF018	booty_awaa
0xAB046F37	break_weigh_v3_pen
0xABED43B5	bs2b_graa
0xAB7ACE73	bs2b_hqaa
0xAB42562A	buccaneer-27
0xAB1E54B5	bucket
0xAB5E3002	building.
0xAB23B6BB	bumps_lean_right_loop_wade
0xAB84140B	buracos
0xAB3470B1	busto_bcah
0xAB40CB37	buy_sub
0xABD79244	c33yb2
0xAB3E3462	calling
0xAB87DF84	cannot
0xAB827B87	canyoncliffs
0xAB045567	car.coronas.beginend
0xAB7EC4DF	carboniz
0xABDB5B28	cargoplane2-13
0xAB906114	carrace_banter_movesome_franklin
0xAB8450C8	cas.
0xABF51D55	cavalcade-41
0xAB3A6FBD	cbrad_bjac
0xABB96B87	ch_prop_casino_videowall-4
0xABC0481F	ch_prop_ch_crate_01a
0xAB8915F9	ch_prop_ch_laundry_trolley_01b-2
0xAB594BB1	ch_prop_ch_malldoors_l_01a-0
0xAB22AB04	ch_prop_track_ch_straight_bar_s
0xAB40119E	ch_prop_whiteboard_04-15
0xAB6664AD	chatc_axae
0xAB54CD7F	chatc_bvac
0xAB626A73	cherchez
0xABCB0259	chi2_coaa
0xABDD8C80	clamp_wait_loop_player
0xAB54E8EC	clearhddcache
0xABCFFBB1	close_door_dax
0xAB1A9876	club_intro-60
0xABDE1621	cm_spomo2
0xABF954B8	common:/data/levels/gta5/audioworldsectorsinfo.dat
0xAB276E49	component_gadgetpistol_clip_01
0xABC5ACC7	component_heavysniper_mk2_camo_10
0xAB4CCAB0	configureshotinjuredarm
0xAB675361	connection
0xAB5B2238	conversation3_pedb
0xABD0DEDB	convo_franklin_heywhatsuphomie_8
0xABEC50EA	cops_response_intro_bank_manager
0xAB8A07A0	corbeau
0xAB4E28A2	corona_fos_ep1_p1_05-7
0xABAA138C	corona_fos_ep1_p1_07-5
0xABEC843E	corona_oatfos_ep_1_p1_019-22
0xABBDA6FB	couch_idle_01_ashtray
0xAB9E9F23	cpacketweaponbulletimpactfx
0xABC6388C	crook_01_p1_lf_left_0
0xAB313E9B	crowd_b_idle_01
0xABA5D701	cs_avi_champagne_spray-17
0xAB0E6671	cs_dreyfuss_dual-9
0xAB3B31EC	cs_ex3_wheel_spin-16
0xAB73D855	cs_floyd_dual-5
0xABBBD1BB	cs_jimmyboston_dual-23
0xAB5CD846	cs_lazlow_2_dual-69
0xAB110E71	cs_lazlow_dual-25
0xABB9AC53	cs_trev1_wheel_fric_sand_bike-11
0xAB1AEBFD	csb_alan_dual-3
0xABB259D9	csb_anton_dual-8
0xABD9E23C	csb_ary_02_dual-18
0xABEF0004	csb_ballasog
0xABE86B58	csb_callgirl_01_dual-64
0xABD8CD40	csb_celeb_01_dual-14
0xAB6D6EA1	csb_faber_02_dual-72
0xAB015E51	csb_faber_02_dual-93
0xABC6869D	csb_golfer_a_dual-31
0xAB12C5AA	csb_labrat_dual-14
0xABB45482	csb_oscar_dual-4
0xABC47AC5	csb_security_a_dual-8
0xAB8D6E92	csb_sss_dual-1
0xAB8671FD	csb_sss_dual-17
0xAB4555B3	cst3_caaa
0xAB6A4250	cst7_ayaa
0xAB325A23	cut_hs4f_photo_burn-7
0xAB888BFC	cut_mpcas_wine_pour-25
0xABD9C8F2	cut_sec_car_disturb_dust-6
0xAB3DAD53	cut_sec_golf_grass_drop
0xAB5DCA42	cut_sec_golf_grass_drop-16
0xAB4917C1	cut_sec_golfcart_wheel_debris-30
0xABC24A3C	cut_sec_helicopter_damage
0xAB0BA793	cut_sec_weed_van_smoke-7
0xAB706B1A	cut_tn_meet_burnout_smoke-21
0xAB93838C	cut_tn_swat_van_skid_smoke-1
0xAB8FE4DD	cweaponcomponentvariantmodelinfo
0xABA8BBD1	d_ac1_josh_3_intp1_030-1
0xAB7FFA3F	d_ac27_mmb_1_rcm_02-19
0xAB4E37FC	d_ac2_fam_1_ext_alt2_01-0
0xABCEC37E	d_ac2_fin_c_ext_p5_01-0
0xAB13B7EC	daemon2-51
0xABD2AC21	daps_b_player_b_face
0xABD38FA9	darts_outro_03_cam
0xAB05BA05	db_apart_09_
0xABCB780A	defuse_exit
0xAB82BA9E	democ_only_works
0xAB03AE8F	des_jewel_cab_root
0xAB5CAE0B	dh2a_buaa
0xAB38E8B7	dh2a_gcae
0xABC5A01C	dh_2b_return_to_airstrip
0xAB3CDD8D	disablefocuskeys
0xAB970FD8	disgusted_02_right_amy_skater_01
0xABD0F5E2	disk
0xAB52785F	dixn_dance_cntr_open_dix_face
0xABB5E4BE	dl_script
0xABF1F1D8	dlc2_2025_mission5veh22
0xAB76B73C	dlc_gunrunning/gr_pm_01
0xABFF95EC	dlc_h3_drone_tranq_weapon_sounds
0xAB1C8C28	dlc_mp2023_1/dlc_mp2023_1_hw
0xABF0386C	dlc_mp_apa_m_phead_1_0
0xAB652B3A	dlc_mp_ar_f_special_0_6
0xAB388C84	dlc_mp_arena_f_berd_0_19
0xAB759EB3	dlc_mp_arena_f_jbib_7_0
0xAB2B750B	dlc_mp_arena_f_jbib_8_9
0xABD1B510	dlc_mp_arena_m_berd_0_17
0xAB91ABD2	dlc_mp_arena_m_legs_4_4
0xAB346631	dlc_mp_arena_m_legs_7_16
0xABE4C3B7	dlc_mp_arena_m_special_2_9
0xAB484EAF	dlc_mp_bh_f_feet_1_20
0xABEA69CB	dlc_mp_bh_f_special_0_0
0xAB2DCBAE	dlc_mp_bh_f_special_10_14
0xAB6D0069	dlc_mp_bh_f_special_14_5
0xAB518264	dlc_mp_bh_f_special_1_20
0xAB062588	dlc_mp_bh_f_special_3_1
0xABC42DD3	dlc_mp_bh_f_special_8_6
0xAB00E4F1	dlc_mp_bh_f_special_9_1
0xAB119BBB	dlc_mp_bh_m_jbib_2_7
0xABFD7334	dlc_mp_bh_m_jbib_5_24
0xAB650C62	dlc_mp_biker_f_jbib_9_2
0xAB1EC5C1	dlc_mp_biker_m_phead_6_3
0xABD0A6E3	dlc_mp_biker_m_special_1_10
0xAB261D1E	dlc_mp_busi_f_jbib4_13
0xAB3E1A30	dlc_mp_busi_m_hair1_1
0xAB8680AB	dlc_mp_busi_m_teeth4_9
0xAB88CA7C	dlc_mp_exec_m_legs_0_3
0xAB2A66DF	dlc_mp_fixer_f_legs_1_10
0xABA27369	dlc_mp_fixer_f_legs_2_2
0xAB61BD72	dlc_mp_fixer_f_peyes_5_5
0xAB8C057B	dlc_mp_fixer_m_jbib_6_3
0xAB413380	dlc_mp_fixer_m_legs_1_5
0xABEBDD97	dlc_mp_fixer_m_peyes_2_9
0xABFC6C21	dlc_mp_fixer_m_phead_2_4
0xAB085B53	dlc_mp_gr_f_berd_4_1
0xAB994773	dlc_mp_gr_f_special_13_18
0xAB5AFAE7	dlc_mp_gr_f_special_15_23
0xABB1A8A3	dlc_mp_gr_f_special_23_18
0xAB0A7328	dlc_mp_gr_f_torso_15_18
0xABB2C252	dlc_mp_gr_f_torso_20_16
0xABEDCBB2	dlc_mp_gr_f_torso_21_13
0xABD4DB65	dlc_mp_gr_f_torso_5_9
0xABD360BE	dlc_mp_gr_m_berd_3_25
0xABF46710	dlc_mp_gr_m_feet_0_1
0xABBD54DE	dlc_mp_gr_m_jbib_5_21
0xAB0F100F	dlc_mp_gr_m_legs_1_4
0xABC8EB67	dlc_mp_gr_m_torso_6_5
0xAB1ABB3C	dlc_mp_h3_f_hand_3_10
0xAB3E2129	dlc_mp_h3_m_hand_3_5
0xAB1E7113	dlc_mp_h4_f_hand_2_3
0xABCC3001	dlc_mp_h4_f_jbib_0_1
0xABB8C078	dlc_mp_h4_f_jbib_2_21
0xAB102F8D	dlc_mp_h4_f_jbib_3_1
0xABF5F3BA	dlc_mp_h4_f_peyes_1_10
0xAB903A1C	dlc_mp_h4_f_teeth_2_1
0xABCC6D51	dlc_mp_h4_m_jbib_7_0
0xAB69AFEB	dlc_mp_heist_f_berd_16_8
0xAB297F12	dlc_mp_heist_m_teeth_5_0
0xAB4DF2AD	dlc_mp_heist_m_torso_17_0
0xAB6D4B47	dlc_mp_hips_f_accs1_6
0xABC447FF	dlc_mp_hips_f_glasses_1_1
0xAB998B8D	dlc_mp_hips_m_feet0_6
0xABF35645	dlc_mp_hips_m_teeth1_3
0xAB82DF07	dlc_mp_ie_f_feet_0_0
0xAB660548	dlc_mp_ie_f_jbib_20_10
0xAB59ECC5	dlc_mp_ie_m_jbib_1_9
0xAB77A9D0	dlc_mp_ie_m_jbib_5_22
0xAB461CED	dlc_mp_jan_f_uppr_7_2
0xAB20798A	dlc_mp_jan_m_hand_5_4
0xABD13409	dlc_mp_jan_m_peyes_0_4
0xAB159244	dlc_mp_jan_m_special2_9_5
0xAB570CAA	dlc_mp_jan_m_uppr_5_8
0xABF39838	dlc_mp_low_f_jbib_3_3
0xAB5B62D8	dlc_mp_lts_f_hand_4_20
0xAB9470E2	dlc_mp_lts_f_hand_5_23
0xABC9BDEF	dlc_mp_lts_m_hand_4_7
0xAB1A3167	dlc_mp_lts_m_hand_7_1
0xABE1593C	dlc_mp_lts_m_hand_9_14
0xAB584491	dlc_mp_luxe2_f_jbib_2_11
0xAB91B281	dlc_mp_luxe2_m_pleft_wrist_5_2
0xABABC7E6	dlc_mp_luxe_m_teeth_30_4
0xAB99B63A	dlc_mp_pilot_f_hand_3_18
0xAB0B527F	dlc_mp_pilot_m_hand_3_17
0xAB79498D	dlc_mp_pilot_m_hand_8_2
0xAB8EB92E	dlc_mp_pilot_m_hand_9_10
0xAB83969D	dlc_mp_smug_f_berd_8_11
0xAB18C75B	dlc_mp_smug_f_phead_3_9
0xAB7E0AAC	dlc_mp_smug_m_phead_2_18
0xABCD7254	dlc_mp_smug_m_phead_5_12
0xABEC52EB	dlc_mp_stunt_f_phead_10_17
0xAB80E0F2	dlc_mp_stunt_f_phead_7_7
0xAB4282AC	dlc_mp_stunt_m_torso_0_11
0xABF1770F	dlc_mp_sum2_f_jbib_13_24
0xABD1B375	dlc_mp_sum2_f_legs_3_25
0xAB8020AA	dlc_mp_sum2_m_feet_1_1
0xAB3537BA	dlc_mp_sum2_m_jbib_11_0
0xAB31A0E9	dlc_mp_sum2_m_jbib_12_19
0xAB6AE742	dlc_mp_sum2_m_peyes_1_11
0xABD2832D	dlc_mp_sum_f_legs_1_4
0xAB17B806	dlc_mp_sum_f_special_4_14
0xAB04F51A	dlc_mp_sum_m_berd_1_1
0xAB1FA93C	dlc_mp_sum_m_jbib_4_1
0xAB7AABF1	dlc_mp_sum_m_jbib_7_9
0xAB917ADB	dlc_mp_sum_m_legs_1_4
0xAB4F2285	dlc_mp_tuner_f_jbib_12_15
0xAB31C478	dlc_mp_tuner_f_jbib_8_3
0xAB457B01	dlc_mp_val2_m_feet_0_4
0xABE881AE	dlc_mp_vwd_f_jbib_10_1
0xABC6D802	dlc_mp_vwd_f_jbib_15_8
0xABE8224A	dlc_mp_vwd_f_jbib_6_1
0xABA7C1FD	dlc_mp_vwd_f_jbib_7_2
0xAB2B3C11	dlc_mp_vwd_f_jbib_9_19
0xABDF77CB	dlc_mp_vwd_m_decl_1_0
0xAB2B6299	dlc_mp_vwd_m_jbib_7_22
0xAB9EE78F	dlc_mp_vwd_m_special_3_10
0xAB86B61A	dlc_mp_x17_f_berd_3_5
0xABAC83A6	dlc_mp_x17_f_jbib_2_3
0xAB35310C	dlc_mp_x17_f_jbib_7_12
0xAB00325C	dlc_mp_x17_m_feet_0_25
0xAB739A07	dlc_mp_x17_m_feet_4_4
0xABEFE089	dlc_mp_x17_m_feet_6_16
0xABBC3E1F	dlc_mp_x22_f_jbib_1_24
0xAB44C01A	dlc_mp_x22_f_jbib_22_24
0xAB05FE93	dlc_mp_x22_f_jbib_26_12
0xAB9E3CFC	dlc_mp_x22_f_jbib_28_0
0xAB0ED2B2	dlc_mp_x22_f_legs_7_2
0xABDACD10	dlc_mp_x22_f_phead_2_25
0xAB6ECAD4	dlc_mp_x22_f_teeth_8_3
0xABDD1B46	dlc_mp_x22_m_jbib_10_16
0xAB904579	dlc_mp_x22_m_jbib_22_23
0xABE24F19	dlc_mp_x22_m_phead_10_2
0xAB2D29B2	dlc_mp_xmas_m_berd1_0
0xABCD42FD	dlc_mpheist/heist_emp_bomb
0xAB014985	dlc_sec_promoter_music_moment
0xAB3AFBC0	dlc_vw_am_tw_in_menus_scene
0xAB32F668	dlc_xm_submarine_destruction_scene
0xAB37E131	docksheist2a03
0xABE14BF2	dojgd5o
0xABE63D63	down_hallway_cover_dave
0xAB274E20	downtown_cam
0xAB783427	drf_dpaa
0xABA6BA62	drf_dral
0xABCB0CFD	drf_duac
0xAB7DFE48	drf_mic_1_cs_2-16
0xAB1D8564	drf_mic_2_cs_2-20
0xABD8614A	drugs
0xAB3BF7BE	dt1_tc
0xAB2D4374	e_sandyshores_12_cops
0xABE315DA	ef_2_rcm-2
0xAB6DBFD3	eff.bd
0xAB8698BC	emperor-17
0xABE7E952	ent_amb_cockroach_swarm
0xABFC08AE	ent_amb_generator_smoke
0xAB451117	ent_amb_sewer_drips_sm
0xAB2CF62F	ent_ray_fbi4_terrain_dust
0xABA68BF0	enter_bartender_facial
0xAB1F993C	enter_dryer
0xAB9F882E	enter_high_l_0-5m_00
0xABCEE645	enter_low_l_faceright_facecover
0xAB2A77BB	enter_zone
0xABBD40ED	eps8_bfaf
0xAB9B17C1	error_upload
0xAB4B9497	escapefbi3b
0xAB9AEDE3	estrago
0xAB4087DA	event_ped_collision_with_player
0xAB8AA93A	ex_cash_pile_005
0xAB28724B	ex_prop_exec_lighter_01-40
0xAB4701FE	ex_prop_tv_settop_remote-13
0xAB196440	exc_prop_exc_gar_door_01a-8
0xAB0E5734	exl1_cnad
0xAB6941BE	exportcamera-9
0xAB27ED07	ext1_cqad
0xABD11392	ext1_dqaa
0xAB5EEB74	ext2_afak
0xAB68CF63	ext3_ahag
0xABC04C3A	externalinterface
0xABC626F6	f_exit_03_la_mesa_ped_a
0xABD2AAD2	fafj_cmaa
0xAB265A80	faft_alaa
0xAB297624	fake_game
0xAB280B50	fam1_ekag
0xAB335727	fam1_frank_jumps_rt
0xAB1D4414	fam3_adah
0xABD801E3	fam6_ajad
0xABC63ECF	fam6_avaa
0xABD44E45	fam_3_mcs_1-0
0xABC842B3	fam_5_mcs_6-0
0xABA803A5	fam_6_mcs_5-1
0xAB44DF54	famf_bgaa
0xAB7BFDE9	famt_anaa
0xABA702BE	fanatic1rollingstart
0xAB2F3DCC	fbi1_cnac
0xAB7C8500	fbi3
0xAB0013C4	fbi3_bbaa
0xAB33C8CD	fbi3_claa
0xAB0B1582	fbi5a_maaa
0xABC64449	fbi5a_nnah
0xAB28344F	fbis1_bvaa
0xABD1E1F7	fbis4_cyac
0xAB549A89	fbis4_jbag
0xAB9CC4B3	fcfl_cead
0xAB028A45	fcft_cvad
0xAB9784B7	fcft_cyac
0xAB38E7D9	fcma_deah
0xABD9D287	fcmt_eeal
0xAB71000E	fctj_ajal
0xABA3F412	fctl_dcad
0xABB3804F	female_dealer_focus_player_04_idle_impatient_split_facial
0xAB73BA20	female_hit_card_player_04
0xAB202D06	fernbeziehung
0xAB7840F4	fh3a_gwam
0xAB8C4309	fhf_bsaa
0xAB15770B	fhf_chab
0xABDC5FCA	fill_ac5_mph_nar_mid_p2_006-20
0xABEA4BEC	fin1_before_guns
0xAB1380E6	finc1_eiaa
0xABE8D01B	finh1_clae
0xAB78BBEE	firetruk-18
0xABFA4ABD	fix_trip3_ext-15
0xAB2E44CD	fkn0_bbai
0xABB43FB5	fkn1_abaa
0xAB355B6E	fkn1_klaa
0xAB8C78A6	flag_single_player
0xAB65D273	flap_6
0xABB1204A	florestal
0xAB0E16E8	floyd_fellpackage_endidle_floyd
0xAB002F7D	fm_1_cfaa
0xABAA56F0	fm_1_flaa
0xAB2830B4	fm_f_hair_017_c
0xAB0936BE	fm_hip_f_retro_009
0xAB68738A	fmm_ahaa
0xABC3E042	fmm_hjab
0xAB9D8074	fmm_jsab
0xAB866448	fog_moon_lighting_calc_pow
0xAB909AF1	fos_ep_1_p7-27
0xAB8E9BE4	fos_ep_2_p3-20
0xAB82EDB1	fpfj_bpaa
0xABAB0C67	fpft_asaa
0xAB8D8A44	fr_010
0xAB8FA4CE	fra2_fail
0xABD53D2C	fragmentfx_break_ptfx_start
0xAB85BC7D	franklin_steer_loop
0xAB2CFD8F	frlfa_aqaa
0xAB67FD1B	frontend_beast_freeze_screen
0xAB48F8BD	fully_projected_cam
0xABDB62E5	fxfr_ptd_1_intro_cam
0xABDBBB99	g_m_m_casrn_01_dual-6
0xAB3E6995	gauntlet-42
0xABEE6072	gc_trv_ig_7_idle_02
0xABA1F1C4	get_up@directional@movement@from_knees@injured
0xAB4FECC6	gorka_suit
0xABE01D75	gr_prop_gr_campbed_01
0xAB35ACAF	gr_prop_inttruck_light_li_g_ol
0xAB89D6DB	granger2-43
0xAB097083	gssidemax
0xABD09D1A	gta_radar
0xAB09D924	guard_reaction
0xABEC9237	gvolumelightstexture
0xABC223D6	h4_des_hs4_gate_exp_02-1
0xABE189D2	h4_prop_h4_bracelet_01a
0xABB22F90	h4_prop_h4_casino_button_01a-75
0xAB4511AC	h4_prop_h4_files_paper_01b-1
0xAB290F0E	h4_prop_h4_keys_jail_01a
0xABD6EDB4	h4_prop_h4_tray_01a-18
0xAB48C09D	h4_prop_rock_lrg_11
0xABE6C74D	h9rhr9d
0xABD61135	hai
0xABA7B3F0	hang_int-47
0xAB2A2C45	hang_int-69
0xAB057BC6	hash_ab057bc6_cqcpkuc_collision
0xAB235790	hash_ab235790_boxwqrr_collision
0xAB3C4E15	hash_ab3c4e15_yrrkks_collision
0xAB4C671F	hash_ab4c671f_fklietd_collision
0xAB6DCC73	hash_ab6dcc73_audyejg_collision
0xABB7D262	hash_abb7d262_ickohlca_collision
0xABE5DBA1	hash_abe5dba1_bhlkvbj_collision
0xABFD87AB	haz_mask
0xABBD9736	hcxz
0xAB07DC03	heat_gjaa
0xAB7FC6F7	hei_int_mph_carrierupper
0xABD3C4E7	hei_kt1_08_shadowsun_mesh
0xAB9AB2DC	hei_prop_drug_statue_01-25
0xAB88B46C	hei_prop_drug_statue_01-31
0xAB9059E4	hei_prop_heist_cash_bag_01-30
0xAB1D69A7	hei_prop_heist_emp-5
0xAB78B88F	hei_prop_heist_tub_truck-4
0xABAC9B87	hei_prop_server_piece_lights-2
0xABABD788	heist_spawn_01_ped_c
0xABF1B15D	hey_how_you_doing_5
0xAB3B203F	hire_mercenary
0xAB4F4C97	historia.
0xABB9E4E9	hs4_cas_int-35
0xAB2C7630	hud_liquor_store_soundset
0xABB7D6D4	hurry_up_drunk
0xAB9D4F19	iaa_int-12
0xAB29E333	iaa_int-52
0xABA41E03	idle_07_facial
0xABAE96CE	idle_ante_off
0xABCF1FC8	idle_buzzed
0xABD7054E	idle_v1_table
0xAB2A82E4	ie_draw_18
0xAB3739CF	ig_callgirl_01
0xAB005DA0	ig_djgeneric_01_dual-18
0xABE9C0C4	ig_jackie_dual-14
0xAB95E62B	im_an_epsilonist_1
0xAB48CE52	insult_ped_fat_conv03_part1
0xAB3FF92C	insult_ped_tough_conv03_part2
0xABB5F809	int64_array
0xABE8A397	intinfo_portal_lowlodonly
0xAB4556BA	intro_male_1h_c_michael
0xABA57C6D	jester4-11
0xAB12681B	jh_2b_int-5
0xABA1919B	jh_bnaa
0xABA0D9B4	jh_ldaa
0xAB042AA4	jh_lrai
0xAB87927A	jh_rjaf
0xAB63C516	jhs1_auaa
0xABF2C2B8	jhs1_dhaj
0xAB4C0211	josh4_axac
0xAB062A56	journey2-73
0xAB9DEAF0	k09mcf
0xAB3B037B	kei_enter_kei2
0xABE2DEF2	kipplaster
0xABE9B187	kkkk::::
0xABCB57A1	largegroup_loop_f_b
0xAB52042B	ldexp
0xAB1BF157	lean_into_it_prop_camera
0xABFB5E25	left_exit_barbell
0xAB61DE83	lem2_doaa
0xABB410A8	lem2_drae
0xABBC2C6D	les1a_caac
0xAB2D418C	lester_base_idle
0xAB908E9E	leuchtpistole
0xABB79EFD	libertycitypolice.com
0xABE669B0	light_artificial_ext_down_col_b
0xAB881670	lights.cutoff.nongbuf.distance
0xAB647647	listenlisten_7
0xAB32F8FF	loop_b_guard_a
0xAB5F78FD	low2_draw_3
0xAB1AC6F3	low_car_sex_to_prop_player
0xAB312C7A	lsdh_2a_ext-6
0xABB95243	luminancetoalpha
0xAB62305F	lumineux.
0xAB7314C0	m23_1_m231_3_v_med_corlowfilecab
0xABB7969E	m23_1_mp2023_01_additions_bio_maina_stairfix
0xABF5051F	m23_2_int1_m232_sec_screen_11
0xABC39EDA	m23_2_int4_m232_clothstrip013
0xAB279BCE	m23_2_prop_m32_t_bottle_02a-4
0xAB20E437	m24_1_mph_cntl2_glass02
0xABEE53BA	m24_1_mph_hang2_vents
0xAB57D21D	m24_1_prop_m24_1_carrier_light_01
0xAB8DA85B	m24_1_prop_m41_exerciseball_01a-2
0xABC6C235	m24_1_prop_m41_fence_01b
0xAB899E48	m24_1_prop_m41_nameplate_01a-26
0xABC4DCC4	m24_1_prop_m41_plant_01a-24
0xABA1C90D	m24_2_int_01_2_details_handrails
0xABDCE3ED	m24_2_int_03_lighting_lp
0xAB8C2D13	m24_2_prop_m42_armycrate_01a
0xAB98EA1E	m25_2_int_01_lamp_ceil_spot_018
0xAB1C6C08	m25_2_int_01_lamp_ceil_spot_057
0xABF9AD22	m25_2_int_01_orn_plant005
0xABA75A10	m25_2_int_01_r_gb_wardrobe
0xABE301F9	m25_2_int_01_vent_05
0xABCA7B89	m25_2_prop_m52_mapmarker_01a
0xABD6531D	m25_2_prop_m52_simulator
0xAB39128C	m25_2_prop_m52_wallart_c_08
0xABFED87F	macaco
0xABD46DFE	male_f_idle_b
0xAB658AD2	male_pos_b_p2_enter_ashtray
0xAB511890	male_pos_c_p1_enter_lamar_strain_ashtray
0xAB0EC377	marina_xr_rocks_06
0xAB890E35	marines_idle_a
0xABA34634	mch2_bzaa
0xABE44C8D	mea1_caab
0xAB3B2E7A	melee_idle_l_0
0xAB35DDCE	menu_unique_id_replay_editor
0xABBDDB2D	mesa-49
0xAB1F4708	mgps_ehah
0xABA5E885	mi_2_save_franklin
0xABCFB363	min1_dcaa
0xABF98E8E	min2_ataa
0xAB955CAC	minivan2-49
0xAB0CC89F	missarmenian1walktocar
0xABCABD1D	misscommon@rifle_crouch
0xAB3FA962	missheist_the_big_score_setup_1@heli_exit
0xABF0DCE1	missheistdockssetup1ig_13@kick_idle
0xAB851C65	misslester1b_crowd@b_
0xAB59B749	missmic1ig_3_patrol
0xABFE2981	mmb_1_rcm-16
0xABE73864	moodm_trans_dance_to_deck_ha_04_lp_right
0xAB5E9F6F	moodm_trans_dance_to_deck_md_03_bag
0xAB31D187	motorcycle_knockout_player
0xAB8FFFD0	move_action@generic@ai_breakrun@1h
0xAB3585B8	move_action@p_m_zero@unarmed@idle@variations
0xAB89FC06	move_jump@weapons@1h_melee@crowbar
0xAB098B55	move_m@brave@b
0xAB453836	move_m@generic_variations@walk
0xABED5E6E	move_stealth@p_m_one@2h_short@idle@a
0xAB2F2498	move_stealth@p_m_zero@unarmed@idle@b
0xAB802D99	move_stealth@p_m_zero@unarmed@upper
0xAB34F197	movie_prem_01_f_a
0xABB21BF5	mp_b_kit_bin_01
0xAB3C3394	mp_battle_clothing_053_f
0xAB52688B	mp_biker_tee_038_m
0xAB4E7B10	mp_casino_apartment_office
0xAB2925EE	mp_christmas2018_tee_005_m
0xAB25AB64	mp_christmas2018_tee_102_m
0xABB7AF4F	mp_f_freemode_01_dual-32
0xABEED3AC	mp_g_m_pros_01_dual-2
0xAB828F5A	mp_heist4_tee_052_f
0xAB48C2F2	mp_mc_cmh_silo_prep_start
0xAB09E653	mp_mp_importexport_tat_007_f
0xAB1F08B7	mp_parachute_outro@male@win
0xAB722F6A	mp_powerplay
0xAB297FAB	mp_rogers_b
0xAB5DDFFE	mp_sum2_tat_058_f
0xAB9572BA	mp_xmas2_f_tat_012
0xAB764BE9	mpcas6_ext-18
0xAB2A21EF	mpct_hbaa
0xABDBC7A7	mpct_kqaa
0xABACDE73	mph_hum_val_ext-0
0xABC1E603	mpheist3_tee_001_m
0xABD9D362	mpheist3_tee_017_m
0xAB158A6B	mpsum_tee_028_f
0xABAFCDC9	mpsum_tee_034_m
0xABCA9F9B	mptxi_abaa
0xABA5540B	mqnx_
0xABE7DE23	muz_sm_bom_cannon
0xAB32E1F7	n_ac18_trv_1_mcs_1_p1_01-10
0xAB93A8E7	n_ac1_fra_2_ext_p3_04-9
0xABBB2DA7	n_ac1_josh_3_intp1_024-7
0xABEFF21C	n_ac27_mmb_1_rcm_00-0
0xABA81480	n_ac3_es_1_rcm_p3_010101-7
0xAB1A4C57	n_ac3_tunf_drp_bag_p1a2_t00_00-3
0xAB470CC8	n_ac7_tunf_uni_swat_p1_t00_02-2
0xABF8CDF4	n_ragelight14_dixn_intro_p1_001-8
0xABA68430	nav_down
0xAB3B75EA	neckdamping
0xAB74264A	new_sol_dance_a_headphones_neck
0xAB612AAA	nig1b_byaa
0xAB0B348F	nig1d_biab
0xAB754779	nig2_bmaa
0xAB47DBE1	nig2_bnal
0xABD98623	nimbus-10
0xAB6EED42	nme_away_sync_g_27_bottle
0xAB552E73	nme_bch_unq_crwd_e_40_s_glass
0xAB432025	nme_mix_dance_d_10_hp_head
0xAB8F1314	nme_trans_away_to_cue_c_11
0xAB4A99E1	nme_trans_away_to_sideaway_a_06_hp_neck
0xABE0969A	nme_trans_cue_to_mix_b_17_facial
0xABE8912C	no_results
0xAB7B0A10	normal_spec_reflect_emissivenight_alpha
0xABEB9990	note_taking_02_w_ar_assaultrifle_mag1
0xAB54AF5F	notes:
0xAB77DC64	o_r
0xAB139187	offroad_cut_06
0xAB551E3A	ojas_keaa
0xABEA5BB3	ojas_lzaa
0xAB6A0007	ojas_mjaa
0xAB1674DA	ojas_mraa
0xABE26F80	ojbj_hoaa
0xAB5874F3	onat_ep_7_rcm_001-2
0xABC3F20F	onlyuseaiminginfoinfps
0xAB45EA8A	orbital
0xABBF9C92	orr_race5_post_rank4
0xAB0F7A2C	outputindex
0xAB7019AD	p5_solomun_facial
0xABD25E14	p_amb_joint_01
0xAB16D54B	p_cigar_pack_02_s-53
0xAB20A1CB	p_cs_cuffs_02_s-3
0xAB80D612	p_cs_lighter_01-55
0xAB676460	p_cs_newspaper_s-2
0xABC2C38A	p_cs_panties_03_s
0xABF72C85	p_cs_sack_01_s-57
0xAB9524F6	p_cs_shot_glass_s-23
0xAB2B5086	p_cs_trolley_01_s-17
0xAB6B39E0	p_hw1_22_table_s-3
0xAB8B23FD	p_ing_coffeecup_02-9
0xAB82ED40	p_inhaler_01_s-1
0xABEF0DC5	p_para_broken1_s
0xABFACC33	p_yacht_chair_01_s-6
0xAB85D49E	pap1_cyaa
0xABF4647D	pap1_dtab
0xABE4E3A0	pap3_acaa
0xABDFC98B	paper_throw_06_f_chair
0xABD2E2F7	passen.
0xAB20253F	payment_player
0xAB6B7B2F	pays
0xAB4E2621	pbam_asaj
0xAB6C3F92	pbbb_akac
0xABAB4B17	pbje_afab
0xAB880BCC	pbmn_acae
0xAB8F250C	pcj-0
0xAB3F6A09	petroltank
0xAB6C2B2C	phone_cam4
0xAB8FCBFE	pickup_bucket_cam
0xABCB0A09	pimpsex_pimp
0xAB852DF8	player_success_exit_facial
0xABED3613	pm_incar_imavirgin
0xABA8037B	po1-06
0xAB11DDB3	policeb-3
0xABB88FF1	porter
0xABD0746B	poster_tag_collect_can_var02_spraycan
0xAB95B8C8	pouvez
0xAB40B904	powerup
0xAB5DC84A	prem_actress_star_a
0xABBD8363	prop_ashtray_01-5
0xABB0B493	prop_beachbag_04
0xAB00D51C	prop_bin_07c
0xAB62338D	prop_bottle_cognac-14
0xAB39F229	prop_box_ammo03a
0xABE2D1F0	prop_box_wood03a-15
0xAB636BD3	prop_box_wood04a-0
0xAB57A27D	prop_cctv_cont_04
0xABB2EC9A	prop_ceramic_jug_01
0xAB0F542F	prop_cigar_01
0xAB52FE75	prop_com_gar_door_01-53
0xAB8C6CBA	prop_crate_11e-19
0xAB9FE285	prop_cs_beer_bot_01-16
0xABEC3F29	prop_cs_beer_bot_40oz-1
0xABF9BA9C	prop_cs_champ_flute-17
0xAB8D4DDE	prop_cs_ciggy_01b-10
0xABD8B309	prop_cs_creeper_01-22
0xABC23C35	prop_cs_kitchen_cab_rd-13
0xAB5764BF	prop_cs_shopping_bag-16
0xABC7832E	prop_cs_wrench-34
0xABAD8154	prop_fnclink_02l
0xAB748705	prop_fncwood_19a
0xABA7E9F4	prop_foodprocess_01
0xAB2B066D	prop_front_seat_04
0xAB733B35	prop_golf_tee-12
0xAB67A1A0	prop_headset_01-2
0xAB43220F	prop_hx_special_vehicle__p_tr
0xABBFE304	prop_ic_boost_p
0xABD9255B	prop_j_heist_pic_01-0
0xAB0EF276	prop_ld_balcfnc_03a
0xAB835FA0	prop_ld_flow_bottle-5
0xABAA1FB7	prop_letterbox_03
0xABEAE2A7	prop_luggage_02a-47
0xAB87B1ED	prop_luggage_02a-70
0xAB4E1D1F	prop_micro_cs_01-3
0xAB3A9D59	prop_off_chair_04_s-15
0xAB042665	prop_peyote_lowland_01
0xABB9BA1F	prop_phone_cs_frank-18
0xABB9B6BB	prop_phone_cs_frank-40
0xAB4CAA70	prop_phone_overlay_anim-26
0xAB787AB6	prop_pipes_03b
0xABC73D41	prop_rail_sign04
0xABA43C04	prop_rub_boxpile_05
0xABB8DE26	prop_rub_cardpile_01
0xAB6E0EA0	prop_sign_road_04o
0xAB1F1D4A	prop_syringe_01-9
0xAB6E7633	prop_tool_broom-29
0xAB7D1225	prop_trev_tv_01-15
0xAB74EF24	prop_wall_light_16b
0xAB45F640	prop_weed_block_01-59
0xAB016B30	prop_wheel_04
0xAB7B5119	properties_plane_promo_master
0xABBB38A1	proposition_loop_male
0xABFE9C39	psp2
0xAB7944FD	ptrx_idle_a_q_l_base_01_beer_can
0xAB216031	ptrx_idle_i_q_l_12_dj_ptrax
0xAB057E7F	pull_tooth_loop_weak_hand_r
0xABE9B45C	purchasing
0xABFA79DC	push_l_side
0xABC2818D	put_in_vial_cam
0xAB90BDAB	pzq_
0xAB1D574D	qe
0xAB36C813	qualified
0xAB23508C	race
0xABEEF9E0	radio_06_country_idents
0xAB39FF53	rage::phsimulator::collisionselfintersection
0xABD4550C	rail_loop
0xAB1EA131	rampa_bch_unq_crwd_f_78_s_glass_03
0xABEED629	rampa_cue_idle_b_02_hp_head
0xAB44BE9F	rampa_cue_sync_a_13
0xAB2B8F9E	rampa_cue_sync_b_25_hp_head
0xAB2324DA	rampa_cuedance_idle_f_06_v2_s_glass_01
0xABEC0B0A	rampa_cuedance_sync_a_09_v2_s_glass_02
0xAB5AF75D	rampa_mix_idle_h_09_v2
0xABA85FB8	rampa_mixsway_idle_g_08_s_glass_01
0xABC3D094	rampa_mixsway_idle_h_10_facial
0xABC8FE60	rampa_mixsway_sync_f_22_hp_table
0xAB1751C7	rampa_trans_away_to_cuedgrab_a_05_v2_hp_head
0xAB78ADAD	rampa_trans_mix_to_mixsway_a_02_v2_s_glass_01
0xABAA3F08	rampa_unq_shots_e_62_v2_s_glass_02
0xABC9DD0A	rampa_unq_sync3_g_60_t_bottle
0xABBD9913	rampage_timer_countdown_loop_master
0xAB909F82	random@struggle_thief@flee
0xABFEDF71	rbh2a_egaa
0xAB1B5E1A	rbh2a_hqac
0xAB64E1BC	reaction_impartial_var02_seat3
0xAB7E1FDB	ready_up_no_bet_intro_seat4_facial
0xABA4CC82	rebu2_axaa
0xAB244440	rebu2_ctaa
0xAB7BB55C	recgf_beaa
0xAB9017D6	recibir.
0xAB982B69	redo2_ddaa
0xAB35B4F5	regin_avaa
0xAB5DA884	reh_int3_cablemesh215918_thvy008
0xAB15D391	reh_int4_ceiling_4_insulation
0xAB7F1C2F	rehh1_blaa
0xABEB97E5	rehh3_beab
0xABA3269C	rehh5_cdaf
0xAB1347A3	relationship
0xAB8308DB	repap_fiac
0xAB8F2B83	replace_fuse_02_fresh_fuse_1
0xABCB839D	rockets
0xAB875A5D	rocoto-49
0xAB5AF91D	rrrr
0xABB64618	runs.
0xAB7AE9E1	rural_prep_park
0xABE42C69	s_f_m_sweatshop_01_dual-32
0xABD54B49	s_f_y_casino_01_dual-11
0xAB594AB6	s_f_y_scrubs_01
0xABD4E1EB	s_f_y_sweatshop_01_dual-15
0xABBFA44E	s_m_m_security_01_dual-4
0xAB265E18	s_m_y_devinsec_01_dual-9
0xAB300C07	s_m_y_pilot_01
0xABF1BD68	sb@my
0xABA2307B	scr_fbi_ext_rooftop
0xAB53F8FC	scr_mp_plane_landing_tyre_smoke
0xAB9C61D6	scrape_sand
0xAB6C5CA1	scriptptfx
0xAB5309FD	se_dlc25-2_mansion_office_loc_2
0xABAAF6E8	se_h4_dlc_int_02_h4_bogs
0xABC8E2ED	se_trevor_trailer_radio_01
0xAB0C1F56	sentinel-9
0xABA2B5BA	sentinel2-5
0xAB5874DE	sf_prop_sf_apple_01a-55
0xABE59CD6	sf_prop_sf_bag_weed_open_01c-13
0xAB6F9818	sf_prop_sf_door_com_l_06a-59
0xAB26E0A2	sf_prop_sf_door_glass_01a-47
0xABD0D46B	sf_prop_sf_door_office_r_01a-8
0xABEEE5B6	sf_prop_sf_drum_kit_01a-8
0xAB0E7F0D	sf_prop_sf_game_clock_01a-33
0xABBD0CE5	sf_prop_sf_monitor_s_02a-57
0xABF341EB	sf_prop_sf_s_mixer_02a-54
0xABA5EF27	sf_prop_sf_shutter_01a
0xAB459157	sgta50006
0xABD81BA3	shadow_boxing_facial
0xAB1986D0	shadowmap
0xAB848215	shop_sell_cosmetics
0xABC2FC46	shop_sell_repair
0xABC3C1C9	show_menu
0xABDE514D	shuffle_seat_2_180
0xABA073CA	shunt_from_right
0xABCE8129	silj_int-8
0xABFADC2D	silj_mcs2-4
0xAB44C954	silo_alarm_loop
0xAB678D45	sirenglass9
0xAB02DE23	sit_up_player
0xAB1848BD	sky_azimuth_west_col_r
0xABCB9EBE	slfl_abac
0xABD65BA0	sm_prop_smug_mic-33
0xAB641512	sm_r_suit_back
0xAB8AF1D5	small_explosion_shake
0xAB43243C	smash_case_statue_cam
0xABE76B56	smoking_jacket
0xAB54B54B	sol_3_int-1
0xABA32226	sol_trans_ctrmid_to_rt_a_headphones_neck
0xAB6EDF97	sol_trans_lft_to_ctrmid_a_headphones_table
0xABED4377	sol_trans_lft_to_lfthp_a_headphones
0xABB5CE09	sp_f_accs_12_2
0xAB17EEBE	sp_f_eyes_3_9
0xAB87BCE5	sp_f_feet_15_8
0xAB33E7EF	sp_f_feet_8_2
0xAB72F136	sp_f_head_36_0
0xABE6303B	sp_f_jbib_5_0
0xABE7A91A	sp_f_left_wrist_1_3
0xAB54B506	sp_f_lowr_12_12
0xABE94C50	sp_f_lowr_5_10
0xABBB1982	sp_m_eyes_3_1
0xAB5A0B31	sp_m_head_9_0_1
0xABE7D451	sp_m_head_9_1
0xAB899F9C	sp_m_lowr_0_15
0xAB5C3537	sp_m_teef_11_14
0xAB56531A	special_ped@bill@michael_1@michael_1d
0xAB3F5A0A	special_ped@clinton@monologue_6@monologue_6b
0xAB27B91A	special_ped@griff@monologue_1@monologue_1e
0xABF3B666	special_ped@jane@monologue_8@monologue_8e
0xABF7F3B7	special_ped@mountain_dancer@monologue_4@monologue_4a
0xAB8EE591	spin_wheel
0xAB15BC7B	stagd_epaf
0xABE02808	stamp
0xAB9348F3	stand_cell_phone_female_a_idle_a
0xAB261D58	start_loop_a_player2_bag
0xAB1D1E32	startrappel_mic
0xAB17D2D5	stretch_neck
0xAB0391C1	stt_prop_track_link
0xAB529997	sum24_office_int-1
0xAB4E8510	sum_mp_h_yacht_strip_chair_01
0xAB79F24A	sum_prop_yacht_glass_03
0xABCF81F1	surfera
0xAB0B4C7F	surge-23
0xAB0039F9	t1m1_eiak
0xAB55E184	table
0xAB110AFA	takeover
0xAB70E629	tanker2-40
0xAB5D8358	tem
0xAB5170C0	text_read_base_car
0xAB1BAF9E	ti_idle_b_m02
0xABEDA85A	tiled_ambient
0xAB6EC29B	timetable@amanda@ig_7
0xABD54DD2	timetable@floyd@cryingonbed@idle_a
0xAB932CE7	timetable@patricia@pat_ig_1
0xABCAAC18	timetable@reunited@ig_6
0xAB721ED1	timetable@ron@moonshine_ig_5
0xAB2EA04A	timetable@tracy@famr_ig_4
0xAB9BBC54	tm44_edab
0xABEC8579	tou_trans_mid_pc_to_open_a_cc_face
0xABAAFE16	tow_efaa
0xAB6D83B3	tow_mdai
0xABAB40FA	tr2_claa
0xABA8D7E4	tr_prop_tr_swipe_card_01a-14
0xABBA4E8C	trendsetterin
0xAB2AA582	trening
0xABF76098	trevor_1_int-19
0xAB208B4C	trevor_bad_shot
0xABAB4243	triathlon_3
0xAB32BD89	trv1_bikers_flee
0xABD4E56E	turistico
0xAB684335	turquoise
0xAB78278A	two_bartender
0xAB5FEC55	two_cocktail_shaker
0xAB753C58	type.
0xAB54D566	u@ps9
0xAB3F3CB8	uidepthbuffer_resolved
0xAB7F8FEB	unicode
0xAB523DE7	upgrade_arcade
0xAB9BD89E	upgrade_hangar
0xAB77C2A1	v_11_abbrolldors
0xABAD54D6	v_16_low_lng_mesh_fireplace
0xABBDA7A4	v_16_mpmidapart018
0xAB5CC8CB	v_19_strpprvrmcrt004
0xAB9D74EC	v_28_lab_pool_ladd
0xABB5E2CD	v_31_tun_03
0xAB0E3B12	v_31a_tunswap_sheet
0xAB2988D6	v_44_cablemesh3833165_tstd010
0xAB8C3DA1	v_58_soloff_gchair-9
0xAB973292	v_74_vfx_mesh_fire_06
0xABFDC0B6	v_coroner
0xABA58B8C	v_ilev_csr_door_r-1
0xAB4460B0	v_ilev_ct_doorr
0xAB0F233A	v_ilev_fb_doorshortr
0xAB2D88FB	v_ilev_fh_bedrmdoor-17
0xAB3BAFED	v_ilev_fib_frame03
0xAB3BEC1C	v_ilev_gunsign_assmg
0xABEAEB27	v_ilev_housedoor1-9
0xAB0344EC	v_ilev_ml_door1-75
0xABDDCD07	v_ilev_mm_screen2-2
0xABF8A4A8	v_ilev_rc_door2-25
0xABD701C1	v_ilev_rc_door2-8
0xAB8799FA	v_ind_cm_light_on
0xAB020E8C	v_ind_fatbox
0xAB79FACA	v_ind_ss_chair01-47
0xAB3D93AA	v_lab_lab_corridor
0xABE278F1	v_res_fa_pottea
0xABBBEC7E	v_res_m_armchair-1
0xAB1B9F81	v_res_tre_talllamp
0xABFEE32D	v_ret_gc_mugdisplay
0xAB6CC6DF	v_ret_ml_chips3
0xAB101553	v_ret_tablesml
0xABE24E39	vagos-boss
0xABB692DF	ve_exp_ovrw
0xABD71825	veh@bike@quad@front@ds
0xAB545FF6	veh@drivebybicycle@road@grenade
0xAB463B5D	veh@helicopter@rps@idle_panic
0xAB44A12B	veh@truck@ps@music@motownbase
0xABA4513D	vehicle_paint4_enveff
0xABF015E3	ver_02_cutting_bottom_right_idle_w_me_switchblade
0xAB8C77ED	veui_cam_free
0xAB81AF94	vfx_it2_01
0xAB12BFBD	vignettingparams
0xAB69DA2E	vw_des_vine_casino_doors_02-1
0xAB77F48C	vw_des_vine_casino_doors_03-5
0xAB8B813F	vw_prop_cas_card_spd_09
0xAB255FFE	vw_prop_casino_art_mod_03a_c
0xAB1DD110	vw_prop_casino_wine_glass_01b-4
0xAB9812D9	vw_prop_chip_500dollar_st
0xAB974249	vw_prop_vw_box_empty_01a-55
0xABD467C0	vw_prop_vw_casino_door_01a-6
0xAB5026B6	vw_prop_vw_player_01a-21
0xAB7B9E91	w_ar_assaultriflemk2-14
0xAB74ED07	w_ar_assaultriflemk2_mag_ap
0xAB17B68D	w_ar_carbineriflemk2-1
0xAB7B233F	w_at_scope_large_luxe
0xAB24EDE5	w_at_scope_max-8
0xABC04EBF	w_mg_combatmg_mag1-0
0xAB4BBCC5	w_pi_appistol_mag1-11
0xAB937401	w_pi_pistol-92
0xAB6869A7	w_pi_stungun-3
0xABD917FE	w_sg_assaultshotgun_mag2
0xABDEE7F9	wakes
0xAB795B82	watch_lose_b_facial
0xAB3CCAAA	water_align_right
0xAB4F73FE	water_reflection_lod_range_slod3_end
0xAB24095B	water_riverocean.sps
0xAB9FEB15	wbclhu9r
0xAB40A9D6	we_were_on_a_ridge_5
0xAB74C8B6	weapon_bench_syringe_trolley
0xABC24D86	weapon_bench_toothpull_syringe
0xAB564B93	weapon_proxmine
0xABC49D28	weapons@first_person@aim_idle@p_m_zero@submachine_gun@shared@fidgets@b
0xAB523096	weapons@first_person@aim_idle@p_m_zero@unarmed@fidgets@b
0xAB446175	weapons@first_person@aim_lt@p_m_zero@assault_rifle@shared@aim_trans@unholster_to_lt
0xAB7F4626	wedge_swing_idle_low
0xAB710209	weed_agaa
0xABC8A1BF	weed_spraybottle_stand_base_inspectorfemale
0xAB49ECB1	wheel_burnout
0xAB20D45E	wine_window_part_two_cam
0xABCE74FA	world_human_hiker
0xABF2590C	wt_sg_asl
0xABB3D917	wtd_flaregun
0xABC4CC60	x.
0xAB816608	xm24_factory_int-33
0xABFA2146	xm25_avi6_rescue_mcs1a-14
0xABA236FE	xm3_int1_light_ceiling_22_014
0xAB921991	xm3_int2_xm3_furniture_01
0xAB70B835	xm3_prop_xm3_bag_coke_01a-4
0xAB39610D	xm3_prop_xm3_balloon_01a-48
0xAB3DD8BA	xm3_prop_xm3_bottle_pills_01a-26
0xAB3884DC	xm3_prop_xm3_helmet_01a-31
0xAB476761	xm3_prop_xm3_npc_phone_01a
0xAB9ED0EF	xm3_prop_xm3_poster_01a
0xAB7D18AC	xm3_prop_xm3_rub_matress_01a-8
0xAB899042	xm4_rob_ship_mcs1-3
0xABA3A62A	xm4_yard_int-20
0xAB80D4CB	xm_prop_x17_clicker_01-41
0xAB33F7A4	xs_prop_ar_planter_m_30b_sf
0xAB104A84	xs_prop_arena_wall_01b
0xAB4C4F24	xs_prop_x18_garagedoor01-5
0xAB12FE69	xs_prop_x18_garagedoor02-10
0xABC1C6BA	xs_propint3_waste_05_goals
0xABCC83E8	xs_propintarena_structure_s_05ald
0xAB3D007F	xs_terrain_set_dystopian_05_line
0xAB0A5E1E	xux
0xABF6E06F	yb::
0xABB2F4D0	ymes.
0xAB4A738D	zoiyqas
