0xAD22754D	/mh-eo
0xAD63257C	/p
0xAD8DB11E	0/v26
0xADFC8048	001500_03_trvs_19_ko_neighbour_loop_trv
0xADCA85DC	0xe83c17
0xADA526D3	154.1
0xAD5362DB	1hand_turn180l
0xADA20A1D	28txx273.
0xADE32D9B	360.001.
0xAD06429E	388_rebla_modkit
0xAD4BE107	60gav29gs5
0xAD06397B	64_coquette_modkit
0xAD706A85	_final
0xAD7844BB	a_c_westy
0xAD72336A	a_f_m_eastsa_02_p
0xADED3C9F	a_f_y_hipster_03_white_full_01
0xAD0551E1	a_f_y_indian_01_indian_mini_01
0xAD9F22B7	a_f_y_vinewood_01_dual-60
0xAD88F9E1	a_m_m_business_01-1
0xAD017E51	a_m_m_genfat_01_dual-47
0xAD5BAF88	a_m_m_hillbilly_01_r2pvg
0xADE42C07	a_m_m_rurmeth_01_dual-36
0xAD54E7A8	a_m_o_genstreet_01
0xAD7F6BEC	a_m_y_busicas_01_dual-27
0xAD5F19B3	a_m_y_carclub_01_dual-10
0xAD08E3BA	a_m_y_clubcust_04_dual-32
0xAD648D53	a_m_y_epsilon_02_dual-2
0xAD3E4CA8	ac14_lamar_1_intp2t10_01-16
0xAD8E5E6B	ac42_fam_6_int_p3_t7_00-26
0xADFC4037	ac5_mph_nar_mid_p2_cyan_lamp001-1
0xADE5A217	acp3_les_1a_mcs_3_002-1
0xADB0A457	action_cash_bag_01
0xADEABDBD	action_smoke_facial
0xAD19B754	adam_away_idle_r_16_v2_hp
0xAD6F03F4	adam_bch_unq_crwd_c_56_tumbler
0xADDA52BC	adam_cue_idle_h_03_hp_table
0xAD8040D8	adam_mixdance_idle_e_31_hp_table
0xAD6B353E	adam_unq_sync3_b_21_bottle
0xADB8C716	adam_unq_sync3_g_60_v2_facial
0xAD8C68C9	agent02_crazy_people_left
0xADA8E459	ah3b_htaa
0xAD1F2062	ah_3a_ext
0xAD347021	ah_3b_get_to_vehicle
0xAD4F7491	aimd_to_aimc
0xAD026D97	akuma-2
0xADE77A87	amb@code_human_in_bus_passenger_idles@female@tablet@idle_a
0xAD41D08C	amb@prop_human_seat_chair_drink@male@generic@idle_a
0xAD7E2154	amb@prop_human_seat_sunlounger@female@react_cowering
0xAD9E25D2	amb@world_human_drinking@beer@male@enter
0xAD33FA39	amb@world_human_partying@female@partying_beer@base
0xAD6CD485	amb@world_human_seat_steps@female@hands_by_sides@idle_b
0xAD51770B	amb@world_human_sunbathe@male@front@base
0xADD4490C	amb@world_human_tourist_mobile@female@base
0xAD68F1E4	amb_prop_human_seat_chair_drink_beer_male_idle_a
0xADD66D23	ambient_tv_44
0xADB003DD	ambulance-28
0xADBF03F4	andy_ig_4_imspeakingthetruth_3
0xAD56059F	anim@amb@casino@hangout@ped_female@stand@02a@base
0xAD8CB5AA	anim@amb@casino@hangout@ped_male@stand@01b@exit
0xADF59445	anim@amb@clubhouse@bar@drink@idle_a
0xAD0E0926	anim@amb@facility@missle_controlroom@
0xAD141F48	anim@gangops@hanger@fuse_box@
0xADB5A9D1	anim@mp_corona_idles_juggernaut@female_b@idle_a
0xAD4A70FE	anim@mp_player_intcelebrationmale@surrender
0xAD2670B7	anim@mp_player_intincarair_shaggingbodhi@ds@
0xADEC758C	anim@mp_player_intincarthumbs_upstd@rps@
0xAD4A42C7	anim@mp_player_intuppercut_throat
0xADB85D82	anim@scripted@freemode@ig7_office_cell_floor@heeled@
0xAD20F141	anim@scripted@freemode@jamal@ig14_yard_stool@phone@
0xAD4113F9	anim@special_peds@casino@bar@ped_male@sit_withdrink@01a@idles
0xAD95768D	anim@veh@bike@quad@verus@front@ds@enter_exit
0xAD93A61B	anim@veh@btype@side_ds@driveby_1h
0xADE8498D	anim@veh@drivebybike@dirt@front@melee_kick
0xAD60CE83	anim@veh@lowrider@std@ds@arm@music@hiphopidle_d
0xAD89D7A9	anim@veh@lowrider@std@rps@base
0xAD23C1BA	anim@veh@plane@alkonost@front@ps@enter_exit
0xAD453431	anim@veh@van@apocolypse@rds@enter_exit
0xAD830DD8	anim_ac53_fos_ep1_p6_00-3
0xADE84679	anim_ac54_fos_ep1_p6_00-7
0xAD1EE19B	anim_ac69_fos_ep1_p6_02-11
0xADE3C614	anim_ac73_fos_ep1_p6_02-31
0xADA948D6	anim_ac76_fos_ep1_p6_01-30
0xAD505E19	anim_ac77_fos_ep1_p6_01-16
0xADFE6DFC	anim_ac82_fos_ep1_p6_00-32
0xADBF0603	anim_casino_a@amb@casino@games@insidetrack@ped_female@engaged@01a@base_big_screen
0xAD36B200	anim_casino_b@amb@casino@games@blackjack@ped_female@regular@02a@trans
0xADE7DF53	anim_casino_b@amb@casino@games@threecardpoker@ped_female@slouchy@01b@play@v02
0xAD2B8C66	anim_oat_fos_ep1_p6_044-15
0xAD0DF60F	anim_oat_fos_ep1_p6_27-12
0xADA9B10B	anim_oat_fos_ep1_p6_34-18
0xAD7AD123	animl_bkaj
0xAD5BCB75	animl_boad
0xAD6AC36C	animl_bvaa
0xADFF11A7	animl_chaq
0xAD7277C5	animl_gbaf
0xADB1B7FE	animl_gkaj
0xAD520ABF	animl_gpab
0xADCB2B60	animl_gvak
0xAD57CAF1	animl_haaa
0xADB31D0E	apa_mp_h_05_caustic_p2
0xADCDB310	apa_p_h_acc_artwalll_02
0xADE8EEE0	appendtext
0xADD91C8E	ar_arena_construction_hammering
0xADEB2000	ar_dlc_h4_ih_insects_cicada_shoreline_b
0xADBB4FE2	ar_field_mosquito
0xADFC9DD0	ar_prop_ar_stunt_block_01b
0xADB26F0F	ar_squirrel
0xAD0CA54A	arcade_01a_screen
0xADDE1B3F	arm3_adaf
0xAD6681B8	arm3_car
0xADBA5FE9	arms_faad
0xAD6CAE11	arms_fpab
0xAD7BE997	arrested_spin_l_-90
0xAD6564EB	asbo-28
0xADEAABCA	asesina
0xAD05D13F	ass_multi_target_call_p1
0xADFDC1AF	assault_draw_0
0xAD67F97A	asterope-10
0xAD9E2DE6	atiadlxx.dll
0xAD7E9C76	az_biker_camp_trailer_09
0xADB28FBB	az_dlc_hei_aircraft_carrier_int_main
0xADB2E1BC	az_m24_1_aircraft_carrier_int_fauxclusion_02
0xAD6E91C7	az_music_southcentral_01
0xAD0C92E1	ba_prop_battle_crate_m_medical
0xAD501A5B	ba_prop_battle_cuffs-0
0xADF8FFB2	ba_prop_battle_mic-49
0xAD913BD0	ba_prop_battle_sniffing_pipe-100
0xADCCCD76	ba_prop_battle_sniffing_pipe-72
0xAD5CC23E	ba_prop_club_water_bottle-14
0xADCC734C	back_left
0xAD10FFE2	bag_drill_straight_end_idle
0xAD7F0D51	balance_recover_narrow_right
0xAD745DCE	ballasog_rollthroughtraincar_ig6_in
0xAD292FFE	bang_bang
0xAD7B58A2	base_gr_prop_gr_lathe_01c
0xADEE99DD	betoneira
0xAD46A4BB	bike_time_trials_soundset
0xAD21F043	bit
0xADFAAA90	bkr_prop_biker_jump_m
0xADFB0820	bkr_prop_printmachine_6rollerp_st
0xAD9426A9	blindfire_hi_r_enter_hi
0xAD91C5C4	bloodfx_table_dead_end
0xADE1B9E8	bmad_intro
0xAD77BD47	boardroom_listen_loop_f_c
0xAD8F54EC	bomb_tail_open_idle
0xAD1E37E4	boneid
0xAD2F1EA6	bouncer_comments_on_underwear
0xAD930B06	braddock
0xAD513C69	bradt
0xAD3314A0	brakingdist
0xADF2FE7E	breakout
0xADEBA8A1	brickade2-0
0xAD86F948	bring_it_on
0xADF53E7E	bs2b_ckaa
0xAD72A1D9	bs2b_qlaa
0xAD6B5BED	bs_2b_int-1
0xAD56D1E1	bumps_lean_fwd_loop_wade
0xAD3802D0	c77nymm
0xAD9FC06A	caddy3-23
0xAD889F6A	car.sirenlight.day.emissive.off
0xADC349E3	car_4_ext-5
0xAD591BDE	car_fight_girl
0xAD6374F3	car_knockout_player
0xADD14D66	car_trunk_thumps
0xAD25C6B9	carbonizzare-39
0xADEF9C75	cargobob2-0
0xADD1E062	carmod_poff4_intro
0xADB8231B	cavalcade-28
0xAD2B7790	cbasestatssavestructure__cuint16statstruct
0xAD4EAC16	cbrad_dqah
0xAD59ADC1	cctv_overlay01
0xAD18D51D	ch1_02_open
0xADF89EA3	ch1_09b_vinegrapes_68
0xAD3A1994	ch2_01_party
0xAD673145	ch2_lod4_s3b
0xAD8DADFA	ch_prop_arcade_street_01b-38
0xADBA2D46	ch_prop_track_ch_bend_45
0xADFD2D6A	ch_prop_whiteboard-46
0xADD2B7A1	chair_idle_02_phone
0xAD1A38FF	chatc_btac
0xAD46BFD0	chi2_bqaa
0xAD3F020C	chi_2_shootout_stealth
0xADCBB657	chn1_enemies_flee
0xAD3FA493	chute_idle
0xADE9BF5F	cigar_idle_b_cam_tv
0xADE724C0	clean_surface_03_gr_prop_gr_lathe_01a
0xADBEC57B	cloudgen.overlay.detail.scale
0xADE9A3AC	club_open_p1_t01_clip2_001-49
0xAD7321CF	club_open_p1_t01_clip2_001-55
0xADA81F51	cm_sporu2
0xADA353C6	coke_cut_v4_coccutter
0xADDA160F	collisionbone
0xAD4DEA3F	com
0xAD056C90	commoncrc:/data/visualsettings.dat
0xAD676E9D	console_loop_trevor
0xADB2C84F	continual_beep
0xAD8533BB	coquette-34
0xAD4ED070	costruito
0xADB3DCF3	couch_idle_02_franklin_facial
0xAD9AAC0A	cover@first_person@weapon@blindfire_grips@right_side@pump_shotgun
0xAD00763C	cover_you
0xAD6FCA22	crash_generic_drunk
0xAD12B3A8	creatures@crow@amb@world_crow_standing@exit
0xADF52B43	cropduster4_skin
0xADAC79EB	cs3_rail_tunnel
0xAD480A66	cs_amandatownley_02_dual-25
0xADA498B0	cs_devin_dual-19
0xADAD2D32	cs_jewelass_dual-4
0xAD1CFC6E	cs_lestercrest_dual-2
0xAD20D69D	cs_marnie_dual-10
0xADAE1131	cs_molly_dual-13
0xAD7D1D3C	cs_nervousron_02_dual-21
0xAD340F5A	cs_orleans
0xAD939432	cs_russiandrunk_dual-11
0xADC4C510	cs_russiandrunk_dual-46
0xAD06722B	cs_solomon_dual-18
0xADA2F57C	cs_solomon_dual-31
0xAD10461F	cs_taostranslator_dual-0
0xAD3FD6AA	cs_tenniscoach_dual-4
0xAD99B056	cs_wheel_fric_sand_bike-2
0xAD37A970	cs_xm24_cig_smoke-6
0xADF91C2A	csb_agatha_dual-10
0xADCFEAD6	csb_ary_02_dual-6
0xAD668632	csb_burgerdrug_p
0xAD3A7238	csb_chef_03_dual-65
0xAD9E80AD	csb_gustavo_dual-23
0xAD0572D6	csb_helmsmanpavel_dual-9
0xAD253554	csb_imran_dual-2
0xAD532851	csb_jackhowitzer_dual-6
0xAD5BC8A0	csb_johnny_guns_dual-22
0xAD1B6AF2	csb_luchadora_dual-47
0xADEA6FC4	csb_luchadora_dual-77
0xAD7843FF	csb_maude_02_dual-46
0xAD346BE1	csb_mjo_dual-5
0xAD0EAAE5	csb_screen_writer_p
0xAD4B820B	csb_tonyprince_dual-45
0xAD946A18	csb_vincent_dual-13
0xADE146AB	cst2_bqaa
0xAD641B53	cst2_gjab
0xAD53207B	cst2_hsaa
0xADF765DA	cst4_dpaa
0xAD7A6F20	csx_coastsmalrock_02_
0xADB6BEAD	cut_guilotine_v1_singlemoneystrip
0xAD154CB0	cut_hs4_cctv_blood_pool-3
0xADB81FFB	cut_hs4_winky_exhaust
0xAD86A7F9	cut_sec_chop_weed_drool-39
0xADB8D83A	cut_sec_cig_weed_smoke-22
0xADA26E41	cut_sec_veh_exhaust_car-29
0xAD24ED23	cut_tn_meet_burnout_smoke-11
0xAD95AB16	cut_xm3_rpg_explosion
0xAD7D3D0C	d_ac13_les_1a_mcs_1_01-2
0xAD3DC94A	d_ac1_fra_2_ext_p3_00-7
0xAD62961F	d_ac1_fra_2_ext_p3_02-20
0xADE0B57F	d_ac1_fra_2_ext_p3_04-12
0xADFE8BE8	d_ac1_fra_2_ext_p3_05-14
0xAD3EFDA9	d_ac27_mmb_1_rcm_02-13
0xAD1BE568	d_ac3_tonya_mcs_3_01-6
0xAD0EC38B	d_ac6_mic_2_int_p2_frank_bounce002-23
0xAD193BA7	daemon2-21
0xAD80CC3B	danceidle_trans_07_li_to_hi_laz
0xAD3A0484	dare
0xAD8FBCCF	data/code
0xADEF3A95	decal_emissive_only.sps
0xAD647AAB	deck_idle
0xADE1875E	des_finale_tunnel_end
0xAD5A0B8C	des_hospitaldoors_start
0xAD831ED6	dh1_doab
0xAD1FF384	dh2b_dwad
0xAD82B942	dir_shadow_softness
0xAD1073E7	direct_traffic_a
0xADEE212C	dix_end_cc_face
0xAD21FD04	dlc_biker_computer_sounds
0xADEDD840	dlc_btl_target_pursuit_sounds
0xAD871141	dlc_gr_generic_mission_sounds
0xAD1F2133	dlc_ie_steal_pool_party_milton_rd__radio_emitter
0xAD16D0B0	dlc_mp2025_02_mansion_swim_pool
0xAD7D486F	dlc_mp_ar_m_special_0_12
0xAD538698	dlc_mp_arena_f_feet_6_19
0xADAB779E	dlc_mp_arena_f_special_2_18
0xAD9A7241	dlc_mp_arena_f_special_2_3
0xAD374B87	dlc_mp_arena_m_jbib_17_2
0xADF0C6FA	dlc_mp_arena_m_legs_5_12
0xADAA2E70	dlc_mp_beach_f_feet009
0xADC84CA2	dlc_mp_beach_f_lowr107
0xADBFD59E	dlc_mp_bh_m_jbib_0_19
0xAD2C9349	dlc_mp_bh_m_jbib_11_8
0xAD0D2922	dlc_mp_bh_m_jbib_3_7
0xAD68366E	dlc_mp_biker_f_hand_5_10
0xADF99950	dlc_mp_biker_f_hand_5_8
0xADD77C32	dlc_mp_biker_f_jbib_10_15
0xADA3C0FF	dlc_mp_biker_f_phead_12_4
0xADD9F113	dlc_mp_biker_m_hand_2_23
0xAD870B08	dlc_mp_biker_m_hand_4_4
0xAD93CC80	dlc_mp_biker_m_special_2_0
0xAD16A4A2	dlc_mp_busi2_m_accs0_4
0xADC5C275	dlc_mp_busi2_m_teeth1_1
0xAD629E79	dlc_mp_busi_f_accs1_1
0xAD0681A9	dlc_mp_busi_m_accs5_11
0xAD858DB9	dlc_mp_busi_m_jbib5_2
0xAD06B634	dlc_mp_exec_f_feet_0_4
0xADEB174F	dlc_mp_fixer_f_phead_0_16
0xAD7A8C3A	dlc_mp_fixer_m_peyes_3_10
0xAD30F27C	dlc_mp_gr_f_jbib_15_14
0xAD51D87E	dlc_mp_gr_f_jbib_3_9
0xAD63D645	dlc_mp_gr_f_legs_4_8
0xAD08741B	dlc_mp_gr_f_phead_7_9
0xAD1BCF89	dlc_mp_gr_f_special_16_14
0xAD2550C0	dlc_mp_gr_f_special_16_21
0xADEA34E4	dlc_mp_gr_f_special_21_4
0xAD1C9D03	dlc_mp_gr_f_special_3_2
0xADF736E1	dlc_mp_gr_f_torso_0_6
0xAD339B88	dlc_mp_gr_f_torso_32_17
0xAD111E4C	dlc_mp_gr_f_torso_33_6
0xAD0C0EB0	dlc_mp_gr_f_torso_34_10
0xAD6524BF	dlc_mp_gr_f_torso_9_16
0xAD4C7AED	dlc_mp_gr_m_berd_1_20
0xAD88472F	dlc_mp_gr_m_jbib_11_0
0xADA0275A	dlc_mp_gr_m_legs_0_3
0xAD33869D	dlc_mp_h3_f_decl_2_5
0xAD537569	dlc_mp_h3_f_legs_0_1
0xAD45E1A7	dlc_mp_h3_f_teeth_0_10
0xAD25B3B3	dlc_mp_h3_m_decl_2_4
0xAD460CFC	dlc_mp_h3_m_hand_3_10
0xAD571346	dlc_mp_h3_m_jbib_9_9
0xADD56207	dlc_mp_h3_m_special_1_11
0xAD29720E	dlc_mp_h4_m_berd_0_2
0xAD004947	dlc_mp_h4_m_berd_4_9
0xAD170A9C	dlc_mp_h4_m_teeth_12_10
0xAD778660	dlc_mp_heist_f_berd_21_0
0xAD3FFD46	dlc_mp_heist_f_special_6_14
0xAD86477B	dlc_mp_heist_f_special_9_1
0xAD084A80	dlc_mp_heist_f_teeth_4_0
0xAD67786D	dlc_mp_heist_f_torso_41_0
0xADFE6CE3	dlc_mp_heist_f_torso_86_1
0xAD7F8C9E	dlc_mp_ie_f_berd_3_0
0xADC1A933	dlc_mp_ie_f_jbib_11_3
0xADA6CCBC	dlc_mp_ie_f_jbib_1_10
0xAD477AE5	dlc_mp_ie_f_jbib_5_13
0xAD5B37C2	dlc_mp_ie_m_feet_0_2
0xADF91031	dlc_mp_ie_m_jbib_10_6
0xAD74FAFF	dlc_mp_ie_m_jbib_7_2
0xAD22A686	dlc_mp_ie_m_phead_6_0
0xADE953E7	dlc_mp_ie_m_special_0_0
0xADAB12D9	dlc_mp_jan_f_peyes_0_8
0xAD9DA924	dlc_mp_jan_f_special2_2_4
0xADF78FCF	dlc_mp_low2_m_jbib_5_11
0xAD06D5E6	dlc_mp_low_m_jbib_3_0
0xAD2391B7	dlc_mp_lts_m_hand_3_12
0xADE59782	dlc_mp_luxe_f_jbib_0_2
0xADD22DCC	dlc_mp_pilot_f_hand_1_0
0xAD163C33	dlc_mp_pilot_m_hand_6_5
0xADE76ACF	dlc_mp_replay_f_berd_0_0
0xADE3F220	dlc_mp_smug_f_berd_7_14
0xAD652EA9	dlc_mp_smug_f_special_0_4
0xADDCE1A7	dlc_mp_smug_m_berd_5_15
0xAD03C65D	dlc_mp_smug_m_jbib_1_0
0xAD62D2CB	dlc_mp_smug_m_jbib_5_0
0xAD00C975	dlc_mp_stunt_f_legs_3_12
0xAD20D418	dlc_mp_stunt_f_phead_10_20
0xADBA058C	dlc_mp_stunt_f_phead_6_5
0xAD6962C8	dlc_mp_stunt_f_torso_1_8
0xAD4B5F52	dlc_mp_stunt_m_phead_0_23
0xADEE4DE9	dlc_mp_sum2_f_feet_1_1
0xADD5F16F	dlc_mp_sum2_f_jbib_18_21
0xAD2FA037	dlc_mp_sum2_m_jbib_10_13
0xADE95D62	dlc_mp_sum2_m_legs_0_5
0xADA3BE5F	dlc_mp_sum2_m_phead_6_4
0xAD67987B	dlc_mp_sum_f_special_2_18
0xAD1F6D9B	dlc_mp_sum_m_jbib_15_5
0xAD7FD4B4	dlc_mp_sum_m_jbib_5_0
0xAD215DF6	dlc_mp_sum_m_special_4_11
0xAD1CA518	dlc_mp_tuner_f_jbib_6_6
0xADADE033	dlc_mp_tuner_m_special_0_15
0xAD681E65	dlc_mp_vwd_f_legs_2_17
0xAD02CE05	dlc_mp_vwd_f_pleft_wrist_3_4
0xADBE627F	dlc_mp_vwd_m_jbib_10_18
0xAD55E2E6	dlc_mp_vwd_m_jbib_10_25
0xAD9368E4	dlc_mp_vwd_m_jbib_11_21
0xAD6679D2	dlc_mp_vwd_m_jbib_15_24
0xAD0243ED	dlc_mp_vwd_m_pleft_wrist_1_5
0xADF94CCE	dlc_mp_vwd_m_special_2_12
0xADBB520C	dlc_mp_x17_f_phead_4_10
0xAD1B7828	dlc_mp_x17_f_special_3_2
0xADF2218F	dlc_mp_x22_f_berd_2_19
0xAD329EEB	dlc_mp_x22_f_feet_6_3
0xAD95F3EC	dlc_mp_x22_f_legs_0_13
0xAD85241A	dlc_mp_x22_f_legs_8_6
0xADE424CC	dlc_mp_x22_f_legs_8_8
0xAD5B2668	dlc_mp_x22_f_phead_0_0
0xADAB0B1E	dlc_mp_x22_m_feet_12_17
0xAD9D3CFF	dlc_mp_x22_m_feet_2_0
0xAD2FC730	dlc_mp_x22_m_jbib_2_2
0xAD7219DC	dlc_mp_xmas2_f_phead_5_3
0xAD5D9737	dlc_mp_xmas3_f_berd_14_0
0xADC996A4	dlc_mp_xmas3_m_berd_9_2
0xADDCB725	dlc_mp_xmas_m_feet0_0
0xADAD4E37	dof_hq_smallblur
0xADA6AF5F	drf_hmab
0xADCD29AE	drf_mic_1_cs_1-63
0xADC5F18C	drf_mic_1_cs_2-62
0xADCDED33	drink_bad
0xADE14B7A	ear_to_text
0xAD6E4A99	empty_safe_loop_player0_bag
0xAD22BD32	enables
0xADF57B72	ent_amb_river_mist_gen
0xAD1FCE00	enter_bartender_heeled_facial
0xADE391B2	env_gunsmoke_paper_factory
0xADDB2BA2	ep_5_rcm-3
0xAD8F6CDA	eps5_stop
0xAD276DBD	eps6_bhae
0xADE8538F	epsd_afaf
0xADCACCD6	event
0xADB11F0D	event_network_follow_invite_received
0xAD762E84	event_shocking_car_pile_up
0xAD760093	ex_p_ex_decanter_01_s
0xADFC7117	ex_prop_exec_lighter_01-29
0xAD37CDFD	ex_prop_offchair_exec_04-46
0xAD4A1551	ex_prop_safedoor_office3c_l
0xAD8A0690	ex_prop_tv_settop_remote-19
0xAD25FE81	exemplar-13
0xAD425A62	exile1_lightrig
0xAD7D1886	exl1_dgag
0xAD49AC72	exl3_daaf
0xAD106473	exportcamera-107
0xADA4704D	ext2_avab
0xAD26AD12	facial_l_foreheadupperinner
0xAD37736D	fairly
0xAD93F382	fall_glide_to_free_idle
0xAD470DD0	fam2_bmag
0xAD2273B3	fam2_cxaa
0xAD9B59A6	fam2_splash
0xAD5B3B66	fam4_ciaa
0xAD149336	fam6_awaz
0xAD7DF37B	fam_4_int_alt1-20
0xAD935BC8	fam_6_mcs_2_concat-4
0xADDF1942	fam_6_mcs_6-9
0xAD09EE4B	fam_6_mcs_6_p4_b
0xADD526D4	famj_csaa
0xADD34FAF	famr_ig_5_iamtotallyontop
0xAD4CDD8C	fan3_btai
0xADEC562C	fbi1_acad
0xAD3FE1A5	fbi3a_apaa
0xAD065DFA	fbi3a_braa
0xAD8500F3	fbi5a_msaa
0xAD3500BF	fbi5a_mzaa
0xADF81DC9	fbi_3_mcs_7-10
0xAD278457	fbi_4_int_trv_idle_dave
0xAD55EB2F	fbis4_ecaa
0xAD0DD684	fcfj_czaj
0xAD40BED3	fcfj_ddaf
0xADB5838F	fcft_cqan
0xADCBA01E	fcft_cwah
0xAD411845	fcft_dyab
0xAD0025A7	fcma_cyab
0xAD26F9D1	fcma_dnaj
0xAD53EC7C	fcmf_diah
0xAD295E49	fcmj_ctam
0xAD09CB86	fctj_aial
0xAD9EAD7C	fctl_coag
0xAD5E6C43	fctl_cyam
0xADE6788F	fctl_dcah
0xAD2D935C	fctl_dfae
0xAD1AA216	female_pos_a_p1_weed_idle_01_lighter
0xADFF66F7	female_pos_b_p1_enter_lighter
0xADEBFAB5	female_pos_b_p2_weed_smoke_01_ashtray
0xAD7BAFBB	fh3a_dkaa
0xAD29E0A7	fhf_bbac
0xAD7D80AA	fin_c_mcs_1
0xAD5E7B85	finc1_ddaa
0xADD46877	finc1_gnaa
0xAD46B425	finh1_cqaa
0xAD71458F	firetruk-29
0xAD08589C	first_place_parachute
0xAD50702A	fix_golf_int-35
0xAD502188	fkn0_caaa
0xADC1745A	fkn1_faaa
0xAD459731	floyd_dh1_asab_01_g2
0xADCD202A	flusk
0xAD0247B7	fm_1_dgad
0xAD8CAD54	fm_1_fpag
0xAD3D508D	fm_ind_f_tshirt_025
0xADEEF9F1	fm_tat_f_010
0xADF5578D	fmf_1_bvab
0xAD47D452	fmm_ciaa
0xAD3FBD0A	fmm_cxab
0xAD617C21	fmm_dzab
0xAD3BC041	fmm_ioaa
0xAD516724	fmm_kqab
0xADF26BD1	fnfl_akac
0xADA7B129	fnfl_alah
0xAD48D607	fogvolumecolor
0xAD0B3A76	fori
0xAD46D352	fpfj_bhaa
0xAD89B5B9	fptf_aaaa
0xAD2BB880	fq2-13
0xAD610B57	fr_039
0xAD60BA15	fra2_bfab
0xADC58334	franklin_1_intp2
0xAD910624	franklin_2_protect_lamar
0xADDC2AD1	freeway_bike_rear_idle
0xAD657001	frlfe_bdaa
0xAD7C8740	g_f_m_fooliganz_01_dual-34
0xADC270F3	g_m_m_cartelguards_02_dual-16
0xADA963FF	g_m_m_friedlandergoons_01_dual-55
0xADB06E7A	g_m_m_friedlandergoons_01_dual-6
0xAD1BD9A7	g_m_y_ballaorig_01_black_mini_02
0xAD40693B	game/rage
0xADAF507A	gar_open_2_right
0xAD12AC99	gauntlet-11
0xADFE33FC	gburrito-4
0xAD77D540	gc_conversation_phone
0xADA10903	generic_alarm_fire_electronic
0xAD5E5A6C	gfsdk_shadowlib.win64.dll
0xADC90FB8	gtao_bvs_gameplay_scene
0xADCF4CCD	gtao_xm3_frm_ig6_stash_entry_door_breach_kick
0xAD4D1046	gun_draw_1
0xADA31642	h4_int_lev_sub_doorl-3
0xAD57D58C	h4_islandx_mansion_office
0xADF28EA5	h4_mp_apa_yacht_jacuzzi_ripple003
0xAD4E04EE	h4_prop_bush_mang_ac
0xAD9953C8	h4_prop_h4_t_bottle_01a-38
0xAD15D82D	h4_prop_h4_tool_box_01b-6
0xAD4B5EAC	h4_prop_int_plants_02
0xAD34A53B	h4_se_ipl_03
0xADF8F3AA	hack_loop_var_01
0xAD0C68B7	hash_ad0c68b7_pibaarc_collision
0xAD1B719F	hash_ad1b719f_hlkfuvv_collision
0xAD2E064C	hash_ad2e064c_ecmjecm_collision
0xAD339FFA	hauler-3
0xAD95320B	hazardous
0xAD27E2EA	hei_ch1_06e_mansion_furniture
0xAD482474	hei_dt1_02_impexpproxy_b
0xAD77DAE4	hei_heist_str_sideboardl_02
0xAD74E535	hei_prop_dlc_tablet-27
0xAD37DED0	hei_prop_hei_bio_panel
0xADFCA2BD	hei_prop_heist_cutscene_doorb-4
0xAD87D38A	hei_prop_heist_emp-27
0xAD90C84C	hei_prop_hst_usb_drive-25
0xADB06A39	hei_shadowsunmesh_kt1_05
0xADD5616D	hermes-48
0xAD41D304	hi_l_corner_throw
0xAD0E0ACC	hidden_radio_astu_silence
0xAD963F48	holdup_scient_loop_labped
0xAD2C9E31	hows_it_going_female
0xADDC5341	hs3_int
0xAD9018F7	hs3_pln_int-37
0xAD58BD59	hs4_nimb_lsa_isd-17
0xAD939537	hs4f_int-3
0xADB1168D	humlab
0xADFF5F92	hunt2_ctaa
0xADD9204A	idle_02_pipette_01
0xAD682961	idle_a_2
0xAD812F21	idle_e_weapon
0xAD2004B5	idle_f03
0xADF4779E	idle_loop_rope
0xAD2D09FA	ig_1_guy2_drag_into_van
0xADC4AB55	ig_7_back_intro_lazlow
0xADB901E2	ig_7_loop_cam
0xAD785694	ig_fooliganz_01_dual-31
0xADAB5190	ig_lildee_p
0xADC6174D	ig_tomcasino_p
0xAD2857C2	imp_prop_impexp_bblock_sml1
0xAD251436	imperator-15
0xADBE651F	impulsevelmult
0xAD5E7BEA	in_air_freewheel_char
0xAD11C48C	indispensabile
0xAD9A9C7C	input_replay_record
0xAD4132B6	inspecting_high_idle_03_pencil
0xAD3ADAA5	insult_ped_bum_conv15_part1
0xAD95AFCD	invert
0xAD7B5D21	iom_pov3_left
0xADA1B3A6	iz_v_31_tun_01_gtamloroomtun1
0xAD8789F2	jessie_ig_1_p1_heydudes_1
0xADF10156	jh_seab
0xADF5B1C6	jhf_ctad
0xAD988E6D	josh4_asaa
0xAD6B1390	jump_out_of_van_ps
0xADE76D81	key_g
0xAD57F7A7	kifflom_greet
0xAD324458	kraju
0xAD5E48CD	largegroup_flee_r_f_a
0xAD98E950	leaderboards.asmx/readbycrewmembers
0xAD7AE536	leadin_gate
0xADE4060A	leg_itch_vw_prop_vw_valet_01a
0xAD1A8A22	lem1_cgaa
0xAD82E29B	lem2_amaa
0xADE9899F	lem2_hjab
0xAD426885	les1a_apae
0xADCEE3CB	les1a_bhaf
0xAD6816EB	lf_house_10_
0xAD1FFA8C	lf_house_17d_
0xAD51D726	load_rh_01_gr_prop_gr_3s_drillcrate_01a
0xADAE9A8E	loading_v1_money01
0xAD166E41	long_-90_punch
0xAD3C0B14	look_around_right_02_gr_prop_gr_speeddrill_01c
0xAD5FB132	look_around_worker
0xADCECAB3	look_at_plan_e
0xADA62D3C	loop_phone
0xADC9E031	lowest_10
0xAD7BAE44	lowtoilet_trans_from_rockin_laz
0xADBF8F1C	lsdh_2a_int-10
0xAD9EAD93	lsdh_2b_int-13
0xADEACD50	lsdh_int-15
0xAD309E75	m23_1_m231_2_warem_signs
0xAD8D3669	m23_1_m231_3_rooms1_st_details003
0xAD5C2F63	m23_2_dlc_int_ship
0xAD6A30FB	m23_2_lifeguard_access
0xAD7D15A2	m23_2_prop_m32_bag_scuba_01a
0xAD17A8A4	m23_2_prop_m32_laptoplscm_01a
0xAD658DEC	m23_2_prop_m32_police_badge_01a-17
0xADB93411	m24_1_mph_carrierstair_16
0xAD8628CA	m24_1_prop_m41_candypile_01a-29
0xAD9BED4A	m24_1_prop_m41_desk_drawer_01a-20
0xADF7229D	m24_1_prop_m41_exerciseball_01a-43
0xADEBF19F	m24_1_prop_m41_nameplate_01a-0
0xAD46358B	m24_2_prop_m42_cokecabinet_01a
0xAD70E96D	m24_2_prop_m42_hacker_door_ent_02-67
0xAD003E16	m25_1_int_01_wall_light_03
0xADF78477	m25_1_prop_m51_curtainbdrm_01a
0xAD812233	m25_1_prop_m51_key_cabinet_01b
0xAD58E364	m25_2_int_01_basin_003
0xAD4DCFE7	m25_2_int_01_r_cor_molding
0xAD2BBAEC	m25_2_prop_m52_door_msn_pool_01a-103
0xAD5E19DC	m25_2_prop_m52_door_msn_sliding_01c-70
0xAD283FD9	male_b_ped_b_intro
0xAD26DE42	male_h_trans_b
0xAD32805E	male_pos_a_p1_enter
0xADCC9B57	male_pos_c_trans_p2_weed_to_p1_lighter
0xAD249BD3	medium_explosion_shake
0xAD0B7338	melt_int_2-0
0xAD5A65B9	messageboxw
0xAD5199CC	met1_duaa
0xAD17042C	methl_anaa
0xAD1215BA	mgps_coae
0xAD5970E2	mgps_ctaa
0xAD03EF6C	mic_2_int-8
0xAD920406	michael_smoking_exit
0xAD10605A	michaelappears_loop6_michael
0xAD58B134	mid_mission_switch_player1_cam
0xAD7B8C13	military
0xAD9D4847	min2_bsaa
0xADE685E2	minlegheight
0xADB04819	misschinese2_bank1
0xAD500A7B	missfam1_yachtbattleonyacht01_
0xADC5198A	missfbi2@leadinoutfbi_2_mcs_1
0xAD9D6AA1	missfinale_b_ig_5
0xADE2AF5C	missfinale_c2ig_4
0xAD0259AB	mo_fot
0xADC91DA4	moodm_dance_ha_49
0xAD6B424A	moodm_idle_lb_01_dancer_b_facial
0xAD4565DD	moodm_vinyl_right_ha_17_facial
0xADFCA51D	move_loop
0xAD3B9109	movesideways
0xADB731AA	movie_prem_01_m_f
0xADCB3240	mp_battle_clothing_028_f
0xADB59929	mp_battle_clothing_031_f
0xAD00B75D	mp_casino_apartment_bath
0xADBFDD33	mp_casino_apartment_cinema
0xAD4B16D1	mp_christmas2018_tee_015_f
0xAD34C8C8	mp_fm_branding_035
0xAD9246DE	mp_gunrunning_award_010_m
0xADAE0BD7	mp_heist4_tat_031_f
0xAD13A1B9	mp_heist4_tee_009_m
0xAD4ACDB1	mp_m_freemode_01_dual-103
0xAD58850E	mp_player_int_up_yours_fp
0xAD0F54FB	mp_race_finish
0xAD3727A9	mp_vinewood_tat_024_m
0xAD1E4C1D	mp_vinewood_tee_021_f
0xAD8A3B7E	mpcas3_mcs1-20
0xAD304E52	mpct_aiaa
0xADA85019	mpgcs_bdaa
0xAD525F64	mph_hum_arm_ext-4
0xAD0439FC	mph_hum_key_mcs1-8
0xADC128F9	mph_nar_fin_ext-14
0xADD1A7FA	mph_nar_fin_ext-25
0xADD85715	mpheist3_tat_015_m
0xADAE0E1A	mpheist3_tee_022_m
0xADC8E0FF	mpspecialraces
0xADE928E5	n_ac12_hs4f_main_ent_p1_t00_02-3
0xAD6DEAEA	n_ac1_fra_2_ext_p3_02-13
0xAD3040F0	n_ac28_mmb_3_rcm_002-9
0xADA116FD	name:
0xAD329C86	ng_proc_leaves05
0xADC2EFE6	ng_sure
0xAD55A8CF	nhs1b_bsac
0xAD3B76DE	nig1a_crae
0xAD559FE8	nig1a_czad
0xADDFA587	nige3_aqab
0xADDBC8ED	nigel_03_journey_mix
0xAD8B82BE	nme_away_dance_c_16_coconutdrink
0xADE9999C	nme_away_idle_f_15_hp_neck
0xAD838219	nme_bch_unq_end_b_212_hp
0xADB67003	nme_bch_unq_sync2_a_59_facial
0xAD5A3233	nme_mix_idle_c_17_facial
0xAD4B15BD	nme_trans_cue_to_away_a_23_v2_hp_neck
0xADF84BB6	nme_unq_sync2_b_16_facial
0xAD89CFA8	normal_typing_monitor
0xAD781BFF	oat_fos_ep_1_p1_047-15
0xAD21C4C2	oat_fos_ep_1_p1_34-14
0xAD50176D	ojas_dsab
0xADB4F78F	ojtx_braa
0xAD0CEE93	olive
0xAD580852	only
0xAD078E30	onyacht_signalplayer_loop_j
0xADD88D3F	or_post_1
0xADDA777E	organ_horn_loop_01
0xADFCA10C	orr_race5_post_rank3
0xAD4E7000	outro_low_l_centre_short_topeek
0xAD90C8B9	outro_low_r_centre_short_topeek
0xADD529BC	ov.v
0xADC0A6A8	ovcs1
0xAD189D56	p3_ver1_v_ilev_mm_doorm_r
0xADF51499	p_banknote_onedollar_s-38
0xADE98AD7	p_cs_joint_02-9
0xADB95CE3	p_cs_lighter_01-73
0xAD0EA1E5	p_cs_shot_glass_s-18
0xAD4F99B2	p_finale_bld_pool_s-73
0xAD0DDC35	p_franklin_02_dual-65
0xAD0D956C	p_idol_case_s-5
0xAD68ABC4	p_lazlow_shirt_s-3
0xAD90513A	p_ld_id_card_01-5
0xAD6CB1B7	p_lfoot
0xAD42CE2E	p_overalls_02_s
0xADD41C6D	p_rail_controller_s
0xAD07A604	p_soloffchair_s-9
0xAD534289	p_tumbler_01_s-6
0xADAA3466	p_wade_necklace_s-13
0xAD5E267C	p_whiskey_notop_empty-36
0xADFA575E	pafl_abaa
0xAD8A7AB5	path
0xADFFB812	pbam_agae
0xADB7B6BE	pbbb_acaa
0xADF7363D	pbbb_adab
0xAD0CB074	pbbb_ahac
0xAD3553A0	pbsh_avaa
0xAD3D06E4	ped_ac14_mph_pac_mid_p1_001-0
0xAD86353B	penumbra-48
0xADE24644	phone_surprise_player_appearance
0xAD88D79A	pistoletu
0xAD07FA66	plane.luxe2.cabin.window
0xAD1EBA7A	player_one_dual-38
0xAD21F646	plyr_takedown_front_headbutt
0xAD140232	police_car_number
0xAD3B2791	pose_b_long_trans_dance_a_blamadon
0xAD81802F	pose_c_idle_e_headphones
0xADFB557F	positionx
0xAD156269	post_fleeca_finale_respawn_hostcam
0xAD2A8A9F	pov_visor_up
0xAD87C653	power-affecting
0xAD5E30D7	powersurge
0xAD3E1A66	pr_dlc_exec_cash_pile_08
0xADC5070E	pr_xm_x17dlc_int_02_base_orbital_cannon_amb
0xADB5F49A	preta
0xAD262773	pro_brac
0xAD198877	pro_epaa
0xAD4651CE	pro_esab
0xADCFAB14	pro_mcs_7_concat-8
0xAD7B0D61	progen
0xAD45FB2F	prohibited
0xADDBCA8B	proj_xm_khanjali_railgun_trail
0xADD86D53	prop_a4_sheet_01
0xAD95334C	prop_artgallery_dr
0xAD374978	prop_ashtray_01-58
0xAD41D93A	prop_binoc_01-29
0xAD4A3182	prop_bmu_track03
0xADC5B3B0	prop_bottle_cognac-55
0xAD66545A	prop_bush_neat_03
0xAD533ECC	prop_byard_phone
0xADB90F84	prop_cherenneon
0xAD6B26F6	prop_cigar_02-20
0xAD85358A	prop_coral_grass_02
0xAD69AFF0	prop_cs_beer_bot_01b-11
0xADC165E8	prop_cs_folding_chair_01-8
0xAD679682	prop_cs_gunrack
0xAD0F91A4	prop_cs_paper_cup-44
0xAD9F062A	prop_cs_tablet-5
0xAD43AFAD	prop_cs_trev_overlay
0xAD9AEC95	prop_drug_bottle
0xAD428EAD	prop_ecg_01-0
0xAD0ECBF0	prop_facgate_03b_r
0xAD86E745	prop_fragtest_cnst_09
0xADA39B9E	prop_fruit_stand_01
0xAD6295C8	prop_golf_ball-50
0xADBC8AE3	prop_hifi_01
0xAD4D2F76	prop_hotdogstand_01-14
0xAD872872	prop_hotdogstand_01-29
0xAD01999A	prop_human_seat_chair_drink
0xADE4EADD	prop_ic_deadl_g
0xADF5595E	prop_ic_rock_p
0xAD903651	prop_ind_conveyor_02
0xAD62C8EB	prop_jewel_04a
0xAD70CEEB	prop_ld_cable_tie_01-44
0xADFA98DA	prop_ld_contain_dl
0xAD645F49	prop_ld_suitcase_02-1
0xAD50D35A	prop_ld_w_me_machette-2
0xADCA3FDC	prop_ld_wallet_01
0xADA71CB1	prop_logpile_03
0xADCDD53C	prop_luggage_06a-34
0xADA9B778	prop_luggage_06a-61
0xAD16937E	prop_luggage_07a-18
0xADDA43F7	prop_luggage_08a-17
0xAD6E0FEB	prop_mk_transform_car
0xAD5755B8	prop_mk_tri_cycle
0xAD903AC1	prop_news_disp_03c
0xADE61834	prop_paints_can01-10
0xAD1A8BD0	prop_phone_overlay_anim-8
0xAD3AE9FB	prop_poolball_9
0xAD0AA4B3	prop_rag_01-22
0xAD5774E6	prop_rub_cage01b
0xADC2588E	prop_rub_wreckage_6
0xAD751518	prop_runlight_y
0xAD84E321	prop_showroom_glass_6
0xADD4E2F3	prop_sm_19_clock
0xADE2093C	prop_target_arm_sm
0xAD854C5C	prop_telegraph_04b
0xADDEFEB9	prop_tool_pickaxe-5
0xAD5A1B4D	prop_tool_shovel4
0xADFADA51	prop_tool_spanner01-19
0xAD0C0C9A	prop_towel_01
0xADAB2ACE	ps_1_trevor_drives_off
0xAD60E13A	pst_arrest_loop_cop
0xAD62D5B2	ptrx_trans_e_q_l_to_mix_07_headphones_hp_head
0xAD6065C0	pyro
0xAD00914E	pz8
0xAD052837	racing_d
0xAD43A848	radio_adverts
0xAD4ED7FC	rampa_away_idle_a_02_v2_s_glass_02
0xAD18266D	rampa_cue_idle_c_04_v2_hp_head
0xADE5FDB6	rampa_cue_sync_b_25_v2_hp_table
0xAD78ED37	rampa_cuelean_idle_b_02_hp_head
0xAD27B8C4	rampa_cuelean_idle_g_10_v2_hp_head
0xADBF69FB	rampa_cuelean_idle_h_11_hp_table
0xADD29218	rampa_cuelean_idle_k_19_s_glass_02
0xAD7A517F	rampa_mix_idle_f_06
0xAD806152	rampa_mixdance_idle_e_06_hp_table
0xAD7FA9FD	rampa_mixdance_idle_j_14_v2_s_glass_01
0xAD5ACC9B	rampa_mixsway_idle_e_05_v2_hp_head
0xADF50099	rampa_trans_awayside_to_cuedance_a_03_v2_s_glass_01
0xADE9E8D4	rampa_trans_cue_to_cuehpdown_a_03_v2_s_glass_01
0xAD5E595C	rampa_trans_cuedance_to_mixsway_a_12_v2_hp_table
0xAD42126E	rampa_trans_mix_to_awayside_a_06_v2
0xAD56C4C4	rampa_trans_mix_to_mixdance_a_01_v2_s_glass_01
0xAD45B3AB	rampa_trans_mixdance_to_mix_c_12_v2_tumbler
0xAD417002	rampa_trans_mixdup_to_mixddown_a_06_v2
0xADEEBAF7	rampa_unq_shots_d_38_v2_t_bottle
0xADB56F11	rampa_unq_sync2_d_20_v2_s_glass_01
0xAD8D9823	rampa_unq_sync3_b_21_s_glass_01
0xAD6A8554	rampa_unq_sync_d_26_tumbler
0xAD1D67C8	rampa_unq_sync_h_74_tumbler
0xAD843F21	random@countrysiderobbery
0xAD145A82	rbh2a_fbaa
0xADF2BC36	rbh2a_gcaa
0xADF63A9A	rbh2a_hgaa
0xADFBF5F4	rc12b_fixed
0xADA30214	rc18a_stop
0xAD686ED3	react_win_01_cam
0xAD853EA6	reaction_bad_var03_seat4_cam
0xAD57C5E4	reaction_good
0xAD0F959C	readyidle_to_playidle_var_03
0xAD6AFA69	reawa_doab
0xADD53C03	recgf_bpab
0xAD9F2D02	recgf_bqac
0xAD6FB152	redo2_amaa
0xAD6FF7C8	redr1_dpal
0xAD28E0E0	reduceconstraintlengthvel
0xAD26EF06	reducelightingcost
0xADB09D7A	reh_int4_int_style_2_lp
0xAD7A2EA8	rehh1_biaa
0xAD53E3D5	rehh2_bvaf
0xADFF9052	rehh5_ayaa
0xAD4EDFF2	relajada
0xADA44A4D	request_backup
0xAD93A2FB	rewind
0xAD75E140	rhf_abae
0xADDFDA04	riesci
0xADADBD07	rightingtime
0xADED3F3B	rurs1_eibb
0xAD7E25AA	s_f_m_shop_high_white_mini_01
0xADC0FC54	s_f_y_casino_01_dual-33
0xAD1C21D3	s_m_m_autoshop_01_dual-13
0xADD9DAF0	s_m_m_bouncer_02_dual-26
0xAD60252C	s_m_m_fiboffice_02_dual-75
0xAD406114	s_m_m_highsec_03_dual-28
0xAD9466BC	s_m_m_highsec_04_dual-35
0xAD76E156	s_m_m_security_01_dual-43
0xADEBE318	s_m_m_security_01_dual-54
0xAD9EF1BB	s_m_o_busker_01
0xAD637982	s_m_y_construct_02_dual-17
0xAD4C724C	s_m_y_waiter_01
0xAD89618B	s_m_y_waretech_01_dual-33
0xAD108C44	s_sanpedro_28_bikers
0xAD714760	scr_exp_clown_trails
0xAD84D61A	scr_indep_firework_trailburst_spawn
0xADEACD93	scr_man_avi_drink_pour
0xAD0978F3	scr_man_surv_alien_eject
0xADE43F63	scr_srr_oper_panel_spark_mid
0xAD36F62E	scrap_apal
0xADB7F277	scrap_arab
0xAD5C1311	screens
0xAD19CD32	se_ex_int_office_02b_radio_01
0xAD60EE5E	se_mp_apt_11_1
0xAD90AAC7	se_mp_apt_9_3
0xAD2D88B9	seashark-5
0xADD87C12	seatedidle_mi_11_steeringpoint_laz
0xADF5AEE6	seminole-35
0xADB73276	semtex_c_ig8_vault_explosive_plant_a
0xADD21654	sentinel-42
0xADF8C6BF	set_dob_text
0xAD6E37FA	set_player_weapon_wheel
0xAD69D052	setoverridechatrestrictions
0xAD0B16D2	sex_finished
0xADFD7B0C	sf_prop_sf_apple_01a-21
0xADAEE0C1	sf_prop_sf_art_photo_mg_01a
0xAD9EA048	sf_prop_sf_bag_weed_open_01c-12
0xADB1CD7B	sf_prop_sf_door_com_r_06a-36
0xAD2A2B2A	sf_prop_sf_door_stat_r_01a-24
0xADA6C500	sf_prop_sf_filter_handle_01a-38
0xAD1126DE	sf_prop_sf_keyboard_01a-10
0xADDA1019	sf_prop_sf_offchair_exec_01a-63
0xAD9E084C	sf_prop_sf_rack_audio_01a-32
0xAD494257	sf_prop_sf_s_mixer_02a-31
0xADD57131	sf_prop_sf_s_mixer_02b-40
0xAD8DC5D9	sf_prop_yacht_glass_02
0xAD2EDF7F	sheriff2-6
0xAD35E5B9	shiftjis
0xAD706D5C	shml_lv1
0xAD57BE8D	shores
0xAD3CD4FC	short_action_01_male
0xAD593C0D	shuffle_seat_180
0xAD1EDA61	sia
0xAD1AC431	silj_ext-32
0xAD80596E	sky_small_cloud_detail_scale
0xADD99338	slmn1_abaa
0xADB16C95	slmn1_boaa
0xADE1A499	slugger_a_player_a_face
0xAD3B4B62	sm_prop_hanger_sm_03
0xADA01D64	sm_prop_smug_flask-42
0xAD716DCA	sm_prop_smug_havok-59
0xAD0CCE32	snapphasedlegs
0xAD2B08C8	sol_1_mcs_2-2
0xAD711418	sol_2_ext_concat
0xAD884BC1	sol_3_int-24
0xAD40CC2F	sol_dance_j_sol_face
0xAD90DB47	sol_idle_rt_b_headphones
0xADB2E992	sol_trans_lft_to_ctrnrw_a_wineglass
0xADA3B90C	sp_f_accs_15_7
0xADF7611A	sp_f_eyes_2_5
0xAD345225	sp_f_eyes_4_0
0xADCA8D0E	sp_f_feet_5_5
0xADC9A79D	sp_f_head_6_5
0xAD9E5AF5	sp_f_jbib_14_12
0xADF6703A	sp_f_lowr_0_6
0xAD5064DA	sp_f_teef_9_0
0xADCEA1D4	sp_m_eyes_2_9
0xAD81A0B6	sp_m_feet_15_6
0xADC5A849	sp_m_hair_15_0
0xADEF17BD	sp_m_lowr_0_3
0xADEDFEC0	sp_m_lowr_13_4
0xAD9D9272	special_ped@andy_moon@monologue_11@monologue_11a
0xAD968284	special_ped@bill@monologue_2@monologue_2b
0xADD2C95F	special_ped@jane@monologue_1@monologue_1d
0xAD22324B	special_ped@tonya@monologue_6@
0xAD0B9C8F	special_ped@zombie@trevor_1@trevor_1f
0xADBB16C4	spinningwheel_high_effort_15_wheel
0xAD413602	sport_bike_rear_idle
0xAD0B7FC8	sprint_cam
0xAD27A5E4	squaddie-16
0xADBD3F8B	sr_prop_stunt_tube_crn2_05a
0xADA5902A	stagd_daak
0xAD70B04F	stagd_egaa
0xADFA269D	stage_03_anim_03
0xAD118C66	stand_female_a_base
0xADF5EBCB	stand_idle_04_jimmy_facial
0xAD74F045	staying
0xADCC786F	stealth_kill_indicate_far
0xAD60EBFC	step_long_180_face_180
0xADDC8732	still_bike
0xAD8C4C69	stt_prop_track_straight_bar_s
0xAD304299	success_react_exit_var01_h4_prop_h4_card_hack_01a
0xAD2BE3E3	sum23_cm6_ext_p1_t00-0
0xADEC9DFD	surfer2-3
0xAD6E7784	swimming@first_person
0xADEAB8AC	switch@michael@lounge_chairs
0xAD6FC7C5	t1m1_ewaa
0xAD39ABE7	t1m1_gjaa
0xAD6FD7E5	talk_phone_exit_a
0xADF9904D	task_follow_waypoint_recording
0xADD587FF	temp_07
0xADAD6BF4	terrain_cb_4lyr_cm_tnt
0xAD52DFF5	terrain_cb_4lyr_cm_tnt.sps
0xAD8D9790	titleids.
0xADF97468	tooltip
0xAD06285D	tou_dance_j_cc
0xADAAFE05	tou_idle_mid_e_mm
0xAD1008D0	tou_trans_pc_ctr_to_pc_a_mm
0xAD7653B8	towtruck-9
0xAD81496A	trans_08_player
0xAD04C984	trv5_cwaa
0xADCD5632	trv_1_mcs_1_p1-8
0xAD25807C	trv_dri_mcs_concat
0xAD9C09B2	tun_meet_int-8
0xADFB5117	turret_5mod
0xAD9C1F5C	turret_b2mod
0xAD81328F	txm8_bbaa
0xADCADFB2	tyre_burst
0xADB3F996	u_m_y_cyclist_01_dual-1
0xAD33247B	u_m_y_cyclist_01_p
0xADA83CE5	u_m_y_dancerave_01_p
0xAD6BE224	u_m_y_smugmech_01_dual-75
0xAD71751A	v_24_bdrm_mesh_bookcasestuff
0xAD81A081	v_28_lab_pool
0xADE602EC	v_34_chknrack
0xAD2AEC90	v_44_g_fron_refl
0xADE513DD	v_55_rollerdoor-7
0xAD4EC387	v_74_atr_hall_d_ns001
0xADB5EEE9	v_74_hobar_debris008
0xADAD7F79	v_74_it2_ceiling_smoke_10_skin
0xAD08C6DF	v_ilev_bank4door02-3
0xAD081B8F	v_ilev_fib_door1_s-2
0xAD20FCC7	v_ilev_fos_mic-12
0xADA9CE98	v_ilev_mm_fridge_l-13
0xADC5AC53	v_ilev_mm_fridge_l-44
0xAD9DFA10	v_ind_cf_meatbox-0
0xAD66BE18	v_ind_ss_chair2-21
0xAD3CF0FA	v_res_mconsolemove
0xAD018131	v_res_tre_stool_leather-27
0xADBDBD94	v_ret_gc_lamp
0xADEC269E	vagos_boss_keyboard_base
0xADC78B61	veh@plane@mammatus@front@ds@base
0xADC094A5	veh@std@rds@jimmy_sit
0xADE6A031	veh_vent_heli
0xAD71F489	veh_xm_thruster_afterburner-6
0xAD15F068	vehfx_info_wet_end
0xAD8320DB	vehicles_lowrider
0xADA1AC43	vehicles_pfister_race_interior
0xAD647B87	veui_cam_frlow
0xAD528ED6	vfx_rnd_wave_03
0xADF28A19	violentos
0xAD554541	vw_prop_vw_3card_01a
0xAD7BEADF	vw_prop_vw_casino_door_01a-0
0xAD389B0D	vw_prop_vw_offchair_03-21
0xAD07975B	vw_prop_vw_offchair_03-37
0xAD5DDB67	vw_prop_vw_wallart_30a
0xAD5395D4	vw_prop_vw_wallart_58a
0xAD55C917	w_ar_assaultrifle_mag1-64
0xAD7B74C3	w_ar_bullpuprifleh4_mag1-30
0xAD9EBDF9	w_at_ar_barrel_1
0xAD1ABE74	w_at_scope_max-14
0xADF65317	w_at_sr_supp_2
0xADABFF28	w_fire_high
0xADB7A2DD	w_lr_rpg-28
0xAD65A136	w_pi_pistolmk2-4
0xADA26666	w_pi_pistolmk2_slide_camo1
0xADEE6A7F	wake_var_01
0xAD3A1294	walk_in_aim_loop_scientista
0xADC63022	walk_in_bank_intro_gunman_strap
0xAD62A300	want
0xAD556422	waterboard_idle_player
0xADF126C3	wcd_var_ar
0xADAA975A	weap_xm_shotgun_rounds
0xAD8BCD1E	weapon_test_02_w_ar_assaultriflemk2
0xAD7AB297	weapons@first_person@aim_idle@p_m_zero@projectile@misc@sticky_bomb@aim_trans@idle_to_lt
0xAD5C9421	wheel_rm1
0xADB6F9E1	win_a_ped_a_face
0xAD5B8D05	wobble_add_winb_ped_a
0xAD394BDC	world_human_musician_bongos_lo_res_base
0xAD9D46C4	world_human_push_ups
0xADBCC697	world_vehicle_attractor
0xADC53157	x@z
0xADBCB84E	xm25_avi6_rescue_mcs1c-13
0xAD3FB4ED	xm25_mansion_inta-27
0xAD7DD277	xm25_mansion_intc-16
0xADFD52D2	xm3_dlc_int_03_xm3_intwaremed_room
0xADB71D02	xm3_drg2_cook_mcs1-19
0xAD566D0F	xm3_mpchristmas3_additions_slats05
0xAD50E41E	xm3_prop_xm3_bag_coke_01a-73
0xADDC2AB8	xm3_prop_xm3_coke_spoon_01a-68
0xADE4C24F	xm3_prop_xm3_glasses_ron_01a-70
0xADF91719	xm3_prop_xm3_pill_01a-72
0xAD0D45F8	xm3_prop_xm3_vape_01a-18
0xAD027A63	xm_prop_base_slide_door-13
0xADB0C53F	xm_prop_x17_b_glasses_01-12
0xAD8EE0EB	xm_prop_x17_corp_offchair-12
0xAD953288	xm_prop_x17_laptop_agent14_01-24
0xADA0F924	xs_combined2_dyst_build_02a_09
0xAD6499D7	xs_prop_ar_gate_01a_sf
0xAD00832D	xs_prop_arena_champ_closed-24
0xADB765ED	xs_prop_arena_oil_jack_01a_l1
0xAD14A264	xs_prop_arena_turret_01a_sf
0xAD76ED3C	xs_prop_trinket_bag_01a
0xAD5BC850	xs_propint2_stand_thin_01
0xADA98C3C	xs_wasteland_pitstop
0xADD6754F	yfse/h
0xADB5A39E	you_ever_get_helicopters_trevor
