0xAE6B6FEA	0.000000
0xAE47A0B1	001443_01_trvs_28_exit_man
0xAE05E059	001523_01_mics3_9_lounge_chairs_exit_ama
0xAE5AEA9B	344_deathbike3_modkit
0xAE2F767E	467_sultan3_modkit
0xAE709BA7	8n
0xAE004E30	@7z
0xAED7E906	_morning
0xAE5946A3	a_c_chop_02_dual-8
0xAE5BDF6E	a_f_m_bevhills_02-1
0xAE39ECA6	a_f_y_bevhills_01-28
0xAEEBE8CA	a_f_y_bevhills_01-41
0xAE86FDB4	a_f_y_business_03
0xAEA1DC2A	a_f_y_fitness_02_dual-8
0xAE85655A	a_f_y_hipster_02-2
0xAED739BE	a_f_y_tourist_01-21
0xAE3CFC05	a_m_m_beach_02_white_mini_01
0xAE500042	a_m_m_genfat_01_dual-19
0xAE73ED55	a_m_o_genstreet_01_dual-12
0xAEA39902	a_m_o_salton_01_white_mini_01
0xAE09E92F	a_m_o_soucent_02_p
0xAEDB6C58	a_m_y_busicas_01_dual-42
0xAE353C51	a_m_y_busicas_01_white_mini_01
0xAEB714E3	a_m_y_carclub_01_dual-22
0xAE8EA529	a_m_y_runner_01-6
0xAE177547	a_m_y_soucent_02_dual-15
0xAE7BDBF7	a_m_y_stbla_01_dual-34
0xAE83A300	ac14_mph_pac_mid_p1_cyan_lamp001-2
0xAEB6C93A	ac2_fspot_fos_ep1_p1_00-10
0xAE31E486	ac3_fspot_fos_ep1_p1_01-10
0xAE074269	ac3_ped_ah_3b_int_p1_028-4
0xAE6B09A5	ac4_mph_pri_mid_p3_t04_white_wall_001-0
0xAEA9C9A5	accru
0xAEE9A1C6	action_01_camera
0xAE221232	action_avi4_cam
0xAEC32382	action_ch_prop_ch_sec_cabinet_01ghi
0xAE506EE3	action_player_1
0xAE314CF9	adam_away_dance_g_10
0xAEDC71C7	adam_away_idle_l_18_facial
0xAEE11052	adam_away_idle_m_15_v2_hp
0xAEB5A114	adam_away_idle_m_15_v2_tumbler
0xAE7EB4C7	adam_away_idle_n_05_tumbler
0xAED3245E	adam_bch_unq_end_a1_87_tumbler
0xAE57F37B	adam_mix_idle_g_01_facial
0xAE296AAA	adam_unq_shots_g_27
0xAE02A3F9	adam_unq_sync2_b_16
0xAE30B671	adam_unq_sync3_h_49_v2_bottle
0xAE43AE17	adjusting
0xAEC04732	afterburner
0xAE5E21BC	agent
0xAE91F953	agitated_loop_c
0xAE52D29B	ah3b_glaa
0xAEE24525	ah3b_kaaa
0xAEB14081	ah3b_psaa
0xAE54DC2D	ah3b_teaa
0xAE8AEF9B	ahf_agaa
0xAE935707	allez-y.
0xAE956FE0	allowinjuredthighreach
0xAE057093	amb@prop_human_seat_computer@male@idle_b
0xAED8B57B	amb@world_human_seat_wall@male@hands_by_sides@react_aggro
0xAE2EA48C	ammo_enemy_laser
0xAE937323	anim@amb@casino@brawl@reacts@hr_roulette@bg_roulette_breakout_t05_s02_s04
0xAEC9A892	anim@amb@casino@hangout@ped_male@stand@02b@idles
0xAEB96325	anim@amb@code_human_in_car_idles@arm@generic@ds@idle_b
0xAE8D0BD8	anim@gangops@morgue@office@laptop@
0xAE52DE2D	anim@heists@humane_labs@finale@heli_react
0xAEB7C26B	anim@mp_player_intselfiewank
0xAE76657F	anim@scripted@island@special_peds@pavel@hs4_pavel_ig5_caviar_p1
0xAEA4DF02	anim@veh@low@vigilante@front_ps@enter_exit
0xAEC33068	anim@veh@small_trailer@rps@enter_exit
0xAEC2F3FC	anim@veh@submersible@avisa@ps@enter_exit
0xAE1D16F5	anim_ac61_fos_ep1_p6_00-19
0xAE778333	anim_ac72_fos_ep1_p6_02-6
0xAE7E4C92	anim_ac73_fos_ep1_p6_00-17
0xAE57E96E	anim_ac73_fos_ep1_p6_02-3
0xAEA533AD	anim_ac83_fos_ep1_p6_01-24
0xAECB75F0	anim_casino_a@amb@casino@games@spectate@slots@ped_male@stand@01a@idles
0xAE26193D	anim_casino_b@amb@casino@games@blackjack@ped_female@no_heels@heavy_set@engaged@01a@play@v02
0xAEBB6A4B	anim_casino_b@amb@casino@games@blackjack@ped_female@no_heels@regular@02a@play@v01
0xAE71C78D	anim_casino_b@amb@casino@games@roulette@ped_male@seat_2@regular@02a@reacts@v01
0xAE8E2CA8	anim_casino_b@amb@casino@games@roulette@ped_male@seat_3@regular@03a@trans
0xAE8558A7	anim_corona_oat_fos_ep1_p6_11-9
0xAE6F905A	anim_heist@hs3f@ig10_lockbox_drill@pattern_03@lockbox_04@male@
0xAE00F150	anim_oat_fos_ep1_p6_046-24
0xAE443BE6	anim_oat_fos_ep1_p6_048-32
0xAE37F75B	anim_oat_fos_ep1_p6_054-9
0xAEFE5127	anim_oat_fos_ep1_p6_17-10
0xAED7EFAB	anim_oat_fos_ep1_p6_21-35
0xAE85777B	anim_oat_fos_ep1_p6_25-12
0xAE971D7D	anim_oat_fos_ep1_p6_29-27
0xAE9BC363	anim_oat_fos_ep1_p6_30-18
0xAE4B7CDF	anim_oat_fos_ep1_p6_31-1
0xAE99AEA4	anim_oat_fos_ep1_p6_31-20
0xAECAA990	animl_aaav
0xAE5E4E24	animl_adaf
0xAE78BE43	animl_ajap
0xAE26F483	animl_anai
0xAE1E11E9	animl_chas
0xAE48C666	animl_geap
0xAE2CD573	answer
0xAEC67320	apa_mp_apa_y2_l1b
0xAEC8F4C8	apa_mp_apa_yacht_option3_colc
0xAE1BE671	apa_mp_h_acc_dec_sculpt_01
0xAE169CD3	apa_nar_mid-13
0xAE493FD0	apt_countdown_30s
0xAEF628C0	apt_exit_right_ped_b
0xAE07D09D	ar2_cuaf2
0xAE62CF7B	ar2_ftaa
0xAED2CADC	ar_arena_construction_welding
0xAEE6FEE6	ar_birds_seagulls_day
0xAE7FE824	ar_dlc_ie_warehouse_special_garage_drips_02
0xAE824005	ar_sawmill_shift_start
0xAE59828F	arena_int2
0xAE51C3A5	arm1_cjaa
0xAE53DC49	armourbar
0xAE8BA6F2	arms_ewaf
0xAE9E3543	arms_jiab
0xAE6D6F69	au
0xAEE10663	autoraduno
0xAE5F1195	az_big_zones_alamo_sea_02
0xAE4D7D87	az_ch_dlc_arcade_entrance_area
0xAE06C399	az_country_grapeseed_ranch_02
0xAEEB926B	az_dlc_xm_int_facility_server_group_west_01
0xAEA39551	az_music_southcentral_12
0xAE4F154E	azeed
0xAE276CC4	ba_case7_madonna
0xAE71AC05	ba_prop_battle_champ_open_03-49
0xAE80BE62	ba_prop_battle_sniffing_pipe-55
0xAEF787E4	ba_prop_door_club_trad_generic-11
0xAE3FC65E	ba_prop_int_edgy_stool-36
0xAE07A42F	bagger-21
0xAED57893	ballas
0xAE6DA845	bary1_azaa
0xAE59E5FB	base_tablet
0xAE8B8693	battle_draw_0
0xAE407B34	bb1_baao
0xAED52F2C	bb2_aaaa
0xAEDE83A1	bb2_akaj
0xAE4A80D1	bb2_asaa
0xAE9FE22A	bb4_aiac
0xAE0F5E6B	bcbgq
0xAEFB620A	bet_plus_facial
0xAE5F1D85	better...
0xAE73C0E6	bfinjection-0
0xAE2D2912	bkr_biker_dlc_int_ware02
0xAEA46E2D	bkr_prop_fakeid_pen_01a-39
0xAE49E90A	booty_bdaa
0xAE5E1970	bs2b_deac
0xAEAD2154	bs2b_kaaa
0xAEA89E0F	bul_tarmac_heli
0xAE60714F	bullpup-gewehr
0xAE3457D0	busto_bdad
0xAE0B5B13	busto_bfab
0xAEAAA6B4	buzzard-kampfheli
0xAED9D9EE	call_to_franklin_inside_firetruck_michael
0xAE1FA46E	cards_bet_facial
0xAE52F80C	carmod_pbik2_intro
0xAE37F5ED	carrecs
0xAE94F213	cartuchos
0xAE0196D7	cbrad_cxac
0xAE5FACC8	cbrad_duab
0xAEC10B7B	cbrad_dvab
0xAEA63EE1	ch1_05_vinegrapes_03
0xAE826AE0	ch_p_ch_jimmy_necklace_2_s-48
0xAE4D455D	ch_prop_arcade_fortune_door_01a-6
0xAED0B25C	ch_prop_arcade_street_01b-48
0xAE6A6F11	ch_prop_ch_penthousedoor_01a-14
0xAE904D70	ch_prop_ch_trolly_01a-0
0xAE5F9BAA	ch_prop_whiteboard-24
0xAE30D528	chair_idle_05_franklin_facial
0xAEE91CE1	cham_b_player_a_face
0xAEBBFABA	cham_c_player_a
0xAE869839	checks.
0xAE98ABDB	chi2_aeab
0xAEC4FB45	chi_2_drive_rock_radio
0xAED64A63	chino2
0xAE681445	chute_brake_right
0xAEC4DA47	club_open_p1_t01_clip2_001-15
0xAE70DBCB	club_open_p1_t01_clip2_001-34
0xAEE372BF	combat@gestures@gang@pistol_1h@beckon
0xAE9FA122	common:/data/ai/scenariotriggers
0xAE61AFD4	compacta
0xAE4055B7	component_bullpuprifle_mk2_camo
0xAEC8C54F	corona_fos_ep1_p1_04-9
0xAEF06789	corona_fos_ep1_p1_08-22
0xAEEDCB23	corona_oatfos_ep_1_p1_017-16
0xAE3FCB0B	corona_oatfos_ep_1_p1_017-26
0xAE945C08	corona_oatfos_ep_1_p1_026-6
0xAE8668D8	cover@idles@ai@unarmed@high@_b
0xAE629479	cover@weapon@reloads@rifle@pump_sawnoff
0xAE51999F	crawl
0xAED60C17	cs2_lod2_slod3_11
0xAE533FCB	cs_barry_dual-12
0xAEFFA7ED	cs_jimmydisanto_p
0xAE395BD3	cs_lazlow_2_dual-47
0xAE431AF6	cs_lazlow_2_dual-89
0xAEFAF40B	cs_lifeinvad_01_dual-7
0xAEFA61CE	csb_agent14_02_dual-51
0xAE23E7F9	csb_agent14_02_dual-69
0xAE12D585	csb_ary_dual-12
0xAE1E6572	csb_avery_dual-25
0xAE800C12	csb_brucie2_dual-30
0xAE575B9E	csb_callgirl_01_dual-80
0xAE5BE23A	csb_chef2
0xAEE44D00	csb_englishdave_dual-47
0xAE978000	csb_fos_rep_dual-9
0xAEEF7EC5	csb_isldj_00_dual-31
0xAE447C91	csb_jamalamir_dual-83
0xAE6A8F2B	csb_jio_02_dual-0
0xAE66C7DA	csb_johnny_guns_dual-42
0xAE4A6AE0	csb_luchadora_dual-69
0xAE774971	csb_maude_02_dual-51
0xAEDE3D8E	csb_mjo_dual-26
0xAE2453D0	csb_sessanta_dual-31
0xAEA20980	csb_sol_dual-59
0xAEEA76B5	csb_stripper_01
0xAE49B976	csb_yusufamir_dual-1
0xAEB81004	csfl
0xAED97976	cst2_aeaf
0xAE4B55BD	cst2_brac
0xAE537DA2	cst2_itaa
0xAE2589F2	cst2_jfaa
0xAE995F87	cst7_dpac
0xAE3BCEA6	curse
0xAE40E621	cut_prologue
0xAE11FB17	cut_sec_veh_exhaust_car-9
0xAE0C811D	cut_sec_weed_van_smoke_haze-12
0xAE4DFB04	cut_sec_weed_van_smoke_haze-33
0xAE684657	cut_tn_swat_van_skid_smoke-45
0xAEEECAF0	cut_xm3_plane_disturb_dust-5
0xAEAFAFAE	cutre.
0xAE9B3FA4	d_ac11_ep_5_rcm_014-5
0xAEC67A20	d_ac18_trvram_4_00-1
0xAE9E464F	d_ac3_pap_4_rcm_00-2
0xAE578C50	d_ragelight11_dixn_intro_p1_001-4
0xAEC79D0F	dds
0xAE12C99C	deathbike3
0xAE556D0E	decal_amb_only
0xAE0011F7	deck_deal_p01
0xAE9D721C	desk_seated_camera
0xAE418649	desk_seated_throw_franklin_facial
0xAE0FB3E2	dh1_fqah
0xAE4899C3	dh2a_dfaa
0xAEB1229F	dhf_ahaa
0xAE668C26	did_you_see_a_player_a
0xAEFD9E14	dilettante-28
0xAE6BCBC6	diversificar
0xAE626FA6	dixn_intro-9
0xAEEC1BA7	dlc_heist_series_a_bikers_trailerpark_scene
0xAE48CA6C	dlc_mp_apa_m_feet_5_2
0xAE24D26E	dlc_mp_ar_f_feet_0_1
0xAE139A2C	dlc_mp_ar_f_legs_0_3
0xAE4FEAB9	dlc_mp_ar_f_legs_1_1
0xAED22B16	dlc_mp_ar_m_jbib_3_10
0xAE36755E	dlc_mp_arena_f_berd_8_10
0xAE8F29AD	dlc_mp_arena_f_phead_2_1
0xAE7EADEA	dlc_mp_arena_m_berd_4_5
0xAE73F320	dlc_mp_arena_m_feet_6_16
0xAE33758E	dlc_mp_arena_m_hand_0_1
0xAE16B635	dlc_mp_arena_m_hand_10_0
0xAEA83327	dlc_mp_arena_m_legs_8_6
0xAEF63B8C	dlc_mp_bh_f_jbib_10_7
0xAE7400F5	dlc_mp_bh_f_jbib_11_16
0xAE0DD3B2	dlc_mp_bh_f_jbib_5_15
0xAE18A4D2	dlc_mp_bh_m_jbib_16_2
0xAE512751	dlc_mp_bh_m_jbib_5_7
0xAE4312D4	dlc_mp_biker_f_feet_4_2
0xAEC4C4F0	dlc_mp_biker_f_phead_0_3
0xAECD6590	dlc_mp_biker_f_phead_9_8
0xAEC87C2F	dlc_mp_biker_m_phead_9_0
0xAEC50F52	dlc_mp_biker_m_torso_5_1
0xAE4C298E	dlc_mp_busi_m_accs1_1
0xAE197761	dlc_mp_busi_m_accs1_12
0xAE6891EE	dlc_mp_busi_m_accs2_1
0xAE6CA148	dlc_mp_busi_m_feet0_4
0xAE08B16F	dlc_mp_exec_f_legs_0_5
0xAE5DD804	dlc_mp_fixer_m_phead_6_4
0xAEC0092C	dlc_mp_gr_f_berd_4_10
0xAEDC3ED0	dlc_mp_gr_f_feet_4_0
0xAEFC4B44	dlc_mp_gr_f_jbib_26_0
0xAED0C8A9	dlc_mp_gr_f_jbib_9_1
0xAEC2D29A	dlc_mp_gr_f_phead_2_19
0xAE726EF6	dlc_mp_gr_f_special_6_14
0xAEFD5CA5	dlc_mp_gr_f_special_9_23
0xAE3D4273	dlc_mp_gr_f_special_9_4
0xAE009A00	dlc_mp_gr_f_torso_13_3
0xAEB8A1E8	dlc_mp_gr_f_torso_33_10
0xAE082CE0	dlc_mp_gr_f_torso_8_8
0xAE919B4C	dlc_mp_gr_m_jbib_15_24
0xAE1FA240	dlc_mp_gr_m_legs_2_19
0xAE8E5D00	dlc_mp_gr_m_legs_4_1
0xAEDF4CEB	dlc_mp_gr_m_phead_6_0
0xAEFA0019	dlc_mp_gr_m_torso_12_6
0xAEFA4D6A	dlc_mp_gr_m_torso_14_15
0xAEF6D618	dlc_mp_gr_m_torso_25_3
0xAE50D0D3	dlc_mp_h3_f_berd_9_2
0xAE77B75B	dlc_mp_h3_f_legs_5_2
0xAE1F0C11	dlc_mp_h3_f_phead_9_3
0xAEC53106	dlc_mp_h3_f_special_9_17
0xAEFB7BAB	dlc_mp_h3_m_hand_2_23
0xAEE4A30B	dlc_mp_h3_m_jbib_9_18
0xAE8C8E39	dlc_mp_h3_m_phead_5_25
0xAE577781	dlc_mp_h4_f_hand_2_1
0xAEAC2F68	dlc_mp_h4_f_peyes_0_0
0xAE969625	dlc_mp_h4_f_special_2_15
0xAEF40EE4	dlc_mp_h4_m_special_0_9
0xAE122D0A	dlc_mp_h4_m_teeth_13_4
0xAE35E1E3	dlc_mp_heist_f_berd_23_3
0xAE3CB4CB	dlc_mp_heist_m_legs_2_0
0xAE137430	dlc_mp_hips_f_glasses_0_5
0xAE9AF774	dlc_mp_hips_m_jbib10_0
0xAE722FB0	dlc_mp_ie_f_jbib_20_7
0xAE40C39F	dlc_mp_ie_f_jbib_2_7
0xAEA83FD4	dlc_mp_ie_f_jbib_7_25
0xAEC81514	dlc_mp_ie_f_special_10_7
0xAE7BE939	dlc_mp_ie_f_special_1_6
0xAEB92902	dlc_mp_ie_f_torso_9_1
0xAE37601F	dlc_mp_ind_f_phead_6_1
0xAEB882E4	dlc_mp_jan_f_legs_0_8
0xAE977DE3	dlc_mp_jan_f_phead_3_2
0xAE4E81B8	dlc_mp_jan_m_phead_1_3
0xAE99B479	dlc_mp_low2_f_hair2_0
0xAE9088B2	dlc_mp_low2_m_jbib_1_10
0xAE9ADDFA	dlc_mp_low_f_phead_0_12
0xAE7C0DBD	dlc_mp_low_m_hair3_0
0xAE4EE0AA	dlc_mp_low_m_jbib_2_8
0xAEADC3C1	dlc_mp_lts_f_berd_0_4
0xAED60F20	dlc_mp_lts_m_hand_5_8
0xAE7CC2FA	dlc_mp_lts_m_legs_0_0
0xAEEA111E	dlc_mp_luxe2_m_teeth_5_1
0xAEDA2BC3	dlc_mp_luxe_f_special_0_7
0xAE13557B	dlc_mp_luxe_m_teeth_31_3
0xAED207EC	dlc_mp_pilot_f_hand_2_24
0xAEEA1D6C	dlc_mp_smug_f_berd_8_1
0xAE6F75BF	dlc_mp_smug_m_berd_7_4
0xAE2F276E	dlc_mp_smug_m_special2_1_0
0xAE537C0C	dlc_mp_stunt_f_jbib_5_13
0xAEEC5BDE	dlc_mp_stunt_f_jbib_5_4
0xAE4CD258	dlc_mp_stunt_f_jbib_6_9
0xAEC9BF1B	dlc_mp_stunt_f_legs_0_6
0xAE8BEA4C	dlc_mp_stunt_m_phead_15_10
0xAEAE36F5	dlc_mp_stunt_m_torso_0_9
0xAE47060F	dlc_mp_sum2_f_jbib_0_0
0xAEDC5709	dlc_mp_sum2_f_jbib_11_11
0xAE7BA9B2	dlc_mp_sum2_f_peyes_1_3
0xAEBACD8D	dlc_mp_sum_m_jbib_16_15
0xAE394184	dlc_mp_sum_m_jbib_9_7
0xAE382134	dlc_mp_sum_m_special_0_9
0xAEC0360F	dlc_mp_tuner_f_hand_6_1
0xAE4CD346	dlc_mp_tuner_f_jbib_16_10
0xAE8B6A86	dlc_mp_tuner_f_phead_2_0
0xAEFE7A24	dlc_mp_tuner_f_special_1_2
0xAEB0F230	dlc_mp_tuner_m_legs_2_0
0xAED38B87	dlc_mp_vwd_f_jbib_14_12
0xAECA07E2	dlc_mp_vwd_f_jbib_6_12
0xAE3769E7	dlc_mp_vwd_f_legs_3_1
0xAE91268B	dlc_mp_vwd_m_jbib_2_1
0xAE5A3DDA	dlc_mp_vwd_m_pears_0_0
0xAEA9433F	dlc_mp_vwd_m_phead_0_19
0xAEA277FB	dlc_mp_vwd_m_teeth_0_1
0xAEC88354	dlc_mp_x17_f_phead_5_5
0xAE029870	dlc_mp_x17_m_berd_8_4
0xAE00F569	dlc_mp_x17_m_feet_2_20
0xAE700B87	dlc_mp_x17_m_feet_5_6
0xAE3B3AA8	dlc_mp_x17_m_phead_3_2
0xAE8A4393	dlc_mp_x22_f_decl_7_0
0xAE741385	dlc_mp_x22_f_feet_1_2
0xAE6130D8	dlc_mp_x22_f_feet_6_15
0xAEC02FC7	dlc_mp_x22_f_phead_10_2
0xAE4230A6	dlc_mp_x22_m_feet_14_1
0xAE94ECB7	dlc_mp_x22_m_feet_3_15
0xAE5B8FED	dlc_mp_x22_m_pleft_wrist_0_1
0xAEBBD686	dlc_mp_x22_m_torso_2_1
0xAEC1E453	dlc_mp_xmas2_f_teeth_0_0
0xAEC45AD1	dlc_mp_xmas3_m_legs_1_4
0xAE846058	do_you_want_to_be_happy_6
0xAE0A3D4F	dominator5
0xAE3F24A5	dont_touch_sp_carol
0xAEDB2753	drf_mic_1_cs_1-15
0xAEEC2BF8	drf_mic_1_cs_1-61
0xAE5CF2D6	drf_mic_1_cs_2-68
0xAE7BC53B	drf_mic_3_cs_1-18
0xAE1F778A	drf_mic_3_cs_1-69
0xAEC9BA06	drill_left_end_idle_door
0xAE1E57A6	edit
0xAE511142	eject_shotgun_ap_fp
0xAE33BBC4	ejector_scream
0xAE3336A6	ent_amb_insect_swarm
0xAE096F40	enter_fl_v1_cam_left
0xAED3CE8C	enter_l_door
0xAE25E148	enter_lf_v1_franklin_facial
0xAE867380	enter_var01_valet_male_facial
0xAE3CE8CD	entintado
0xAE084E8A	eps4_alaa
0xAE626EC0	essayez
0xAEEF7F93	event_death
0xAE0EE92F	everythings_cool_facial
0xAEE2AC71	ex_mp_h_acc_scent_sticks_01
0xAE757F91	ex_mp_h_lit_lightpendant_01
0xAEBDF739	ex_prop_offchair_exec_03-21
0xAE2BAC7C	ex_prop_trailer_monitor_01
0xAE085F2E	exil_acac
0xAE31095C	exit_c
0xAE69E19C	exit_right_face
0xAE408B68	explosion_crew1
0xAEEE8762	ext3_arac
0xAEE5750D	extra
0xAEA872F0	extratime
0xAE0381F9	facial_l_temple
0xAEB04CDE	facial_r_tongueb
0xAEFC65F7	fam1_fwae
0xAE154D94	fam2_aiab
0xAECB6202	fam3_bhaf
0xAE50D84A	fam3_eqah
0xAE15CE53	fam6_btam
0xAE7F3B38	fam6_caae
0xAEDD5DE5	fam_5_mcs_6_p3_b
0xAE00BBDD	famt_braa
0xAE30DC5B	fashion
0xAE08F5A8	fast_pedal_right_downhill_char
0xAEBF04CD	fb_l_brow_out_005
0xAE8A288F	fbi1_coad
0xAE32FAE2	fbi3b_ahai
0xAEBD196C	fbi5a_oaaa
0xAE21D57B	fbi_01_dmw_garbage_land
0xAEDE9F95	fbi_2_int-1
0xAE8E394A	fbi_5a_mcs_1-2
0xAE13D4C2	fbi_heist_elevator_shaft_debris_sounds
0xAE64468A	fbis4_bjaa
0xAE5E8014	fbis4_jcab
0xAE10EEEF	fcma_dfac
0xAE163DEC	fcmf_cqag
0xAED75571	fcmf_crac
0xAE04CCB7	fcmf_ctal
0xAE384567	fcmft_cnah
0xAE833AAD	fcmft_crag
0xAEA6D47F	fcmt_dpaf
0xAEB4D6CF	fctj_agad
0xAE92CE9C	fctj_aiab
0xAEEEA14D	fctl_ddaf
0xAE989322	female_a_trans_d
0xAE53304E	female_cards_collect_p04_facial
0xAE7AAAB7	female_dealer_reaction_good_var01
0xAE90E9AD	female_hit_card_player_01_facial
0xAE496DC0	female_idle_var_08_facial
0xAEEFE14F	female_pos_a_p1_weed_exit_normal_weed
0xAEE418D0	female_pos_b1_p1_enter_lamar_strain
0xAE28CF0B	female_pos_b_p1_idle_03_lamar_strain
0xAEBF8179	female_pos_b_p1_weed_smoke_01_lighter
0xAE1D5BDF	female_pos_c_p2_idle_03
0xAEF884A7	fh3a_cyaa
0xAEFECD81	fhf_ckab
0xAED27B49	fill_ac16_mph_tut_mid_p1_002-0
0xAE3945EB	fill_ac4_mph_pri_mid_p3_t04_003-3
0xAEC6D8EB	fill_ac5_mph_nar_mid_p2_002-2
0xAEE78B42	fill_ac9_mph_hum_mid_p1_t07_002-3
0xAEB5CCB9	fin_c2_mcs_1-0
0xAECCB4D0	final_loop_sman
0xAE944384	fix_wrm_int-3
0xAE4A45AF	fkn1_lgaa
0xAEDB1A96	flag_prefer_enter_turret_after_driver
0xAE14A76C	flatline_intro_chair
0xAE5180AF	flee_backward_shopkeeper
0xAE6836FF	floyd_dh1_aeab_01_g2
0xAEA53F81	fly_off_to_oblivion
0xAE80CDEC	fmm_hpaa
0xAEB91A92	fmm_kkab
0xAED4A635	focus.
0xAE2C707E	forcedweathertype
0xAEEB6641	fos_ep_1_p6-9
0xAE06E916	four_cocktail_player_heeled_facial
0xAE0A9E36	fpmt_abaa
0xAE2313E1	fptj_bnaa
0xAE127B56	frlfb_aaag
0xAE22E548	frlfb_acae
0xAE22FA1C	frlfb_adaf
0xAE49A817	frlfb_bsaa
0xAED1387B	frlfd
0xAE5FA2CB	frlfd_acaf
0xAEFDF77E	frlfe_ckad
0xAEA6A2B8	furattencoef0
0xAE97C782	futo-6
0xAE3CCD6C	fxfr_pca_1_intro_phone
0xAE3516E1	g_m_y_ballaeast_01_dual-2
0xAEBE0D26	galigntocamrot
0xAE14E170	gallery_refmod
0xAE9BCE00	garbage_idle_bag
0xAE99BCE8	gas_station_explosion
0xAEC25AA4	gbtelnogoon_quit
0xAE8D1D8A	get_in_c
0xAE1497C0	getup_d_cam
0xAE45F71B	globalshaderquality
0xAE55ED4A	got
0xAE2E867A	gr_prop_gr_crates_sam_01a-1
0xAEEC8DA8	gr_prop_inttruck_light_co_b_bl
0xAECBE212	ground_box_1_tb_2
0xAE8B255B	gta_spec_reflect_decal
0xAE42183B	guard_beatup_rollidle_dockworker
0xAE45F29C	guardie
0xAEE1B82C	h4_prop_h4_gate_02a
0xAEA22928	h4_prop_h4_tool_box_01b
0xAEDED3BB	h4_prop_h4_wheel_nimbus_f-19
0xAE7F17E4	hacking_countdown_crack_pass
0xAE29F7F3	handlebars
0xAE0BB304	hang_int-74
0xAE03C708	hash_ae03c708_ioljnbe_collision
0xAE1C17D4	hash_ae1c17d4_bldttlc_collision
0xAE27624F	hash_ae27624f_aglleee_collision
0xAE379492	hash_ae379492_abboqan_collision
0xAE3B27D3	hash_ae3b27d3_cctuodx_collision
0xAE4B5A41	hash_ae4b5a41_wocxfgt_collision
0xAE535BBC	hash_ae535bbc_pipyusa_collision
0xAE63DE25	hash_ae63de25_acfgpyt_collision
0xAE717E81	hash_ae717e81_ufkbfre_collision
0xAE71F074	hash_ae71f074_eyhcczi_collision
0xAE896A87	hash_ae896a87_qfdzglb_collision
0xAE9EE76F	hash_ae9ee76f_mbiacch_collision
0xAEC30941	hash_aec30941_rysypoy_collision
0xAE96918C	heat_esaa
0xAEC8C2E4	hei_heist_tab_coffee_07
0xAE0F2F34	hei_prop_carrier_crate_01a_s
0xAE57D6DB	hei_prop_hei_pic_pb_break-43
0xAEC3EBA5	hei_prop_heist_trevor_case-32
0xAEB288C5	heist_spawn_02_ped_c
0xAEB0671C	heistcelebfailbw
0xAE2F7690	hey_how_you_doing2_2
0xAEEE3C7F	hi_loop_m05
0xAEDBFCBC	hs3_prp_celb-19
0xAED1A54C	hs4_isd_take_nimb2-2
0xAE634056	hs4_nimb_lsa_isd-27
0xAEC828ED	hs4f_ext-17
0xAEE41FC9	hs4f_main_ext-1
0xAEAA85C9	hud_colour_white
0xAEDA35D5	id1_11_tunnel1_int
0xAEC5C9C7	idle_06
0xAE31626A	idle_c_clipboard
0xAE72092E	idle_d_cigar
0xAE46F886	idle_facial
0xAEA1FBFB	idle_peda
0xAE9FA3AB	ig_7_arrow_one_draw_michael
0xAE217B58	ig_9_exit_scourer
0xAE74FD01	ig_acidlabcook_dual-10
0xAE5E52DC	ig_djsolmanager_dual-46
0xAEBC2033	ig_gustavo_02
0xAEC2915B	ig_jaywalker_dual-51
0xAECB3F7A	ihnen
0xAE911A53	impact_small_02_wade
0xAEB4B1DE	input_scripted_fly_ud
0xAEE13515	install_screen_cloud
0xAED18FE5	instruction
0xAEF2B56C	int_lev_des
0xAE901436	intros_rpg_d_facial
0xAE37E969	is_scenario_type_enabled
0xAE9345C5	jester4-9
0xAEAC2CC3	jet-2
0xAEBDA822	jet-22
0xAE6E52CE	jetstealtunnel
0xAEA09E84	jh_emah
0xAE94304A	jh_sbaa
0xAE9E9213	jhs1_alaf
0xAE36E897	jsh_2b_security_escape
0xAEBFC915	kaylee_base_kaylee
0xAE2BFE94	kuruma
0xAE8EE824	labeled
0xAEEFC443	lacking
0xAE7B6DCC	lam_ig_1_p4_stretch
0xAE0E7433	land_run_arms
0xAE6410FE	lapin
0xAE8F0845	ld_2g_approach_s2_face
0xAE7ED0E5	ld_2g_intro_s1_face
0xAE0E2ADA	leadout_heli
0xAE767E25	lean2multb
0xAEE3E669	lem1_gjaa
0xAEED38FC	lem2_dhab
0xAE2B579F	lem2_dual
0xAE0DE78D	les1a_dvaa
0xAEDA6EF3	letterspacing
0xAE340CB5	li_idle_d_m02
0xAE099AB5	li_loop_f01
0xAECB4068	licht.
0xAE84361B	lift_holdup_steve
0xAE8B3E3B	lineartexture1
0xAE9DD905	loc_dfaa
0xAE70183A	look_around_01_gr_prop_gr_carcreeper
0xAE3266A4	look_around_left_02_gr_prop_gr_vertmill_01a
0xAE5C0813	look_back_rs_a_m_y_vinewood_01
0xAE3CB435	look_left_v1_vw_prop_vw_valet_01a
0xAEA3FDD0	look_low_gr_prop_gr_drillcage_01a
0xAEEA5A9D	loot_crowbar
0xAE41339F	lowbar_dlg_1thing4certian_prop_npc_phone
0xAEB413D5	lowbar_turnovershoulder_r_prop_npc_phone
0xAE0A2433	lr_sc1_10_apt_03
0xAEF01947	lts_prop_lts_ramp_01
0xAE8AC8E5	m23_1_mp2023_01_g9ec_additions_weeds
0xAED1ED4C	m23_1_prop_m31_ghostjohnny_01a
0xAE47E642	m23_2_acp_collision_fixes_01
0xAE4D8214	m23_2_int1_m232_sec_screen_04
0xAEB68241	m23_2_int1_m232_stairs_railing
0xAE215089	m23_2_prop_m32_door_ls_logo_01a-50
0xAED68709	m24_1_mph_hang2_spwn_door_002
0xAE8FA5E7	m24_1_prop_m41_leaf_01a-13
0xAEE5E306	m24_1_prop_m41_plant_01a-29
0xAE8CFE36	m24_2_int_01_2_glass_blocks_01
0xAEA26752	m24_2_prop_m42_hacker_door_tall-58
0xAEE9FE99	m24_2_prop_m42_sewing_machine-14
0xAE3EB947	m25_1_int_tycoon_smoke_heli_room_main
0xAEF76624	m25_1_prop_m51_laptop_01b
0xAE0EC8D1	m25_2_int_01_lp_dining
0xAED6ABD3	m25_2_prop_m52_art_statue_01b
0xAE3CE20B	m25_2_prop_m52_door_front_door-29
0xAE0588E4	m25_2_prop_m52_man_shut_wind-5
0xAE247A14	m25_2_prop_m52_mansiontvscreendam2-8
0xAEBACC00	m25_2_prop_m52_trpy_mastermind
0xAEB99A99	m25_2_prop_m52_wallart_c_13
0xAEEB0719	m_exit_03_paleto_bay_ped_a
0xAE49975C	mainlightinfo.coronaintensity
0xAE1C9777	make_noise_a_2nd_face
0xAE5463F2	male_pos_a_p2_weed_smoke_02_lighter
0xAE02FA41	male_pos_b_p1_base
0xAE7BA157	male_shower_idle_b_door
0xAE8FF89F	maxangvelaroundfrontwardaxis
0xAE02B33F	maximaler
0xAE86055A	mch1_acac
0xAE19400D	mch1_bwaa
0xAEF41ACE	mftunregisterlocal
0xAEAA389D	mgtn_fiab
0xAE78060D	mh_l_panthem_root
0xAE0D4825	mh_r_scap
0xAE9DC1CE	mi_to_ti_m02
0xAE760F22	mic_4_int-195
0xAE58A9ED	mic_4_int-221
0xAE2D24D8	michaelappears_loop5_michael
0xAEA43767	min2_cmad
0xAE8F003B	misc.coronas.flarescreencenteroffsetverticalsizemult
0xAE3C4DCD	misssagrab
0xAE4AFDAD	mmb_3_rcm-9
0xAE332883	money_spent_vehicle_export
0xAE414749	moodm_vinyl_left_mb_25_facial
0xAE925973	move_m@gangster@var_c
0xAE079A71	mp_battle_clothing_021_m
0xAE2706BB	mp_bkr_ware02_standard
0xAE89B5A7	mp_bull_tost_blend
0xAE571F95	mp_christmas2017_tattoo_022_f
0xAEE30DFB	mp_christmas2018_tee_087_f
0xAEE2CBE4	mp_corona_idles@male_c@idle_a
0xAE95C64C	mp_gunrunning_tattoo_009_m
0xAEFF16DB	mp_heist4_tee_052_m
0xAEDB646D	mp_hntr_001_f
0xAE17B396	mp_m_assault
0xAECDDF4F	mp_m_freemode_01_dual-44
0xAED81CB0	mp_mp_biker_tat_039_f
0xAEBBE1E3	mp_mp_stunt_tat_047_m
0xAE87999E	mp_player_int_smoke_exit_fp
0xAEB5E513	mp_x17dlc_in_sub_no_reflection
0xAE811E60	mpcas3_ext
0xAE68B54F	mpcas3_mcs1-11
0xAE99F096	mpct_ksaa
0xAE8A3A46	mph_pri_int-12
0xAE7085B3	mpheist4_overlays
0xAEBC2614	mpsui_int-15
0xAED2ED21	mpsum_tee_031_f
0xAED20794	mutual_bad
0xAEC912CD	muz_smoking_barrel_rocket
0xAE0B3F33	n_30_nmt_1_rcm_pt2_00-0
0xAEC9993B	n_ac1_fin_c_ext_p3_01-14
0xAEF57BBA	n_ac1_fra_2_ext_p3_04-14
0xAE2B1DBA	n_ac1_hs4f_tun_ent_p2_t01_02-4
0xAEFF91B8	n_ac3_car_4_mcs_1_04-1
0xAED7AC35	n_ac3_lsdh_2a_int_p3b_a1_01-12
0xAE942F01	n_ac47_exl_3_ext_008-11
0xAEA2A722	n_ac6_sas_1_rcm_008-2
0xAEC4DF5A	n_ragelight12_dixn_intro_p1_003-6
0xAEC730DE	ng_f_hair_014
0xAE813C17	niestandardowy
0xAE8ACB66	nimbus-24
0xAE6C4BF9	nme_cue_idle_j_19_hp_neck
0xAEB29856	nme_unq_shots_g_27_t_bottle
0xAE0753F5	nondepthfxblendstate
0xAE21D168	norm
0xAE607FD6	number_stolen_trailers
0xAEF7E1CE	nw
0xAEBD5153	oat_fos_ep_1_p1_045-21
0xAE3CC7C9	oat_fos_ep_1_p1_045-9
0xAE5A2B11	okay
0xAE520760	onboom_twohand_hang_enter
0xAEAD36A7	onyacht_fight02intro_thug_facial
0xAE1B7775	operate_01_gr_prop_gr_part_lathe_01a
0xAEC9192D	organics
0xAE83DA4C	p3_ver2_amanda_facial
0xAE8FC5BA	p8_glance_watch_p_ld_heist_bag_s_1
0xAEA1A19C	p_cigar_pack_02_s-17
0xAE85B92B	p_cs_coke_line_s-1
0xAE51203D	p_cs_joint_01-1
0xAE57D1F2	p_cs_joint_01-36
0xAE3AFDFB	p_cs_sub_hook_01_s-16
0xAEFCF2A0	p_franklin_02_dual-2
0xAEFAE0F7	p_franklin_02_dual-71
0xAE52BF9F	p_gaffer_tape_s-14
0xAE4AE11D	p_ilev_p_easychair_s-3
0xAE8EECA0	p_omega_neck_02_s-8
0xAEC6F90D	p_shoalfish_s_idle_b
0xAE22DA0C	p_t_shirt_pile_s-16
0xAEB07918	p_winch_long_s
0xAEA21A5D	paleto_score_setup_sounds
0xAE28E23A	palos
0xAE4B87D5	pamela_ig_2_imterribledarling_4
0xAEF07A48	patchday10ng
0xAE5DC48E	patching
0xAE8BA56C	pbje_aaac
0xAE6B6541	pbjs_abac
0xAE62096A	pbpd_ahab
0xAE1A9767	pdws
0xAEA25130	ped_a_standing_exit_facial
0xAEBE2F89	pedal_l
0xAE5C0C54	permission
0xAEAD1109	pes.
0xAEF6EA31	petrol_pool_fire_start
0xAE4A11FB	plane.whitetaillight
0xAE82CFD2	plataforma
0xAEB34447	player_one_dual-11
0xAE1FBCA4	player_zero_dual-95
0xAE6949D5	playing
0xAEEB2F6B	point_right_micheal
0xAE560ADE	porco
0xAEB5F842	pose_a_trans_pose_e_headphones
0xAE0B3960	pose_b_long_trans_drink_down_blamadon
0xAEB04F84	pose_c_loop_small_headphones
0xAE0EFB24	pose_d_loop_small_tumbler_cs2_s
0xAE5BBA85	postal-fahrer
0xAEDFFBF0	postfx_grad_top_col_b
0xAE290523	postfxadaptivedofcustomplanesparams
0xAE1C0AD5	pour_multi
0xAE1F9676	prd_ig12_mix_p1
0xAE839062	prd_ig15_trans_2_hp
0xAE353A00	prop_anim_cash_pile_02-3
0xAEA85E48	prop_atm_03
0xAEB6C823	prop_beach_bag_01a
0xAE0FFAE6	prop_boombox_01-12
0xAEAF26A4	prop_cardbordbox_01a
0xAE35BA94	prop_chair_01b-26
0xAEF9A8E3	prop_champ_01b-34
0xAE28487A	prop_champ_01b-4
0xAEB63C4B	prop_container_ld2
0xAE8FE691	prop_cs_beer_bot_01-35
0xAE9FE551	prop_cs_beer_bot_01-41
0xAE5724C1	prop_cs_ciggy_01-6
0xAE41B77F	prop_cs_dog_lead_b_s-13
0xAE55D234	prop_cs_kitchen_cab_rd-29
0xAEB5EB51	prop_cs_mouse_01-36
0xAE575AF5	prop_dt1_13_groundlight
0xAE361B07	prop_elecbox_20
0xAE6808FC	prop_facgate_06_l
0xAEB74C05	prop_gold_trolly_full
0xAED8DEFC	prop_golf_tee-35
0xAE2611E9	prop_ing_camera_01-14
0xAE588C5F	prop_juice_dispenser
0xAE2198EA	prop_lrggate_01c_r-1
0xAEF842BF	prop_mem_candle_04
0xAEE86574	prop_mug_04-78
0xAEFC96F8	prop_npc_phone-4
0xAE0207CD	prop_off_chair_05-1
0xAE51197A	prop_paints_can01-35
0xAEC7E4D6	prop_phone_ing-7
0xAEA374F1	prop_phone_ing_03-36
0xAEC1F08D	prop_plastic_cup_02-67
0xAE1411A3	prop_radiomast01
0xAE70BFE4	prop_roofpipe_05
0xAE551D6D	prop_rope_hook_01-6
0xAE8D2FA8	prop_rub_carwreck_15
0xAE0EAD76	prop_rub_railwreck_3
0xAE3E9445	prop_sign_road_04y
0xAE674843	prop_sm_27_gate_02
0xAE817C55	prop_snow_trailer01
0xAE3EB1DD	prop_strip_door_01-4
0xAEA3F7EA	prop_syringe_01-24
0xAE0C88AB	prop_table_02_chr-10
0xAE96C66F	prop_target_inner_b
0xAE27A300	prop_target_oran_cross
0xAE187720	prop_tool_drill-31
0xAEFE8959	prop_tool_screwdvr01-30
0xAE0E9650	prop_trev_tv_01-20
0xAE54A696	prop_v_cam_01-17
0xAE02A5C2	prop_weed_block_01-14
0xAE221D01	prop_wheelchair_01_s-26
0xAE7ED7BC	prop_yacht_table_03
0xAEF93808	proposition_to_sex_p1_prostitute
0xAE684B64	prs_ccaa
0xAE837FD7	prs_juaa
0xAEDB864E	prs_lvaa
0xAE164669	prs_neab
0xAECC9022	ptrx_idle_c_mix_base_01_beer_can
0xAED91A0B	ptrx_idle_e_mix_base_10_dj_ptrax
0xAE096569	ptrx_idle_j_q_l_31_headphones_dj_ptrax_facial
0xAE3EE30D	pull_gun_drunk
0xAE336F0B	pull_tooth_ready_intro_player_facial
0xAE2E4B5C	radar_beast_blip
0xAEB03A8F	radio_08_mexican
0xAEB99D9D	rage::strstreamingmodule::getobjectanddependencie
0xAEFDEC20	ragehddreader
0xAED2B922	rampa_away_sync_b_22_hp_table
0xAE3AA22B	rampa_bch_unq_end_a1_87_s_glass_02
0xAE461A71	rampa_bch_unq_sync3_a_11
0xAEEF82BE	rampa_cue_idle_d_06_facial
0xAE546798	rampa_mix_idle_i_10_start_s_glass_01
0xAEE19A9E	rampa_trans_away_to_cuedance_a_04
0xAE0B4616	rampa_trans_cuedance_to_cuehpgrab_a_03_s_glass_01
0xAEB222CD	rampa_trans_cueddown_to_away_a_07_v2
0xAE5F6EE1	rampa_unq_shots_e_62_s_glass_03
0xAEDD862A	rampa_unq_sync3_g_60_v2_s_glass_01
0xAE1B3273	rayas.
0xAEEF8D98	rbh2a_gkaa
0xAE7DE487	rbh2a_keai
0xAE66044B	rbhcut3
0xAEDC4F7C	rcmme_amanda1_stand_loop_cop
0xAE2F80F9	reaction@wander@interested
0xAECCA637	reaction_deflated_var01_seat4_facial
0xAE87B688	reassigning
0xAEB801C5	recgf_araa
0xAE119F16	recra_ctaa
0xAE59DFE3	recre_acaf
0xAECD54C5	registerclass
0xAE171F69	reh_prop_reh_folder_01b-25
0xAEB332CF	rehh3_araa
0xAED1AA36	rehh5_beaa
0xAE181858	rehom_bwad
0xAE9B9F3D	request_guidance_dispatch
0xAE1E8E24	resna_diaa
0xAE94F41E	resolvedepthms
0xAE4D00E1	reveal_played_p04
0xAE3930D7	reverse
0xAEA0031C	rhf_agaa
0xAEE1536A	rhf_aiae
0xAE01B5CF	richtig
0xAEB69D39	right_come_here
0xAE14579F	rp
0xAE09C360	rs0ite6vhs
0xAE46616E	rumpo-9
0xAE04E7B6	rurs1_ejam
0xAE4B85D8	s24_hvtli_pvg
0xAE47E4B0	s_f_m_shop_high
0xAE272EC7	s_f_m_sweatshop_01_dual-14
0xAE818128	s_f_y_shop_mid_dual-16
0xAE56FAE4	s_m_m_bouncer_02_dual-7
0xAE913316	s_m_m_fiboffice_02_dual-18
0xAE5F5A4B	s_m_m_gaffer_01_dual-9
0xAE11A92B	s_m_m_paramedic_01_dual-35
0xAEB9F5CC	s_m_y_baywatch_01-46
0xAE59EC62	s_m_y_casino_01_dual-26
0xAECE6655	s_m_y_construct_01_dual-23
0xAEC36904	s_m_y_doorman_01_dual-7
0xAE8C35E4	s_m_y_xmech_01_dual-2
0xAE9C6965	sands
0xAE4BC612	sauriez
0xAE11860F	sc1_lod_slod4
0xAE71E70C	schafter3-14
0xAED2BD7C	schuss
0xAE7B9CB8	scr_bio_grille_break
0xAEAA2376	scr_man_avi_door_blast
0xAE592283	script_submarine
0xAE310355	seated_cell_phone_female_a_base
0xAE0F199E	seatedidle_trans_09_li_to_mi_h_laz_face
0xAE1BB0C3	setcharacterdamping
0xAE02991D	sf_prop_sf_bag_weed_open_01a-70
0xAE06CD02	sf_prop_sf_bowl_fruit_01a-29
0xAE834A11	sf_prop_sf_door_com_l_06a-22
0xAED449F9	sf_prop_sf_door_glass_01a-23
0xAEC5FC20	sf_prop_sf_drum_kit_01a-34
0xAE520EBE	sf_prop_sf_drum_stick_01a-16
0xAE57C51A	sf_prop_sf_filter_handle_01a-48
0xAE3B16FA	sf_prop_sf_golf_iron_01a-48
0xAE02E7AE	sf_prop_sf_s_mixer_01a-20
0xAE52E57E	sf_prop_sf_s_mixer_01a-49
0xAEE7DEE0	sf_prop_sf_s_mixer_02b-4
0xAEAE18B3	shadowstrength
0xAED7E2D1	sheriff2-7
0xAE576B17	ship
0xAE4A02E7	shit_where_was_it_v1_male
0xAE505001	siren17
0xAE00171F	sit_base_jimmy
0xAE84DD36	sky_azimuth_east_col_g
0xAE66CB62	slvan3_sign2
0xAEF2564D	sm_r_sptshoulder
0xAEFA6F51	small_melee_wpn_short_range_-90
0xAEF97295	smallanimal
0xAE7F002B	smaplegendlist
0xAEE82A11	sol5_awaa
0xAED0F18F	sol_dance_d_wineglass
0xAE30ECFA	sol_idle_ctr_mid_a_headphones
0xAE332DF7	sol_trans_lfthp_to_ctrmid_a_wineglass
0xAE93F3C8	sorter_left_tap_table_chair01
0xAED6BF0E	sorter_right_left_interact_weedbud02a
0xAECDC8C3	sp_f_feet_10_3
0xAEF3D5E4	sp_f_jbib_9_6
0xAECC6E14	sp_f_teef_3_2
0xAE53304D	sp_m_accs_9_1
0xAEAB1A4C	sp_m_hand_7_0
0xAEC72A78	sp_m_head_8_4
0xAE1DE741	sp_m_teef_6_2
0xAE64446C	spacescale
0xAE04A116	special_ped@baygor@monologue_4@monologue_4a
0xAE2B5FB9	special_ped@griff@franklin_1@franklin_1b
0xAE6A30C3	special_ped@mani@monologue_1@monologue_1f
0xAE443878	special_ped@pamela@monologue_1@monologue_1e
0xAEDCB2C3	spots_oatfos_ep_1_p1_00-30
0xAE085813	spots_oatfos_ep_1_p1_00-4
0xAE50E0A9	spots_oatfos_ep_1_p1_001-14
0xAE28DB74	stagd_cjaa
0xAEEDA812	start_blip_flashing
0xAEFCD6DF	start_loop_foreman
0xAE900AA0	start_rappel
0xAEA4EA2F	startrappel_b
0xAE68AF5C	startrappel_fra
0xAEF7BF04	static_react_back_left
0xAE6E9C22	story
0xAEFE9C11	straight_idle_no_armour_drill_bit
0xAE78CA19	sum_bedathpl3
0xAE577260	support
0xAEE3DE81	switch_cam
0xAE6D8B82	t1m4_amaa
0xAEC9EC26	t1m4_bhaa
0xAE3704EB	tab
0xAEA4094F	tanker-18
0xAECE8358	taschenlampe
0xAE77D228	taxi_start
0xAE303E0E	tennista
0xAE890F83	terra
0xAED33504	text_idle_02_jimmy_facial
0xAE8F1413	this_is_the_land_opportunity_3
0xAEAA244A	ti_loop_f03
0xAE3FCC95	timer_minute_lpl
0xAEF319B8	timewarpactive
0xAE6D4C67	tmom_acaa
0xAE7F6480	tou_idle_mid_f_glass_cc
0xAE86E47F	tou_trans_mid_pc_to_open_a_cc
0xAE1ACDF7	tow_ltaa
0xAECEA310	tr2_eeaa
0xAE9FBC19	tr_prop_tr_trailer_ramp_01a
0xAEFA97F6	trev_on_toilet_loop
0xAE0B451D	trevonlav_backedup
0xAEA588DF	trevor_shout_vig_02_r
0xAE8DF5C6	tribike-29
0xAEFB5F54	trippy
0xAE739C75	trv1_caravan_rt
0xAE3646BC	trv3_abal
0xAE0E3361	trv3_gsad
0xAEDED45E	turismo2-5
0xAE23297F	turn_door
0xAE41BBC4	tux_tie
0xAEB8EF54	txm12_bnab
0xAEA712B5	txm1_blaa
0xAE342A35	txm1_epab
0xAE974DE2	txm3_dvab
0xAE524B0D	txm6_doaf
0xAE72740F	txm8_copb
0xAE8BE0E4	under_int_6_p3-0
0xAE4F72DB	underwaterstreamoverriden
0xAEF5AB5C	unload_lh_01_gr_prop_gr_vertmill_01b
0xAEAC6870	updatejson
0xAE6DDA5A	v411.001
0xAE0C13E4	v_19_stripchangemirror
0xAEF2C502	v_61_lng_mesh_comptable
0xAEC1F631	v_8_framel1
0xAEA827BE	v_corp_cashpack-0
0xAEC17330	v_corp_fib_glass_thin
0xAEFC348B	v_ilev_cs_door-7
0xAEB19163	v_ilev_fh_bedrmdoor-25
0xAE022ADC	v_ilev_gangsafedoor
0xAEE9976D	v_ilev_garageliftdoor-62
0xAE18C184	v_ilev_ra_door4l-7
0xAE0C46C7	v_ilev_tort_door-3
0xAE40DE64	v_ind_cs_box01
0xAEF36041	v_ind_ss_chair2-65
0xAE82BE5E	v_int_31
0xAEF0AA47	v_med_p_phrenhead
0xAEF729D0	v_res_fa_potnoodle
0xAE4210A7	v_res_lest_bigscreen-25
0xAE738472	v_res_m_stool-9
0xAE13088C	v_res_m_vasefresh
0xAEAB68F4	v_res_r_figclown
0xAE2AE043	v_res_tre_stool_leather-6
0xAEAB3B00	vagos_boss_phone_a
0xAE2AF4C8	van_fds_jump_out_skydive
0xAE59ED72	veh@common@high_seat@ds@
0xAECE0CB5	veh@drivebyvangranger@_rds_grenades
0xAEEFE488	veh@van@ps@music@motownidle_a
0xAE216E05	vehicle_kick
0xAEC5E32C	vengadora
0xAE3576FA	ver_01_cutting_top_right_idle_ch_prop_ch_sec_cabinet_02a
0xAEF0CA1B	ver_01_with_painting_exit_w_me_switchblade
0xAEEFEEEB	veui_warn_max_range
0xAEAA8B0B	vid_ed_save
0xAE86CE3E	vid_l_md
0xAE2CC02A	vivanite
0xAE6810B5	vivanite2-9
0xAE2C7CF4	vtx
0xAE8F0AD9	vw_prop_vw_wallart_83a
0xAEAA9810	w_ar_bullpuprifleh4-6
0xAEAE48FB	w_at_ar_barrel_1-14
0xAE4B502A	w_at_muzzle_2
0xAE2618D3	w_at_scope_large-10
0xAE1B2C98	w_at_smgmk2_camo6
0xAE39CDDC	w_me_bat_xm3_06
0xAE711C37	w_mg_combatmgmk2_mag_ap
0xAE10E71E	w_sb_microsmg_luxe-70
0xAE84F61E	w_sg_pumpshotgunmk2_camo4
0xAEC13702	w_sr_heavysniper_mag1-17
0xAE89C0EA	walk_backwards_turn_r
0xAE761763	weapon_bench_waterboard_can
0xAEED78E9	weapons@first_person@aim_idle@p_m_zero@sniper_rifle@musket@fidgets@c
0xAE233776	weapons@first_person@aim_lt@p_m_zero@projectile@misc@sticky_bomb@fidgets@c
0xAE49DD34	weapons@first_person@aim_rng@p_m_zero@misc@briefcase@aim_trans@unholster_to_rng
0xAE084E57	weed_bbae
0xAE21BEEF	weed_inspecting_high_writing_pen
0xAE7144B7	wheel_lb2_dummy
0xAE27181F	wheelmesh_lf_l2
0xAE71BC6D	xm25_mansion_inta-99
0xAE7C4BB9	xm25_mansion_intb-56
0xAEC9DA27	xm25_mansion_intc-88
0xAEB4E38C	xm3_drg1_bmx_int-23
0xAECBE09C	xm3_drg2_cook_int-11
0xAED6E1E6	xm3_drg2_cook_mcs1-45
0xAE719F47	xm3_prop_xm3_coke_spoon_01a-79
0xAE13AFA8	xm3_prop_xm3_folding_chair_01a-36
0xAEEEB39E	xm3_prop_xm3_folding_chair_01a-58
0xAE849B1E	xm3_prop_xm3_hook_01a
0xAE6C553C	xm3_prop_xm3_toy_dog_01a-35
0xAE7CF2E0	xm4_cbr_vin_int-49
0xAE68EDC1	xm_int_lev_sub_chair_02-9
0xAE778CD9	xm_prop_x17_harddisk_01a-36
0xAEFCEB8C	xs_combined_set_dyst_01_build_07
0xAE10B5B4	xs_prop_arena_stickynote_01a-1
0xAEEC5FA3	xs_prop_arena_stickynote_01a-17
0xAE0E7417	xs_prop_arena_torque_wrench_01a-2
0xAE6D0555	xs_prop_x18_garagedoor02-16
