0xB87BA876	.peavphinst@rage@@
0xB8FB09D7	/cs2
0xB864E92B	001405_01_mics3_8_exits_fancyshop_exit_l_door
0xB8CFF86C	001915_01_fras_v2_8_watching_tv_idle
0xB824E179	0mc
0xB861FE7F	476_astron_modkit
0xB8379C2C	484_zeno_modkit
0xB88BB946	_leadin_stickup_stockade_a
0xB8D28BEA	a_f_o_genstreet_01_dual-22
0xB8AB3523	a_f_y_beach_02_dual-31
0xB849E550	a_f_y_carclub_01_dual-48
0xB88CC27A	a_f_y_clubcust_02_dual-12
0xB84AB906	a_f_y_fitness_01-7
0xB8B54451	a_f_y_fitness_02_dual-12
0xB80A2A1A	a_f_y_gencaspat_01_dual-24
0xB81316C5	a_f_y_golfer_01_white_full_01
0xB881FA6E	a_f_y_tourist_01_dual-54
0xB8602D6B	a_f_y_tourist_02_dual-60
0xB8EF0BE9	a_f_y_vinewood_02_dual-28
0xB8981B83	a_m_m_afriamer_01_dual-28
0xB8F06990	a_m_y_beachvesp_01-30
0xB8F84D1D	a_m_y_bevhills_02-22
0xB865957C	a_m_y_busicas_01_dual-16
0xB8B23AE8	a_m_y_business_01-10
0xB826219D	a_m_y_business_01_dual-12
0xB83F2E86	a_m_y_epsilon_01_dual-3
0xB890C4EC	a_m_y_gay_01_p
0xB8ACD8CF	a_m_y_genstreet_01-0
0xB8B0FDC8	a_m_y_runner_01-35
0xB87FA457	a_m_y_surfer_01-10
0xB85A9ABB	abigail_mcs_1_concat-6
0xB800178C	ac14_family_4_mcs_2p4_00-9
0xB80576F6	ac1_arm_1_mcs_304-7
0xB8420089	ac3_fra_2_int_p2_b_01-6
0xB83F6502	ac5_mph_nar_mid_p2_cyan_lamp002-11
0xB8D5946E	ac6_ped_mic_2_int_p2_002-12
0xB817ABEA	action_female_1_facial
0xB8E5FA16	adam_away_dance_b_04_v2_facial
0xB8C23C5F	adam_away_sync_b_11_v2_facial
0xB8572C0A	adam_cue_idle_v_04_hp_table
0xB899FB7C	adam_unq_sync3_h_49_v2_hp_table
0xB8AE6F97	agency3a_michael_0
0xB87D9FD2	ah2a_flee_site
0xB869DC4D	ah3b_hfaa
0xB801DA2E	ah3b_locked_door
0xB800940D	ah3b_sbae
0xB8043DD4	ah3b_seaa
0xB8900DFC	ah_1_ext_t6
0xB8E97A2C	air_guitar_02_chair_b
0xB8BEBFFE	airbornereduction
0xB88284B3	akuma-3
0xB812F4D5	altruist
0xB8C01591	amb@code_human_in_car_mp_actions@finger@std@ps@base
0xB8CEEFE7	amb@code_human_wander_idles_fat@male@idle_b
0xB8947658	amb@world_human_golf_player@male@idle_b
0xB8D9C2CA	amb@world_human_seat_steps@female@hands_by_sides@react_flee
0xB8659F04	ambulance-13
0xB86C4287	and/or
0xB8265EA7	andy_ig_1_p1_andhisnameisdeath_4
0xB8DDA501	angvelmultiplier
0xB82F83D1	anim@amb@casino@hangout@ped_male@stand@02b@trans
0xB8932F25	anim@amb@casino@out_of_money@ped_female@02a@idles
0xB849420B	anim@amb@clubhouse@boardroom@crew@male@var_c@base_r@
0xB8E11846	anim@amb@prop_human_seat_computer@male@base
0xB83B533C	anim@deathmatch_intros@2hsniper_riflefemale
0xB82462E9	anim@deathmatch_intros@melee@2h
0xB89418C9	anim@melee@machete@streamed_core@
0xB87C7443	anim@mp_player_intincarair_drumslow@ds@
0xB8439E7F	anim@mp_player_intincarbang_bangstd@rps@
0xB8935110	anim@mp_player_intincarblow_kissbodhi@ds@
0xB877FE7C	anim@mp_player_intveh@plane@luxor2@rear_front@drink@
0xB867E138	anim@scripted@deathmatch@rpg@heeled@
0xB8D96932	anim@scripted@freemode@ig7_office_cell_floor@male@
0xB888359C	anim@scripted@robbery@tun_prep_pris_ig1_handover@
0xB811D450	anim@scripted@submarine@ig18_sub_screen@heeled@
0xB8E701D7	anim@scripted@tycoon@bt1@ig3_lckp_alt@male@
0xB845DEF4	anim@veh@low@s80@ps@enter_exit
0xB8353F6E	anim@veh@plane@avenger@lhs@front@ps@enter_exit
0xB8A5BFB8	anim@veh@plane@microlight@front@ds@base
0xB8B9F447	anim@veh@train@first_person@ds@driveby_grenade
0xB8E12D0A	anim@veh@valkyrie@rps@enter_exit_front
0xB8806111	anim_ac2_fos_ep_2_p3_01-15
0xB81BE993	anim_ac55_fos_ep1_p6_00-28
0xB87C4697	anim_ac55_fos_ep1_p6_01-24
0xB8CE5406	anim_ac69_fos_ep1_p6_00-19
0xB84B89BA	anim_ac69_fos_ep1_p6_00-7
0xB881FAB5	anim_ac69_fos_ep1_p6_02-30
0xB8665ED1	anim_ac70_fos_ep1_p6_00-28
0xB8C977B7	anim_ac75_fos_ep1_p6_16-4
0xB8BC892E	anim_ac76_fos_ep1_p6_02-29
0xB81673A5	anim_ac77_fos_ep1_p6_01-17
0xB8AE2243	anim_casino_a@amb@casino@games@insidetrack@ped_male@slouchy_withdrink@01a@idles_big_screen
0xB84C5B89	anim_casino_b@amb@casino@games@roulette@ped_male@seat_3@regular@03a@reacts@v01
0xB82DC631	anim_corona_oat_fos_ep1_p6_10-30
0xB89AA110	anim_corona_oat_fos_ep1_p6_11-35
0xB8E0AA91	anim_oat_fos_ep1_p6_05-15
0xB8B33923	anim_oat_fos_ep1_p6_06-34
0xB89EC05F	anim_oat_fos_ep1_p6_06-6
0xB862007B	anim_oat_fos_ep1_p6_21-14
0xB8FF17FD	anim_oat_fos_ep1_p6_25-9
0xB81CD529	anim_oat_fos_ep1_p6_30-24
0xB83B99AA	anim_spots_oat_fos_ep1_p6_02-26
0xB83859D1	anim_spots_oat_fos_ep1_p6_03-5
0xB83FFA1A	animl_amai
0xB8F133BA	animl_cfaa
0xB89DF61C	animl_dxak
0xB837869C	animl_eban
0xB8FF2050	animl_esag
0xB84C0209	animl_fdab
0xB8363BE5	animl_fvaf
0xB8E311D2	animl_fxaf
0xB8F9A42B	animl_ghak
0xB824E89B	ansph_cxab
0xB8739266	ansph_czab
0xB8B14D73	apa_fin_cel_apt2-1
0xB83CF0A1	apa_mp_apa_yacht_door
0xB88BB0FE	apa_p_mp_door_mpa2_frnt-24
0xB80A5171	apart_draw_1
0xB82815CE	ar2_agae
0xB8062026	ar2_crab
0xB80A3C05	ar_animals_rat_squeak
0xB8C2D652	ar_birds_robin_dawn
0xB854E924	ar_chicken_factory_daynoise
0xB80C83E2	ar_dlc_h4_ih_animals_tropical_frog_weird
0xB88DF535	ar_dlc_xm_int_bse_tun_mbase_tunnels1_main_water_drip
0xB881DB63	ar_dmod_crickets_c_city
0xB8E0A53F	ar_exec_wh_l_ac_02
0xB8D1885F	ar_prop_ar_neon_gate4x_02a
0xB828528B	ar_trash_can_drop
0xB812EF89	ar_vehicles_car_park_door_slam
0xB829C125	arm1_asaa
0xB8FCC79D	arm1_btab
0xB83C2600	arm3_acal
0xB84883D9	arm3_apad
0xB82E505B	arms_gcaa
0xB8081009	armytanker
0xB8B5EFF1	arrancar
0xB81DC6B9	arresting_cop_shove_left_long
0xB84C4488	art_ig14_vocals_p2_hp
0xB87E59B3	attract_loop_rag
0xB80C6AE8	audio
0xB867F026	az_dlc_h4_guard_tower_06
0xB84529A3	az_music_venice_34
0xB88CEB56	az_reflections_tunnel_10
0xB8AC723A	az_walla_ls_eclipse_02
0xB8FC1560	ba_prop_battle_champ_open-0
0xB8EF4090	ba_prop_battle_champ_open-23
0xB8750DB2	ba_prop_battle_club_computer_01-8
0xB8580BDC	ba_prop_battle_drones
0xB8F2A008	ba_prop_battle_glowstick_01-47
0xB8F85422	baller2-25
0xB831EC70	bary1_amaa
0xB8711401	bb2_aqac
0xB8D147CB	bb_jew_3
0xB8F4BE8B	beg_loop
0xB8297B02	benson-2
0xB8D3F7D6	bh1_47_joshhse_firevfx
0xB80CC00B	bigscorea27
0xB8A9F209	bkr_prop_coke_heatbasket_01
0xB86D0306	bkr_prop_fakeid_pen_01a-21
0xB832D65F	bkr_prop_fakeid_tablet_01a
0xB820ED5E	blade
0xB8131B07	blip_dest
0xB87A784F	blunt_exit
0xB8549E95	bodyshell001
0xB8920F97	bodywork
0xB8F54A47	boot2
0xB803F09E	brakingdistance
0xB87BC3BE	break_weigh_v1_box01
0xB864B2B4	bs2b_fiac
0xB8B25BFA	bs2b_kfaa
0xB875A99A	bs2b_mfaa
0xB8CA68C8	bs_2a_mcs_6
0xB880D5D5	bspra_bbaa
0xB8EF3310	bspra_cdad
0xB8E77C09	bullpup-gewehr.
0xB8630C19	bunk_int_p4a1_t04
0xB830300E	c8_to_start
0xB8D657AD	calico
0xB84F6101	canpersist
0xB8C306B0	car_crash_heavy
0xB8E95F60	carbonizzare-25
0xB8ADD0FD	cardrunkflirt_intro_m
0xB881B199	cargobob2-1
0xB85CB325	cargobob5-9
0xB85EFD2E	cas_vince_ig1_ugh_i_could
0xB869FDEF	cavalcade-0
0xB8F55331	cbrad_boaa
0xB89F4646	cbrad_dfaa
0xB82A1456	ceja.
0xB8C6C1BD	cellphone_text_read_base
0xB8E85365	ch1_05_vinegrapes_02
0xB8D046AD	ch3_lod_11b13_slod3
0xB8E02FA9	ch_prop_arcade_street_01a_off-2
0xB8C49914	ch_prop_arcade_street_01c-29
0xB8FC0614	ch_prop_casino_videowall-2
0xB89FDD52	ch_prop_ch_service_pillar_01a
0xB834F0AC	ch_prop_swipe_card_01c
0xB820DB29	ch_prop_vault_key_card_01a-12
0xB80B8DD1	channelcheck1
0xB85CC15B	chassis_lowlod
0xB8F7C510	chatc_agaf
0xB8E4DFCD	chatc_bkae
0xB83099E5	chu
0xB8DB586A	clip_test_01_w_ar_carbineriflemk2_mag1
0xB818F181	cloth_buac
0xB89B894E	club_open-0
0xB85635E7	club_open-26
0xB8E4540A	club_open_p1_t01_clip2_003-2
0xB8755C3B	cm_beaves
0xB8722626	cm_labcn3
0xB8ACB5EA	cm_sporu1
0xB863894C	cm_uptmir
0xB81C53E2	cnetobjobject
0xB87B9F0D	colpi
0xB8D0DB51	common:/data/control/southpaw_fps_alternate.meta
0xB8728AC4	components
0xB85603E3	constaints.
0xB80152C1	contundente.
0xB88F08CA	convo_franklin_heywassup_2
0xB800BAD0	copydepthblit
0xB8102FCA	copygbuffer
0xB8D36B0F	corona_fos_ep1_p1_00-23
0xB8B8C729	cpcse
0xB88DBB3F	crash
0xB837FFED	creatures@pig@amb@world_pig_grazing@enter
0xB8B2113F	creplayinterfacemanager::addinterface
0xB80C4DC9	crew_logo_x23_2
0xB83E562B	crime_ambient_fire
0xB846256E	cs2_05
0xB8591AE8	cs_amandatownley_02_dual-35
0xB83C7A5B	cs_bradcadaver-1
0xB8A39BEE	cs_debra_dual-7
0xB8DB5ECA	cs_exile2_iron_steam-15
0xB84D9550	cs_gurk_dual-5
0xB8CC92B4	cs_jimmydisanto
0xB869DE60	cs_jimmydisanto_dual-13
0xB89A32B8	cs_lazlow_2_dual-99
0xB88D5171	cs_lestercrest_2_dual-58
0xB8CFB1A5	cs_martinmadrazo_02_dual-58
0xB8915F43	cs_martinmadrazo_dual-1
0xB81B3AA6	csb_agatha_dual-28
0xB8A90E13	csb_ballas_leader
0xB8E25CB3	csb_englishdave_02_p
0xB88AB9C1	csb_englishdave_dual-3
0xB8A6799B	csb_faber_02_dual-92
0xB821B75C	csb_helmsmanpavel_dual-30
0xB89082EB	csb_imani_dual-52
0xB8529030	csb_isldj_01_dual-33
0xB8E3CF76	csb_jio_dual-6
0xB8D3B8B7	csb_jodimarshall_dual-55
0xB8E96157	csb_labrat_dual-13
0xB85B43E1	csb_mjo_02_dual-18
0xB83E5262	csb_mjo_dual-14
0xB837F472	csb_screen_writer_dual-9
0xB876A13F	csb_vincent_dual-2
0xB827B70A	csb_yusufamir_dual-28
0xB85AA940	csb_yusufamir_dual-59
0xB8208C04	cst2_aeaj
0xB8365A75	cst2_heaa
0xB85F32BF	cst2_ihab
0xB8F60F19	cst3_dbac
0xB8F3F1E0	cst4_doac
0xB8D33C58	cst7_daar
0xB85C3762	cst7_dsab
0xB8C3EFB0	cut_sec_cig_weed_smoke-14
0xB84C19FC	cutout_fence_normal.sps
0xB818332E	cuts.rpfs
0xB84E0685	cutting_loop_upper_right_corner_grill
0xB818E87E	d-pad
0xB82B42E4	d_ac11_trvram_3_01-2
0xB82CC66D	d_ac1_fra_2_ext_p3_01-25
0xB892CAE3	d_ac1_fra_2_ext_p3_04-17
0xB8CAD615	d_ac1_josh_3_intp1_030-2
0xB8E6E2D3	d_ac3_es_4_rcm_p2_003-4
0xB871DD4B	d_ac3_es_4_rcm_p2_00301-4
0xB814599A	d_ac6_mic_2_int_p2_frank_bounce002-25
0xB84DEFF6	d_ac6_mic_2_int_p2_trevor_bounce002-2
0xB824FFF8	darts_ig_intro_dart
0xB88E65BC	dead_e
0xB8DB8302	deferredvolumeshaftcompositemtx
0xB87C2F1D	dh1_afaa
0xB815D116	dh1_ejaa
0xB88CE3EB	dh1_enaf
0xB8AD16F6	dh2a_cjaa
0xB83A4D2D	dh_p_2b_enemy_choppers_arrive
0xB81CA4A2	disabling_road_nodes_angled
0xB86AE24F	dlc_mp_apa_f_jbib_23_4
0xB891D162	dlc_mp_apa_m_jbib_5_0
0xB8B9ACB5	dlc_mp_ar_m_berd_0_0
0xB8F90128	dlc_mp_arena_f_jbib_1_10
0xB822FB40	dlc_mp_arena_f_legs_12_10
0xB876DD62	dlc_mp_arena_f_legs_1_15
0xB8B60B23	dlc_mp_arena_f_torso_3_0
0xB82E1CE3	dlc_mp_arena_m_berd_7_5
0xB8729B8A	dlc_mp_arena_m_jbib_9_19
0xB8C8FA1E	dlc_mp_arena_m_legs_12_4
0xB8A845FB	dlc_mp_arena_m_legs_4_0
0xB8D49768	dlc_mp_arena_m_special_0_15
0xB8AB13FB	dlc_mp_arena_m_special_4_14
0xB834CBF6	dlc_mp_beach_f_jbib0_1
0xB8E243A0	dlc_mp_beach_m_head1_6
0xB8D960F8	dlc_mp_bh_f_jbib_13_1
0xB8DEDC96	dlc_mp_bh_f_jbib_1_1
0xB8F1228A	dlc_mp_bh_f_jbib_3_10
0xB82E9DEE	dlc_mp_bh_f_legs_2_7
0xB816EBFB	dlc_mp_biker_f_jbib_10_6
0xB80211EE	dlc_mp_biker_f_jbib_25_2
0xB8610708	dlc_mp_biker_f_jbib_27_1
0xB813DA89	dlc_mp_biker_m_decl_0_0
0xB8F25807	dlc_mp_biker_m_jbib_5_0
0xB85C871F	dlc_mp_biker_m_special_10_16
0xB8E76740	dlc_mp_busi_f_accs2_11
0xB89BBC86	dlc_mp_business_f_hat1_0
0xB8A079FA	dlc_mp_fixer_f_legs_3_12
0xB8EA3617	dlc_mp_fixer_f_legs_4_11
0xB8782083	dlc_mp_fixer_f_legs_4_4
0xB8E25BE6	dlc_mp_fixer_m_jbib_2_12
0xB82D9ECA	dlc_mp_fixer_m_jbib_6_5
0xB8E7F54C	dlc_mp_fixer_m_peyes_4_0
0xB8D2F51E	dlc_mp_fixer_m_peyes_4_2
0xB89A7B65	dlc_mp_fixer_m_phead_2_16
0xB8A7B4B0	dlc_mp_gr_f_decl_5_4
0xB8AE6469	dlc_mp_gr_f_hair_10_0
0xB8BD17B9	dlc_mp_gr_f_jbib_4_20
0xB8C51149	dlc_mp_gr_f_phead_4_22
0xB8EBE218	dlc_mp_gr_f_special_13_17
0xB85F10AA	dlc_mp_gr_f_special_5_7
0xB8B4B7CA	dlc_mp_gr_f_torso_31_17
0xB8F60C76	dlc_mp_gr_m_hair_24_0
0xB84508EB	dlc_mp_gr_m_jbib_1_22
0xB812689C	dlc_mp_gr_m_jbib_5_17
0xB8249F60	dlc_mp_gr_m_special_0_20
0xB835A772	dlc_mp_gr_m_torso_10_2
0xB841CD81	dlc_mp_h3_m_phead_6_2
0xB8EACCB4	dlc_mp_h4_f_berd_2_16
0xB8C5CF56	dlc_mp_h4_f_hand_0_12
0xB8567CE3	dlc_mp_h4_f_special_3_5
0xB846F89F	dlc_mp_heist_f_jbib_12_0
0xB855B565	dlc_mp_heist_f_legs_2_0
0xB8A68B46	dlc_mp_heist_f_special_7_4
0xB8B27CAF	dlc_mp_heist_f_torso_72_0
0xB8B9AD39	dlc_mp_heist_m_hand_9_11
0xB8E1819B	dlc_mp_hips_f_feet0_7
0xB86DE152	dlc_mp_hips_f_glasses_1_0
0xB8B579E4	dlc_mp_ie_f_feet_0_3
0xB8DAA70C	dlc_mp_ie_f_jbib_17_0
0xB8A64418	dlc_mp_ie_f_jbib_20_4
0xB8B268D1	dlc_mp_ie_m_jbib_14_18
0xB804533D	dlc_mp_ind_f_peyes_1_0
0xB8860429	dlc_mp_jan_f_hand_7_6
0xB82D32F0	dlc_mp_jan_f_hand_8_7
0xB88B71EB	dlc_mp_jan_f_teeth_0_4
0xB82136A3	dlc_mp_jan_f_uppr_7_3
0xB84883E4	dlc_mp_jan_m_phead_2_6
0xB886F103	dlc_mp_jan_m_special2_11_8
0xB8578DC7	dlc_mp_jan_m_uppr_7_8
0xB8E94464	dlc_mp_jan_m_uppr_9_4
0xB813B3DF	dlc_mp_low2_f_jbib_4_11
0xB83037A9	dlc_mp_low2_f_special_0_2
0xB8CD1F57	dlc_mp_low2_f_special_1_2
0xB8542A76	dlc_mp_low_f_jbib_8_8
0xB88735B0	dlc_mp_low_m_hair2_0
0xB84C28C2	dlc_mp_lts_m_hand_2_5
0xB88FDD02	dlc_mp_luxe_f_feet_1_0
0xB884F5E1	dlc_mp_luxe_f_special_1_8
0xB836B700	dlc_mp_luxe_m_pears_11_0
0xB8382692	dlc_mp_pilot_m_hand_1_9
0xB8D0121C	dlc_mp_smug_f_berd_6_19
0xB8F8DC30	dlc_mp_smug_f_jbib_2_0
0xB8A48387	dlc_mp_smug_f_special_2_1
0xB879AEBC	dlc_mp_smug_f_special_2_21
0xB87A8BAE	dlc_mp_smug_m_phead_5_17
0xB8259C23	dlc_mp_stunt_f_feet_1_5
0xB8D79114	dlc_mp_stunt_f_jbib_5_10
0xB883D28F	dlc_mp_stunt_f_legs_0_7
0xB82B3C57	dlc_mp_stunt_f_special_3_6
0xB896FFDE	dlc_mp_stunt_m_phead_0_1
0xB89A7E4D	dlc_mp_stunt_m_phead_15_15
0xB8975487	dlc_mp_sum2_f_feet_5_8
0xB83A2606	dlc_mp_sum2_f_jbib_22_14
0xB87B17CD	dlc_mp_sum2_f_peyes_0_10
0xB80325AB	dlc_mp_sum_f_jbib_10_4
0xB86C2FC6	dlc_mp_sum_f_legs_2_13
0xB8C32F4C	dlc_mp_sum_f_legs_2_23
0xB852762F	dlc_mp_sum_f_torso_4_0
0xB8EFDF0B	dlc_mp_sum_m_jbib_10_6
0xB80AE9CA	dlc_mp_sum_m_jbib_5_1
0xB819E7E3	dlc_mp_sum_m_legs_1_25
0xB8B28636	dlc_mp_tuner_f_jbib_17_1
0xB8B58640	dlc_mp_tuner_f_jbib_17_7
0xB8677B05	dlc_mp_tuner_m_feet_1_13
0xB8DCEB1D	dlc_mp_val2_f_special_0_4
0xB89230AC	dlc_mp_val_m_jbib2_0
0xB8C85D19	dlc_mp_vwd_f_jbib_13_18
0xB8445F8E	dlc_mp_vwd_m_jbib_11_0
0xB822E154	dlc_mp_vwd_m_jbib_22_1
0xB8AE9A0D	dlc_mp_x17_m_feet_3_16
0xB8452875	dlc_mp_x17_m_jbib_2_18
0xB8F6DBEF	dlc_mp_x17_m_peyes_0_18
0xB834666E	dlc_mp_x17_m_phead_4_17
0xB8913B35	dlc_mp_x22_f_feet_10_4
0xB8B746A2	dlc_mp_x22_f_feet_3_19
0xB89EC553	dlc_mp_x22_f_feet_6_18
0xB8170F98	dlc_mp_x22_f_legs_11_1
0xB8FC183E	dlc_mp_x22_f_peyes_4_3
0xB89B39C1	dlc_mp_x22_f_special_1_17
0xB870BAC0	dlc_mp_x22_f_special_1_21
0xB87DDE74	dlc_mp_x22_m_jbib_22_18
0xB8D9A455	dlc_mp_x22_m_jbib_6_13
0xB895A461	dlc_mp_x22_m_pleft_wrist_0_2
0xB8E6D056	dlc_vw_am_ip_in_gameplay_scene
0xB813424D	dn_ac10_maude_mcs_5_003_test-6
0xB8F1F2AF	dock_crane_sld_unload
0xB8169B40	double-action
0xB8C6BEB7	drf_fbab
0xB84942D3	drf_hpaa
0xB80F656C	drf_mic_2_cs_1-89
0xB811DF75	drf_mic_2_cs_1-90
0xB881AB0C	drf_mic_2_cs_2-44
0xB85E0C03	drf_mic_3_cs_1-63
0xB83D80D9	ela
0xB8468099	ent_amb_bubble_stream
0xB89E69CA	ent_dst_metal_frag
0xB88C3F6C	eopmx.mvl.
0xB82EDE45	ep_4_rcm_leadin_marnie
0xB82ABA2F	epsilion
0xB8BF56FE	estar
0xB8B0168C	ex_prop_crate_closed_sc-2
0xB8C2069E	ex_prop_exec_lighter_01-24
0xB805EE9C	exclusif
0xB82E98DB	exit_b_chair
0xB8ACB62D	exit_loop_beer
0xB87AA373	exit_mop
0xB8D2A73C	exl3_dbad
0xB8AD443F	explosion_event
0xB85BA660	exportcamera-90
0xB877A851	ext1_crai
0xB8F33538	ext1_ctab
0xB87F77FB	ext1_dnaa
0xB86B1096	facial_l_eyelashupperinner
0xB8C40423	faction2-0
0xB835F1E3	factory_manager_door
0xB8533863	fafj
0xB8CDAC17	fafl_elaa
0xB8FC25DE	fam2_bmbn
0xB8E89E03	fam3_bzab
0xB8B0C94D	fam4_craa
0xB82652D9	fam5_ezaa
0xB81F89CA	fam_4_int_alt1-56
0xB8854AE1	famf_asaa
0xB85B80CA	family_5_yoga_on_drugs
0xB8E94729	fan3_cwaa
0xB87130E0	fatf_dfaa
0xB8E1C662	fatj_cnaa
0xB8AF6BB2	fbi1_acac
0xB88E2473	fbi1_csab
0xB834FFE5	fbi2_gyag
0xB8358584	fbi3_dhaq
0xB8ED8F4B	fbi4_wallcrush_cam
0xB8C46BCE	fbi5a_ijaa
0xB8F4293B	fcft_drab
0xB8CF6EC8	fcma_eaac
0xB88E73BE	fcmf_djae
0xB84D091E	fcmj_cqaa
0xB83A7025	fcmt_dnad
0xB8A31DD4	fcmt_eaaf
0xB83955C3	fctj_anam
0xB85E1C6A	fctl
0xB8AC412F	feeling_lucky_sp_carol
0xB87078EB	felon-9
0xB88A49FD	female_pos_b_p2_weed_idle_02_lighter
0xB868217D	female_pos_c_trans_p2_to_p1_normal_weed
0xB8706AAA	female_split_card_player_04_facial
0xB8E68745	fetch_drop
0xB8FB97B9	ffv@fff@
0xB8FDFE89	fh3a_cxaa
0xB8F95B1A	fh3a_gwba
0xB8E04B65	fibp2_araa
0xB8F9F53E	fill_ac16_mph_tut_mid_p1_005-1
0xB8CEEDF4	fin2_awac
0xB8F47FAB	finc1_fdab
0xB8CB37CF	finc1_flaa
0xB80842E3	finh1_coam
0xB8213A31	fire_med_var2
0xB8A006C9	fix_golf_int-30
0xB817486F	fix_trip1_int-8
0xB835BFE2	fix_weed_ext
0xB8F96923	fixed
0xB8359D4D	fkn0_bjaa
0xB8D067CE	fkn1_imaa
0xB84984F4	flag_damage_model
0xB82C2698	flinch_additive_a
0xB82F896B	fm_hip_m_tshirt_015
0xB848E6A4	fm_ind_f_tshirt_020
0xB823BCFF	fmamb_agaa
0xB85A3791	fmm_bnac
0xB8071A3E	fmm_dwad
0xB89DE624	fmm_fgaa
0xB883C7AA	fonctionne
0xB82E430B	foot
0xB8BC2EEC	forklift_supervise_idlebase_supervisor
0xB8368B40	fos_ep_2_p1
0xB8B603FF	fpfm
0xB8D7197E	fpft_apaa
0xB8EF1774	fptl_bsaa
0xB870A301	franklin_leadin_action_firetruk
0xB808DF6E	free_left
0xB8182709	frlfa_anaa
0xB85B75E9	frlfb_bfah
0xB8EA8F46	frlfb_bhae
0xB8EF1D81	frlfe_alaa
0xB8BFC14C	futo-32
0xB8104574	fxaa
0xB8ECBC91	fxfr_pca_1_male_facial
0xB80EBA8B	g_m_y_famca_01_dual-39
0xB8E7AA3B	g_unitcubeparameters
0xB8EB0CFC	garniturem
0xB86AB2FB	gasstation_ipl_group1
0xB84D2E49	get_into_elevator_player1
0xB8918BE2	get_out_jacked_dead
0xB88305BC	getcharboundaries
0xB8B7C821	glance_board_01_left_amy_skater_01
0xB8C7819B	glass_breakable
0xB80AAB0A	grab_chute_foley
0xB850FCE6	gta_normal_spec_decal_nopuddle.sps
0xB8D1ED4A	gtag
0xB8CE403E	h3set1_player8
0xB8BCC6AF	h4_beachparty
0xB8DB1E62	h4_prop_battle_lights_01_dim
0xB88A87D6	h4_prop_h4_big_bag_01a-15
0xB8F44BD0	h4_prop_h4_door_03a-7
0xB841DD2A	h4_prop_h4_wheel_nimbus-31
0xB8667470	haircut.
0xB801D624	hash_b801d624_gaiikcj_collision
0xB810F960	hash_b810f960_itmbgds_collision
0xB85B15D9	hash_b85b15d9_kmbyzgc_collision
0xB863047B	hash_b863047b_rtscqnm_collision
0xB8740E9F	hash_b8740e9f_aeqqymhl_collision
0xB8C81654	hash_b8c81654_auzhtjr_collision
0xB8BA5D54	hbgrip_low_r
0xB8708A43	hc_gunman-11
0xB8347398	hc_gunman-4
0xB805CC28	hei_prop_carrier_phone_01
0xB862B4C0	hei_prop_hei_pic_pb_break-3
0xB8A3EB29	hei_prop_hei_pic_pb_bus
0xB892EC74	hei_prop_hei_post_note_01-10
0xB8EC12D6	hei_prop_hei_post_note_01-2
0xB892B90D	hei_prop_heist_off_chair
0xB8567F9D	hei_prop_heist_trevor_case-7
0xB8A3803B	hei_prop_heist_trevor_case-8
0xB886CDAA	hit_cup_hand_exit_cam
0xB88C7546	hit_intro_cashier_b
0xB8108F31	hold_up_head_additive_rifle
0xB84D61CF	hs3_int-28
0xB801CE07	hs4_nimb_lsa_isd-55
0xB8F6E6AB	hs4f_tro_ent-4
0xB8C4DD2D	hunt2_bqac
0xB816188A	ice_footsteps
0xB8806E87	idle_06_player
0xB87E375F	idle_a_novel
0xB848D3C9	idle_d_prop_ashtray
0xB81127B2	ig_2_alt1_base
0xB8B3BF53	ig_6_f_sniping_m_dingy_franklin_cam
0xB8271553	ig_7_front_intro_lazlow
0xB8B0F8D9	ig_7_lookatu_raspjam
0xB8133F6F	ig_avery
0xB8724F73	ig_billionaire_p
0xB8BEF91D	ig_djgeneric_01_dual-19
0xB88C6138	ig_fooliganz_02_dual-41
0xB8769181	ig_nervousron-9
0xB880F26B	ig_nigel-2
0xB8A2E427	ignoreanimreloadratemodifiers
0xB81DF545	indicataor_lr
0xB82DD2C3	insult_ped_bum_conv02_part1
0xB81C424E	int_hospital_blue
0xB8FC3634	int_tunnel_none_dark
0xB8A1D1A8	iom_axis_ry
0xB8BB3B3E	isrankingcolumn
0xB830BB9A	istnieje
0xB8978325	jh_2b_int-0
0xB852037A	jh_bpaa
0xB8E7683A	jh_kpab
0xB8F6C6D5	jh_lrae
0xB83406A2	jhp1a_agaa
0xB89F870F	jhs1_dyab
0xB89C9C24	karate_chops_facial
0xB81DE074	key_down
0xB8D2B202	land_stand_arms
0xB88CA9C1	lazlow_incar_right
0xB8511014	leg_right_lower_outer
0xB8D621DC	lem2_dfaa
0xB886E91A	lem2_glbg
0xB8932FE1	lem2_hkab
0xB8163EB6	light_investigation_ruler
0xB8490000	living_in_this_plastic_0
0xB826E9DE	loading...
0xB853842B	lobbyisten
0xB8DEDD69	loc_aeaa
0xB852C02D	loc_eoaa
0xB8BCF976	long_90_punch
0xB89A08A0	look_around_v1_magnifyingglass
0xB8941055	look_left_at_sheets_singlemoneystrip
0xB8884EEB	look_left_at_sheets_table
0xB876C217	look_left_v1_a_m_y_vinewood_01
0xB819A4C8	lookaround_phoneless_phone
0xB8167257	loop_stripper_02
0xB8CDB027	low_car_prop_to_sex_p2_female
0xB858C241	lrhotp
0xB86E964A	lsdh_int-2
0xB8528214	lux_p_champ_flute_s-32
0xB8887240	luxor2-33
0xB8272200	m23_1_m231_1_thruster_led_trim_inner
0xB8DCBFF2	m23_1_m231_2_track_light_sign01
0xB8D3AFA4	m23_1_m231_3_ex_rm_lght_dummy
0xB8FA9818	m23_2_int2_m232_spawn_room_det_01
0xB849F39C	m23_2_prop_m32_door_ls_logo_01b-2
0xB8D78FE3	m24_1_dlc_int_bounty
0xB8670AF1	m24_1_prop_m41_blinds_open_01a-7
0xB82BF5C1	m24_1_prop_m41_desk_drawer_01a-0
0xB8E2BF10	m24_1_prop_m41_exerciseball_01a-35
0xB8443B30	m24_1_prop_m41_leaf_01a-22
0xB8EF3E42	m24_1_prop_m41_leaf_01a-48
0xB82B9748	m24_2_int_01_dado_01a
0xB8F4ABB6	m24_2_prop_m42_crate_open
0xB80A926E	m24_2_prop_m42_filebox_01a-51
0xB850945A	m24_2_prop_m42_filebox_01a-63
0xB89F615A	m24_2_prop_m42_lunar_sign_07b
0xB8E4DE4B	m25_1_prop_m51_wardrobe_01a
0xB881DB82	m25_2_int_01_r_mb_molding_02
0xB8B6707B	m25_2_int_01_spa_partition_002
0xB8D04EF2	m25_2_payphones
0xB83341B0	m25_2_prop_m52_business_card_01a-16
0xB8A2B261	m25_2_prop_m52_candles_04
0xB85CE69F	m25_2_prop_m52_monitor_01a
0xB86A02FC	m_fadepassaa_ds
0xB8868E78	male_pos_a_p2_weed_idle_03_lighter
0xB8D23CAD	male_pos_a_trans_p2_weed_to_p1_ashtray
0xB8ADC654	male_pos_b_p2_base_ashtray
0xB81DC052	male_pos_b_trans_p1_weed_to_lamar_ashtray
0xB89AB245	male_pos_b_trans_p2_to_p1_normal_weed
0xB8821FF1	male_pos_c_p1_weed_smoke_02_facial
0xB837086B	manualdetonation
0xB8829E6F	manuseio
0xB81ED3A2	max_music_in_proj
0xB8101E8A	mch2_diaa
0xB8EB5EA4	mch2_dmab
0xB827CBE3	mea1_azal
0xB8FB8817	mefl_azab
0xB82EB73A	menu_unique_id_help
0xB8C5F4D1	meterte
0xB8A3077A	methl_bbaa
0xB80A15DB	metro_t_end2_30
0xB8CDE265	mgps_ehai
0xB839A010	mi_to_li_f02
0xB80B4FC8	mic_3_int-6
0xB833D3E9	mifl_ajac
0xB826DF2B	min1_baaa
0xB8C1D181	minisub
0xB86056B5	mk_014
0xB8C7BD07	moodm_cdj_left_a_12_facial
0xB811E23A	moodm_cdj_right_a_10_tumbler
0xB8401E97	moodm_vinyl_left_la_22_bag
0xB868E1F0	move_m@drunk@moderatedrunk_head_up
0xB8890091	mp_2023_02_tat_023_m
0xB8079129	mp_battle_clothing_039_f
0xB8B86039	mp_battle_clothing_054_m
0xB8111EF5	mp_buis_f_stom_001
0xB837EB02	mp_christmas2018_tee_088_f
0xB8860B20	mp_heist4_tee_041_m
0xB8A2B0B4	mp_intro_mcs_17_a9
0xB8BEF331	mp_m_freemode_01_dual-45
0xB8E2FEE1	mp_m_freemode_01_dual-96
0xB8F76131	mp_sum2_tat_035_f
0xB88A6611	mpcas6_ext-15
0xB8648D7F	mpchristmas2_overlays
0xB886DB2B	mpdlc_bgaa
0xB8C6CF54	mpexecutive_overlays
0xB80D2816	mpgcs_aoaa
0xB8D40A6D	mph_nar_mid-7
0xB87204E4	mule-16
0xB87CB2C6	mule4-14
0xB848D45D	multipayer_spectatorcam
0xB88576A0	muz_xm_cherno
0xB8881FA3	n_20_trvram_1_0003-7
0xB859C784	n_ac11_ep_5_rcm_010-1
0xB8B86E88	n_ac13_les_1a_mcs_1_01-1
0xB80B48BB	n_ac2_sum24_btw_arralive_mcs5_p2_t00_002-1
0xB85E12BB	n_ac3_es_1_rcm_p3_0101-4
0xB805A955	n_ac59_mic_2_mcs_3_03-7
0xB8DD4C2F	n_ac5_tonya_mcs_1_01-0
0xB8FEA837	n_ac7_tunf_uni_swat_p1_t00_02-1
0xB8998EC7	n_ac_15_nmt_2_mcs_2_02-2
0xB8D97B60	natural_ambient_multiplier
0xB8462278	navigation
0xB8837131	new_tou_sync_a_headphones_mm
0xB8090887	ng_m_hair_014
0xB82A8D4B	nme_bch_unq_end_a1_34
0xB807CAF4	nme_mix_idle_c_17_hp_head
0xB8BAC3C8	nme_unq_sync3_c_70_facial
0xB869F478	noktowizyjne
0xB8F471FA	normal.
0xB87E684A	number.
0xB80F3C86	oat_fos_ep_1_p1_29-6
0xB8460FB2	ojas_jiaa
0xB8DD699E	ojbj_hyaa
0xB8DBDD9B	onmousedown
0xB87A82ED	othe
0xB8016F0A	p_banknote_onedollar_s-24
0xB894A502	p_bison_winch_s-1
0xB8DCFA49	p_cash_envelope_01_s-53
0xB85D5BA2	p_cigar_pack_02_s-6
0xB85EC05C	p_cs_ciggy_01b_s-11
0xB8D871EF	p_cs_clipboard-48
0xB855C896	p_cs_sack_01_s-49
0xB88C129D	p_cs_sub_hook_01_s-17
0xB819B1B1	p_folding_chair_01_s-16
0xB811F9E9	p_franklin_02_dual-52
0xB8C9BE4B	p_laptop_02_s-0
0xB849A76C	p_ld_heist_bag_s_1-24
0xB87180FA	p_notepad_01_s-1
0xB8011BF1	p_oil_pjack_01_amo
0xB8791A2F	packie
0xB84BCC27	pal_end_kei2_facial
0xB871460A	pap2_aqac
0xB830309A	pap2_cvab
0xB8637814	pap2_dhaa
0xB8FD6BD3	pap2_spotted
0xB80E649B	pap_4_rcm-4
0xB85B4D6E	patchday21ng
0xB881A757	pbam_ahac
0xB802A665	pbam_ahae
0xB8D78E64	pbcl_amaa
0xB8EBA603	pbja_afad
0xB86D774C	pbje_acac
0xB8682F06	pbmn_adab
0xB8CD4EC4	pbsh_bye
0xB80D5124	pbzb_acab1
0xB8A9B201	pd_dance_03
0xB8F6B5EA	ped_a_pour_one_drunk_male_d_glass
0xB8DA9F1B	ped_ac6_mph_hum_int_p4_001-6
0xB88C31E0	ped_b_drink_drunk_male_b_glass
0xB8CED8EE	ped_c
0xB888E777	ped_wade_mud
0xB8B6CB90	penumbra-44
0xB8A8A901	pheist1
0xB86AEE5B	pickup_vehicle_weapon_microsmg
0xB893C5B5	pietra
0xB8C37C2C	plane_wind
0xB8214E13	player_zero_dual-72
0xB8756A64	playhead_marker
0xB87C436B	plg_01_animlight_003
0xB8F5993C	pmpla_abab
0xB807AF0B	pmrec_araa
0xB8227F70	police_scanner_prefix_light
0xB8C7791E	policeb-2
0xB8AC78EC	policeb-4
0xB8D693DC	port_of_ls_heist_fort_zancudo_alarms_02
0xB8DB1CE3	pose_a_idle_d_blamadon
0xB8A9A25B	pose_b_loop_small_water_bottle
0xB8956AB3	positiony
0xB85B259D	postfx_tonemap_filmic_a_bright
0xB8729FEE	powerup_collect_player
0xB872036E	pr_ch_dlc_casino_vault_main_rm_ac_unit_02
0xB80DDDBF	pr_dlc_h3_slot_machine_effects_gf_01_01
0xB8A49FB8	prd_ig12_idle_start_ii_mixer_02a
0xB8FA4BF5	prd_ig12_mix_p1_mixer_01b
0xB815353D	prop_air_cargo_04a-12
0xB81D64CA	prop_amb_phone-97
0xB82369D4	prop_bush_neat_02
0xB8465008	prop_byard_floatpile
0xB870D344	prop_byard_steps_01
0xB8ADC43D	prop_car_bonnet_01
0xB8399595	prop_ceramic_jug_01-6
0xB879E746	prop_chair_06-25
0xB8897659	prop_cigar_02-8
0xB81C0FAD	prop_com_gar_door_01-3
0xB8A61533	prop_cora_clam_01
0xB8DC46A9	prop_cs_credit_card-14
0xB82D4CEA	prop_cs_milk_01-23
0xB856D4CE	prop_cs_protest_sign_01
0xB85B0C9B	prop_cs_rub_binbag_01-23
0xB893DBC3	prop_employee_month_02-33
0xB88AFE6A	prop_faceoffice_door_r-0
0xB8771DB6	prop_fncwood_18a
0xB8CE0042	prop_food_bs_bag_01-2
0xB8300543	prop_fruit_basket
0xB86DB77F	prop_hotdogstand_01-46
0xB8D3F0F4	prop_hx_special_buggy_wh_tr
0xB82653B5	prop_int_cf_chick_03
0xB82F67C0	prop_ld_cable_tie_01-38
0xB865B2AF	prop_ld_shovel-5
0xB8B37146	prop_lrggate_02_ld-18
0xB8434808	prop_luggage_02a-9
0xB80C2B9D	prop_luggage_07a-39
0xB8F0B770	prop_mov_sechutwin_02
0xB86737A6	prop_pencil_01-14
0xB805F434	prop_phone_ing-11
0xB8BB7597	prop_phone_ing-15
0xB8BB942A	prop_pint_glass_tall-21
0xB8CB3475	prop_plant_paradise
0xB87E6DE1	prop_plas_barier_01a
0xB853AEBB	prop_player_phone_02-6
0xB8CFE3E3	prop_poly_bag_01
0xB861775A	prop_poolball_15
0xB8FC4084	prop_pot_plant_01b
0xB83FBAA3	prop_pot_plant_05d
0xB8389439	prop_pris_door_02
0xB837A736	prop_rock_5_a
0xB8D8B281	prop_rope_hook_01-14
0xB8814E33	prop_rub_couch04
0xB851AF7B	prop_sacktruck_02b-32
0xB87ACFD1	prop_sh_joint_01
0xB879DAA4	prop_spycam-9
0xB8E90EF0	prop_syringe_01-42
0xB89A5B3A	prop_t_telescope_01b-6
0xB8816DF7	prop_table_03_chr-4
0xB8BC8C0C	prop_tennis_rack_01b-4
0xB819132D	prop_tool_pickaxe-6
0xB8BD94E7	prop_torture_ch_01-6
0xB8C6F70B	prop_veg_crop_tr_01
0xB8DADACB	prop_weeds_nxg05
0xB86D4B15	prop_wine_bot_01-13
0xB8579A06	prop_yoga_mat_03-10
0xB89B2F81	przy
0xB84390F7	ps_2a_shootout_street_army_heli
0xB8C07713	ptrx_trans_c_q_r_to_mix_09_headphones_dj_ptrax
0xB8F694C6	r@x62
0xB8F9BAF0	radar
0xB827A5D2	radio_07_dance_01
0xB8FC9D22	rampa_away_idle_c_05_t_bottle
0xB8B5B704	rampa_away_sync_a_13_v2_s_glass_01
0xB80173A4	rampa_bch_unq_crwd_b_103_s_glass
0xB8535B3B	rampa_cue_idle_a_01_v2_hp_head
0xB864ED72	rampa_cuedance_idle_h_11_v2_s_glass_03
0xB82F6A2B	rampa_cuelean_idle_k_19_v2_t_bottle
0xB834E797	rampa_mix_idle_a_01_v2_tumbler
0xB8CABC71	rampa_mixdance_sync_a_09_v2_s_glass_03
0xB8277E5B	rampa_mixsway_idle_b_02_t_bottle
0xB8640922	rampa_trans_away_to_cuedance_a_04_v2_hp_head
0xB885A9DF	rampa_trans_awayside_to_away_c_02_v2_s_glass_01
0xB8E6F50A	rampa_trans_mix_to_mixdance_sync_a_04_v2_hp_head
0xB8FE0382	rampa_trans_mix_to_mixdance_sync_a_04_v2_t_bottle
0xB8541EFC	rampa_trans_mixdance_to_mixhpgrab_a_04_hp_table
0xB87BD8AB	rampa_unq_shots_e_62_v2_s_glass_01
0xB8B5AC92	rampa_unq_sync_c_42_v2_hp
0xB87AA097	rbh2a_bzac
0xB891889E	rbh2a_gwaa
0xB839BCD3	rbh2a_lvab
0xB8F3D4B2	rbhs_mcs_3-1
0xB8DA4DC8	re6_both_dead
0xB825B857	react_small_variations_l
0xB84AB980	reaction_terrible_var04_seat1
0xB82CF8EE	ready_up_no_bet_loop_seat4_facial
0xB82B7570	readyidle_var_01
0xB831DC04	reawa_cyai
0xB802DD46	rebel
0xB84E982E	rebu2_draa
0xB83FCEE4	recgf_beab
0xB8A35286	redr2_btaa
0xB83BD27B	reductionoutputtexture
0xB8F88A25	rehh1_dkaa
0xB838A4DF	rehh3_axac
0xB8BB6C60	reject_01_gr_prop_gr_lathe_01c
0xB88F198E	remotejiplocked
0xB8DB5B80	repap_azaa
0xB846258D	respawn_b_ped_d_cig
0xB84834A7	respawn_f_ped_c
0xB8010E39	retrieve
0xB8CC0F15	reveal_blind_p01_facial
0xB8356448	rhapsody1
0xB8CCC339	right
0xB822A1AA	riot
0xB8F07E70	ronex_ig5_p2_chair_01
0xB84EB691	rp_player_made_photo
0xB801150F	run.
0xB8158195	rurs1_aeab
0xB86B0358	rurs1_cpaj
0xB85CCC75	s.v
0xB8557D1D	s24_jenette_pvg
0xB818439C	s_f_y_sweatshop_01_dual-1
0xB86999D0	s_m_m_autoshop_01_dual-3
0xB8A3045E	s_m_m_autoshop_02_dual-52
0xB8A7B9F6	s_m_m_fiboffice_01_dual-1
0xB87EF61D	s_m_m_highsec_03_dual-13
0xB881FCC4	s_m_m_security_01_dual-15
0xB84A99A9	s_m_y_devinsec_01-5
0xB83806CD	safe_crack_soundset
0xB898AD79	saltonfemale
0xB8D7359D	sandking-2
0xB8DC68D2	scr_pts_headsplash_trev
0xB8529A6C	scr_srr_vs
0xB86B6D32	scr_xm_ht_flare
0xB8A91324	scrap_aoad
0xB8620352	se_country_sawmill_main_building
0xB8A3DACF	se_mp_apt_5_1
0xB8861B80	se_restaurants_hollywood_24
0xB87AF0A7	se_restaurants_sunset_08
0xB8D53DD5	seat_c
0xB813319F	seated_smoke_weed_male_b_base
0xB8CE9675	setup_tabs
0xB83C80E8	sf_prop_sf_apple_01b-17
0xB85B4891	sf_prop_sf_backpack_03a
0xB8AE32B2	sf_prop_sf_cash_roll_01a-59
0xB8B434C4	sf_prop_sf_door_cabinet_01a-9
0xB8F64E90	sf_prop_sf_door_com_r_06a-19
0xB8404691	sf_prop_sf_door_com_r_06a-4
0xB8908D2B	sf_prop_sf_door_office_r_01a-27
0xB80E0B2E	sf_prop_sf_door_rec_01a-4
0xB8747B40	sf_prop_sf_golf_wood_02a-5
0xB8DF75F3	sf_prop_sf_heli_blade_f_02a-0
0xB8BF93D2	sf_prop_sf_helmet_01a-2
0xB8A0A022	sf_prop_sf_offchair_exec_01a-17
0xB88BD794	sf_prop_sf_s_mixer_02a-26
0xB8185179	shop_browse_melee
0xB855DFE1	shorelinelist
0xB80FB6A6	shot_base_cam
0xB8709DE8	shotgun.
0xB8CFDCC0	shout_out_window_coach
0xB8BA187F	show_yoke
0xB839D957	silj_ext-24
0xB89E224B	sit_balanced_forwards_slow
0xB81465F1	sit_idle_03_pooh_facial
0xB84B82F7	skate
0xB8343BD9	slmn1_bsae
0xB8524F3A	slmn1_buab
0xB80310DF	sm_l_cuff
0xB815724E	sm_prop_smug_crane_02
0xB8DFE49B	sm_prop_smug_mic-50
0xB89E7E0E	sm_prop_smug_speaker-37
0xB84F58E1	smoke_male_b_trans_a
0xB81FD2A9	sneak_player1_facial
0xB84BBC76	sol1_ccaj
0xB863C9A9	sol1_eaaa
0xB8680580	sol1_ewaa
0xB83F16BE	sol2_anae
0xB8C16979	sol5_aiac
0xB81DB955	sol5_alai
0xB87D61AB	sol_3_int-27
0xB88D99B2	sol_idle_ctr_mid_b_ped2_face
0xB887F415	sol_sync_e_headphones_table
0xB83506F1	sol_trans_ctrmid_to_wide_a_headphones
0xB875C2AF	something
0xB89CA988	sortmode
0xB886F000	sp
0xB84F4C61	sp1_10_fake_interior
0xB895ADFC	sp_f_hair_2_3
0xB8AE8CDC	sp_f_jbib_13_10
0xB85A0FD3	sp_f_jbib_15_3
0xB82E87F8	sp_f_jbib_1_11
0xB85337F1	sp_f_jbib_1_6
0xB869DC90	sp_f_jbib_2_1
0xB85438B5	sp_f_lowr_4_5
0xB815574D	sp_m_accs_10_9
0xB8B5BE61	sp_m_accs_3_8
0xB87D3316	sp_m_eyes_3_9
0xB8DC2F9D	sp_m_feet_11_6
0xB87C1BFE	sp_m_feet_5_13
0xB8EAA8CA	sp_m_feet_5_6
0xB8998EEE	sp_m_head_6_1
0xB8296022	sp_m_jbib_14_12
0xB878DD46	special_ped@andy_moon@monologue_6@monologue_6a
0xB86F398B	special_ped@clinton@convo_5@convo_5a
0xB88B6934	special_ped@griff@monologue_3@monologue_3f
0xB8C7F53F	special_ped@jerome@monologue_5@monologue_5b
0xB80C8F9C	special_ped@pamela@monologue_6@monologue_6f
0xB855B323	special_ped@zombie@trevor_1@trevor_1e
0xB85666D4	speciale.
0xB8555EB8	spinningwheel_med_effort_01_facial
0xB84425FC	spinningwheel_med_effort_05_wheel
0xB8F38E49	spr_r_sleeve
0xB84C5131	spray_can_var_02_cam
0xB8C64DC8	sprite_corona_screenspace_expansion
0xB856A8FD	sr_prop_track_straight_l_d45
0xB8E1F38E	stage_3_hit_line_4_golfer
0xB88B69A3	stand_intro_turn0l
0xB8BACD83	stand_phone_phoneputdown_stretching_nowork
0xB8770A13	step_short_180_face_180
0xB828AD2D	struggle_loop_c_thief
0xB856DEC0	sub_int-30
0xB875B77C	sum24_btw_arralive_mcs6-1
0xB83AB37A	sum24_bty3_ko_mcs2-1
0xB8E6D391	surfer2-17
0xB87FDBA9	sviluppo
0xB8E67C46	switch@franklin@hit_cup_hand
0xB8ECBF96	switch@michael@opens_door_for_ama
0xB8056FE9	syringe_idle_trolley
0xB8425C27	t1m1_deaa
0xB8F0421C	t1m4_alaa
0xB87A6A92	tale_enter_mm
0xB87BBC8A	tanker-55
0xB8689B4E	task_enter_vehicle
0xB837C816	task_follow_point_route
0xB887B6CA	technical-11
0xB82017F2	tennis_ig_intro_cam
0xB8C0E0FE	text_idle_03_jimmy_facial
0xB8971D7A	thats_some_service_prop
0xB82041E7	thigh_right
0xB8E7D946	thus
0xB819750D	timetable@floyd@ending_call
0xB8B64B50	timetable@tracy@ig_6@idle_a
0xB808249F	tiros
0xB8C67170	tm44_duaa
0xB8C9F7CA	tou_dance_a_cc_face
0xB8BE9580	tou_dance_l_mm_face
0xB80A8FD2	tou_sync_b_mm
0xB8EF5CF6	tou_trans_mid_to_open_c_headphonescc
0xB8BA66A8	tow_graa
0xB8F9273A	tow_jjaa
0xB846F364	tr2_bxal
0xB8F04FB2	tr_prop_tr_tyre_wall_u_r
0xB8AB56F3	trail_2
0xB8CF0A44	tribike-24
0xB8B3E670	trigger_stop_and_upload_new_video
0xB8913C22	trv1_end_truck
0xB85295FA	trv3_cxaa
0xB8DD9EEF	turret_1
0xB8F8E1D5	tvintrostairs
0xB85D616E	txm3_dvaa
0xB83AF942	txm8_dtam
0xB8419B15	txm9
0xB8BF07DD	txm9_elab
0xB8D1EB81	tyranny
0xB88984AB	u_m_y_smugmech_01_dual-21
0xB8CA19D7	unload_ll_02_gr_prop_gr_speeddrill_01a
0xB80DA41A	unlock_loop_door
0xB868F915	updprcp
0xB89F2A4C	user
0xB8D0ED66	user:/benchmarks
0xB862FE4C	v.t6..p
0xB8404969	v_11_abplastipsprod
0xB8FF7F97	v_11_maindrainover
0xB82E8125	v_16_ap_hi_pants1
0xB80525BA	v_16_treeglow001
0xB879B4DC	v_24_lga_over_normal
0xB8562553	v_31_tun10_olay
0xB8D94A4F	v_31_tun_swap
0xB8526E31	v_31a_tun01bitsnew
0xB8D09A28	v_58_soloff_gchair-32
0xB898EE64	v_8_framebath
0xB8285C1C	v_ilev_fib_door1_s-100
0xB8924A9A	v_ilev_fib_frame02
0xB8197EE4	v_ilev_gcshape_bull_25
0xB8F9C7F6	v_ilev_roc_door3-11
0xB8CFB882	v_ilev_sol_off_door01-2
0xB80230D5	v_ilev_ss_door04-64
0xB8C07EAD	v_lirg_frankaunt_ward_face
0xB86B1632	v_res_trev_framechair
0xB8A67712	v_ret_ml_meth
0xB8A95E12	v_ret_ta_pot1
0xB89291DE	vache
0xB82F46F7	veh@bus@passenger@common@idle_duck
0xB8A53448	veh@drivebybike@police@front@1h
0xB85D0327	veh@drivebyboat@predator@ds@1h
0xB81CAFCF	veh@drivebyjeep_bison_rps
0xB87DBB1E	veh@plane@lazer@exit_skydive
0xB8F3D5DB	veh@std@rds@music@punkbase
0xB88DC892	vehicle_vehglass.sps
0xB867502D	verified
0xB8719F3E	vest
0xB8168A81	veui_exit_warn
0xB877F226	voiture
0xB8BB63CE	vw_prop_casino_chair_01a
0xB81E1AD5	vw_prop_casino_wine_glass_01a-14
0xB83B34A0	vw_prop_plaq_10kdollar_st
0xB8610DED	vw_prop_vw_barrier_rope_03a
0xB8018266	vw_prop_vw_ice_bucket_01a-21
0xB89A2B29	vw_prop_vw_valet_01a-14
0xB8C0AB66	vw_prop_vw_valet_01a-19
0xB841B9A1	w_am_jerrycan-23
0xB8FD0BEE	w_ar_bullpuprifleh4_mag1-32
0xB8DD5218	w_ar_carbineriflemk2-0
0xB84980BD	w_ar_specialcarbinemk2_camo2
0xB817633A	w_at_cr_barrel_1-21
0xB8AD4563	w_pi_pistol_xm3_supp
0xB83D964D	w_pi_revolvermk2_camo9
0xB850DAE8	w_pi_sns_pistol_mag2
0xB842ECB6	w_sb_microsmg_luxe-63
0xB8D3F6DA	water_reflection_height_override
0xB8A795B6	waterboard_idle_victim_facial
0xB8738C8C	weapon_briefcase_03
0xB87E3E8E	weapon_inspect_01_amy_skater_01
0xB84571FF	weapons@first_person@aim_idle@p_m_zero@submachine_gun@shared@aim_trans@idle_to_scope
0xB8C0FDDB	weapons@first_person@aim_rng@generic@pistol@shared@core
0xB8739B87	weapons@first_person@aim_rng@generic@shotgun@shared@core
0xB89FC21D	weapons@pistol@pistol
0xB8B288E8	win32
0xB89EB857	windsor2-92
0xB84E3661	winky-31
0xB8306FBD	wt_mltryrfl
0xB8E500CF	xm24_factory_int-36
0xB81183DE	xm25_avi6_shutters_mcs2b-2
0xB86EF18B	xm25_mansion_inta-111
0xB80F06CE	xm25_mansion_intc-37
0xB8ED6DC2	xm3_drg1_ace_int-40
0xB8F379F7	xm3_prop_xm3_bag_coke_01a-47
0xB86BE4BE	xm3_prop_xm3_bottle_pills_01a-59
0xB810AAFD	xm3_prop_xm3_drying_tabs_b1
0xB8AFC4E0	xm3_prop_xm3_folding_chair_01a-33
0xB810FF77	xm3_prop_xm3_glasses_ron_01a
0xB84CD981	xm3_prop_xm3_pineapple_01a-0
0xB87CAAEE	xm3_prop_xm3_pouch_01a-3
0xB8A52B43	xm3_prop_xm3_pouch_01a-8
0xB83E87C3	xm_base_cia_serverp_01_rp
0xB88C8F33	xm_prop_base_slide_door-33
0xB890A8F8	xm_prop_x17_coffee_jug-39
0xB8510B36	xm_prop_x17_corp_offchair
0xB86E4AFC	xm_prop_x17_harddisk_01a-0
0xB836195B	xm_x17dlc_int_silo_01
0xB8003EDB	xrhti@w
0xB8566F92	xs_prop_arena_clipboard_paper-9
0xB8B4ECD6	xs_prop_arena_pipe_bend_02b
0xB86147A1	xs_prop_arena_pit_fire_04a
0xB89B6739	xs_prop_scifi_04_lights_set
0xB8B944A2	xs_prop_x18_tool_cabinet_01b
0xB8160FE0	xs_propintarena_structure_s_07ald
0xB8F0CE2A	xs_propintarena_wall_no_pit
0xB8EF0EB5	yozoz
0xB893C4C1	ypv
0xB8E2AE18	zion2
0xB8DCD9EA	zirconiu
0xB8E531E6	zpc/6imm
0xB8F471BB	zzg
