0xBC88C134	002055_01_trvs_17_naked_on_bridge_exit_cam
0xBC7B7AD6	002110_04_magd_3_weed_exchange_weedbottle
0xBC43469C	05_dialogue_upload_speed_monitor01
0xBC67F724	1pel
0xBC5EE045	2_0jpv
0xBCBCF7F4	2handed_react_clean_-90
0xBCCC5350	33ms
0xBC58BAFF	5o
0xBC643572	:c
0xBC4689C6	:n9p
0xBC873199	a_f_m_tourist_01_dual-20
0xBC86B031	a_f_y_beach_01_dual-30
0xBC13C12D	a_f_y_bevhills_05_dual-19
0xBCFC5507	a_f_y_fitness_02_dual-44
0xBCEBB8EB	a_f_y_genhot_01_dual-13
0xBCC2A65B	a_f_y_smartcaspat_01_dual-1
0xBCACE696	a_m_m_beach_02_black_full_01
0xBC3E17A6	a_m_m_genfat_01_dual-59
0xBCD2A2CD	a_m_m_og_boss_01-9
0xBCE3D65D	a_m_m_prolhost_01_p
0xBCC9824D	a_m_m_rurmeth_01_dual-17
0xBCBB3F3A	a_m_y_beach_04_dual-21
0xBCC8BB1E	a_m_y_business_03_dual-0
0xBCCE7DC5	a_m_y_hipster_02_dual-3
0xBC5FED33	a_m_y_skater_01_r2pvg
0xBC820DB8	a_m_y_soucent_02_dual-51
0xBCADE8D1	a_m_y_stwhi_02_dual-52
0xBC67164E	ac12_fspot_fos_ep1_p1_01-13
0xBCC0B11E	ac18_car_2_mcs_1_merged_04-2
0xBC8EAE73	ac42_fam_6_int_p3_t7_002-8
0xBCF76AB6	ac4_mph_pri_mid_p3_t04_cyan_lamp001-1
0xBC5FCA39	action_1_grenade_and_unarmed_microsmg
0xBCCFF5D3	action_3_rifle_and_minigun_microsmg
0xBC643CA8	action_heeled_manager_facial
0xBCB2903C	adam_away_dance_a_08
0xBCD16EFE	adam_away_dance_d_33_facial
0xBC9732C0	adam_away_idle_x_06
0xBC28B84A	adam_trans_away_to_sidemix_a_06_bottle
0xBC645A63	adam_trans_mixdance_to_mix_a_06_facial
0xBCF2130B	adam_unq_shots_g_27_tumbler
0xBCA8A743	adjust_step_90r
0xBCA78D1F	ah1_back_in_car
0xBCE1A373	ah3b_cobf
0xBC3E4167	ah3b_igaa
0xBC1FF031	alt_special_2
0xBCE41736	amb@incar@male@smoking@enter
0xBC0B2BC2	amb@world_human_bum_wash@male@high@base
0xBC62626C	amb@world_human_leaning@female@wall@back@mobile@base
0xBC859517	amb@world_human_muscle_flex@arms_in_front@base
0xBCFB5D6B	amb@world_human_seat_wall_tablet@male@idle_b
0xBC7EC343	amb@world_human_smoking@male@male_b@base
0xBC3209D6	ambient_tv_45
0xBC02A07B	andy_ig_4_imspeakingthetruth_2
0xBCD257CA	anim@amb@casino@brawl@vincent@
0xBCB86ADA	anim@amb@facility@briefing_room@seating@female@var_b@
0xBC0F9558	anim@amb@yacht@rail@seated@female@variant_01@
0xBC843B71	anim@mp_player_intcelebrationmale@air_guitar
0xBCB941BB	anim@mp_player_intin_carkarate_chopsbodhi@ds@
0xBC6FEA7E	anim@scripted@bty3@ig3_hand_fusebox@male@
0xBCB9C14E	anim@scripted@creatures@husky@amb@mansion@heeled@
0xBC6A0251	anim@treasurehunt@doubleaction@action
0xBCADE796	anim@weapons@submg@bullpup_rifle
0xBC4CE82F	anim_ac73_fos_ep1_p6_00-16
0xBC26E502	anim_ac77_fos_ep1_p6_01-7
0xBC9B0D39	anim_ac82_fos_ep1_p6_00-13
0xBC193F7A	anim_casino_a@amb@casino@games@insidetrack@ped_male@regular@02a@reacts@v01
0xBC8D2E47	anim_casino_b@amb@casino@games@blackjack@ped_female@no_heels@heavy_set@engaged@01a@trans
0xBC6FE589	anim_casino_b@amb@casino@games@roulette@ped_female@seat_3@regular@03b@play@v02
0xBCB47E56	anim_casino_b@amb@casino@games@roulette@ped_female@seat_3@slouchy@03a@ready_up
0xBCA79B66	anim_casino_b@amb@casino@games@threecardpoker@ped_female@regular_withdrink@01a@reacts@v01
0xBC6AD89E	anim_oat_fos_ep1_p6_043-26
0xBC2AD573	anim_oat_fos_ep1_p6_043-5
0xBC551632	anim_oat_fos_ep1_p6_25-28
0xBCEA6000	anim_oat_fos_ep1_p6_30-19
0xBC484A01	anim_oat_fos_ep1_p6_31-21
0xBC73A21A	anim_spots_oat_fos_ep1_p6_02-25
0xBC5ECC64	animl_ahai
0xBCC75AE0	animl_ajao
0xBC3C3FFC	animl_awaj
0xBC0DBF0C	animl_bjah
0xBC1368E4	animl_boai
0xBC5243AB	animl_byat
0xBCF9915B	animl_bzaj
0xBCD20E96	animl_ddae
0xBC84F3F8	animl_dlae
0xBC0B50ED	animl_gfae
0xBCD0BCF1	animl_gqae
0xBCEDC9A5	animl_gvaj
0xBCD9CD5A	annihilator2-6
0xBCE0B75E	ansph_aqac
0xBC439FD3	anyfixedflagset
0xBC7B2761	ap1_02_bboard011_lod
0xBCDAC9E7	apa_mp_apa_yacht_win
0xBCC2D345	apa_mp_h_str_sideboards_01
0xBCC5DD83	apt_exit_right_alt1_door
0xBC08E485	ar2_doaa
0xBC8F87C8	ar_animals_rat_construction
0xBCFFCF17	ar_dlc_hei_acc_stairs_electrics_02
0xBC488C8E	ar_dmod_special
0xBC82780D	ar_xm_int_lab_equipment_02
0xBCC7EDF5	argument_loop_mp_m_croupier
0xBC704D60	arm_ask_for_rematch
0xBC680F30	arms_erai
0xBC4E4277	arms_ewag
0xBCE49A55	art_ig2_drums_p1_hp
0xBCC404D4	asbo-32
0xBCD4E94B	az_big_zones_fields_01
0xBCC33AFF	az_biker_camp_trailer_06
0xBCA895DF	az_m24_1_aircraft_carrier_alarm
0xBC6E649B	az_music_hollywood_30
0xBC309C99	az_music_malibu_06
0xBCC429F8	az_music_sunset_17
0xBC6D5447	az_reflections_tunnel_04
0xBC73C389	ba_prop_battle_champ_open_03-88
0xBCFE3B1A	ba_prop_battle_ice_bucket-12
0xBCCA5AF5	ba_prop_battle_sniffing_pipe-56
0xBC22517F	ba_prop_battle_whiskey_bottle_2_s
0xBCB76E39	ba_prop_door_club_entrance-81
0xBC50C88F	ba_prop_door_elevator_1l-6
0xBC7A3099	back_plates
0xBCDD8694	baller2-0
0xBCE437CB	bar_1_teleport_aln_cam
0xBC1121A0	base_mst
0xBC6EE4D5	base_sorter_right_weedbag01a
0xBCDB9283	betidle_press_betone_c_facial
0xBC63FFCC	bient_gang_mexican
0xBC29AFAF	biker_defend_snitch_delivering
0xBCDD8A0A	bkr_prop_biker_barstool_02
0xBC835FE5	bkr_prop_biker_bblock_cor_03
0xBC342695	bkr_prop_biker_bblock_sml3
0xBCAFD085	bkr_prop_coke_painkiller_01a
0xBCD10A8A	bkr_prop_fakeid_pen_01a-38
0xBC2A9430	blowtorch_cutting_left
0xBCEB5E39	borsetta
0xBC8BFE3B	boss_ind_invite_count
0xBC5096F3	break_dr_heeled_export_cam
0xBC0D0936	break_weigh_box01
0xBCA04B56	break_weigh_v3_box01
0xBCB43303	bs2b_abaa
0xBC6340C1	bs2b_jdaa
0xBCD151CC	bs_2a_2b_int-0
0xBC6DA4F9	bs_2a_mcs_8_p3-0
0xBC66BA0B	bspra_cdaj
0xBC1EE04E	busto_bbai
0xBC63F42F	busto_bdae
0xBC5FB60A	c-dacu
0xBCAACF31	capped
0xBC5E4298	car_steal_4
0xBC32D247	cas_vince_ig2_i_should_get
0xBC22BEF8	cavalcade-34
0xBC9ED320	cbrad_adab
0xBC009BE0	cbrad_cnaa
0xBC9CD2DC	cbrad_dsad
0xBC4F2697	cbrad_dvaa
0xBC6A0270	cellphone_call_listen_yes_b
0xBC5D4AD3	ch1_04b_vinegrapes_07
0xBCC04DD9	ch1_04b_vinegrapes_24
0xBC97E1F2	ch_prop_arcade_fortune_door_01a-5
0xBC0D3CE6	ch_prop_ch_laundry_shelving_01a
0xBC902844	ch_prop_ch_sec_cabinet_01a
0xBCFD345A	ch_prop_ch_uni_stacks_01a
0xBC641836	ch_prop_emp_01a
0xBC6D95AB	ch_prop_marker_01a-3
0xBC17C99F	ch_prop_whiteboard-47
0xBCD010A7	chad_dip_girl
0xBC3B880B	chatc_aiac
0xBC790EB8	chrom_aberration_coeff2
0xBCFF3E7F	club_intro-82
0xBCD76702	club_open_p1_t01_clip2_003-32
0xBCC64769	cm_anicoy
0xBC884391	codename_7
0xBC812A62	commoncrc:/data/contentpatch
0xBC54DA77	component_at_scope_max
0xBCDE5278	componentvariations
0xBC76F602	computer_exit_control
0xBCEA0F92	contar
0xBCBC00B5	convo_franklin_heywhatsuphomie_3
0xBCABF0F0	cop_p2_back_right
0xBCE7A728	corona_fos_ep1_p1_02-23
0xBC3EA1FA	cower_left
0xBC28F632	cower_left_enter
0xBCDC40A7	cpedequippedweapon::setweaponhash
0xBCCAEA1E	cratedrop
0xBC937AEA	crazy_dance_3
0xBCFDB0AD	creak_v1
0xBCA665E3	crew_feed_friend_created_crew
0xBC1C27CD	cs4_lod_02_slod3
0xBC5AD501	cs_andreas_dual-10
0xBC163951	cs_drfriedlander_dual-75
0xBCDB170E	cs_fam4_whiskey_pour-30
0xBC3DA71A	cs_floyd_dual-28
0xBCF9DA4F	cs_guadalope_dual-29
0xBC539AF4	cs_lestercrest_3_dual-31
0xBC284DA0	cs_sum24_bty6_gate_impact
0xBC4AD589	cs_sv_yard_car_exhaust-13
0xBC88533C	cs_taocheng_dual-3
0xBCE78586	cs_taostranslator2_dual-16
0xBC08C712	cs_xm24_cig_smoke-7
0xBC5607E6	csb_ary_02_dual-3
0xBC2C3EFC	csb_avon_dual-59
0xBCCEA8AF	csb_brucie2_dual-31
0xBCF8F8E1	csb_callgirl_01_dual-81
0xBC970FC1	csb_chef_03_dual-76
0xBCFDE933	csb_englishdave_dual-46
0xBC4E107A	csb_faber_02_dual-76
0xBC0C45BB	csb_jackhowitzer_dual-9
0xBC1F1BEE	csb_jamalamir_dual-15
0xBCCEC674	csb_jio_02_dual-32
0xBC0D6327	csb_johnny_guns_dual-41
0xBCC475CB	csb_maude
0xBC4E14F3	csb_security_a_dual-29
0xBC5C9024	csb_sss_dual-0
0xBC822F3D	csb_thornton_dual-20
0xBCA6DBBE	csb_william_dual-14
0xBC879CDD	cst2_gsac
0xBC1CD742	cst2_hiac
0xBC33F661	cst2_ieaa
0xBCE0E4AD	cst2_imaa
0xBC752760	cuban800-1
0xBCA2DE48	cuban800-54
0xBC66F596	cut_sec_cig_weed_smoke-23
0xBCD0E897	cut_sum24
0xBC5EE248	cut_tn_swat_van_skid_smoke-42
0xBC4CD57C	cut_xm3_plane_disturb_dust-12
0xBCCAB4D7	d_ac1_fra_2_ext_p3_02-25
0xBC410619	d_ac3_light_605-2
0xBC1582F3	d_ac3_tonya_mcs_3_01-2
0xBC894C2A	d_ac59_mic_2_mcs_3_01-11
0xBC18C8C8	dailylimitexceeded
0xBC596224	danceidle_hi_11_turnaround_laz_face
0xBC62CE68	dark.
0xBC349416	dealer_focus_player_03_idle_facial
0xBCFC358D	dealer_focus_player_03_idle_intro
0xBCF914DB	death_ped
0xBCEC2FCF	deck_deal_p02
0xBCA972D6	depth
0xBCADE5AD	des_finale_tunnel
0xBC0A9EF1	des_heli_scrapyard_skin002
0xBC1E45D8	des_ranchsafe
0xBCFC3BF1	des_tankercrash
0xBCC27A8F	dh1_fjab
0xBCAF23DD	dh2b_fzab
0xBCC9D2D9	dh2b_geaj
0xBC993509	dilettante
0xBCDDD0B7	directly
0xBC2B6D4B	dixn_dance_a_headphones
0xBC84E79D	dixn_dance_cntr_d_headphones_table
0xBC8D35B3	dixn_dance_cntr_e_dix_face
0xBCEEF939	dixn_idle_cntr_lng_c_headphones
0xBCA0D91D	dl_timebars
0xBCCB5440	dlc_aw_arena_spin_wheel_game_frontend_sounds
0xBCCECC69	dlc_ch_heist_thermal_charge_sounds
0xBCF77C76	dlc_christmas2017/xm_aqo_02
0xBC583214	dlc_mp2024_01_bountyhunter_02
0xBC504A04	dlc_mp_apa_m_jbib_1_0
0xBC087CE1	dlc_mp_apa_m_legs_1_3
0xBCB6EF92	dlc_mp_ar_f_feet_0_0
0xBCB1877C	dlc_mp_ar_f_legs_1_8
0xBC2DFC2A	dlc_mp_arena_f_jbib_2_11
0xBC1711CB	dlc_mp_arena_f_jbib_4_5
0xBC8BC392	dlc_mp_arena_f_jbib_6_2
0xBC509CB9	dlc_mp_arena_f_phead_4_4
0xBCDE2F84	dlc_mp_arena_m_berd_0_9
0xBCB94AFB	dlc_mp_arena_m_jbib_11_0
0xBCE30415	dlc_mp_bh_f_feet_2_8
0xBC4050F0	dlc_mp_bh_f_jbib_16_7
0xBC3AE34E	dlc_mp_bh_f_jbib_1_2
0xBCAB728D	dlc_mp_bh_f_jbib_8_12
0xBCFC3F8C	dlc_mp_bh_m_jbib_2_0
0xBCBF3F16	dlc_mp_bh_m_jbib_2_6
0xBCF4939B	dlc_mp_biker_f_decl_22_0
0xBCA7834B	dlc_mp_biker_f_hand_3_9
0xBC22B960	dlc_mp_biker_f_special_0_17
0xBC257975	dlc_mp_biker_f_special_1_1
0xBCB6FE63	dlc_mp_biker_m_jbib_18_0
0xBC135841	dlc_mp_biker_m_legs_3_2
0xBCAD7716	dlc_mp_biker_m_torso_12_0
0xBC8020B2	dlc_mp_busi_m_teeth1_9
0xBC25CC2F	dlc_mp_busi_m_teeth2_4
0xBC22A43F	dlc_mp_business_m_hat0_5
0xBCD5A591	dlc_mp_business_m_hat0_7
0xBC9C1913	dlc_mp_business_m_hat1_6
0xBC4E89AE	dlc_mp_exec_f_jbib_11_8
0xBCBB96AC	dlc_mp_exec_f_jbib_15_9
0xBCFDE80C	dlc_mp_exec_m_jbib_12_6
0xBC3B3798	dlc_mp_fixer_m_peyes_5_10
0xBC21FABF	dlc_mp_fixer_m_phead_1_9
0xBCD546F5	dlc_mp_gr_f_jbib_10_7
0xBCE0309E	dlc_mp_gr_f_jbib_18_5
0xBC8C368B	dlc_mp_gr_f_phead_1_6
0xBC50B482	dlc_mp_gr_f_phead_3_3
0xBC31B450	dlc_mp_gr_f_phead_3_5
0xBCC8E9B6	dlc_mp_gr_f_special_4_6
0xBCBFB77E	dlc_mp_gr_f_torso_13_4
0xBCEAF878	dlc_mp_gr_f_torso_17_17
0xBC6F6CB5	dlc_mp_gr_f_torso_21_18
0xBC949624	dlc_mp_gr_f_torso_23_9
0xBC30040C	dlc_mp_gr_f_torso_7_13
0xBCB31FE6	dlc_mp_gr_m_berd_0_23
0xBC28CD8D	dlc_mp_gr_m_jbib_14_21
0xBCCCD62C	dlc_mp_gr_m_jbib_3_12
0xBCCEF701	dlc_mp_gr_m_jbib_5_22
0xBC7B9639	dlc_mp_gr_m_jbib_7_18
0xBCF65F78	dlc_mp_gr_m_phead_6_10
0xBC74B574	dlc_mp_gr_m_special_1_12
0xBC00F59D	dlc_mp_gr_m_torso_14_8
0xBC74F859	dlc_mp_gr_m_torso_22_12
0xBCD82233	dlc_mp_h3_m_jbib_2_4
0xBC671FD3	dlc_mp_h3_m_phead_10_0
0xBC8A80B6	dlc_mp_h4_m_jbib_4_16
0xBC19BD6F	dlc_mp_h4_m_peyes_1_1
0xBCAF3185	dlc_mp_h4_m_special_5_8
0xBC97CC3D	dlc_mp_h4_m_torso_4_0
0xBC390F1E	dlc_mp_heist_f_berd_14_13
0xBC892783	dlc_mp_heist_f_teeth_7_0
0xBC2450EB	dlc_mp_heist_m_berd_12_0
0xBC7F5DB3	dlc_mp_heist_m_teeth_3_6
0xBC943523	dlc_mp_heist_m_torso_30_0
0xBC308CC3	dlc_mp_heist_m_torso_45_0
0xBCA7711F	dlc_mp_hips_f_jbib4_10
0xBC3F2A1D	dlc_mp_ie_f_berd_3_3
0xBC8F13D4	dlc_mp_ie_f_special_4_14
0xBCBD23E5	dlc_mp_ie_m_jbib_4_8
0xBC695F6B	dlc_mp_ie_m_legs_0_1
0xBC3CCB49	dlc_mp_ind_m_special_3_6
0xBC2999A6	dlc_mp_jan_f_hand_2_3
0xBC27EDB3	dlc_mp_jan_f_hand_9_8
0xBC3D5594	dlc_mp_jan_m_special2_10_0
0xBC4F972A	dlc_mp_low2_f_teeth_1_1
0xBCF3E559	dlc_mp_low2_m_jbib_0_11
0xBC05519D	dlc_mp_low_f_phead_1_7
0xBCC69202	dlc_mp_lts_m_hand_8_19
0xBCC54799	dlc_mp_luxe_f_special_0_6
0xBC0D14E5	dlc_mp_luxe_f_teeth_11_1
0xBC853FF9	dlc_mp_luxe_f_teeth_4_1
0xBCF18224	dlc_mp_luxe_m_pears_17_3
0xBCA7FD80	dlc_mp_luxe_m_teeth_0_0
0xBC57018B	dlc_mp_luxe_m_teeth_1_0
0xBC36CAF8	dlc_mp_pilot_f_hand_3_21
0xBC50017E	dlc_mp_pilot_f_phead_0_0
0xBCA2EBE0	dlc_mp_pilot_m_hand_8_3
0xBC9CB8D1	dlc_mp_smug_f_berd_8_2
0xBC0C42FF	dlc_mp_smug_f_jbib_4_6
0xBC7D554E	dlc_mp_smug_f_special_1_4
0xBC85D24E	dlc_mp_smug_m_jbib_2_8
0xBC81F7FF	dlc_mp_smug_m_jbib_7_2
0xBCF4A8D5	dlc_mp_smug_m_special_2_7
0xBC4E76A2	dlc_mp_stunt_f_jbib_5_3
0xBCC1DBCB	dlc_mp_stunt_f_phead_15_15
0xBCDEFE79	dlc_mp_stunt_m_phead_0_20
0xBCB3EF63	dlc_mp_stunt_m_torso_1_14
0xBC62F559	dlc_mp_sum2_f_hand_6_0
0xBCFC07C8	dlc_mp_sum2_f_jbib_12_4
0xBCC9FEFE	dlc_mp_sum2_f_legs_2_21
0xBC9AB672	dlc_mp_sum2_m_feet_4_10
0xBCF9E5EA	dlc_mp_sum2_m_phead_5_18
0xBC814B8C	dlc_mp_sum_f_special_0_18
0xBCDE5B93	dlc_mp_sum_f_special_4_15
0xBC1CBE00	dlc_mp_sum_m_berd_3_9
0xBC67285A	dlc_mp_sum_m_torso_11_7
0xBC5200DC	dlc_mp_tuner_f_berd_0_0
0xBCA08C64	dlc_mp_tuner_f_feet_3_7
0xBCD88A09	dlc_mp_tuner_f_hand_10_2
0xBCC8F4B1	dlc_mp_tuner_f_phead_2_12
0xBCC453A3	dlc_mp_tuner_m_hand_2_1
0xBC918DE9	dlc_mp_tuner_m_phead_1_12
0xBCE1DF62	dlc_mp_val_f_legs0_1
0xBC77F433	dlc_mp_val_f_legs1_0
0xBC2DA63B	dlc_mp_vwd_f_jbib_14_13
0xBCCC6D98	dlc_mp_vwd_f_pleft_wrist_3_3
0xBCAA5AAC	dlc_mp_vwd_f_pleft_wrist_6_5
0xBC6DB0ED	dlc_mp_vwd_m_jbib_4_0
0xBC64E470	dlc_mp_vwd_m_pleft_wrist_4_4
0xBC514D51	dlc_mp_x17_f_feet_2_20
0xBC4BB15A	dlc_mp_x17_f_feet_5_0
0xBC7208FB	dlc_mp_x17_f_jbib_6_23
0xBC6F6D7C	dlc_mp_x17_f_teeth_2_0
0xBC5856E2	dlc_mp_x17_m_phead_3_3
0xBCFC8B60	dlc_mp_x22_f_feet_12_12
0xBC360510	dlc_mp_x22_f_pright_wrist_1_1
0xBC563F2E	dlc_mp_x22_f_special_0_24
0xBC3CDD7A	dlc_mp_x22_f_special_1_3
0xBC58E701	dlc_mp_x22_f_teeth_7_3
0xBC25F46E	dlc_mp_x22_m_feet_10_23
0xBC2FEE57	dlc_mp_x22_m_jbib_20_3
0xBC12F936	dlc_mp_x22_m_jbib_26_5
0xBCA7FC50	dlc_mp_x22_m_legs_6_14
0xBCD225C5	dlc_mp_x22_m_phead_1_9
0xBC207AB2	dlc_mp_x22_m_torso_9_16
0xBC725BA5	dlc_mp_xmas3_f_jbib_1_2
0xBC622F60	dlc_prison_break_heist_sounds
0xBCD2BFEB	dlc_security/dlc_sec_short_trips
0xBCEAE39E	doorlight_rf
0xBC131AAA	drf_dtaj
0xBCD2015F	drf_hoab
0xBC3E8E81	drf_mic_1_cs_2-60
0xBCAE61A0	drf_mic_3_cs_1-19
0xBCAD1B47	dt_additions_combo_01_lod
0xBC5996DF	dust_sp_carol
0xBC76A52E	e_cypress_05_vagos
0xBC9820C8	eastls_skatepark_36_vagos
0xBC9A60D3	edgemaskdeptheffectface_ds
0xBC6FDE96	electrocute_spark_l_clip
0xBC16078D	emperor2-69
0xBC353E91	ent_dst_crispbags
0xBC68273F	ent_sht_beer_containers
0xBCF86D80	enter_high_l_faceleft_facecover
0xBC58789F	enter_lift_dave
0xBC764100	entityemitter
0xBC0EDDE7	ep_3_rcm_alt1-8
0xBC415A93	eps5_acam
0xBC5EE92E	error_already_done
0xBC8894A2	errors
0xBC9B27C7	erstens
0xBC9762AC	ex_p_ex_tumbler_02_s-14
0xBC73D976	ex_p_ex_tumbler_02_s-4
0xBC6BE23B	ex_prop_ashtray_luxe_02
0xBCB3AAA5	ex_prop_crate_highend_pharma_bc
0xBCE9F093	ex_prop_exec_lighter_01-8
0xBC56FFA2	ex_prop_offchair_exec_04-4
0xBCDB0FA5	ex_prop_safedoor_office1c_l
0xBC97BA13	exagduration
0xBC830713	exc_prop_exc_gar_door_01a-7
0xBCDBCD76	exile1_plane
0xBC826A43	exit_09_player_facial
0xBCC067EA	exit_alt_wire
0xBCF326E0	exit_b
0xBC9DF9B1	exit_d_remote
0xBC310B2B	exit_fra
0xBCF746D9	exit_left_cam
0xBC38AAF4	exit_var02_mp_m_lr_prop_carkey_fob
0xBC20723C	exp_sht_extinguisher
0xBCB69C62	ext1_cgaa
0xBC829C05	facials@p_m_two@variations@talking
0xBC3B58B1	fafj_dyaa
0xBC8AAB5A	faft_ajaa
0xBC85CF60	fam2_bqab
0xBC0995B1	fam3_ceac
0xBC9C4046	fam3_fgaa
0xBC825D42	fam6_aiac
0xBC4B6ABE	fam6_btal
0xBC6DAA3D	fam_6_int_p3_t7-31
0xBC52F5D2	family_4_chase_foot
0xBCC304F7	fan1_bnab
0xBCB51EF3	fatf_djaa
0xBCE7CD40	fatl_cdaa
0xBC179454	fb_lowerlip_001
0xBC609F47	fbi1_crac
0xBC3E5648	fbi2_gdaa
0xBC5DD7AA	fbi3_amad
0xBC75026C	fbi3_dmaa
0xBC39D198	fbi3_enae
0xBC04809D	fbi3_goaj
0xBCD5E1D1	fbi3c_acab
0xBC769433	fbi4_depot_stop_track
0xBC1DB2C4	fbi4_franklin_truck_cam
0xBCA61ECC	fbi5a_gnab
0xBCBC7901	fbi5a_onaa
0xBCAF3B36	fbi_2_int-2
0xBCC4EA30	fbi_heist_finale_building_explosion_2
0xBCB1F281	fbis4_caaa
0xBC7A7FDF	fcft_coaj
0xBCD10764	fcft_dlaa
0xBC7B1420	fcft_dpab
0xBC5193B5	fcft_dpae
0xBC4D2C20	fcftl_cqai
0xBC0A04A3	fcmt_dual
0xBCD66B23	fctj_aiac
0xBCC840E1	fctl_acaa
0xBC631171	felon2-28
0xBCDFDE4C	female_a_ped_a_intro_drunk
0xBCAC3DEC	female_dealer_focus_player_03_idle_impatient_split
0xBCA7E8D9	female_pos_b_p2_idle_02_lighter
0xBC382A15	female_pos_b_p2_weed_smoke_01_facial
0xBC30DEAD	female_pos_c_trans_p1_to_p2_lamar_strain
0xBC15AE79	fh3a_fiaa
0xBC37E7C8	fhf_baad
0xBC7B2ADF	fibp1_acaa
0xBC9BE7F3	fidget_wet
0xBC24A4BE	fin_a_int
0xBCD171EC	finh1_clal
0xBC705355	fix_agy_int1-33
0xBCF2CD20	fix_trk_mcs2
0xBC5B3BAB	fix_weed_int-4
0xBC5545B4	fix_wrms_ig9_food_phone
0xBC01F0A9	fkn1_ctab
0xBCA2F9BA	float4
0xBCDC5382	fm_1_akae
0xBC44B7BB	fm_1_fiaa
0xBC7D4C57	fm_hip_f_tat_012
0xBCF51A3D	fm_tat_f_036
0xBCC1F4F9	fm_tat_m_001
0xBC1B1994	fmm_dzaa
0xBC5E380E	fmt_bkab
0xBCEFA044	fofl_apac
0xBC32A33B	fq2
0xBC4972D9	fra2_byaa
0xBC1FAFB3	fra2_cbaa
0xBCB7203B	freightgrain-4
0xBC8A1FE1	freightgrain-7
0xBC469774	frlfb_aoac
0xBCF98C93	frlfd_adab
0xBC184E36	frlfd_afaf
0xBC7B34B1	fugitive-26
0xBC8B33B1	fugitive-38
0xBC7A8247	full_cycle_v1_cocdoll
0xBC789C15	fusilade-12
0xBCA2CCEA	g_m_importexport_01
0xBC8A0BCE	g_m_importexport_01_p
0xBC214083	gal_meme_full2
0xBCE0ED7B	gal_war_perm
0xBC066B98	gang
0xBC21A430	gcsmdepthbias
0xBC3E4ABC	gen9_mig_int_p1_t00-6
0xBCBD9488	generalparams1
0xBCBD9A66	generic_insult_old
0xBC2F840A	geometrica
0xBCF1827F	get_up_r_0
0xBC47089E	golfeur
0xBCAD1C32	gorienttoterrain
0xBC1BC476	gr_case4_bunkerclosed
0xBC59D000	gr_prop_gr_crate_pistol_02a-24
0xBCD010E8	gr_prop_gr_crates_sam_01a-15
0xBC5D22D7	gr_prop_gr_crates_sam_01a-2
0xBCD3C766	gr_prop_gr_magspile_01a
0xBC42A5FC	grab_low_facial
0xBC098ED9	graphics
0xBCCE4F89	grass_camera_aligned.sps
0xBC4857E4	grip_1h_f
0xBCBBD110	ground_box_2_gb_2
0xBCE6048D	groundcolor
0xBCC89179	group_map
0xBC116540	gtao_intro
0xBC859AC9	h1shtc
0xBC64E662	h4_p_cs_shot_glass_2_s
0xBC84BC37	h4_prop_club_emis_rig_02c
0xBCD34886	h4_prop_h4_files_paper_01a-51
0xBCF7DC5E	h4_prop_h4_map_door_01-5
0xBCA81D5D	h4_rig_dj_04_lights_04_c_scr
0xBCEB50C3	hang_int-75
0xBC1A6929	hash_10abf0bc
0xBC9481A8	hash_8591b986
0xBC10D58B	hash_bc10d58b_fzwqylca_collision
0xBC436387	hash_bc436387_lpzhyjk_collision
0xBC9E7A9A	hash_bc9e7a9a_pexbmbj_collision
0xBCECF5E2	hash_bcecf5e2_uzpvsbb_collision
0xBC967B1D	heat_bjaa
0xBC0C7244	hei_prop_hei_pic_pb_break-42
0xBCD4DA3C	hei_prop_hei_security_case-7
0xBCEB019B	hei_prop_hei_warehousetrolly-2
0xBC7E45C7	hei_prop_heist_docs_01-22
0xBC76E050	hei_prop_heist_emp-35
0xBC077CDB	hei_prop_heist_hook_01-1
0xBC8B0733	hei_prop_heist_trevor_case-31
0xBCC696C3	heist_draw_10
0xBC2DB97C	heist_int-6
0xBCEB5D15	heli_visual_heading_south_dispatch
0xBCAAFDE8	hermes-33
0xBC8E2EA0	hf_force_no_tc_or_sc
0xBC240DD3	high_rh
0xBCB81C29	hits
0xBC77338E	holdup_sec_labped
0xBC014004	hostage02_enter_cuboard_malehostage02
0xBCFBD678	hs3_int-47
0xBCD698B9	hs3_prp_celb-18
0xBCC74137	hs4_isd_take_nimb2-1
0xBC38D7DD	hs4_nimb_lsa_isd-64
0xBCA8DC10	hs4f_int-24
0xBCDE33CC	hs4f_int-4
0xBCC4E9E3	hud:
0xBC823A6D	hump_exit_scene_chop
0xBC58D7FA	hunt2_ayaa
0xBC45EC88	ib_uploadext
0xBC8D62CB	idle_lowdoor
0xBCFD0ACD	idle_m_boom
0xBC15E255	ig_ahronward_dual-9
0xBCC64384	ig_bountytarget_01_dual-4
0xBCE63CC3	ig_lamardavis_dual-8
0xBC58A5C8	ig_mason_duggan_p
0xBC7C0A00	imorgon
0xBC1B1062	imp_prop_impexp_tyre_01b
0xBCA6B559	indestructibility
0xBC820489	input_sniper_zoom_out_alternate
0xBC0E3CE4	insult_ped_fat_conv15_part1
0xBC9EFE0E	iom_pov1_down
0xBC7D207C	iostream
0xBC97BFB9	iz_v_cinema_v_50_room
0xBCACC7AB	iz_xs_x18_int_mod_arena_office_rm
0xBC5895C6	jahren
0xBC900866	jewel_heist_sounds
0xBCA8C3BC	jh_bbaa
0xBC2A80B2	jh_mnaa
0xBCDF3529	jh_rjae
0xBCA194CE	jjy
0xBC0CD4CC	jogging_breath
0xBCE1615E	josh4_bbaa
0xBC71D899	journey2-57
0xBC0EB744	kczqwtd0vr
0xBC8427C6	kei_end_kei3
0xBCDC3387	kei_enter_palmood_facial
0xBCE73A75	langstrecken-zoom-funktion.
0xBCD4F722	laps
0xBC610255	leanaccel
0xBC7AD425	leben
0xBC20C69D	leg_swing_vw_prop_vw_valet_01a
0xBC543550	lem1_doaa
0xBC8CBEC0	lem1_hvaa
0xBCB6B2A9	lem2_drax
0xBC32F3AA	lem2_duac
0xBCF95A59	lem2_gsab
0xBC5E7E14	les1a_dhag
0xBC68B1E9	les_1a_mcs_4-1
0xBCC6F4D9	lima
0xBC74BD3E	line_2_tb_3
0xBCDA7AB0	lku:z
0xBC4F5894	load_rl_01_gr_prop_gr_drillcage_01a
0xBC7462BF	loop_jimmy
0xBC1C6CD2	low_tra_ext
0xBCD56CB1	lr_action_des_radiomast_02
0xBC72B0E0	lr_m_hair_005
0xBC2F66EB	lr_prop_clubstool_01-10
0xBC4E43AD	lsct:
0xBCEEF1BA	lsdh_2a_int-6
0xBC4269FF	lsdh_int-12
0xBCC5676D	lsfl_aeaa
0xBCC436DC	lunarcycle
0xBC1B6D96	lux_p_champ_flute_s-67
0xBC374AF2	lux_prop_champ_flute_luxe
0xBCE87DC2	luxor-110
0xBCAB9482	m23_2_int1_m232_hatch_door
0xBC2226D8	m23_2_p_m32_m_bag_var22_arm_s_g
0xBC07E4ED	m23_2_prop_m32_giftbox_lar_01a
0xBCD0ED52	m23_2_prop_m32_weaponcrate_01a
0xBCF6B9F8	m24_1_prop_m41_blinds_closed_01a-23
0xBC449C64	m24_1_prop_m41_bounty_door_01a-1
0xBC554172	m24_1_prop_m41_leaf_01a-14
0xBC477C98	m24_2_int_01_2_details_trim
0xBC6C2A0C	m24_2_int_01_win_em_day
0xBC0D2068	m24_2_prop_m42_lantern_01b
0xBC641515	m24_2_prop_m42_sewing_machine-57
0xBCF65BD2	m25_1_int_04_studapart00
0xBC7DC742	m25_2_int_01_gr_curtains
0xBC0E12D6	m25_2_int_02_sky_gradient
0xBC98C757	m25_2_prop_m52_art_statue_01a
0xBCC8B187	m25_2_prop_m52_business_card_01a-98
0xBC83B60B	m25_2_prop_m52_door_msn_sliding_01c-58
0xBC7764CB	m25_2_prop_m52_keyboard_01a-9
0xBC37A548	m25_2_prop_m52_man_shut_wind-4
0xBC84A26C	m25_2_prop_m52_rug_round_01a
0xBC513DC1	magnetos
0xBC755138	male_b_idle_b
0xBC9D7D2F	male_h_trans_c
0xBCC2965D	male_pos_a_p1_weed_idle_01_facial
0xBC936DAA	male_pos_a_p2_idle_02_ashtray
0xBCF19208	male_pos_b_p1_weed_idle_01_lamar_strain
0xBCB70B84	mch1_cgap
0xBCE91C13	mch2_akaa
0xBC6D3DB8	mch2_awaa
0xBCB51D39	mea1_bmae
0xBC22FDB3	mediaencoderthreadaudio
0xBC905981	menu_unique_id_header
0xBC6EA53D	mgps_ejag
0xBCEF6E74	mgtn_eyab
0xBC91E22B	mgtn_fcaa
0xBCCE7A9B	mgtn_fsaa
0xBCECDAC3	mgyg_start
0xBC26E2F3	mh_l_fingerbulge00
0xBC33AA9D	mic_4_int-196
0xBC34620A	mic_4_int-38
0xBC678A1A	michaels_house
0xBC85C839	migrating
0xBC2E9A3E	min2_azaa
0xBC6DF402	min2_traffic02
0xBCDE91F0	minivan2
0xBC320EAF	missah_3aig_25_switch
0xBCAF5F61	mme
0xBC427BD6	mood_dancing_trance_2
0xBCD49D5F	moodm_deck_mf_10_lp_left
0xBC44ABE5	moodm_mic_l_26_turntable_right
0xBC613248	move_fall
0xBCDE4C43	movefocus:
0xBC0E99EA	mp_biker_tee_031_f
0xBCE1F3E8	mp_buis_m_rightarm_001
0xBCF184D0	mp_buis_m_stomach_000
0xBCC68940	mp_christmas3_tat_009_m
0xBC88B51E	mp_dense_001_f
0xBCF96E1C	mp_fm_branding_059
0xBCA2504C	mp_fm_oga_003_f
0xBC78643A	mp_heist4_tee_061_m
0xBC60EE0B	mp_reaction_right
0xBCB48FC9	mp_smuggler_graphic_014_m
0xBCD12F11	mp_sum2_tat_041_m
0xBC42FE53	mpcas1_int-0
0xBCF1C8EA	mpct_amaa
0xBCB534B4	mpct_ceaa
0xBCFDBA70	mpsum_tee_023_m
0xBC0F5139	mugshot_character_creator
0xBCCA9099	mule-25
0xBC323B7B	musica
0xBCFDE673	n_ac11_ep_5_rcm_011-3
0xBCC89113	n_ac12_family_5_mcs_2_003-4
0xBC29D3F1	n_ac13_hs4f_ssg_ent_p2a1_t0_00-8
0xBCF48A4A	n_ac13_hs4f_ssg_ent_p2a1_t0_01-7
0xBC1706FA	n_ac1_fra_2_ext_p3_03-17
0xBC5781B9	n_ac28_mmb_3_rcm_002-10
0xBC9E7E2A	n_ac31_fbi_1_ext_t9_00-7
0xBC7BA440	n_ac3_hs4_scp_airs_p2_t07_01-11
0xBCADF535	n_ac3_rbhs_mcs_1_pt3_05-4
0xBCFCCBD2	n_ac47_exl_3_ext_008-10
0xBC3C4255	n_ac6_sas_1_rcm_008-3
0xBC97E9B9	n_ragelight7_tale_intro_p1_002-3
0xBC753B0B	ng_proc_leaves04
0xBC9F9BF6	nhs1b_cdac
0xBCA379AC	nig1d_buab
0xBC7166D7	nme_trans_mix_to_away_a_23_bottle
0xBCEBA88A	npqiy
0xBC273EF7	numairlaunchesover5m
0xBC419F81	o286483
0xBC1E8E64	obliteration
0xBC472329	oddjobs@assassinate@bus@call
0xBCE5352A	offroad_cut_05
0xBC60DE51	ojas_lvaa
0xBC09F819	opc
0xBC2CD171	opo.
0xBC0CF392	oscuro
0xBCC3B4F1	p_attache_case_01_s-0
0xBCF20A44	p_cash_envelope_01_s-12
0xBC7CD35F	p_cs_clothes_box_s-7
0xBC41A6C6	p_cs_pour_tube_s-18
0xBC4BBB2E	p_cs_pour_tube_s-3
0xBCCCFF7F	p_ld_cable_tie_01_s-1
0xBC6683DA	p_lifeinv_neck_01_s-6
0xBC94987E	p_michael_02_dual-9
0xBC6E3265	pa_serv_snack
0xBCF84976	pain_high
0xBC85638A	pain_medium_weak
0xBCFBD4EC	pamela_ig_1_p6_intheolddays_3
0xBCB4D99A	pamela_ig_5_inthebackdoor_0
0xBC4AAE9C	pap1_duaa
0xBC7BFCBD	pap4_avaq
0xBC2523A0	patricia_breakout_02_h4_prop_h4_t_bottle_01a
0xBCBA41C9	pbje_aaab
0xBC64FC89	pbje_abah
0xBC71442E	pbmn_ahab2
0xBCFB6FA0	pbpd_aiad
0xBC0F40D5	pbpro_azab
0xBCC6A30C	pbpro_blab
0xBC6F46FD	pbsh_ahab
0xBC702E8B	ped_walk_box
0xBC06A36A	pegassi
0xBC2254A7	penumbra-63
0xBC330330	pggrm
0xBCAE2C4B	phone_call_cops
0xBC9403C8	pickup
0xBCC5C1F2	pickup_weapon_autoshotgun
0xBCAAD1E4	pickupwait
0xBC9B9953	place_bet_small_alt1
0xBC8E8E9E	player_idle_b
0xBCCF3948	player_lean_rail_loop
0xBCD1A405	plyr_walking_attack
0xBC61FF7C	pomieszczenie
0xBC15EA47	portiere
0xBCB6DAC5	pose_b_idle_k_prop_battle_fan
0xBCE94278	pr_xm_x17dlc_int_02_base_hangar_ac_02
0xBCEBB704	press_spin_a_face
0xBC5291FE	print_appears
0xBC0F60D5	prop_amanda_note_01
0xBCDEFAB5	prop_atm_02
0xBC9130EC	prop_barrier_work06a-10
0xBC8FF981	prop_beer_logopen-13
0xBCC5654D	prop_bmu_02_ld
0xBC02EB42	prop_bong_01-16
0xBCAC6039	prop_bong_01-56
0xBC8B5FF7	prop_bong_01-57
0xBCC7F321	prop_bush_neat_04
0xBC75F307	prop_cs_ciggy_01b-46
0xBC67C7D3	prop_cs_crackpipe-27
0xBC2E61C8	prop_cs_milk_01-31
0xBC1B7728	prop_curl_bar_01-14
0xBC9778E5	prop_dock_crane_02_ld-11
0xBC5F2E81	prop_exit_right
0xBCFE90C1	prop_fnclink_06gate3-6
0xBC05263A	prop_fncwood_17b
0xBC4613D5	prop_glass_stack_05
0xBCF7C688	prop_golf_marker_01
0xBC7C7A43	prop_golf_tee-34
0xBCAC00C9	prop_inhaler_01-3
0xBC4509FF	prop_large_gold-4
0xBCA2DAEF	prop_luggage_02a-56
0xBCAC344F	prop_luggage_03a-13
0xBC4F44A6	prop_mb_crate_01a-7
0xBC57A5D3	prop_military_pickup_01-15
0xBCB893C3	prop_mouse_02
0xBC051F7C	prop_mp3_dock-4
0xBC563E62	prop_mp_ramp_02_tu
0xBC5EE17D	prop_mug_01-14
0xBCB33265	prop_npc_phone-5
0xBC68B649	prop_paints_can01-23
0xBCA03618	prop_paints_can01-34
0xBC30DAC1	prop_phone_cs_frank-10
0xBC4649E5	prop_rub_railwreck_2
0xBCEEBF8D	prop_sacktruck_02b-11
0xBC4F0C53	prop_sec_barrier_ld_01a-42
0xBCD19C9A	prop_sign_airp_01a
0xBCF74D7C	prop_snow_sign_road_06g
0xBCA04FD6	prop_sub_frame_02a
0xBC4D32CD	prop_trev_tv_01-21
0xBC344305	prop_v_hook_s
0xBC304D93	prop_venice_shop_front_01
0xBCBC1575	prop_waterwheelb
0xBC3542FB	prop_weed_block_01-27
0xBC18E147	prop_weeds_nxg08
0xBC633F60	prop_windowbox_b-5
0xBCC596E4	prs_crac
0xBCAE5317	prs_siab
0xBC8FDC20	ps_1_drive_to_bank
0xBCC4F740	pt
0xBCFEB242	purchase.
0xBCD77AC1	qd
0xBC3C7BD0	qualquer
0xBCB34793	racing_e
0xBCE891F0	rampa_bch_unq_crwd_f_78_facial
0xBC0E0572	rampa_cue_idle_d_06_v2_tumbler
0xBC48B738	rampa_cue_idle_e_08_t_bottle
0xBC79DE72	rampa_cue_idle_g_12_hp
0xBCB89C52	rampa_cuedance_idle_b_04_hp_table
0xBCE25321	rampa_cuedance_idle_i_13_s_glass_02
0xBC51DE4A	rampa_mix_idle_e_04_s_glass_03
0xBC77CB11	rampa_trans_awayside_to_away_a_13_s_glass_03
0xBCEB9654	rampa_trans_cuedance_to_cuelean_a_03_s_glass_01
0xBC73DDBB	rampa_trans_cuehpdown_to_cuedance_a_02_v2_s_glass_03
0xBCAB2930	rampa_trans_cuehpgrab_to_cue_a_11_tumbler
0xBC41777A	rampa_trans_mix_to_mixsway_a_02_hp_table
0xBCCA1E99	rampa_trans_mixdance_to_mix_a_04_v2_s_glass_01
0xBCCD3AD8	rampa_unq_sync2_b_16_hp_table
0xBC95FC74	rampa_unq_sync3_g_60_v2_t_bottle
0xBC458F46	rappel_jump_c_prop
0xBC4F2FE3	rbh2a_hyaa
0xBCC6A305	rbh2a_kkaa
0xBC5E20AB	rbq@u
0xBC795F73	rcmminute2lean
0xBC094A74	reaction@gunfire@runs
0xBCAD395D	reaction@wander@threatened
0xBC6E3FA2	reaction_terrible_var02_seat2_facial
0xBC5B901E	reawa_dnaa
0xBCC5D9E4	recgf_bpac
0xBC3EF16D	recover_back_to_idle
0xBCE5ECD8	redcarpet
0xBC02E372	redr2_bnaa
0xBC45B2CB	reh_int3_light_option_2
0xBC54BBE4	reh_prop_reh_folder_01b-26
0xBC1E328C	reject_03_gr_prop_gr_part_lathe_01a
0xBC7C13B5	release
0xBC3379DE	remg2_apad
0xBC1443CC	remg4_agaa
0xBCF32D2C	repap_bvaa
0xBC528F3A	resna_blaa
0xBC9C8932	return_bag_stand_c_rt
0xBCA1D2DE	rh2a_cluck_fight_start
0xBC03077D	right_arm_outro
0xBC96A7E5	roof
0xBCEBA20E	rushing
0xBC92BED5	s_f_y_casino_01
0xBC0798E1	s_f_y_casino_01_dual-34
0xBC269454	s_f_y_genericcheapworker_01_latino_mini_03
0xBC3481BF	s_f_y_shop_mid_dual-21
0xBC316B94	s_m_m_bouncer_01_dual-9
0xBCDF8E75	s_m_m_gaffer_01_dual-36
0xBCF80AB9	s_m_m_highsec_01-9
0xBCE74C7A	s_m_m_highsec_03_dual-1
0xBC0F504A	s_m_m_pilot_01_white_full_01
0xBC0B7EB8	s_m_y_cop_01_dual-36
0xBC07887C	sas1_btaa
0xBCBC812F	sclub_dpaa
0xBC700919	sclub_eaaa
0xBC69ED8F	scr_armenian1
0xBC609B1B	scr_ba_bb_plane_smoke_trail
0xBC4BAE15	scr_ex2_car_slide
0xBC040797	scr_fbi5a
0xBCFB590B	scr_hr_mfh_expdrop_exp_trail_sp
0xBCE3256B	scr_man_surv_food_muz
0xBC2ADF30	scr_sb_hal_zom_dj_death
0xBCCD60E4	scr_xm_para_car_smoke
0xBC352CCE	script_pickup
0xBC3F6732	seated_female_a_idle_c
0xBC9BB3E7	sentinel-43
0xBC6913B9	set_sign_in_email_address_highlight
0xBCF4F4CC	set_using_remote_play
0xBC546909	set_visible
0xBCA7B7C7	sf_prop_sf_bag_weed_open_01a-60
0xBC1D85F1	sf_prop_sf_bowl_fruit_01a-6
0xBC676AE6	sf_prop_sf_door_com_r_06a-35
0xBC194ED2	sf_prop_sf_door_stat_l_01a-41
0xBC25793E	sf_prop_sf_keyboard_01a-72
0xBCE1E768	sf_prop_sf_mic_rec_01a-15
0xBCB5A524	sf_prop_sf_mic_rec_01a-33
0xBC810AA2	sf_prop_sf_music_stand_01a-24
0xBCC51DDC	sf_prop_sf_phone_01a-16
0xBCB95011	sf_prop_sf_s_mixer_01b-18
0xBC75752B	sf_prop_sf_sofa_studio_01a-22
0xBC76671C	sftechgfill_2texture
0xBC4B6A2F	showall
0xBC7FF313	shuttle-bus
0xBCD3A193	sit_idle_01_pooh
0xBC0C11FE	skel_l_hair015
0xBCB979D6	sleep_loop
0xBC9EFA8D	sm_prop_smug_cctv_mon_01-79
0xBCA1EFEA	sm_prop_smug_crate_m_01a-1
0xBCFCFDED	sm_prop_smug_mic-34
0xBC698EA0	smash_case
0xBCBBB941	smun_intro2
0xBC124636	sol1_bqaa
0xBCC2E073	sol5_apaa
0xBC976DB0	sol_dance_c_sol
0xBC1F7676	solosession
0xBC282AE6	somersaultthresh
0xBCF077C1	sonar_agac
0xBC3EC570	sorter_right_tap_table_chair02
0xBCF4F988	soyunmexicanohumilde_1
0xBCC315AF	sp_f_accs_13_5
0xBC996A48	sp_f_decl_1_0
0xBCCE3705	sp_f_eyes_1_2
0xBC1D29B3	sp_f_feet_5_4
0xBC9E45CD	sp_f_feet_7_0
0xBC8A7780	sp_f_hand_5_0
0xBCD04AEB	sp_f_left_wrist_1_0
0xBC02087F	sp_f_teef_3_1
0xBC4A6DAF	sp_m_accs_1_5
0xBCFF4328	sp_m_eyes_5_8
0xBC9E1173	sp_m_feet_13_4
0xBCDC1684	special_ped@andy_moon@monologue_12@monologue_12a
0xBCE61082	special_ped@andy_moon@trevor_2@trevor_2d
0xBCB807CA	special_ped@andy_moon@trevor_3@trevor_3n
0xBC2C54B5	special_ped@baygor@monologue_7@monologue_7a
0xBCB09FFC	special_ped@griff@monologue_5@monologue_5b
0xBC699E2A	special_ped@jessie@monologue_11@monologue_11f
0xBC0453F8	special_ped@pamela@monologue_1@monologue_1b
0xBCFF4DFC	spin_left_threatening
0xBC18B10A	spots_oatfos_ep_1_p1_002-30
0xBC92BEA4	sr_prop_stunt_tube_crn_15d_01a
0xBCAF21FC	staff_problems_v1_player
0xBC1ECAC2	stagd_coab
0xBCE21A3D	stand_cell_phone_male_b_idle_c
0xBC298FEB	stand_loop_car
0xBCF03FC1	standard
0xBCBCD27F	stash_weapons_bag
0xBC223CFD	stiffnessdecaytime
0xBC488987	stingray
0xBCC33C57	strafe_bwd_switch_to_run_ccw_lf_-90
0xBC2A765D	stripper_c_leadin_backroom_idle_a
0xBC80D547	subsamplealphablendstate
0xBC22D732	sun_moon_and_stars_testcam
0xBC2AE1D9	surfer2-20
0xBC9B49F3	suspect
0xBC5DC07E	taipan
0xBCA03DE1	take_a_piss_cam
0xBCA7FED6	tale_intro-4
0xBC84FD8B	tampa2-30
0xBC0F153D	task_arrest_ped
0xBC1E3D0A	task_goto_entity_offset_xy
0xBC5C1D3C	tatto
0xBC85E3A2	taxi_got_u_now
0xBCC54E04	tcff5
0xBC63A397	texelsize
0xBCBC9211	ti_to_hi_f03
0xBCFDB6CC	tolerance
0xBC77F4C8	tou_idle_mid_e_headphones_mm
0xBCF70BDF	tou_idle_open_c_mm
0xBCA605E8	tou_trans_mid_to_open_d_glass_cc
0xBCE9A610	tou_trans_pc_open_to_mid_a_mm_face
0xBCC16B44	tow_ltab
0xBCFBE91D	towarowy
0xBC384CA1	tr2_cmac
0xBC2A12CF	tr2_cyaj
0xBCF81C2B	tr_prop_tr_car_lift_01a-4
0xBCF5CB71	tracey_idle_d
0xBC02F29D	trv_1_mcs_1_p1-9
0xBC02986D	trv_5_int-1
0xBC0A8BCB	trv_dri_ext_meth_leadin_cam
0xBCFD95DD	tug-10
0xBC7704CF	tunnel_yellow_ext
0xBCC6A6A5	tv_idle_a_cam_tv
0xBCC610F8	two_cocktail_bartender_heeled
0xBCC76600	txm6_deap
0xBC85117F	txm8_dmah
0xBC0E00C8	u_m_y_smugmech_01_dual-48
0xBC299BB8	unit_cube_parameters
0xBCDD40DA	uploadurl
0xBC113F8C	url
0xBCD999A2	usezmpgravitycompensation
0xBC05F311	v_19_strip3pole
0xBC38B7D8	v_19_strprvrmgdbits
0xBC9625DD	v_31a_newtun4shpile008
0xBCF120D1	v_31a_tun03j
0xBCD317DE	v_8_framestd
0xBCE944CC	v_club_rack
0xBC024630	v_ilev_fib_door1_s-10
0xBC4ABFA7	v_ilev_garageliftdoor-25
0xBCCE4EEE	v_ilev_ss_door03-0
0xBC61BD3C	v_ilev_ss_door04-71
0xBCBAD1A3	v_ilev_trev_door
0xBCF0F401	v_ilev_trevtraildr-30
0xBC5C7A9B	v_ind_cs_box02
0xBCB35D49	v_ind_ss_chair2-11
0xBC0C360F	v_ret_gc_plant1-29
0xBCA2A815	v_ret_gc_trays
0xBC72609B	v_serv_bs_cond
0xBC8DC76C	var_01_pose_01
0xBC53034C	veh@boat@dinghy@fps@enter_exit
0xBCB46D86	veh@drivebybike@dirt@front@unarmed
0xBCCC5085	veh@drivebyvan_rear_near_ds_2h
0xBC65586B	veh@low@front_psmusic@mexicanbase
0xBC6B4999	veh@submersible@ds@enter_exit
0xBC3F753F	veh@truck@ps@music@motownidle_a
0xBCE57FEF	veh@van@ds@fpsbase
0xBC9BFB80	veh_exhaust_start
0xBCBE7226	vehicle_export
0xBCE908DB	vehicle_weapon_scramjet_missile
0xBC898914	vehicles_schaf_w_interior
0xBCA64927	veui_ed_mk_fxin_hlp
0xBC3F2E89	victim_hit_from_right
0xBC8E3190	vlvav
0xBCD61C3B	volatol-0
0xBC154362	vw_prop_casino_magazine_01a-0
0xBC0E81BB	vw_prop_casino_water_bottle_01a-8
0xBCDC748D	vw_prop_casino_wine_glass_01b-3
0xBCC05B81	vw_prop_vw_casino_door_02a-14
0xBC161E1C	vw_prop_vw_wallart_145a
0xBCC3F437	w_ar_assaultrifle_mag1-38
0xBCF81A38	w_ar_specialcarbinemk2_mag_ap
0xBC3E4E03	w_at_ar_barrel_1-34
0xBC997D9F	w_lr_rpg-6
0xBC82F233	w_me_bat-9
0xBC35D08B	w_sr_heavysniper_mag1-26
0xBC04B89C	w_static_drop
0xBC71ABFA	walk_additive_backward
0xBC68FEC7	washingt
0xBC5FDD87	water_boat_lod
0xBC462FC0	waterboard_kick_victim_facial
0xBC01E4CD	waterboard_loop_to_ready_player
0xBCEA3D03	waypoint_c_exit
0xBC063FBA	we_are_all_related_0
0xBC8334BC	weapon_attachment_unequip
0xBCD5D5EA	weapon_select_parachute
0xBC9E04C7	weapons@first_person@aim_scope@p_m_zero@submachine_gun@shared@aim_trans@unholster_to_scope
0xBC491A69	weapons@first_person@aim_stealth@p_m_zero@assault_rifle@shared@aim_trans@stealth_to_scope
0xBCE69BEA	weed_defend_shootout_prepare
0xBC5BD61E	whatupnigga
0xBC5067DA	wheel_spin_sand
0xBCDDB3D2	workout
0xBC110D88	worldwide
0xBC56B178	wstop_l_-180
0xBCBA0B37	wtf_exit_male
0xBCB2E29E	wystarczy
0xBC98D61A	xm25_avi6_rescue_mcs1c-12
0xBC11CB4D	xm25_mansion_inta-44
0xBC3F6DB7	xm25_mansion_intb-16
0xBCDA631D	xm25_mansion_intb-23
0xBC93727F	xm3_des_xm3_velum2_crash_08-0
0xBC401B07	xm3_prop_xm3_box_pharma_01a-10
0xBCB4A46B	xm3_prop_xm3_package_01a
0xBC8DB476	xm3_prop_xm3_pill_01a-75
0xBC76D5F4	xm3_prop_xm3_pouch_01a-61
0xBC5E66FE	xm_prop_x17_add_door_01-17
0xBC4FBE57	xs_arenalights_track_atlantis
0xBC66A271	xs_prop_arena_pit_fire_02a_wl
0xBCB9FB3E	xs_prop_arena_stickynote_01a-16
0xBCAEA1D8	xs_prop_x18_garagedoor02-15
0xBC17AE86	xs_propint2_building_01
0xBC357DFB	xs_propint2_set_scifi_04
0xBCEB0386	xs_propint2_set_scifi_09_ems
0xBCCA00FE	xs_terrain_set_dyst_01_grnd
0xBC60521A	xtra_teef000_tag_back
0xBC2DE429	yscqz
0xBC2AB2B2	ytchannelfail
0xBC1DCF50	zion2-21
0xBC8D22D3	zion2-9
0xBC98F60B	zr350-0
0xBCFA40B1	zvaicpt
