0xC211933B	/rrt
0xC25C0E4B	001077_05_f_a
0xC2087C23	001080_04_m_b
0xC2D85CA7	001393_02_mics3_3_talks_to_guard_exit_guard
0xC27E21CE	002110_04_magd_3_weed_exchange_shopkeeper
0xC2587F94	04_dialogue_iaa_blacksite_nas
0xC23A087F	07:00
0xC241BAFD	1st_person_low
0xC274C7BC	1st_person_outro_high
0xC293432D	285_michelli_modkit
0xC2286629	2a_leadout_cop
0xC23F1273	3.3.94
0xC2C680F0	355_scarab3_modkit
0xC2CED991	469_dominator8_modkit
0xC2A67BDB	@n9cpcdl-
0xC223CD14	@r736
0xC284DB9D	_leadout_action_lester
0xC25AEF94	_unk_12
0xC27C914E	_x_v_
0xC2F4DA39	a.mdx
0xC2D06F53	a_c_rhesus
0xC297C122	a_f_m_tourist_01_dual-53
0xC222E679	a_f_y_beach_02_dual-8
0xC2E494E3	a_f_y_bevhills_01-13
0xC29DFC26	a_f_y_bevhills_02_r2pvg
0xC2CC880F	a_f_y_fitness_01-11
0xC2434252	a_f_y_genhot_01_dual-21
0xC22A6AA9	a_f_y_hipster_02-46
0xC228ABC9	a_f_y_hipster_02_dual-2
0xC2393483	a_f_y_rollercoaster_01_mini_03
0xC2153FB5	a_f_y_tourist_02_dual-51
0xC27C3FDA	a_m_m_fatlatin_01_dual-28
0xC2173E8B	a_m_m_mexlabor_01_dual-1
0xC2FBFEFE	a_m_m_soucent_04
0xC2A87702	a_m_m_stlat_02
0xC27195D4	a_m_y_busicas_01_dual-22
0xC2942EBD	a_m_y_epsilon_01-4
0xC27CA761	a_m_y_gencaspat_01_dual-10
0xC2429D5B	a_m_y_latino_01_latino_mini_02
0xC26D3FE7	a_m_y_soucent_01_dual-12
0xC2AEC715	a_m_y_stbla_01_dual-6
0xC297CE44	a_m_y_surfer_01-40
0xC27285F2	ac24_mph_nar_int_p1_cyan_lamp004-30
0xC21ED82E	ac2_fspot_fos_ep1_p1_00-9
0xC23AAE2C	ac6_ped_mic_2_int_p2_002-31
0xC29BC93E	adam_away_dance_j_16_v2_hp
0xC2429EB0	adam_away_sync_f_15_v2_tumbler
0xC2EC543A	adam_mix_idle_c_05_tumbler
0xC2AA6948	adam_trans_away_to_mix_a_09_end_tumbler
0xC2F353C6	af_turn_off_collision
0xC2D0BC6A	aggressive_exit
0xC2D6CC9D	ah3a_2nd_stairwell
0xC22E0BA1	ah3b_evaa
0xC25E71B4	ah3b_jbaa
0xC28AD319	ah_3a_int-0
0xC26F7879	amb@code_human_in_car_mp_actions@finger@bodhi@rps@base
0xC261A3DA	amb@code_human_in_car_music@van@ps@idle_a
0xC2040251	amb@code_human_wander_idles_fat@male@idle_a
0xC2EA45A1	amb@prop_human_seat_chair@female@proper_skinny@react_flee
0xC2DC0B53	amb@world_human_drinking@coffee@female@enter
0xC2AFC9C8	amb@world_human_hammering@male@base
0xC2925ABA	amb@world_human_hiker_standing@male@idle_a
0xC2978A17	ambclub_06_mi_hi_base_v2_glowstick_l
0xC26D562A	ambient_gang_ballas
0xC2A7C889	ambient_tv_01
0xC2F89D0B	ambient_tv_10
0xC235D002	anim@amb@casino@hangout@ped_female@stand@03b@idles_convo
0xC2BF9301	anim@amb@nightclub@mini@dance@dance_solo@techno_monkey@
0xC2C6B776	anim@mp_player_intcelebrationfemale@driver
0xC2BBB395	anim@mp_player_intcelebrationmale@salute
0xC26B19F0	anim@mp_player_intincarslow_clapstd@ds@
0xC20099B1	anim@scripted@freemode@subrob_ig_grab_blow_torch@heeled@
0xC2351A0D	anim@scripted@freemode@tunprep_ig_grab_midd@male@
0xC2DC2C72	anim@scripted@ulp_missions@iaa_intro@heeled@
0xC2E59B55	anim@veh@drivebyboat@longfin@rds
0xC2D234CD	anim@veh@jeep@winky@ds@enter_exit
0xC2B41B96	anim@veh@lowrider@std@ds@arm@music@punkidle_a
0xC2E141BD	anim@veh@truck@wastelander@rds_front@base
0xC2866418	anim_ac1_fos_ep1_p5_003-18
0xC266A492	anim_ac61_fos_ep1_p6_02-22
0xC2E81A65	anim_ac70_fos_ep1_p6_02-7
0xC20D0B0F	anim_ac72_fos_ep1_p6_00-29
0xC2D9F95A	anim_ac72_fos_ep1_p6_01-11
0xC25E7987	anim_ac72_fos_ep1_p6_01-29
0xC2EC7D3C	anim_ac73_fos_ep1_p6_00-7
0xC2BE0EEE	anim_ac73_fos_ep1_p6_02-17
0xC289A12E	anim_ac76_fos_ep1_p6_00-16
0xC25032DC	anim_ac83_fos_ep1_p6_00-33
0xC2CC5D1F	anim_ac83_fos_ep1_p6_01-10
0xC26BDC6E	anim_ac83_fos_ep1_p6_01-17
0xC2F11209	anim_ac83_fos_ep1_p6_02-23
0xC2230F55	anim_ac83_fos_ep1_p6_02-30
0xC2653B67	anim_casino_a@amb@casino@games@slots@ped_male@engaged@01a@idles
0xC2D6EEEB	anim_casino_b@amb@casino@games@roulette@ped_male@seat_2@regular@02b@play@v02
0xC2EECB9F	anim_corona_oat_fos_ep1_p6_10-11
0xC2BFA786	anim_corona_oat_fos_ep1_p6_12-25
0xC2C992D0	anim_freemode@collect@aliensuit_ext@
0xC2AB50BC	anim_heist@arcade_property@mission_start@paleto_bay@exit_03@male@
0xC27095CD	anim_oat_fos_ep1_p6_03-33
0xC281A7BE	anim_oat_fos_ep1_p6_040-15
0xC286E72A	anim_oat_fos_ep1_p6_040-3
0xC20312B7	anim_oat_fos_ep1_p6_050-13
0xC273D5F4	anim_oat_fos_ep1_p6_27-2
0xC24A36D8	anim_spots_oat_fos_ep1_p6_01-6
0xC2B99DA8	animl_anao
0xC260AA3E	animl_beaa
0xC2662255	animl_crai
0xC2595A7F	animl_gxad
0xC2664A02	ansph_bjaa
0xC21B0803	anziano
0xC2F2AD3D	apa_yacht_grp11_1
0xC214A8D1	ar2_arab
0xC29FB2AB	ar2_dpaa
0xC2200912	ar_club_music_17
0xC210C02F	ar_dlc_biker_meth_warehouse_electrical_boxes_01
0xC2DC2530	ar_dlc_xm_int_sub_reactor_hum
0xC22812B3	ar_vehicles_motorbike_start_cp
0xC2FD457D	arm3_adag
0xC2BD8D7B	asbo-44
0xC222FFC7	ask_you_a_question_7
0xC2707942	assert
0xC2A65A23	attack
0xC2433732	attention
0xC2EEF7B4	autoclip1_fbi_4_mcs_2_a1_p3_01-8
0xC278287C	avenger3-23
0xC28AA340	average_shit_cam
0xC26FC2E9	averages
0xC209458B	az_biker_camp_trailer_07
0xC2C12E24	ba_prop_battle_emis_rig_04
0xC28D3872	ba_prop_battle_mic-23
0xC252AE65	ba_prop_battle_mic-51
0xC21367C7	ba_prop_battle_sniffing_pipe-33
0xC2822FD1	ba_prop_door_club_trad_generic-20
0xC2CA4E88	ba_prop_door_elevator_1r-57
0xC255EF0A	bagger-5
0xC2A9A2E3	barge_door
0xC222F11F	bartender_intro_cam
0xC2541F0F	base_idle_tank_pencil
0xC293EDB9	base_to_attract_chair
0xC23C3BCD	bb3_apad
0xC2213080	bed_exit_michael
0xC2409457	bench_on_phone_outro_cam
0xC29A602C	bh1_16_doors_shut
0xC20F17B0	bike_bell
0xC27B9443	biker_defend_crash_deal_fight
0xC210D809	bink_alpha
0xC27D07DB	bkr_mp_biker_fakeid
0xC2D7F2C7	bkr_prop_meth_smallbag_01a
0xC2E9DE01	blimp_aeaa
0xC2AB9B82	blindfire_low_l_centre_base
0xC272FA65	blindfire_low_l_centre_exit
0xC252365A	blip_enemy
0xC2A9C7AA	bmad_intro-16
0xC23656BF	bodyguard_breakout_02_bodyguard
0xC21D8A49	bokeh_8sided_iris_4x4sheet
0xC2247DD6	booty_cbaa
0xC22D459C	breaker_01
0xC2DAD0EC	brush_off_a_m_y_vinewood_01
0xC2B65FBB	bs2b_esaa
0xC2A692DA	bs2b_ocaa
0xC246CC77	btl_delivering_start
0xC2752EAC	busto_bpar
0xC25D5915	c4pwjwwikguxchd69egl2aowh2zrmzzaoqehfqfcmelybd32qfw9s10px6k0o75xzeb5ysi9q9tdeurgdbvksxc
0xC2216549	cansa
0xC26949CD	cascadeshadows_rendering
0xC2D4D74E	case_success
0xC29F8F4E	cavalcade3
0xC282F28B	cbrad_bhac
0xC2954CF1	cbrad_dyab
0xC23DAE8E	cellphone_call_listen_c
0xC2872258	ch_dlc_casino_vault
0xC206DC4F	ch_prop_arcade_street_01a-28
0xC2040B6A	ch_prop_arcade_street_01b_off-36
0xC2360449	ch_prop_ch_casino_backarea
0xC288C256	ch_prop_ch_hatch_liftshaft_01a-3
0xC255BEF5	ch_prop_whiteboard_04-45
0xC22A32FD	chacun
0xC2F1A989	challenge_accepted_hit_car
0xC234C74A	chatc_bgab
0xC27357E5	chi2_ddah
0xC2435C8B	choice_int-2
0xC251356E	chop_ajaa
0xC23846FB	clamp_wait_loop_hand_l
0xC208422E	claro
0xC2FF97E1	cleaning_inside_by_hand_rag
0xC2286F01	clothing
0xC2877F39	club_intro2-19
0xC2B2CA8C	club_open-22
0xC2494B7B	club_open_p1_t01_clip2_001-54
0xC2256520	code_human_police_investigate
0xC27D4AE9	colorspace
0xC244B74F	combat@chg_positionpose_c
0xC2A88043	common:/data/control/trigger_swap.meta
0xC200E0AF	componenttype
0xC2FB886E	cop_walk_b
0xC27BFEA1	core
0xC2E08BCE	corona_fos_ep1_p1_01-23
0xC250A934	cover@first_person@move@base@rpg
0xC23E94F3	cower_base_bag
0xC2F6BF29	cpacketstartscriptptfx
0xC2368FE4	cpacketupdateoffsetscriptptfx
0xC244EFE0	creatures@pigeon@amb@world_pigeon_standing@base
0xC2AB12C3	crew_logo_fixer_0
0xC20E0853	crowddance_hi_11_handup_laz
0xC2C3D6A6	crush_depth_cam
0xC2DFB341	cs_amandatownley_02_dual-47
0xC2ED4FB9	cs_barry_dual-5
0xC261444F	cs_drfriedlander_dual-86
0xC24C7D08	cs_fam5_ped_water_drips
0xC29F78B1	cs_fbisuit_01_dual-1
0xC2A699D6	cs_josef_dual-10
0xC2968B3D	cs_lazlow_2_dual-22
0xC223DC75	cs_mrk_dual-14
0xC2F7520F	cs_nervousron_dual-19
0xC2F78878	cs_orleans_dual-49
0xC2CB4B1C	cs_paper_dual-14
0xC26303F2	cs_stretch_dual-12
0xC25752E4	cs_sv_yard_car_wheel_smoke-29
0xC279D22D	cs_sv_yard_car_wheel_smoke-33
0xC24F8349	csb_agent_dual-20
0xC24E39B5	csb_anita_dual-28
0xC25164C9	csb_ary_dual-6
0xC2C7A9A8	csb_callgirl_02_dual-24
0xC21091E8	csb_huang_dual-6
0xC2C6F0AB	csb_hugh_dual-30
0xC2005A40	csb_janitor
0xC2A6E2FC	csb_jio_dual-7
0xC29F7322	csb_oscar_02
0xC2800DBE	csb_ramp_gang
0xC24BFE6B	csb_sessanta_dual-11
0xC2C927AD	csb_tonya_dual-1
0xC202683F	csb_valentina_dual-73
0xC2F95040	cst2_afab
0xC2F8103B	cst2_ekaa
0xC28F797A	cst2_hfae
0xC2CEE30D	cst4_efaa
0xC2CDADDC	cst4_enac
0xC20210A1	cst7_doav
0xC225F31A	cut_hs4_cctv_animal_maul-4
0xC2A777C4	cut_hs4f
0xC2F706CE	cut_hs4f_photo_burn-24
0xC23CCD14	cut_sec_cig_lighter_flame-1
0xC2A314D4	cut_sec_cig_lighter_flame-22
0xC222F7CC	cut_sec_golf_grass_drop-15
0xC2BC7E93	cut_sec_golf_grass_drop-41
0xC2D03461	cutting_loop_down_right_corner_grill
0xC2A8CDB8	d_ac1_fin_c_ext_p3_01-13
0xC295F972	d_ac3_hs4_scp_airs_p2_t07_03-30
0xC229C78F	d_ac6_mic_2_int_p2_trevor_bounce002-14
0xC2C0F7A5	danceintensityflash01
0xC2E3EEB6	dark.light.offset
0xC2CADC8A	des_finale_vault_start
0xC260B836	dh1_gbaa
0xC292E8F9	dh2a_ajaa
0xC279E3A0	dh2b_egaj
0xC2394470	dh2b_foaa
0xC2BA0173	dh_1_follow_floyd_start
0xC28B6A0A	dhf_adae
0xC2EC5CDE	died_in_drowninginvehicle
0xC2455ACB	dimension
0xC2D04646	dive_bh
0xC2C4697E	dix_end_dix_face
0xC2E2140B	dixn_idle_cntr_gb_dix_face
0xC253082F	dixn_sync_cntr_j_headphones_table
0xC265375D	dlc_aw_arena_speech_ducking_scene
0xC2D4FD3C	dlc_fixer_short_trip_01_back_of_truck_scene
0xC2D544E4	dlc_mp2023_02_chicken_warehouse
0xC21BF4CB	dlc_mp2023_02_garage_b5
0xC2FD2562	dlc_mp_apa_f_jbib_21_4
0xC22D1F17	dlc_mp_apa_m_jbib_17_9
0xC204E44A	dlc_mp_apa_m_legs_11_2
0xC27AD06A	dlc_mp_arena_f_berd_1_8
0xC2B207CC	dlc_mp_arena_f_hand_9_1
0xC2EE292F	dlc_mp_arena_f_jbib_16_10
0xC20FC10A	dlc_mp_arena_f_jbib_16_9
0xC20DEBF1	dlc_mp_arena_f_jbib_9_13
0xC2A0780C	dlc_mp_arena_f_special_1_20
0xC266B200	dlc_mp_arena_m_berd_5_11
0xC21D30C1	dlc_mp_arena_m_berd_7_6
0xC292C3DA	dlc_mp_arena_m_feet_8_14
0xC2845ADF	dlc_mp_arena_m_legs_8_1
0xC2D96735	dlc_mp_bh_f_jbib_8_6
0xC2A7FF62	dlc_mp_bh_f_special_0_14
0xC2B4F54F	dlc_mp_bh_m_feet_1_15
0xC2C2B748	dlc_mp_bh_m_jbib_14_8
0xC2317D3D	dlc_mp_bh_m_special_1_10
0xC27D0DE6	dlc_mp_biker_f_hand_2_4
0xC224DEC3	dlc_mp_biker_f_jbib_17_4
0xC2482108	dlc_mp_biker_f_jbib_5_2
0xC2B16C1C	dlc_mp_biker_m_hair_3_0
0xC22DDF2D	dlc_mp_biker_m_hand_3_1
0xC2E88346	dlc_mp_biker_m_jbib_12_1
0xC2833E6D	dlc_mp_biker_m_jbib_15_0
0xC2CD0FEA	dlc_mp_biker_m_special_0_22
0xC22E5143	dlc_mp_biker_m_torso_11_1
0xC2D488D5	dlc_mp_busi_f_feet1_11
0xC2FCA8B0	dlc_mp_busi_f_legs1_7
0xC2FA0557	dlc_mp_busi_m_berd2_8
0xC2531091	dlc_mp_busi_m_legs0_7
0xC2B550B9	dlc_mp_business_f_hat1_3
0xC2DB7402	dlc_mp_exec_f_jbib_13_7
0xC2E9892A	dlc_mp_exec_m_jbib_11_6
0xC210982B	dlc_mp_fixer_f_jbib_0_0
0xC2EABF9F	dlc_mp_fixer_f_phead_6_7
0xC271F02D	dlc_mp_fixer_m_jbib_2_25
0xC26A67C6	dlc_mp_fixer_m_legs_1_22
0xC2489803	dlc_mp_fixer_m_peyes_1_1
0xC2E2C505	dlc_mp_gr_f_berd_1_16
0xC20984C8	dlc_mp_gr_f_jbib_13_21
0xC26C116D	dlc_mp_gr_f_phead_0_10
0xC26B0DAE	dlc_mp_gr_f_phead_5_12
0xC2862BFA	dlc_mp_gr_f_special_14_1
0xC26E228C	dlc_mp_gr_f_special_1_9
0xC24760EE	dlc_mp_gr_f_special_20_0
0xC21331A4	dlc_mp_gr_f_torso_21_6
0xC27A30E3	dlc_mp_gr_f_torso_29_14
0xC29075A9	dlc_mp_gr_m_berd_4_15
0xC2AE605C	dlc_mp_gr_m_jbib_12_1
0xC2725FE4	dlc_mp_gr_m_jbib_12_6
0xC2468758	dlc_mp_gr_m_legs_3_6
0xC23709CD	dlc_mp_gr_m_phead_7_0
0xC20E51CA	dlc_mp_gr_m_torso_10_14
0xC2B2F8FF	dlc_mp_gr_m_torso_21_16
0xC24841E9	dlc_mp_gr_m_torso_23_14
0xC2949678	dlc_mp_h3_f_feet_0_0
0xC2E35C00	dlc_mp_h3_f_jbib_9_22
0xC2F6937F	dlc_mp_h3_f_phead_2_2
0xC209AFC1	dlc_mp_h3_f_special_11_4
0xC2914E32	dlc_mp_h3_f_special_12_0
0xC232719E	dlc_mp_h3_m_berd_14_16
0xC27E4182	dlc_mp_h3_m_phead_6_15
0xC2EC05E1	dlc_mp_h4_f_hand_3_18
0xC2211FE9	dlc_mp_hal_m_berd_1_1
0xC2E0A8E0	dlc_mp_hal_m_berd_5_0
0xC29FC798	dlc_mp_heist_f_special2_0_4
0xC27BE367	dlc_mp_heist_m_berd_21_2
0xC2F2C84E	dlc_mp_ie_f_jbib_21_7
0xC25EDC26	dlc_mp_ie_f_legs_6_7
0xC20F5E7E	dlc_mp_ie_f_special_3_16
0xC2C81FB4	dlc_mp_ie_m_jbib_12_6
0xC2957FC7	dlc_mp_ie_m_jbib_14_22
0xC29AD0FE	dlc_mp_ind_m_hair0_3
0xC2BF8118	dlc_mp_ind_m_phead_6_1
0xC24B60FD	dlc_mp_jan_m_peyes_0_6
0xC2698E97	dlc_mp_luxe_f_jbib_4_17
0xC2A58A22	dlc_mp_luxe_f_special_1_4
0xC2AA469B	dlc_mp_pilot_f_hand_5_4
0xC2AC6780	dlc_mp_pilot_f_hand_6_13
0xC29789EB	dlc_mp_pilot_f_torso_0_0
0xC2F4FC05	dlc_mp_smug_f_phead_7_12
0xC28F7170	dlc_mp_smug_m_jbib_1_3
0xC2DD763F	dlc_mp_smug_m_jbib_7_20
0xC2F04BFF	dlc_mp_smug_m_phead_4_14
0xC2E1622E	dlc_mp_smug_m_phead_6_19
0xC2D6F627	dlc_mp_smug_m_phead_7_23
0xC2386C4F	dlc_mp_stunt_f_jbib_6_17
0xC2BAFB67	dlc_mp_stunt_f_legs_1_8
0xC2AC01B7	dlc_mp_stunt_f_phead_15_6
0xC2B15DF6	dlc_mp_stunt_m_special_1_1
0xC2355CE1	dlc_mp_sum2_f_feet_0_10
0xC20AA090	dlc_mp_sum2_f_jbib_0_18
0xC2EAA5D9	dlc_mp_sum2_f_jbib_13_11
0xC273CD0C	dlc_mp_sum2_f_phead_6_5
0xC24589C0	dlc_mp_sum_f_jbib_0_17
0xC24D210D	dlc_mp_sum_f_jbib_11_3
0xC2D63D83	dlc_mp_sum_f_jbib_2_11
0xC2E7C4EE	dlc_mp_sum_m_jbib_7_11
0xC2846547	dlc_mp_sum_m_special_2_6
0xC2EDDF9E	dlc_mp_sum_m_torso_12_1
0xC2CEA7EE	dlc_mp_tuner_f_feet_1_1
0xC2241DB0	dlc_mp_val_f_accs1_1
0xC243354F	dlc_mp_vwd_f_pleft_wrist_4_3
0xC2D83D43	dlc_mp_vwd_m_jbib_10_4
0xC2C3107B	dlc_mp_vwd_m_jbib_21_10
0xC23586B4	dlc_mp_vwd_m_legs_4_0
0xC276BDB8	dlc_mp_x17_f_feet_5_9
0xC29C91C8	dlc_mp_x17_f_jbib_6_17
0xC2065C23	dlc_mp_x17_f_phead_2_19
0xC2C51794	dlc_mp_x17_m_feet_4_15
0xC24A140B	dlc_mp_x22_f_jbib_24_23
0xC21D290A	dlc_mp_x22_f_phead_0_12
0xC2295195	dlc_mp_x22_m_decl_5_0
0xC2404820	dlc_mp_x22_m_jbib_10_12
0xC2DE1AF7	dlc_mp_x22_m_jbib_6_6
0xC24D795F	dlc_mp_x22_m_special_0_22
0xC24410A4	dlc_mp_x22_m_teeth_9_1
0xC2698822	do_you_want_to_be_happy_7
0xC2E1D12B	door_champagne_pass_tray
0xC28B123C	draw_gun
0xC2B83A71	drey1
0xC23C3F56	drey1_azaa
0xC2C5252C	drf_fgab
0xC25DEE24	drf_mic_1_cs_2
0xC2202B84	drf_mic_1_cs_2-18
0xC22D7006	drf_mic_3_cs_2-34
0xC29DEE83	drf_mic_3_cs_2-57
0xC21A5F21	drink_idle_01_glass
0xC221B788	drunk_breakout_dd2
0xC2798901	duke
0xC2B207D8	e.g
0xC2ED7685	e_pluribus_unum_4
0xC252DF20	eject_mounted_turret
0xC2D0BC25	email.
0xC28742CB	empty_crowbar
0xC2FF671B	eng_ig12_idle_start
0xC22BD099	enter_left_a
0xC2BB1E78	enter_periscope
0xC2927CE3	epsd_afag
0xC2BB4AFA	equip
0xC2648640	es_3_mcs_2-2
0xC2F56A5B	event_reaction_combat_victory
0xC2C5506B	ex_prop_door_maze2_roof
0xC25E5728	exit_01_la_mesa_ped_c
0xC23B14E0	exit_bus_player_guard
0xC23119F4	exit_enginepanel
0xC26AF93E	exit_gang3
0xC2B18340	exit_high_l_0-5m_-180_facecover
0xC2A9E160	exit_stop_a
0xC23FA760	exl1_cmak
0xC2BC8074	ext1_ciad
0xC285234B	ext1_dmaa
0xC20218B6	ext2_afah
0xC2417926	extreme_griefing
0xC20947A5	fail_serv
0xC25A71D6	fam1_gvag
0xC2BB5903	fam3_exaa
0xC2742F1F	fam6_ajav
0xC23A2780	fama_deaa
0xC2CB53DA	family_1_int-0
0xC257941B	famt_dqaa
0xC2811097	fan1_bsac
0xC286B8F4	fast_pedal_right_bike
0xC2C26B84	fatl_dzaa
0xC299F90E	fb_r_cheekbone_002
0xC293AB47	fbi4_ramcam_cam
0xC266337E	fbi5a_kiaa
0xC2850990	fbi5a_lsaa
0xC29247D6	fbi_2_mcs_3b-0
0xC2DAC2B9	fbi_3_mcs_5p2-2
0xC2AD45C1	fbis1_bqaf
0xC25B4100	fbis1_csac
0xC2C4FA9C	fbis4_iuaa
0xC25EF4B2	fbis4_jdad
0xC2E6D613	fcfj_csag
0xC2DFB343	fcft_cyae
0xC28A9B70	fcft_dhag
0xC2A6E8B9	fcft_dman
0xC21BEE16	fcftl_csad
0xC2B4308C	fcma_csad
0xC2002383	fcma_dnak
0xC2C6B171	fcmf_cyag
0xC2EC6DB3	fcmf_dkag
0xC2972128	fcmf_dqag
0xC28462AF	fcmft_crah
0xC26AF4E3	fcmft_deag
0xC23FAB7A	fcmj_cnaj
0xC249FB3A	fctl_cnak
0xC2347943	female_dealer_focus_player_01_idle_impatient_split_facial
0xC2FE1696	female_hold_arm@_idle_a_idle_b
0xC230C4C2	female_retrieve_cards_player_03_facial
0xC2206F58	fh2a_carts_ma
0xC209A346	fh3a_avaa
0xC28864C4	fh3a_doaa
0xC2F4C682	fh3a_gvaa
0xC2A3B750	fh3a_gvbl
0xC2DFC981	fh3a_hlaa
0xC280F73E	fill_ac5_mph_hum_fin_int_p2_005-5
0xC22B1B5C	fill_ac8_mph_pac_fin_int_p1_t01_002-2
0xC2F77FC8	fina_kill_restart
0xC2547B52	finc1_adah
0xC2E56EFD	fix_trip3_mcs1-22
0xC2B6A77D	fixf_fin_mcs2-43
0xC2B8847B	fixf_fin_mcs3
0xC273C413	fkn0_azad
0xC286D6F9	fkn0_edaa
0xC2D93FE5	fkn0_eyae
0xC2BC19E6	fkn1_hoac
0xC252A0D5	fkn1_kqaa
0xC2AA6646	flag_has_tombstone
0xC27E1C69	flag_third_turret_mod
0xC2AC7F10	flag_use_lighting_interior_override
0xC2A8F801	flee_right_exit_back
0xC2F3BDA9	flughafenangestellter
0xC276C9D9	fm_1_bfaf
0xC221F1FE	fm_1_dgaa
0xC2EA2061	fmf_bnaa
0xC28E2EA0	forklift_superviseb_left_a
0xC2FC0D70	fos_ep_2_p5b
0xC23F1644	frlfb_azad
0xC28E8A4F	frlfb_bfag
0xC2ED96BB	frlfd_aaac
0xC25BDF27	g_m_m_armlieut_01_dual-2
0xC298B1B7	gallery_empty
0xC2244176	gangster
0xC2444635	gauntlet-8
0xC241586E	gear_door_fl
0xC2DE2955	generic_insult_med
0xC2FC334D	giallo
0xC26DF650	golf_chat_with_trevor
0xC2B23C70	gr_prop_gr_jailer_keys_01a-21
0xC21CB1FA	gr_prop_gr_rsply_crate04b-75
0xC2855E3F	gr_prop_gr_torque_wrench_01a-21
0xC2398307	gr_prop_gr_tunnel_gate-28
0xC233E417	gtao_apt_door_roof_metal_sounds
0xC25E22B5	h4_des_hs4_gate_exp_03
0xC2B4D1B7	h4_p_h4_champ_flute_s-19
0xC2002AF0	h4_prop_h4_ld_bomb_02a-7
0xC2DB86EA	h4_prop_h4_lp_01a-5
0xC2C61946	h4_prop_h4_luggage_02a-9
0xC24E5527	h4_prop_h4_painting_01c
0xC2C40FA8	h4_prop_h4_pillow_03a
0xC20E3C35	h4_prop_h4_wheel_velum2-4
0xC2C40950	hack_loop_var_01_ch_prop_ch_usb_drive01x
0xC27729B7	halfway
0xC237D464	hash_c237d464_haowflm_collision
0xC24FB4AE	hash_c24fb4ae_rhllvtk_collision
0xC25F0409	hash_c25f0409_yqtkvpfa_collision
0xC2C05F2F	hash_c2c05f2f_aeljhhit_collision
0xC2EAA339	hash_c2eaa339_plvhhxq_collision
0xC2F9EB48	hash_c2f9eb48_ipedofaa_collision
0xC2D95DBA	hc_hacker_dual-1
0xC211E5AE	heat_fkaa
0xC24B32F9	hei_heist_acc_jar_01
0xC2924A34	hei_prop_heist_ammo_box-4
0xC22925ED	hei_prop_heist_binbag-0
0xC2C4FE04	hei_prop_heist_emp-26
0xC274EE9B	hei_prop_heist_off_chair-13
0xC242DDFF	hey_how_you_doing_6
0xC2FEEB44	hey_one_time_lamar
0xC2706B6A	highfall_slope_slide
0xC2040440	highlight_move_left_right
0xC2DE1901	hlsl
0xC283BC82	hohlspitzgeschosse
0xC2E4F502	hood
0xC2D3A2E3	hotspot
0xC252EE4D	hs4_nimb_lsa_isd-31
0xC2AC5F04	hs4_nimb_lsa_isd-96
0xC2E9C7FB	htamb_afae
0xC2A8C63E	hud_replay_misc_text
0xC2D6DD0D	huffman
0xC2C5BDA9	hum.
0xC2CC430D	hunt2_afaa
0xC23C2B0A	hunt2_cgac
0xC22E68CF	hvjrkm
0xC2695B0F	ib_manual_trim
0xC2A58CD5	identical
0xC2B87A9C	idle_03_female
0xC20F4AAD	idle_2_gb_3
0xC2BADE7E	idle_ch_prop_ch_sec_cabinet_01abc
0xC2C4219F	ig_7_right_ball_draw_lazlow
0xC2821A39	ig_furry_dual-27
0xC248662A	ig_lamardavis-2
0xC2A0E088	im_there_though_phone
0xC239B397	imp_mapmarker_murrietaheights
0xC2CC3D28	impact_small_bike
0xC2E89087	in.
0xC2EBA4C3	incendiary
0xC29A6369	instances.
0xC23B92EA	insult_ped_gang_conv02_part1
0xC2DCD636	interestingobj
0xC2802652	intro_female_mg_c
0xC2E05755	intro_ped_b
0xC29E0CBE	intro_sniper_c_facial
0xC22D0929	intros_rpg_e_facial
0xC2E7E89F	inversion
0xC251663B	iom_joystick_button13
0xC27E05F1	issues/changes
0xC24C4F3C	italigtb2-35
0xC27F84D9	itstimeto_1
0xC2734E75	jet-16
0xC2956FC8	jh_azaa
0xC20C9E91	jh_efaa
0xC2F65B1C	jh_kmaf
0xC2D6E056	jh_qkaa
0xC2D8DDCF	journey2-33
0xC2155B30	journey2-42
0xC2B64DDF	joysticksource
0xC2CEE495	ko_back
0xC2889A66	lamar_1_shootout_start
0xC29F0665	lamar_fkn0_cjag_01_g3
0xC2175959	lance-roquettes
0xC27D7612	landmines.
0xC25E504C	ld_2g_decline_m
0xC2F98C5F	leaderboard_playing_time
0xC2CAB2AC	lean_wall_idle_04_joint
0xC2A9ED2F	legal/policychange/policy_changed_
0xC23E9493	lem1_cpab
0xC210C7E5	lem2_faab
0xC2566002	lem2_gkah
0xC21E5931	les1a_caaa
0xC2BA59EC	les1b_ahaa
0xC2118DD9	lguard-0
0xC20B86AC	light_ray_blit_size
0xC29725C5	light_ray_heightfalloff
0xC22487C2	liquid_water
0xC291FE8F	list
0xC2DC216F	load_rh_01_amy_skater_01
0xC249AE8F	look_around_embosser
0xC2EA45BE	look_low_gr_prop_gr_speeddrill_01a
0xC28DDB87	loops
0xC2116059	low_r_to_low_l
0xC2948ED1	lowrider_finale_start_music
0xC2B2D7BB	lsdh_2b_int-12
0xC2550949	luxor2-22
0xC2F64203	m23_1_prop_m31_crate_tobacco
0xC2F4D8BD	m23_1_prop_m31_ghostrurmeth_01a
0xC2E2F321	m23_2_int1_m232_storage_decals
0xC20F0106	m23_2_prop_m32_sonar_01a
0xC2D6E9AC	m24_1_mph_carrierstair_34
0xC24F2029	m24_1_prop_m24_1_carrier_phone_02
0xC2900A85	m24_1_prop_m41_desk_drawer_01a-1
0xC263EF6F	m24_1_prop_m41_fence_01c
0xC2EDDCBB	m24_1_prop_m41_palletcrates_01a
0xC2344B7E	m24_2_int_hacker_basement_room_workshop
0xC24EDC2C	m24_2_prop_m42_cokecabinet_02a
0xC260A076	m24_2_prop_m42_filebox_01a-37
0xC2E23ADC	m24_2_prop_m42_gantry_02a
0xC22189C4	m24_2_prop_m42_hacker_door_tall-12
0xC2546074	m24_2_prop_m42_lunar_sign_06b
0xC2CB4C2C	m25_1_prop_cs_script_dlc_vehlp-45
0xC201A58B	m25_1_prop_m51_doorbarricade_01c
0xC241AA1A	m25_2_ch1_09_mansion_interior_a
0xC2D6E452	m25_2_int_01_off_pc_screen_01
0xC20662E5	m25_2_prop_m52_art_dogcone_01b
0xC2AFD8F5	m25_2_prop_m52_business_card_01a-31
0xC284690F	mais
0xC20C7547	male_pos_b_p1_weed_exit_normal_weed
0xC29C40DA	male_pos_d_p1_base
0xC2FDBFE5	mch2_ecah
0xC2287F84	medievali
0xC21FC564	mej1_ctaa
0xC23E4CCC	metallic-rot
0xC25C59EF	methl_abab
0xC20CD52C	mgps_cnam
0xC2648DDB	mgps_cuab
0xC20CCB6C	mgtn_ekaa
0xC2573ECF	mgtr_aqaa
0xC22C19A7	mh_r_shoulderblade
0xC2388C58	mic3_intro_walk
0xC2299628	mic3_m_ai_ground
0xC2C71AF6	mic_2_int-4
0xC2EF8875	mic_3_ext-4
0xC2FFBED8	min1_ckaq
0xC22498A1	min2_bpaf
0xC2268A82	minivan2-12
0xC249AC86	missheist_agency3ashield_face
0xC2FB6CFF	missprologueig_3
0xC2608D8A	misstrevor2ig_2
0xC2251FEC	mod_col_9
0xC2FFB160	mood_excited_3
0xC2574967	moodm_deck_hj_07_turntable_left
0xC21A5BEC	moodm_deck_unq_end_lp_right
0xC2AF1D85	moodm_mic_d_v2_34_turntable_left
0xC2B30E15	moodm_mic_v_43_facial
0xC2F88653	move_action@p_m_two@armed@2h_short@idle@high_energy@b
0xC2BF73C9	move_m@hobo@a
0xC2C5488F	move_stealth@generic@trans@1h
0xC278AE61	moveto
0xC21FB880	mp_blur_pre_celeb_screen_scene
0xC2600048	mp_christmas2018_tee_019_m
0xC25ABD15	mp_f_freemode_01_dual-43
0xC2549D88	mp_fm_oga_000_f
0xC270937D	mp_heist4_tee_015_m
0xC26754D1	mp_luxe_lc_004_m
0xC2EBC574	mp_player_int_salute_exit
0xC278FEEE	mp_player_int_smoke_enter_fp
0xC2B2595B	mp_smuggler_tattoo_005_f
0xC265EAD4	mp_sum2_tat_016_f
0xC210910A	mpdlc_aqac
0xC2F722CC	mph_tut_mid-1
0xC23E0DA0	mybrothertaughtme_4
0xC2E018AF	n_ac16_bar_5_rcm_p2_2-6
0xC2448F22	n_ac1_fin_c_ext_p2_01-9
0xC2A44EDE	n_ac1_fin_c_ext_p4_03-9
0xC2804145	n_ac1_fra_2_ext_p3_00-6
0xC2AE77C8	n_ac2_fin_c_ext_p5_01-24
0xC2F89611	n_ac3_carsteal_3_mcs_33c_00-2
0xC2FDA44C	n_ac3_hs4_isd_drive_p1_t04_007-1
0xC259D9D8	n_ac6_mic_2_int_p2_lamp002-34
0xC2F662B3	n_ragelight1_dixn_intro_p1_001-0
0xC21D39CC	netto
0xC27CD76D	ng_f_hair_007
0xC29A7713	nigel2_nigeldriveoff
0xC219F2CB	nme_bch_unq_crwd_f_78
0xC2B82955	nme_unq_shots_a_191_bottle
0xC2DF5396	nme_unq_sync3_end_s_glass
0xC2F7BC49	normal_reflect_screendooralpha.sps
0xC2C9D53B	note_counting_v6_counter
0xC2F50E22	note_counting_v6_moneybin
0xC20AC573	nt_inv_signed_offline
0xC26CF059	oat_fos_ep_1_p1_045-3
0xC217AA70	oat_fos_ep_1_p1_35-3
0xC2229836	observe_03_lo_prop_pencil_01
0xC2C50D5A	observe_04_lo_bkr_prop_fakeid_clipboard_01a
0xC2F91773	oddjobs@towingpleadingidle_b
0xC29BD4AE	onat_lamar_1_intp2_t10-10
0xC23EEED6	onboat_leadin_porngal_b
0xC200C5EC	onxmldata
0xC2C0501B	p_cs_clipboard-9
0xC2497789	p_cs_joint_01-59
0xC21CC1B9	p_cs_laz_ptail_s-0
0xC2BC19CD	p_cs_mp_jet_01_s
0xC2380689	p_franklin_02_dual-62
0xC24B176F	p_large_gold_s-7
0xC297BF34	p_ld_heist_bag_s_1-16
0xC2E9A8AA	p_michael_scuba_tank_s-24
0xC21262BB	p_parachute1_mp_dec
0xC2A83F91	p_tourist_map_01_s-1
0xC2BAC5E4	p_tumbler_01_s-27
0xC26583AC	p_tumbler_01_trev_s-6
0xC23E14FB	padrote
0xC2515320	paige
0xC2901F19	pamela_convo_trevor_im_trying_to_get_noticed_0
0xC2A2321C	pap2
0xC25170A5	pap4_awae
0xC2D9374B	pap4_axab
0xC2223818	patchday26ng
0xC2B77162	pbpd_bye
0xC2EB7070	ped_female@_stand@_03a@_idles_idle_d
0xC23FC9A9	physics/collision
0xC22C129D	pickup_weapon_ball
0xC2C5C440	pier_lean_smoke_idle
0xC2884AF6	pineapple_exit_pineapple
0xC2913C99	plant_exit
0xC2A3B491	platelight
0xC2524D79	player_melee_long_rifle_kick_a
0xC21669B1	player_one_dual-22
0xC245CCD0	po1_01_gg_ladder
0xC2A42E95	poi
0xC2650126	pose_smug_1
0xC2DC2712	pr_xm_x17dlc_int_lab_extra_ambience_08_server
0xC252B314	prd_ig12_idle_start_ii_mixer_02b
0xC2FBE430	prd_ig2_drums_p1_mixer_02a
0xC27045B4	pro_cdaa
0xC26E0274	pro_duab
0xC2E75A21	proc_lupins_01
0xC2451209	prop_air_lights_02a
0xC2491699	prop_amb_phone-34
0xC2ED7FF2	prop_amb_phone-64
0xC282A3CB	prop_boombox_01-14
0xC270D968	prop_box_wood02a_mws
0xC2033E67	prop_broken_cboard_p1
0xC243827F	prop_cntrdoor_ld_r
0xC2E3E902	prop_copier_01
0xC2E3AB32	prop_cs_ciggy_01b
0xC24DF854	prop_cs_kitchen_cab_rd-48
0xC28031D5	prop_cs_remote_01-13
0xC2E5277A	prop_cs_shopping_bag-8
0xC2F94B6D	prop_cs_valve-8
0xC2BE2555	prop_cs_walking_stick-23
0xC2A52527	prop_cs_walking_stick-25
0xC20633F4	prop_cup_saucer_01
0xC24BF485	prop_curl_bar_01-20
0xC2FF6D4F	prop_damdoor_01
0xC25C5707	prop_damdoor_01-5
0xC2612507	prop_ex_random_p_tr
0xC2523C70	prop_flag_france
0xC29B582A	prop_flatscreen_overlay-2
0xC2A331EE	prop_fncwood_15b
0xC2A63045	prop_gascyl_04a
0xC24785D9	prop_golf_tee-37
0xC2E3EE5C	prop_ic_special_ruiner_wh
0xC297FF25	prop_kitch_pot_huge
0xC2FCFE2A	prop_ld_handbag_s-6
0xC24AE197	prop_luggage_02a-19
0xC2E6109D	prop_luggage_02a-43
0xC221FEC4	prop_luggage_06a-28
0xC257F0F4	prop_luggage_07a-66
0xC29E736C	prop_mp_icon_shad_lrg
0xC2161726	prop_npc_phone
0xC2C39A17	prop_pap_camera_01-7
0xC200C0F1	prop_parking_sign_2
0xC2AEAD35	prop_plant_palm_01b
0xC24FD289	prop_rag_01-36
0xC2E95A68	prop_rag_01-51
0xC2339364	prop_roadcone02a
0xC2CC99D8	prop_saplin_001_b
0xC2DF5918	prop_satdish_s_02
0xC2682721	prop_steps_big_01
0xC2BCEF56	prop_stoneshroom1
0xC2F69478	prop_tool_screwdvr02-44
0xC25DE433	prop_vend_snak_01_tu
0xC2801295	ps_get_out_north
0xC214F74D	ptrax_moody_switch_extra3_facial
0xC251B419	ptrax_moody_switch_ptrax
0xC28EE2AE	ptrx_idle_d_q_r_18_headphones_dj_ptrax
0xC248B5C9	ptxattractordomain:m_sizeouterkfp
0xC25E7127	pull_tooth_loop_hand_l
0xC229ACCB	pull_tooth_loop_weak_hand_l
0xC2AE16A8	pyp96
0xC216C300	qvcruep
0xC206DF1D	r_90
0xC2236321	ragenettcpworker
0xC225EDA1	rampa_away_idle_c_05
0xC2D2FA4B	rampa_away_idle_j_12_v2_s_glass_01
0xC2C036B4	rampa_bch_unq_crwd_b_103
0xC222829D	rampa_bch_unq_shots_a_35_tumbler
0xC2D6D4E7	rampa_mix_idle_b_02_tumbler
0xC24388FB	rampa_mix_idle_d_04_hp_table
0xC2A66AF3	rampa_mix_idle_e_04_s_glass_02
0xC20FF6EA	rampa_mixdance_sync_b_13_v2_t_bottle
0xC24CA2D2	rampa_mixsway_sync_e_16_facial
0xC2A8FB54	rampa_trans_away_to_cuedgrab_a_05_v2_s_glass_03
0xC2D975B5	rampa_trans_cue_to_away_a_08_v2_hp_head
0xC257A21E	rampa_trans_cue_to_away_a_08_v2_tumbler
0xC2486089	rampa_trans_cue_to_cuedance_a_03_t_bottle
0xC2701731	rampa_trans_cue_to_cuedance_a_03_v2_s_glass_02
0xC204F657	rampa_trans_cuehpdown_to_cuedance_a_02_s_glass_03
0xC2895265	rampa_trans_mix_to_mixsway_sync_a_06_v2_s_glass_03
0xC28E8A26	rampa_trans_mixdance_to_mixdup_a_04_v2_s_glass_02
0xC2CD3CC3	rampa_unq_sync3_f_20_v2_t_bottle
0xC2E09763	rampa_unq_sync3_h_49_tumbler
0xC27422F6	rampa_unq_sync_a_14_hp_head
0xC2880813	rampshooting_guy2
0xC2C48D14	rbh2a_keag
0xC22AFA69	rbh2a_meab
0xC26A6D44	rbmaxtwistmomentarm
0xC2F385A6	reac2_bjac
0xC2495ABE	reach_loop
0xC2E0C4B5	reaction_great_var02_seat1
0xC27A3FC6	ready_up_high_bet_intro_seat1
0xC2EA4D95	rearm_enter
0xC28C0C74	rebu2_aiaa
0xC238004E	rebu2_craa
0xC2405C6D	regina-28
0xC29AE4DE	regina-75
0xC20DD9B2	reh_int3_girders
0xC29CCAB4	reh_prop_reh_folder_01b-46
0xC2170DA4	rehh3_ccab
0xC2ACE273	rehh3_coaa
0xC2898C46	rehh5_btaa
0xC2B661E4	research
0xC2C304ED	rigged_vote
0xC2965B41	rightradius2
0xC2A2402E	rotationx
0xC24F1C02	rp_player_made_content
0xC2A6E9E0	rurs1_cmaw
0xC2A28674	rurs1_daab
0xC2C1EEB4	rurs1_eiak
0xC2E31A0A	s_f_y_beachbarstaff_01
0xC24184BC	s_f_y_sweatshop_01_dual-62
0xC2B04FCC	s_m_m_fiboffice_02_dual-72
0xC2350989	s_m_m_highsec_03_dual-16
0xC2B20BF7	s_m_m_highsec_03_dual-26
0xC21C8BD0	s_m_m_highsec_03_dual-36
0xC2748846	s_m_y_casino_01_dual-2
0xC23B5463	s_m_y_grip_01_dual-6
0xC2B6B1C1	s_m_y_xmech_01_dual-48
0xC2065650	sag
0xC24F189A	scan:
0xC23BE492	scr_clown_bul
0xC2402A9F	scr_rcbarry1
0xC2E5CD07	scr_sec_weed_burn_smoke_bag
0xC23905F0	scr_stunts
0xC2378043	scr_sv_drag_shift_good
0xC272618F	scream_terror
0xC2A582BC	se_restaurants_sunset_26
0xC2974024	seashark
0xC2A2330D	seat_dside_r4
0xC26E5EB3	seminole-11
0xC24A300E	seoulpark_23_bikers
0xC2F6DC8F	set_player_health
0xC2500ED2	set_policy_update_title
0xC2580193	setbackangles
0xC2CD3236	sf_prop_sf_bag_weed_open_01a-14
0xC24D71E3	sf_prop_sf_door_glass_01a-17
0xC2F1A224	sf_prop_sf_door_office_l_01a-55
0xC2431DEB	sf_prop_sf_door_office_l_01a-61
0xC2ABA811	sf_prop_sf_door_office_r_01a-40
0xC2FC5B4E	sf_prop_sf_door_stat_r_01a-62
0xC246D744	sf_prop_sf_drum_stick_01a-1
0xC2C5F1D0	sf_prop_sf_mic_rec_01a-29
0xC24F3AFB	sf_prop_sf_phonebox_01b_s-11
0xC2A00F88	sf_prop_sf_s_mixer_01a-37
0xC2980190	sf_prop_sf_sofa_studio_01a-25
0xC2F28346	shadowangle
0xC2600268	shop_sell_exhaust
0xC2026508	shout_ignored
0xC288E7CF	silj_ext-6
0xC2DBB282	skycolorcloud
0xC28E87E6	sm_l_thightop
0xC2DBB278	sm_prop_smug_crate_m_01a-19
0xC2A94167	sm_prop_smug_offchair_01a-1
0xC28833DC	sm_smugdlc_int_01_gtamloroom001
0xC200C474	small_bark
0xC2F9B369	sol1_bhag
0xC2FED1D0	sol1_ccam
0xC2A6DFFE	sol_5_bedroom_strug_b_at
0xC22C002B	sorter_right_look_right_weedbagpile01a
0xC2074D0F	sound
0xC2559EAA	sp_f_accs_8_0
0xC26E5D4B	sp_f_jbib_5_3
0xC2B861E8	sp_m_accs_12_13
0xC2E83CCD	sp_m_feet_5_9
0xC2B9A32E	sp_m_head_6_4
0xC2AF716C	sp_m_jbib_10_14
0xC24BFC56	sp_m_lowr_14_7
0xC2C1B6BD	sp_m_lowr_8_6
0xC2E5B8F2	special_ped@andy_moon@michael_1@michael_1a
0xC2FAEDD7	special_ped@griff@monologue_2@monologue_2f
0xC27EEECE	special_ped@impotent_rage@monologue_8@monologue_8c
0xC241CB21	special_ped@jane@michael_1@michael_1e
0xC2B0B686	special_ped@mani@monologue_8@monologue_8d
0xC2FA8D5E	special_ped@pamela@monologue_10@monologue_10d
0xC29CC3DB	sr_prop_spec_tube_s_03a
0xC208EC66	ss1_12
0xC2B7C772	stage_03_anim_02_monitor
0xC262A5E1	stewardessa
0xC236728F	stop_blockage_scrunchedmoney
0xC2860D5A	stop_on_foot_chopper_megaphone
0xC2E7C935	strip_dancing_duo
0xC21B8468	sum23_cm6_ext_p1-15
0xC2AB039C	sum24_office_int-51
0xC20CE706	sum_mp_h_acc_candles_06
0xC21834C0	sum_yacht_bridge_glass12
0xC2266934	sup_homie_hows_everything_4
0xC28CC741	surfer2-8
0xC247AEE5	surfer3
0xC207C818	suspensionraise
0xC2EB8FBF	swipe_card_door
0xC21E8D6D	switch@franklin@watching_tv
0xC266C8B7	switch@trevor@jerking_off
0xC242BFA5	switch_mic_car_fra_laptop_loop_stick
0xC2225603	switchshortfranklinin
0xC2DCB1DF	t1m1_ajaa
0xC2EC5CB1	takedown_from_back_facial
0xC23CE43B	tale_intro-11
0xC24DEBB6	taxis_afaa
0xC2F8C477	textcanvas
0xC2B8D2E5	the_universe_taketh_cam
0xC2A879D0	thrax-1
0xC21363B9	throw_helmet_foreman
0xC278BEA6	tick_blip
0xC29B6B72	tired_01_left_prop_pencil_01
0xC2A7403F	tired_02_right_amy_skater_01
0xC28731C9	titan2-5
0xC255E2D3	titlelist
0xC2E1E1AF	tom_pvg
0xC2A40A75	toreador_enter_toreador
0xC2CA31CA	tow_cqaa
0xC26B5921	tow_ctab
0xC2B8015E	tow_evaa
0xC2304CA8	tow_llaa
0xC240FD37	tow_lsab
0xC24BB5B5	tr2_aeaa
0xC2F788C5	tr2_bxaj
0xC2EB63B1	tr2_elaa
0xC26F62E2	tr_prop_tr_files_paper_01b-6
0xC2B4FD37	trans_02_player
0xC23CF5A4	trevor_truck_shouting_d
0xC22D9865	trophy_c_1st_face
0xC2205E53	trv3_fwaa
0xC2CFE62A	tun_meet_int-24
0xC22E298C	turn_left_intro
0xC22EB54B	turret_3mod
0xC2763A22	txm1_ecaa
0xC21F5CBF	txm4_ehac
0xC2AEC5DF	u_f_m_miranda-3
0xC21757FA	u_m_y_smugmech_01_dual-3
0xC297EC3E	unload_02_gr_prop_gr_lathe_01a
0xC20F2738	unmapped_tu_warning
0xC27AB443	unset_item_active
0xC2F3C8B3	unterarmtraining
0xC225D194	upgrade_base
0xC2E8DF3D	urn:schemas-upnp-org:service:wanipconnection:1
0xC2C92E82	uvbnd.bottom
0xC2217F02	v_28_prh_dirt
0xC221EE24	v_31_newtun01water
0xC28A659B	v_61_bd1_over_shadow_ore
0xC2901F7F	v_8_frontdecdirt
0xC22D2CEF	v_ilev_depboxdoor01
0xC2D839FA	v_ilev_fh_bedrmdoor-1
0xC2C45708	v_ilev_fib_door1_s-25
0xC26DA56D	v_ilev_gtdoor
0xC246D357	v_ilev_ml_door1-62
0xC27A4F8B	v_ilev_ra_door1_l
0xC2824CAD	v_ilev_ss_door04-44
0xC2C747E5	v_ind_ss_thread9
0xC24DDCD1	v_med_crutch01
0xC2A0840E	v_med_soapdisp
0xC2129ACD	v_michael_lounge
0xC2F610D3	v_res_m_horsefig-22
0xC2FBD300	v_serv_bs_gelx3
0xC215EF99	veh@driveby@first_person@passenger_rear_left_handed@throw
0xC291FB1A	veh@van@rps_rear@base
0xC2447F72	veh_sm_car_small
0xC21B7DAD	vehicle_nosplash
0xC2FB4285	venice_canal_tunnel
0xC290C0C6	ver_02_top_left_exit_hei_p_m_bag_var22_arm_s
0xC24700FE	veui_del_multi_projou
0xC232D5BB	veui_ed_mk_sfxos_hlp
0xC2462BF3	vid_asp_43
0xC2FF2575	villian_girl_shot
0xC2042697	volatol-1
0xC279364D	vw_prop_casino_wine_glass_01a-9
0xC2BCD953	vw_prop_chip_10dollar_x1-9
0xC2C15798	vw_prop_vw_marker_02a
0xC2B0E7B3	w_ar_assaultrifle-76
0xC2AF726A	w_ar_assaultrifle_mag1-56
0xC2974CD5	w_ar_bullpupriflemk2_mag_ap
0xC2CEB7F5	w_ar_carbinerifle-73
0xC2E2AF08	w_ar_carbineriflemk2-10
0xC231B833	w_ar_carbineriflemk2_camo4
0xC2E47B1E	w_at_pi_supp
0xC2446777	w_at_scope_max-26
0xC2EC1C51	w_me_switchblade-39
0xC2D5F7B2	w_pi_appistol-11
0xC2912F87	w_pi_pistol-6
0xC25C82BD	w_pi_pistol_mag1-46
0xC2655E4A	w_sr_heavysniper_mag1-14
0xC2ED87C1	walk_fwd_-135_up_loop
0xC251554E	walk_rucksack
0xC2F7F36C	walk_turn_l4
0xC22FFDD9	wapstck
0xC2C41A42	weapon_normal_spec_detail_tnt.sps
0xC2335EE2	weapons@first_person@aim_idle@generic@projectile@misc@stickybomb@
0xC228A524	weapons@first_person@aim_stealth@p_m_zero@pistol@shared@aim_trans@stealth_to_scope
0xC2B2883B	world_human_picnic_female_lo_res_base
0xC2A5ABED	xm24_mfh6_fin_ext-10
0xC2EE4785	xm25_avi6_extc-16
0xC2460146	xm25_avi6_shutters_mcs2a-12
0xC2FAFB7E	xm25_mansion_intb-78
0xC2578142	xm25_mansion_intc-82
0xC233F043	xm3_des_xm3_velum2_crash_07-2
0xC2E79E1E	xm3_int3_hut_graf_5
0xC2E247A5	xm3_int4_cdb_mesh_delta
0xC2201CBF	xm3_mpchristmas3_additions_tags
0xC2250946	xm3_prop_xm3_bag_coke_01a-32
0xC2B40C74	xm3_prop_xm3_bag_coke_01a-50
0xC2012689	xm3_prop_xm3_box_pharma_01a-11
0xC279E50A	xm3_prop_xm3_cem_bags_01a-16
0xC23C4E44	xm3_prop_xm3_coke_spoon_01a-29
0xC218C26C	xm3_prop_xm3_rub_matress_01a
0xC2812893	xm3_prop_xm3_sign_plate_01a
0xC22E7CC0	xm3_prop_xm3_toy_dog_01a-36
0xC25751DC	xm3_prop_xm3_whshelf_02a
0xC25B084A	xm_prop_iaa_base_door_01-10
0xC27AE93A	xm_prop_x17_clicker_01-23
0xC2B5820C	xm_prop_x17_clicker_01-53
0xC213D9ED	xm_prop_x17_trail_02a
0xC2F5AC72	xs_combined2_dyst_07_shipdecals
0xC27E4637	xs_prop_arena_champ_open-41
0xC2DD62CD	xs_prop_wall_tyre_end_01a
0xC23729BC	xs_prop_x18_garagedoor01-20
0xC28E4A51	xs_prop_x18_tool_box_01b
0xC2256974	you_blinked_trevor
0xC2FBE203	youga4-13
0xC2E2E62D	zero
0xC25459A0	zone_contested
0xC22576DD	zu
