0xCBFF59EF	001080_01_m_d
0xCB30D56E	001445_01_gangintimidation_1_female_idle_a
0xCB9E53E0	002333_01_fras_v2_10_napping_exit_cam
0xCBA66B65	09:05am
0xCBE3A9F5	254_cyclone_modkit
0xCB197F52	296.1
0xCB1BEEAF	371_dynasty_modkit
0xCB763E31	4pxt
0xCB1EE983	530_clique2_modkit
0xCB818DFA	@3z
0xCBF40427	_debug
0xCB9206B7	_trevor_cam
0xCB844D9D	_trevor_leadin_loop_chop
0xCB586BAD	_up_loop
0xCB254A99	a_f_y_bevhills_01_dual-11
0xCB7ADF66	a_f_y_fitness_01-6
0xCBC5B705	a_f_y_tourist_01_dual-1
0xCBB87F1C	a_m_y_beachvesp_01-41
0xCBFE4F71	a_m_y_carclub_01_dual-23
0xCB4CABCE	a_m_y_gay_02_dual-60
0xCBC99D42	a_m_y_stbla_01_dual-15
0xCB3BC9CF	a_m_y_surfer_01-15
0xCB31B0ED	ac13_fspot_fos_ep1_p1_00-17
0xCBBAA7F7	ac19_mph_tut_int_fin_p1_cyan_lamp002-6
0xCB8EE5AF	ac24_ah_1_ext_t6_01-3
0xCBDF9FE1	ac3_fspot_fos_ep1_p1_01-18
0xCB28614F	ac42_fam_6_int_p3_t7_01-21
0xCB18C546	ac5_mph_nar_mid_p2_cyan_lamp002-0
0xCB404AD8	ackcode_success
0xCB2BDAC7	adam_away_idle_m_15_v2_hp_table
0xCBC9FD0D	adam_away_idle_z_02
0xCBEE2F57	adam_bch_unq_sync3_c_22_hp_table
0xCB330720	adam_trans_mix_to_mixdance_a_06_facial
0xCBCD9563	adam_unq_sync2_e_40_bottle
0xCB1D52DF	agujeros
0xCBB14BC4	ah3a_abseil_done
0xCB030E97	ah3b_aiaa
0xCB77BFD7	ah3b_coaz
0xCB83F3B5	ah3b_iuaa
0xCBAE7EBD	ah3b_kaab
0xCBF1F588	aileron_r
0xCBAEFB22	aim_to_writhe
0xCBB460E6	amb@code_human_in_car_idles@generic@rds@idle_d
0xCBB8E819	amb@code_human_wander_idles@male@idle_a
0xCB5ACFC6	amb_prop_human_seat_chair_drink_beer_female_idle_a
0xCB38005E	amphibious_quadbike
0xCB3B1C28	anim@amb@code_human_in_car_idles@arm@generic@ds@idle_d
0xCB599A96	anim@amb@office@game@seated@female@var_b@base@
0xCB5AA325	anim@amb@office@seating@male@game@var_a@base@
0xCB224FDD	anim@mp_player_intin_carmind_blownbodhi@ps@
0xCBA3347D	anim@mp_player_intincarchicken_tauntbodhi@ds@
0xCB648A3B	anim@mp_player_intmenu@key_fob@
0xCBCB7B1F	anim@veh@drivebybike@police@front@melee_small_wpn
0xCBB5E9A2	anim@veh@drivebytruck@wastelander@rds_rear_0h
0xCB3438C9	anim@veh@plane@microlight@front@ps@enter_exit
0xCB79F2E1	anim@weapons@first_person@aim_rng@general@pistol@ceramic_pistol@str
0xCB6ACFD6	anim_ac1_fos_ep1_p5_003-0
0xCB72B87E	anim_ac54_fos_ep1_p6_01-9
0xCBB51005	anim_ac55_fos_ep1_p6_00-10
0xCB0D6C56	anim_ac73_fos_ep1_p6_01-28
0xCB69B074	anim_ac74_fos_ep1_p6_01-13
0xCBC76309	anim_ac75_fos_ep1_p6_21-2
0xCB845456	anim_ac76_fos_ep1_p6_01-3
0xCB699A4B	anim_ac77_fos_ep1_p6_01-10
0xCB025E1C	anim_ac82_fos_ep1_p6_01-9
0xCBF76050	anim_casino_a@amb@casino@games@slots@ped_female@regular@02b@base
0xCBB7715D	anim_casino_b@amb@casino@games@threecardpoker@ped_female@engaged@01b@trans
0xCB195AD4	anim_corona_oat_fos_ep1_p6_10-21
0xCB7E8D22	anim_corona_oat_fos_ep1_p6_16-20
0xCBD8FABB	anim_corona_oat_fos_ep1_p6_17-13
0xCBCCD944	anim_oat_fos_ep1_p5b_02-2
0xCBB2410F	anim_oat_fos_ep1_p6_045-24
0xCBE75432	anim_oat_fos_ep1_p6_049-29
0xCB1373DC	anim_oat_fos_ep1_p6_049-3
0xCB5D30E8	anim_oat_fos_ep1_p6_050-0
0xCBA6084F	anim_oat_fos_ep1_p6_054-32
0xCB4A71CC	anim_oat_fos_ep1_p6_09-16
0xCB95FF55	anim_spots_oat_fos_ep1_p6_03-27
0xCBE840A7	anim_spots_oat_fos_ep1_p6_05-28
0xCB243AF9	animl_afak
0xCBC6F3C1	animl_agab
0xCBA5DF94	animl_akaf
0xCBCC753D	animl_bman
0xCB4823BB	animl_dgad
0xCBA32946	animl_euai
0xCBC7C739	animl_faae
0xCB97733F	apa_fin_cel_apt2-2
0xCB9157C8	apa_nar_mid-15
0xCBF3E155	apa_prop_ap_name_text
0xCBFF7957	apart_draw_8
0xCB6D751D	apocalipse
0xCBB4ABAE	apt_property_7_exit_ped_d
0xCB8C6EA3	aquellos
0xCB27E687	ar_dlc_gr_yacht_bridge_console_04
0xCBC97E4F	ar_fly_infrequent_24hr_no_occ
0xCBD023A2	ar_heist_dlc_police_station_cells_pc
0xCB5764D3	ar_m24_1_acc_control_room_alarms
0xCB8B3D52	ar_xm_dlc_v_tower_v_25_obs_deck_rm_hdd_01
0xCBA87D2C	arm1_bxab
0xCB2009D8	arm1_ccae
0xCB254C7E	arm1_dvaa
0xCB5F3C74	arms_jxaa
0xCB21A0D8	armsstiffness
0xCB326D37	asbo-7
0xCBD4ECF4	attach_container_fail
0xCBEBF8BC	audiocolor
0xCB8DA2D9	aus
0xCB27352E	automatischen
0xCBB2E210	az_countryside_distant_cars_zone_03
0xCB2ED3AB	az_dlc_heists_biolab
0xCB2491A8	az_los_santos_morningwood_theatre_01
0xCB26AFEB	az_music_hollywood_05
0xCB47041A	az_music_venice_15
0xCBD7B61C	ba_prop_battle_champ_closed_02
0xCB1B467E	ba_prop_battle_control_seat
0xCBB6D410	ba_prop_battle_glowstick_01-35
0xCBDD9C2E	ba_prop_battle_headphones_dj-30
0xCB128649	ba_prop_battle_whiskey_bottle_2_s-28
0xCBB6C75A	ba_prop_club_dressing_sign_01
0xCB9D0984	ba_prop_glass_rear_opaque
0xCBB49235	baller-13
0xCB6877E2	baller2-33
0xCBE02974	barracks3-1
0xCB3A1872	base_beer
0xCB4D766C	base_trevor
0xCBFDB62E	baseliney
0xCBEE6396	bb4_acaa
0xCB3AA7DB	be
0xCBB19C92	berd
0xCB59924B	biker_01_stickup_loop
0xCB3BE01B	bjxl-0
0xCBABAFF3	bkr_biker_dlc_int_ware03_warehouse_small
0xCBCA0DE3	bkr_prop_biker_bblock_huge_03
0xCBEE21E6	black.
0xCB5859D8	blunt_enter_facial
0xCB5628D2	bmad_start_bg_male3
0xCBAA208D	bolso.
0xCB9B8037	bot_01b_bit_01-0
0xCB3AEB0F	bot_01b_bit_03-25
0xCB7A433B	break_extra_9
0xCBD7EE65	breath_r_add
0xCB76A1AD	bs2b_kvaa
0xCBAE6F50	btl_med_intensity
0xCB54F63D	bullet_tracer_turret_mogul
0xCB7AB9B6	c2_up_1
0xCB3266FD	car.headlights.global.fake2lightsanglemod
0xCBCB5612	car_steal_3_mcs_2
0xCB7D70DD	cbrad_adaa
0xCBAA40D6	cbrad_ataa
0xCBDCE818	cellphone_call_to_text
0xCB687505	centresideways
0xCBBC3B86	ch1_09b_vinegrapes_59
0xCB21C865	ch3_01_trlr_int
0xCB0CA65C	ch_p_ch_jimmy_necklace_2_s-24
0xCB906C2B	ch_prop_arcade_street_01d_off-24
0xCB367E6F	ch_prop_casino_slot_08a
0xCB10D027	ch_prop_ch_phone_ing_02a-2
0xCB1AA7E0	ch_prop_ch_service_locker_02a
0xCBAC659C	ch_prop_vault_key_card_01a-22
0xCBE9D411	ch_prop_whiteboard_04-27
0xCBED9CBD	chain_001
0xCB3C03D3	change_radio_station_event
0xCBDAE49B	chip_steal_loop_lady
0xCBF8DF7B	chn1_gameplay_starts
0xCBB74EAA	cigar_enter_cam_tv
0xCB89B012	clamberpose_to_dive
0xCBF070C4	clanranknameexists
0xCBDF1EF9	clans.asmx/getrecievedjoinrequests
0xCB5D1F9F	cm_beamus
0xCBA5D3EE	code/script
0xCB8D9DE4	commands
0xCB9A6F5C	common:/data/control/southpaw_scripted.meta
0xCB631225	component_bullpuprifle_mk2_camo_09
0xCB9E41ED	component_marksmanpistol_clip_01
0xCB48AEF0	component_microsmg_clip_01
0xCBA3C9DB	constraintmindistance
0xCB3FC278	conv_construction_state
0xCBCBAD0C	coquette4-53
0xCB6988F8	corona_fos_ep1_p1_03-26
0xCB35A0F7	corona_fos_ep1_p1_08-11
0xCB7B57F2	corona_invite_crews
0xCB11508C	corona_oatfos_ep_1_p1_023-22
0xCB90170A	cover@weapon@reloads@pistol@pistol
0xCB2BE676	cower_backright_exit
0xCB0FCBB9	cpacketsmashableexplosion
0xCBB7EE20	creatures@retriever@amb@peyote@enter
0xCBF2D352	crew_dead_cam
0xCBB12972	crew_message
0xCBE405B8	crook_01_p2_fwd
0xCBD43609	cs_amandatownley_02_dual-70
0xCB9340CF	cs_cig_exhale_nose-4
0xCB82879E	cs_dom_dual-10
0xCB24B3A1	cs_fam4_whiskey_pour-31
0xCB384D55	cs_finale_car_explosion_splashes_spawn
0xCBFC1969	cs_floyd_dual-1
0xCBD3B098	cs_jimmyboston_p
0xCB35894E	cs_josef_dual-2
0xCBC64A37	cs_lazlow_dual-14
0xCB0F9323	cs_lazlow_dual-7
0xCBFDA3CF	cs_mrsphillips
0xCBB459AA	cs_nervousron_02_dual-27
0xCB014B43	cs_orleans_dual-7
0xCBE3FF15	cs_prologue_tire_mist
0xCBF93E20	cs_stevehains_dual-11
0xCB338DE2	cs_sv_yard_car_exhaust-78
0xCBEABEDC	cs_taocheng2_dual-26
0xCB786160	csb_agatha_dual-25
0xCB7FDA09	csb_anita_dual-2
0xCB4493F6	csb_bogdan_p
0xCB8E68DB	csb_celeb_01_dual-8
0xCBE51315	csb_dax_dual-73
0xCBF39C3E	csb_englishdave_dual-35
0xCB4005B7	csb_englishdave_dual-45
0xCB7886FC	csb_englishdave_dual-52
0xCBA2BA2A	csb_fos_rep_dual-4
0xCB2495B2	csb_imran_dual-24
0xCB1162F9	csb_jio_02_dual-33
0xCBAE1354	csb_labrat_dual-72
0xCB793ADA	csb_mimi_dual-9
0xCB76124D	csb_mjo_02_dual-1
0xCBFB486A	csb_rafdeangelis_dual-20
0xCBDB0F3D	csb_sessanta_dual-37
0xCB4D56E2	csb_soundeng_00_dual-6
0xCB92513B	csb_valentina_dual-15
0xCBFCDD8C	csb_yusufamir_dual-12
0xCBE2B388	cst2_aeak
0xCBB28BC0	cst2_hfaa
0xCBAB53DA	cst2_hkad
0xCB2022E1	cst7_doad
0xCB4C98ED	cst7_dpae
0xCB8FF11C	cut_hs4f_app_exhaust_plane-0
0xCB555EE3	cut_mpcas_champagne_pour-5
0xCBFCE094	cut_sec_cig_lighter_flame-4
0xCB89E88F	cut_sec_weed_van_smoke-5
0xCB9ECECB	cyclone-21
0xCB84FB23	d_30_nmt_1_rcm_pt2_002-3
0xCB951A3F	d_ac2_ep_8_rcm_002-3
0xCBCC03AE	d_ac3_rbhs_mcs_1_pt3_00-4
0xCB9840B5	d_ac3_tonya_mcs_3_00-1
0xCB17E947	d_ac59_mic_2_mcs_3_01-10
0xCB6F0167	d_ac6_mic_2_int_p2_frank_bounce002-18
0xCB475993	d_ac7_tunf_uni_swat_p1_t00_01-1
0xCBF6F6EC	d_ac8_eps_4_mcs_2_006-1
0xCBC10734	danceidle_trans_07_li_to_mi_laz
0xCB35C778	dead:
0xCB1FD5AE	decent
0xCBFE77AD	deferredlod2_draw
0xCB1D70CE	dh2a_bzac
0xCBE6FE56	dh2b_ekah
0xCBC92C1F	dh_1_drive_to_docks
0xCB0A7239	diffuso
0xCB286D33	directionalmotionblurparams
0xCBF79F95	disable_archetype_extensions
0xCB9DAE49	distantlights.carlight2.spacing.sp
0xCBB1955C	dixn_sync_cntr_b_headphones_table
0xCB78A5B4	dixn_sync_cntr_g_glass
0xCB3361F2	dixn_trns_cntr_to_open_b_dix
0xCB6C23FC	dlc_aw_airhorn_02
0xCBF9A5FE	dlc_btl_pbus2_music_boost_scene
0xCBC86C00	dlc_mp_ar_f_special_0_4
0xCB3C8184	dlc_mp_arena_f_phead_0_17
0xCB93CC21	dlc_mp_arena_f_special_3_6
0xCBE684C8	dlc_mp_arena_m_jbib_10_13
0xCBF6982A	dlc_mp_arena_m_jbib_1_3
0xCBC2F61C	dlc_mp_bh_f_jbib_17_6
0xCB148AEB	dlc_mp_bh_f_jbib_4_12
0xCB8FB332	dlc_mp_bh_f_jbib_5_1
0xCB910C6F	dlc_mp_bh_f_jbib_6_4
0xCB841ACE	dlc_mp_bh_f_phead_1_1
0xCB20C5C0	dlc_mp_bh_f_special_4_20
0xCBD2B83A	dlc_mp_bh_m_jbib_5_15
0xCB84AC51	dlc_mp_biker_f_decl_0_7
0xCBB3CC43	dlc_mp_biker_f_special_16_20
0xCB432486	dlc_mp_biker_m_jbib_24_4
0xCBE8A997	dlc_mp_biker_m_legs_2_2
0xCBEA2224	dlc_mp_biker_m_special_0_23
0xCBD009BD	dlc_mp_biker_m_special_3_0
0xCBC78B94	dlc_mp_busi_f_accs2_4
0xCBACC929	dlc_mp_busi_f_jbib2_8
0xCBFACD12	dlc_mp_busi_m_accs2_0
0xCB7E59C5	dlc_mp_business_m_hat1_13
0xCB795DCF	dlc_mp_exec_m_jbib_9_2
0xCBF68B13	dlc_mp_exec_m_special_3_3
0xCB7EB719	dlc_mp_exec_m_teeth_1_0
0xCBD6CF03	dlc_mp_fixer_f_jbib_7_25
0xCB00AD6E	dlc_mp_fixer_m_jbib_3_21
0xCB3A1AF0	dlc_mp_fixer_m_peyes_5_6
0xCB5A20E8	dlc_mp_fixer_m_phead_2_10
0xCBC9A1B7	dlc_mp_fixer_m_phead_2_17
0xCB219BA0	dlc_mp_gr_f_jbib_15_4
0xCBF0D0F6	dlc_mp_gr_f_jbib_24_10
0xCBAA3B48	dlc_mp_gr_f_special_11_20
0xCBC55C78	dlc_mp_gr_f_special_18_16
0xCB9E5D97	dlc_mp_gr_f_special_7_0
0xCBA53107	dlc_mp_gr_f_special_8_20
0xCB6F8A80	dlc_mp_gr_m_feet_0_10
0xCBC21FC7	dlc_mp_gr_m_special_3_15
0xCBF3531F	dlc_mp_gr_m_torso_0_12
0xCBA9E558	dlc_mp_gr_m_torso_27_0
0xCB7E6C7D	dlc_mp_h3_f_jbib_10_8
0xCB4FE463	dlc_mp_h3_f_legs_4_18
0xCB4D574E	dlc_mp_h3_m_berd_18_23
0xCB863A1F	dlc_mp_h4_f_hand_1_22
0xCBD3EE34	dlc_mp_h4_f_teeth_12_13
0xCBB97CAF	dlc_mp_h4_m_berd_2_5
0xCB456022	dlc_mp_h4_m_hand_0_17
0xCB1741A6	dlc_mp_h4_m_special_4_4
0xCBD9ED31	dlc_mp_heist_f_berd_22_2
0xCB135874	dlc_mp_heist_f_hand_10_16
0xCB090ADF	dlc_mp_heist_f_jbib_7_0
0xCB127F16	dlc_mp_heist_f_torso_52_0
0xCBAA2CBF	dlc_mp_heist_m_berd_13_0
0xCB40CB26	dlc_mp_heist_m_berd_9_0
0xCB634837	dlc_mp_heist_m_feet_1_8
0xCB17FBB8	dlc_mp_heist_m_torso_23_1
0xCB8C26F0	dlc_mp_hips_f_feet0_8
0xCBD90384	dlc_mp_hips_f_jbib4_0
0xCBF403BE	dlc_mp_hips_f_jbib4_6
0xCBBE7B9C	dlc_mp_hips_m_accs3_2
0xCB45E058	dlc_mp_ie_f_berd_8_0
0xCB4D6966	dlc_mp_ie_f_jbib_20_5
0xCBC6234E	dlc_mp_ie_f_jbib_4_1
0xCB5EB4B6	dlc_mp_ie_f_special_12_0
0xCB718D8C	dlc_mp_ie_f_special_2_15
0xCB078314	dlc_mp_ie_f_torso_15_1
0xCB22CA84	dlc_mp_ie_m_jbib_10_4
0xCB1F43D9	dlc_mp_ie_m_jbib_3_6
0xCB861D0F	dlc_mp_ie_m_jbib_7_18
0xCB0A06FD	dlc_mp_ind_m_berd_0_1
0xCBE9838B	dlc_mp_jan_f_uppr_6_0
0xCBF897E6	dlc_mp_jan_m_special2_11_7
0xCB5778CF	dlc_mp_low2_m_jbib_7_2
0xCBDB9E48	dlc_mp_lts_f_hand_4_18
0xCBC5AA40	dlc_mp_lts_f_hand_8_10
0xCBBE12AD	dlc_mp_lts_m_hand_6_5
0xCB15616E	dlc_mp_luxe2_m_teeth_0_1
0xCBB500F7	dlc_mp_luxe_m_pears_1_1
0xCB1D591F	dlc_mp_pilot_f_hand_5_22
0xCB0C9C0E	dlc_mp_smug_f_berd_4_24
0xCBC27796	dlc_mp_smug_f_berd_5_8
0xCB138ED2	dlc_mp_smug_f_phead_0_16
0xCB5CA70F	dlc_mp_smug_f_phead_0_5
0xCB7DE1E4	dlc_mp_smug_m_jbib_8_3
0xCB8A3640	dlc_mp_stunt_f_jbib_0_1
0xCB2335AB	dlc_mp_stunt_f_jbib_5_11
0xCB812E63	dlc_mp_stunt_f_phead_10_4
0xCBD9BD8C	dlc_mp_stunt_m_decl_1_3
0xCB82E4D2	dlc_mp_stunt_m_feet_0_3
0xCB574D4D	dlc_mp_stunt_m_jbib_5_5
0xCBE3705A	dlc_mp_stunt_m_special_1_2
0xCB9426CB	dlc_mp_sum2_f_feet_3_7
0xCB6D26B9	dlc_mp_sum2_f_feet_3_9
0xCB933A27	dlc_mp_sum2_f_jbib_18_3
0xCBA94CE4	dlc_mp_sum2_f_jbib_22_19
0xCB0A7F3D	dlc_mp_sum2_m_phead_8_0
0xCB244BED	dlc_mp_sum_f_jbib_10_5
0xCBCBF6CF	dlc_mp_sum_f_jbib_2_7
0xCBEA7C01	dlc_mp_sum_f_legs_5_15
0xCB99E89D	dlc_mp_sum_f_special_0_23
0xCBCAC03D	dlc_mp_sum_m_legs_3_6
0xCB7A46B4	dlc_mp_sum_m_torso_11_0
0xCB283AC0	dlc_mp_tuner_f_decl_34_0
0xCB3A2C92	dlc_mp_tuner_f_feet_2_1
0xCB081E1F	dlc_mp_tuner_f_jbib_9_0
0xCB63FBC5	dlc_mp_tuner_f_special_0_14
0xCBD433CF	dlc_mp_tuner_f_special_1_0
0xCB87D2BB	dlc_mp_tuner_m_hand_6_2
0xCB2693D9	dlc_mp_val2_m_jbib_0_6
0xCB59FB4D	dlc_mp_vwd_f_jbib_15_13
0xCB27D77C	dlc_mp_vwd_f_jbib_16_9
0xCBCFC5C9	dlc_mp_vwd_f_jbib_19_19
0xCBB0FD0C	dlc_mp_vwd_f_jbib_9_14
0xCB9554BD	dlc_mp_vwd_f_pears_2_1
0xCB766992	dlc_mp_vwd_f_phead_0_21
0xCBB8AFB2	dlc_mp_vwd_m_berd_11_1
0xCBD84258	dlc_mp_vwd_m_feet_3_6
0xCB211D48	dlc_mp_vwd_m_jbib_10_10
0xCBAA5DB1	dlc_mp_vwd_m_jbib_21_4
0xCB8A7DAA	dlc_mp_vwd_m_jbib_6_20
0xCB2BD224	dlc_mp_vwd_m_pleft_wrist_2_4
0xCB246CD3	dlc_mp_x17_f_feet_4_18
0xCBF8FE19	dlc_mp_x17_f_jbib_13_0
0xCB65C318	dlc_mp_x17_f_jbib_2_1
0xCBDF320F	dlc_mp_x17_m_berd_7_9
0xCB243EF4	dlc_mp_x17_m_feet_3_19
0xCBC9994E	dlc_mp_x17_m_jbib_4_8
0xCBFE600F	dlc_mp_x17_m_phead_5_4
0xCBB69C20	dlc_mp_x17_m_special_1_14
0xCBD7EBC5	dlc_mp_x22_f_feet_6_13
0xCBF36A58	dlc_mp_x22_f_jbib_8_6
0xCBA75A51	dlc_mp_x22_f_legs_7_12
0xCB17AC39	dlc_mp_x22_f_special_0_9
0xCBC7683C	dlc_mp_x22_f_teeth_11_3
0xCB17A34C	dlc_mp_x22_f_teeth_2_9
0xCBEF6C0F	dlc_mp_x22_m_jbib_22_8
0xCB168CC7	dlc_mp_x22_m_peyes_3_5
0xCB9513AA	dlc_mp_xmas2_f_phead_0_2
0xCB62332B	dlc_mp_xmas2_m_phead_2_1
0xCB7C8CCF	dlc_vw_am_ip_in_use_scene
0xCB44B1CA	docktug
0xCBF5313E	drf_mic_1_cs_2-54
0xCBAED134	drf_mic_2_cs_1-108
0xCB342414	drinking_wine_exit_drunk_glass
0xCB362655	dt_additions_ss1_11_colfix
0xCBFEE621	earlyout
0xCBF7A5FD	el
0xCB0557FA	enter_player0_facial
0xCBCB7D58	ep_3_rcm_alt1-5
0xCB82E111	epsw_aeai
0xCB594814	event_network_invite_rejected
0xCB5D325D	event_network_primary_clan_changed
0xCB80313C	event_network_scadmin_player_updated
0xCB32A96F	event_responded_to_threat
0xCB6E929C	event_shocking_seen_gang_fight
0xCBDB23B4	everythings_cool_camera
0xCBD5B39D	ex_prop_exec_lighter_01-49
0xCB23B0E4	ex_prop_offchair_exec_03-15
0xCB49BE3C	exemplar-52
0xCBA48BE3	exit_04_player
0xCB06B652	exit_beer
0xCB9BD299	exit_high_r_0-5m_180_facecover
0xCB8842A5	exit_left_console
0xCB8F0A47	exit_var01_cam
0xCB865CBB	exl1_dhad
0xCBAB4686	exl3_ahaa
0xCBAEEB68	exl3_fiaa
0xCBEFC4CC	exportcamera-14
0xCBF64F61	ext2_beaa
0xCB52034E	ext_player
0xCBCE72E8	f_jbib_000
0xCB8B6763	fam1_akaa
0xCB343BAF	fam1_beaa
0xCBB63632	fam1_dyaa
0xCB446CB8	fam1_gkaa
0xCB62DD8A	fam3_eraf
0xCBE0DFC7	fam6_amaj
0xCB7C01FE	fam_5_mcs_6-3
0xCBAE0FFB	fam_6_mcs_1-14
0xCBCA9218	famj_abaa
0xCB0BB0D3	fan2_bkaa
0xCBFE64F7	fbi-21
0xCBAD648C	fbi3_asab
0xCB5DAB86	fbi3_dnac
0xCB4FE128	fbi3_etaa
0xCBCCD38B	fbi5a_oaac
0xCB9C97CE	fbi_1_agent_bursts_through_door
0xCB65D8A3	fbi_2_int-3
0xCB344E41	fbi_4_int-14
0xCB0AD520	fbi_4_mcs_2_concat-8
0xCBF5D8D9	fbipr_bkaa
0xCBFEBEC2	fbis1_daab
0xCB97ECE2	fcfj_deai
0xCB92858E	fcfj_dlad
0xCBB3DF7F	fcfl_efae
0xCB763994	fcfl_eiaf
0xCBDACDBA	fcft_cpam
0xCB19B15D	fcft_dpaa
0xCB7987A0	fcmf_ctan
0xCBFC49D2	fcmj_cyac
0xCB6C4656	fed
0xCBBC97AB	felon-24
0xCBC8E7B6	female_deal_card_self_second_card
0xCBBD3CF0	female_pos_a_p1_exit_ashtray
0xCB57EAEB	female_pos_b_trans_p1_to_p2_ashtray
0xCB93B556	female_pos_c_p2_exit_lighter
0xCB2F4656	female_pos_c_trans_p1_weed_to_p1_ashtray
0xCBA3E0D1	female_pos_c_trans_p2_weed_to_p1_lighter
0xCBA59658	female_run_stop_r
0xCBB05D37	fh2a_fight_mid
0xCB4DBDC9	fh2a_getaway_drive_ma
0xCB73FD80	fh3a_agaa
0xCB3068F5	fh3a_bhaa
0xCBFFF426	fib_05_biotech_lab_alarms_02
0xCBB6896B	fin_a_int-1
0xCBB8706A	finb_restart_climb
0xCB0951A2	finc1_abaf
0xCBCEC3C8	finc1_gbab
0xCBF923CD	finh1_apaa
0xCB6420E3	finish
0xCBBC8145	firemans_carry
0xCBBD208E	fix_stu_ext-13
0xCB903CF9	fix_trip1_int-19
0xCBB9EFC0	fix_trip1_int-9
0xCBDAA763	fix_wrms_ig10_tonya_joint
0xCBE5DAC3	fix_wrms_ig9_food_franklinweed
0xCB07A605	fkn1_dnaa
0xCB4E9E4C	flag_has_ejector_seats
0xCB309D44	floyd_fellpackage_mainaction_box
0xCB161F0F	fmfl_aqai
0xCBBFAF45	fmfl_asaf
0xCBA4B9F3	fmm_kaab
0xCB1A00F1	fortune_bell
0xCBA4D5E1	fos_ep_1_p3-7
0xCBF8D960	fos_ep_2_p3-14
0xCBE79885	fpmj_bpaa
0xCB490A39	fpmj_bxaa
0xCB01C914	fr_018
0xCB2A1D74	fra_2_ext-16
0xCB8D5FEB	fra_2_ig_4_alt1_concat-2
0xCBDC6FD5	freunde
0xCB25A835	frlfd_abaf
0xCB126DBC	front_to_default
0xCB3B4EF1	functions/their
0xCB20C491	furditheralphafadeparams
0xCBD23AC8	fusilade-11
0xCBB035E8	fusilade-52
0xCB3160A2	fxfr_pge_1_male_facial
0xCBC6E567	g_m_y_famca_01_dual-25
0xCB90F48F	g_sspoint
0xCB020CBF	gar_open_2_left
0xCBF7F789	garage_door_close
0xCB4C5FE1	garantiza
0xCB3E7003	gdewq
0xCB0A4A1D	general_chatter
0xCB1B3A97	givetake2_a
0xCB257932	golf_forward_swing_perfect_vb_master
0xCB818467	goon_meatslicer_facial
0xCB515CE9	goon_paid_small
0xCBAB5795	gr_prop_gr_bunkeddoor
0xCB42F871	gr_prop_gr_doorpart_f
0xCB9B9396	granger2-54
0xCB6516DA	gta_leaves.sps
0xCB72B16A	gunsh_bpaa
0xCBC4222A	h/
0xCB2BD9BE	h4_mp_h_acc_candles_05
0xCB4EB8A5	h4_mp_h_acc_dec_sculpt_02
0xCB9BDC53	h4_mph4_manb_hedges_middle_c_fur_lodb
0xCBDBC360	h4_prop_battle_lights_02_dim
0xCBB106F1	h4_prop_club_emis_rig_10
0xCB711772	h4_prop_door_elevator_1l
0xCBF70445	h4_prop_h4_casino_button_01a-14
0xCB2FAC5D	h4_prop_h4_tray_01a-16
0xCB228307	h4_prop_palmeto_sap_aa
0xCB5242E8	hash_cb5242e8_gvjnwli_collision
0xCBAC5473	hash_cbac5473_mxeuyie_collision
0xCBB557DC	hash_cbb557dc_bryqzrn_collision
0xCBB918CF	hash_cbb918cf_lgnkgvz_collision
0xCB5099D0	hc_gunman-7
0xCB1660F0	he_owns_the_place_male
0xCB5CF165	heat_ccaa
0xCB12B351	heat_fzaa
0xCBE8BE19	hei_heist_acc_sculpture_01
0xCBFDB793	hei_int_mph_carrierhang2
0xCB063613	hei_prop_hei_shack_door-1
0xCBAA724E	hei_prop_heist_off_chair-64
0xCBB73F4F	hei_prop_heist_tumbler_empty
0xCB810482	hei_v_ilev_fh_heistdoor1-26
0xCB1F349F	heist4_prep
0xCBA182F4	heist_int
0xCB76C586	hi_idle_c_m04
0xCBF973C7	hidden_radio_casino_music
0xCBAAE1A1	high_wstop_l_rfp
0xCB6D992F	hipsleantoposition
0xCB28E1C7	hold_elbow_back_bar_exit
0xCB05B517	hs3_prp_celb-17
0xCB14C6DC	i_am_white_male_2
0xCB41FCE6	iaa_int-8
0xCBD3DE2D	idle_01_lsd_bottle_big
0xCB3C57BF	idle_02_lsd_bottle_big
0xCB96EA83	idle_05_male
0xCB628B70	idle_2_aim_left_low
0xCBB4716E	idle_a_keyboard
0xCB0C02B5	idle_d_eyerub
0xCB46F556	ig_6_base
0xCB51D6D7	ig_benny_02_dual-45
0xCBB50E55	ig_djgeneric_01_dual-23
0xCBFC0DF5	ig_drfriedlander
0xCB41C73E	ig_entourage_b_dual-28
0xCB3059B2	ig_milton
0xCB3C9C92	ig_taocheng_p
0xCB4F93B4	imp_prop_ie_carelev02
0xCB875040	imp_prop_impexp_parts_rack_05a
0xCB262290	imp_prop_impexp_tyre_03b
0xCBB9555F	impatient_idle_b
0xCB4246D7	impexp_int_l1-3
0xCB9AB9C7	ind_prop_firework_02
0xCB4E1798	input_cellphone_scroll_forward
0xCBA4B76A	insult_ped_hipster_conv01_part2
0xCBA6DAA4	insurgent2-6
0xCB51B7DE	intimidate_loop_2_trevor
0xCB7D3B49	intinfo_portal_mirror_can_see_directional_light
0xCBC3691B	intro_ped_a
0xCB03F90C	iscircleaccept
0xCBA583B3	iz_dlc_xm_int_sub_command_dial_ticks_04
0xCBB06E24	iz_m25_1_int_tycoon_studio_lo_rm_bedroom
0xCB25E61D	jessie_ig_1_p1_heydudes194_325
0xCBD5364C	jh_2b_endloop_male4
0xCBFD96AA	jh_eoaa
0xCBD5B129	jhp1a_beaa
0xCB6E8BE5	jhrs_2_int_p2_t5
0xCB34E69F	journey2-27
0xCB788086	jswn
0xCB6613C8	jump_a_player_a
0xCB9F73B0	key_pagedown
0xCBA83252	kleines
0xCB0A5EAC	lago
0xCBCDE7DD	lamar_call_hurry_b
0xCBD9D56D	layout_plane_nokota
0xCB054691	layout_std_yosemite3
0xCB47A52D	leadin_pap_3_rcm_lid_r
0xCBFA43A4	left_arm_idle_a
0xCB8E5C9F	lem1_hvai
0xCB5646D7	look_at_object_gr_prop_gr_drillcage_01a
0xCB98C81B	lose_f_facial
0xCBB7E144	low_car_prop_to_sit_player
0xCBEFEA35	lsdh_2b_int-11
0xCB66EA4B	lsdh_2b_int-26
0xCB3E3A8B	luckyseven
0xCB42B978	luneta
0xCB7DB671	m23_1_m231_3_morgue_slab_2
0xCB03E8AF	m23_1_prop_m31_air_defense_01a
0xCB9DF070	m23_1_prop_m31_ghostsalton_01a
0xCB3704B9	m23_2_int1_m232_elev_detail
0xCBE0A506	m23_2_int4_m232_car_lift_01_up
0xCB30EDB4	m23_2_int6_m232_office_1_shell
0xCB61F63F	m23_2_prop_m32_t_bottle_02a-23
0xCBC396B2	m23_2_prop_m32_yrdwallsafe_door_01a
0xCBA71815	m24_1_int_mph_carriercontrol2
0xCB73A80E	m24_1_mph_hang3_vents
0xCB163943	m24_1_prop_m41_blinds_closed_01a-9
0xCB87DD26	m24_1_prop_m41_box_delivery_01a
0xCBE7E6D5	m24_1_prop_m41_candypile_01a-12
0xCBBBDAD7	m24_1_prop_m41_morgue_wall_01a
0xCB27DAD4	m24_1_prop_m41_nameplate_01a-42
0xCBA323FD	m24_1_prop_m41_notebook_01a-42
0xCB8E3C6E	m24_1_prop_m41_stairsdetail_01i
0xCB2DC910	m24_1_prop_m41_weazel_pstr_graf_01a
0xCBAEAA18	m24_2_prop_m42_hacker_door_ent_02-21
0xCB76B7B2	m24_2_prop_m42_sewing_machine-16
0xCB08B25E	m24_2_prop_m42_sewing_machine-58
0xCBE4ED20	m24_2_prop_m42_supplydrop_01a-2
0xCB17D5F9	m25_1_prop_cs_script_dlc_vehlp-63
0xCB435DB7	m25_1_prop_m51_key_cabinet_01a
0xCBFBDB3C	m25_2_int_01_gr_pendant
0xCB026ABA	m25_2_prop_m52_business_card_01a-45
0xCB6F9C70	m25_2_prop_m52_door_front_door-25
0xCBCABCC2	m25_2_prop_m52_door_msn_pool_01a-97
0xCB60D081	m25_2_prop_m52_door_msn_sliding_01c-45
0xCBDFC739	m25_2_prop_m52_door_sliding_01a-9
0xCBAEE043	m_exit_02_west_vinewood_ped_b
0xCBF7D23F	m_pick_up_mp_m_freemode_01
0xCB5A4B5A	male_b_trans_g
0xCBE243EE	male_pos_a_p2_weed_idle_02_facial
0xCB6F2E1A	male_pos_b_p1_enter_lamar_strain_facial
0xCB3BFB24	male_pos_b_p1_exit
0xCB759D80	male_pos_c_p1_weed_idle_01_normal_weed
0xCB70C35C	male_pos_c_p2_enter_normal_weed_ashtray
0xCBEB2248	mch3_cmae
0xCBBB1BB2	meat_slide
0xCB7745B5	mefl_axab
0xCBDA36C9	merryweather
0xCB7F5B2D	met1_ezae
0xCB7DC6B2	mgps_duak
0xCBB4EF83	mi_2_find_a_way_in
0xCBBDE501	mic_4_int-116
0xCBE5C01B	mini@repair
0xCB75A6D2	mission.
0xCB464B1C	misslester1aig_5intro
0xCBCD23F5	modf
0xCBE8D3A3	moodm_deck_mk_24_bag
0xCBEAE424	moodm_idle_ha_04_dancer_a
0xCBA29EFF	moodm_mic_b_38_facial
0xCBBB4F4A	moodm_mic_e_19_bag
0xCB339EBB	moodm_trans_deck_to_dance_ha_05_tumbler
0xCBD313F4	move_m@gangster@var_e
0xCBB85E0F	mp_arena_theme_storm
0xCB2F4E81	mp_broker_005_m
0xCB688A41	mp_cctv_light_allow_speech_scene
0xCBE692CC	mp_christmas2018_tee_033_m
0xCB9DDB17	mp_christmas3_tat_007_m
0xCBD26EA0	mp_f_freemode_01_dual-28
0xCB710AD7	mp_fm_branding_051
0xCB4AF284	mp_gunrunning_award_024_f
0xCBA0FA14	mp_luxe_lc_003_f
0xCB14FA0A	mp_m_battle
0xCB11CFEF	mp_mc_action_hprep
0xCB5C07EB	mp_mp_biker_tat_024_m
0xCB53AD2A	mp_security_tat_014_m
0xCB1C0321	mp_smuggler_tattoo_017_m
0xCB0CFB2F	mp_sum2_tat_009_m
0xCBAE5516	mp_sum2_tat_049_m
0xCB45B18C	mpct_cuaa
0xCBFD58EE	mph_hum_fin_int-0
0xCB7FAE22	mpheist3_tat_011_m
0xCB04DE07	mpheist3_tat_039_f
0xCB5AB7EA	mptuner
0xCB8D2B1A	mule-17
0xCB48C465	mule-3
0xCB17AC6B	mule-34
0xCBB245B9	multiusos
0xCB56C544	n_20_trvram_1_0003-3
0xCB99BA31	n_ac16_bar_5_rcm_p2_202-1
0xCB3C5220	n_ac1_fin_c_ext_p3_01-12
0xCBAC957A	n_ac1_fin_c_ext_p4_03-15
0xCB7E90E6	n_ac1_fra_2_ext_p3_00-24
0xCBD00142	n_ac25_ep_7_rcm_00-6
0xCBD57940	n_ac2_fin_c_ext_p5_04-29
0xCB2CEFBA	n_ac6_mic_2_int_p2_street_lamp002-17
0xCB7EC806	n_ac6_sol_1_mcs_2_0007-0
0xCB642637	nebula
0xCBFC67C4	nig1a_cqab
0xCB7CC782	nige3_bxak
0xCB116EA5	nige3_byaj
0xCBB88783	nme_bch_unq_sync2_a_59_coconutdrink
0xCB2F9078	nme_cue_idle_e_15_facial
0xCB6A4614	nme_cue_idle_i_34_bottle
0xCBEB3C2E	nme_mix_idle_b_16_bottle
0xCB4405C8	nme_trans_mix_to_away_b_26_hp_table
0xCBA245CC	nmt_1_rcm-5
0xCB5E6EF5	non-type-template-parameter
0xCBDD9310	normal_diffspec.sps
0xCB53B1D1	odtwarzacz
0xCBDCAA54	oe.bep
0xCB4D0470	ojas_acaa
0xCBD00433	ojas_jaad
0xCB30BF78	ontrols
0xCB73493E	onyacht_meetjimmy_j
0xCB655D8F	operate_01_hi_gr_prop_gr_millcage_01a
0xCB2ADE91	outro_hi_l_direct_0
0xCB90A1DE	over_there
0xCB99EE27	overheat_react
0xCBA64FFB	p_banknote_onedollar_s-37
0xCB6625E0	p_cash_envelope_01_s-25
0xCBA6D434	p_cs_joint_02-24
0xCB25F043	p_cs_pamphlet_01_s-0
0xCBF864A4	p_laptop_02_s-4
0xCB500E4B	p_ld_heist_bag_s_2-0
0xCBE2A89C	p_ld_stinger_s
0xCB7F5997	p_michael_02_dual-111
0xCB757C1F	p_parachute_s_deploy
0xCB6A1086	p_patio_lounger1_s-17
0xCBF27710	p_tmom_earrings_s-11
0xCB1A3BF9	p_v_res_tt_bed_s-8
0xCB92F26E	pap3a_akal
0xCBB2087F	pap3a_anab
0xCB7CF52B	pap3b_azaa
0xCBC25838	pap3b_bbag
0xCBF2604D	papel
0xCB67D113	paper_throw_01_f
0xCB029EF6	patrolguard02
0xCB429A82	paving
0xCB5EA3FA	pbam_araa
0xCB5E8893	pbcl_arae
0xCBA5D14B	pbgr_acad
0xCBCDD550	pbja_amac
0xCB56AA79	pbmn_apak
0xCBAACC2E	ped_walla_density_post_panic
0xCB71A609	pee_right_exit
0xCB33A161	perfect_wrench
0xCB2DA4E6	phone_conv7_chat1
0xCBBED5BE	platinum
0xCB86BA1F	po1_08_missioncrane
0xCBA6ABF6	potenza
0xCBF71DE8	pppurpleout
0xCBA05E8E	pro_bjae
0xCBBB6C39	proc_sage_01
0xCBA6DE0C	prop_4
0xCB1A9AC1	prop_air_lights_04a
0xCBBBBE59	prop_barrier_work06a-5
0xCB2BF389	prop_beachbag_02
0xCBC375AF	prop_chair_01b-28
0xCB4060ED	prop_champ_jer_01a-23
0xCBD052D7	prop_cs_cashenvelope-2
0xCB718B9E	prop_cs_ciggy_01b-39
0xCB9992AE	prop_cs_ciggy_01b-55
0xCBD76893	prop_cs_credit_card
0xCB258C0F	prop_cs_credit_card-0
0xCB8AFE99	prop_cs_glass_scrap-2
0xCB31AA82	prop_cs_heist_bag_strap_01
0xCBA87DA3	prop_cs_kitchen_cab_rd-8
0xCB69A6FC	prop_cs_mouse_01-14
0xCB95330F	prop_cs_rub_binbag_01-28
0xCB49A847	prop_cs_shopping_bag-42
0xCBAF3BC1	prop_cs_wrench-19
0xCBA3B7CB	prop_facgate_02pole
0xCB290EE2	prop_fbibombplant
0xCBD7AEC9	prop_fire_exting_3a
0xCBD626F4	prop_fnclink_03gate4
0xCB3349A8	prop_gate_frame_02
0xCB0A15F3	prop_lrggate_02_ld-17
0xCB6B2307	prop_luggage_02a-30
0xCBC6D25B	prop_micro_cs_01_door-7
0xCBFA5EEE	prop_mine_doorng_r
0xCB9E9EE8	prop_mug_04-71
0xCB659408	prop_mug_04-9
0xCBF1A85F	prop_npc_phone-70
0xCBD3DD63	prop_off_chair_04_s-20
0xCB9BD7CD	prop_paint_stepl01-6
0xCBC4558E	prop_palm_fan_04_d
0xCBAB0735	prop_rock_1_f
0xCB74FE41	prop_roller_car_02
0xCB0099D4	prop_roofvent_16a
0xCBF118AE	prop_sec_barrier_ld_01a-0
0xCB2C3311	prop_shelves_03
0xCB96A831	prop_sign_road_06f
0xCB4A5610	prop_table_07-22
0xCB732BB4	prop_tool_sawhorse-23
0xCBE6AB07	prop_tool_sawhorse-38
0xCB1ECC4D	prop_trev_tv_01-7
0xCBE75308	prop_v_cam_01-3
0xCBFDB128	prop_venice_sign_19
0xCBABB5EB	prs_cjac
0xCBF44D4B	prs_dqab
0xCB7113DC	prs_kdab
0xCB982A3D	prs_odab
0xCB402DCD	ptrx_idle_e_q_l_15_headphones_hp_table
0xCBCC034E	ptrx_idle_ff_mix_17_hp_table
0xCB528787	ptrx_idle_r_mix_10_headphones_pd_beer_can
0xCB1B4408	pueblo
0xCB8B031F	purchase_online
0xCB6970F2	putt_react_good_03
0xCBC995C4	qhur
0xCBABCDDB	radialfadearea
0xCBAFE28C	rail-mounted
0xCB085387	rampa_bch_unq_crwd_b_103_s_glass_02
0xCBD2FB47	rampa_bch_unq_crwd_d_74_hp
0xCBF24AAB	rampa_bch_unq_end_a1_34_hp_table
0xCB284A03	rampa_bch_unq_sync_a_18_s_glass_03
0xCBCC06C2	rampa_cuedance_idle_h_11_hp_table
0xCB1992DB	rampa_cuedance_idle_h_11_v2_s_glass_01
0xCBF46B37	rampa_cuelean_idle_c_03_v2_hp_table
0xCBA9D043	rampa_cuelean_idle_g_10_s_glass_01
0xCBE76FE7	rampa_mixdance_idle_a_02_v2_hp_head
0xCB54942D	rampa_mixdance_idle_d_04_t_bottle
0xCBB3EFE7	rampa_trans_awayside_to_away_a_13_v2_s_glass_02
0xCB3728BF	rampa_trans_cue_to_cuedance_a_03_v2_s_glass_01
0xCB3E32F9	rampa_trans_cuedance_to_cuelean_a_03_s_glass_02
0xCB5555A7	rampa_trans_mixdance_to_awayside_a_19_v2_s_glass_03
0xCB839D4E	rampa_trans_mixddown_to_mixdance_a_04_v2_s_glass_03
0xCBCB3190	rampa_unq_sync2_b_16
0xCB7E95AD	rampa_unq_sync3_g_60_hp_head
0xCB731104	rampa_unq_sync_a_14_tumbler
0xCB72FE57	random@peyote@rabbit
0xCB117AC5	rbh2a_bcaa
0xCB37CFC0	rbh2a_gnac
0xCBEE5C51	rbh2a_kfad
0xCB0A0029	rbh2a_kzaa
0xCB21F90E	rbhs_mcs_3-0
0xCB26B7C7	rcmrc_omega_2
0xCB125E30	react_small_variations_i
0xCB8FDED1	reaction_great_var_03
0xCBA926E3	reaction_impartial_var_05
0xCBDAED96	rear1_afaa
0xCBB5D571	reboot
0xCB3D1493	reboundforce
0xCB35C5C4	rebth_agab
0xCB4A0327	rec_feed_11
0xCBC1FD69	recsb_bmaa
0xCB8D65E9	redo2_cbaa
0xCB17A733	reh_int4_tech_shell
0xCBD15E35	reh_prop_reh_folder_01b-19
0xCBC3FF0C	reh_prop_reh_folder_01b-4
0xCBB01E51	rehh3_bnaa
0xCBE62D58	rehh5_bzab
0xCB6DD303	rehom_bwaf
0xCBA1EC8E	resna_drac
0xCBDEF60F	resourceplacementthread
0xCB57B1FF	reticule
0xCB5595E4	retune_high
0xCBE921D1	rollerdoor_open
0xCB8D221C	rumpo-13
0xCB2B0887	rurs1_cjaa
0xCB93B801	s_f_y_casino_01_dual-30
0xCBC3153B	s_f_y_sweatshop_01_dual-46
0xCB3DBF58	s_m_m_autoshop_01_dual-7
0xCB9E97BB	s_m_m_gaffer_01_dual-10
0xCBEB356A	s_m_y_cop_01_white_mini_02
0xCB2A3F68	s_m_y_devinsec_01-2
0xCB049DD8	s_m_y_devinsec_01_dual-2
0xCB454467	s_m_y_robber_01_dual-4
0xCB7A1B08	s_m_y_waretech_01_dual-50
0xCB0E7CD9	schafter5
0xCB61B2E8	sclub_dzaa
0xCBA08CEA	scr_bh_hal_zom_plg_staff
0xCBC30909	scr_bike_truck_weed_smoke_cabin
0xCBF03676	scr_bio_grille_singed
0xCB483B4F	scr_bomb_gas
0xCBB72462	scr_ih_sub_pool_door
0xCBC689FE	scr_sum2
0xCBC7DD94	screams
0xCB720066	se_mp_apt_13_3
0xCBA59549	se_restaurants_venice_44
0xCB1F9360	se_vw_dlc_casino_apart_apart_default_room_radio
0xCB2B3A6E	seated_drink_cup_male_b_idle_c
0xCBF798C4	seatedidle_li_06_base_v2_laz_face
0xCB006E9F	sell_club_house
0xCB22D010	serve
0xCBFB78DF	set_character_colour
0xCB2C5C78	setzen
0xCB45E03D	sf_prop_sf_bot_broken_01a-4
0xCB5F8337	sf_prop_sf_bowl_fruit_01a-60
0xCB7C03FE	sf_prop_sf_door_com_l_06a-24
0xCB29B110	sf_prop_sf_door_office_l_01a-74
0xCBBCC3E6	sf_prop_sf_door_rec_01a-45
0xCBE4F659	sf_prop_sf_door_stat_l_01a-55
0xCBB46611	sf_prop_sf_door_stud_01a-55
0xCB01AC5F	sf_prop_sf_golf_iron_01a-17
0xCB4920E9	sf_prop_sf_golf_wood_02a-3
0xCBA96BC5	sf_prop_sf_monitor_s_02a-21
0xCB3351CD	sf_prop_sf_monitor_s_02a-49
0xCB377441	sf_prop_sf_mug_01a-18
0xCBE62214	sf_prop_sf_s_mixer_01a-36
0xCBBE0ADF	sf_prop_sf_s_mixer_01b-64
0xCB033C5E	shome
0xCBDFD260	sirenglass_10
0xCB058E27	skel_l_finger01
0xCB89BF1C	sleeping
0xCB5D9D20	sleeping_idle_chop
0xCB5BD9F3	sm_prop_smug_flask-31
0xCB8188C6	sm_prop_smug_mic-60
0xCB815718	smokin_is_my_specialty_stretch
0xCBB09905	sol_5_mcs_2_p5-3
0xCBF53629	sol_sync_f_headphones_neck
0xCBEB5CC6	sol_trans_ctrnrw_to_out_a_wineglass
0xCBAABCBE	source.
0xCBAFF4DD	sp_f_eyes_11_5
0xCB9FE157	sp_f_eyes_7_8
0xCBFACF3B	sp_f_feet_12_14
0xCB9A1E3A	sp_f_feet_13_2
0xCBF67D9B	sp_f_feet_8_11
0xCB67D519	sp_f_jbib_7_14
0xCB25386E	sp_f_lowr_3_10
0xCB6DDA78	sp_m_accs_11_12
0xCB4AD8B1	sp_m_eyes_3_4
0xCB8620FA	sp_m_feet_0_15
0xCB9D2DD7	sp_m_head_16_7
0xCB79BC4E	sp_m_head_7_5
0xCB349A0A	sp_m_jbib_12_12
0xCB5D84C5	sp_m_jbib_1_5
0xCB3B686E	sp_m_lowr_7_7
0xCBFA4443	spawned_ped_is_arrestable
0xCBFE6655	special_ped@baygor@monologue_1@monologue_1e
0xCBD14583	special_ped@jessie@monologue_12@monologue_12c
0xCB385294	special_ped@mani@monologue_5@monologue_5b
0xCB71A200	special_ped@tonya@monologue_5@monologue_5a
0xCB3CBEF1	spendlimitedservice
0xCB426B5B	spezza
0xCB962B33	spinningwheel_low_effort_17_facial
0xCB74EE3F	spots_oatfos_ep_1_p1_00-18
0xCBB45A49	spots_oatfos_ep_1_p1_003-21
0xCB8B54A0	sr_prop_spec_tube_s_04a
0xCBD1E2EC	ssaostrength
0xCBCFFD96	stagione
0xCB916751	startcutting
0xCB548FF4	stone_me_v2_heeled_facial
0xCBEBA951	sub_int-7
0xCB1F08CF	sub_scanner_loop
0xCBECFE44	sum24_office_int-46
0xCBE9B316	sum_mp_h_yacht_armchair_01
0xCBC454F5	sum_mpapyacht_glass06
0xCB9421B9	sum_prop_ac_long_barrier_90d
0xCB1A92A2	super_mod_garage_upgrade_car_default
0xCB3F8977	surge-30
0xCB1F86EF	surge-54
0xCB0EE01D	switch@trevor@pushes_bodybuilder
0xCBEBB298	switch_01_cam
0xCBC70015	syringe_idle_victim_chair
0xCBB6085F	t1m1_emaa
0xCB51CE52	t1m4_asaf
0xCBD8769B	tail_l
0xCB0D8932	task_combat_ped
0xCBAAACFF	tattoos
0xCB62609C	td_blood_melee_blunt
0xCBF478BE	text_in_car
0xCB15D6BE	ti_idle_e_f02
0xCB3E714B	tiptruck-17
0xCBE560D5	tires
0xCBD1FBD0	tmom_1_rcm-3
0xCB47E1ED	totenkopf
0xCB8E9575	tou_trans_pc_to_mid_open_a_mm_face
0xCBABA017	tow_fpaa
0xCB13BA64	tr2_dkaj
0xCB4D298C	tr_prop_tr_crates_sam_01a
0xCBC704A4	tr_prop_tr_skip_ramp_01a
0xCBB2BE0E	trailers
0xCBC9CE84	tranny_heels_skirt
0xCBE3334D	trev4_5
0xCBA58DDE	trevor_2_int-9
0xCB963B04	trevor_dh1_atac_01_g1
0xCBD45875	trevortrevoryouwouldnt
0xCBF6B1B7	tribike-17
0xCB1FAEE5	tribike-21
0xCBA4DAE8	trv3_ctaa
0xCBB94BAF	try_shoes_positive_a
0xCB5AC525	try_tie_positive_c
0xCBCCF9E3	tunnel_orange
0xCBBF6FA1	txm10_auaa
0xCB95D8B4	txm3_eiae
0xCBACC5B6	txm6_bxaa
0xCB29C84D	u_m_y_burgerdrug_01_p
0xCB8A9353	ud
0xCB189EA7	unload_press_basicmould_v1_cocbowl
0xCB7D2CD1	use_file_nail_file
0xCB72A4F1	v_19_jakemenneon
0xCB1927B8	v_19_strp_rig
0xCB495104	v_61_bd2_mesh_bed
0xCB39AA50	v_61_lng_pizza
0xCBC27B46	v_74_cfemlight_rsref021
0xCB8F8B3A	v_74_it3_ser2_debr
0xCBD77D4B	v_8_farmshad13
0xCB5F1E86	v_8_framebd4
0xCB948380	v_ilev_fa_frontdoor-13
0xCB922E65	v_ilev_fh_frontdoor-13
0xCB6A6036	v_ilev_garageliftdoor-46
0xCB092433	v_ilev_methdoorscuff-1
0xCB85F553	v_ilev_sol_off_door01-32
0xCB9882B6	v_ind_ss_chair3_cso-5
0xCBB9C022	v_res_m_stool-17
0xCB8E39B4	v_res_r_fighorsestnd
0xCBD3A1FC	v_res_tre_cushnscuzd
0xCB62BEAB	v_res_tt_plate01-11
0xCB7260E0	v_ret_gc_chair03
0xCBE3468D	veh@bus@pbus@driver@base
0xCBE45394	veh@driveby@first_person@bike@driver@sawnoff
0xCB04378B	veh@drivebyboat@jetski@ps
0xCB1D5A89	veh@drivebystd_ds
0xCB012C73	veh_faggio_exhaust
0xCB8E9682	veh_xm_strom_underwater_trail-0
0xCB294479	vehicle_nowater
0xCB5CAC8F	veui_ed_mnu_pfx_hlp
0xCB787661	veui_upload_failed_channel
0xCBB5FC7C	vgq9g
0xCB535E83	vinewood_is_cruel_6
0xCB33476A	vw_prop_vw_champ_open-3
0xCB14C0EE	w_ar_assaultrifle-0
0xCBA0B031	w_ar_bullpuprifleh4_mag1-21
0xCBFF1FC6	w_ar_carbinerifle-46
0xCBB5A273	w_ar_carbinerifle_mag1-59
0xCB82F7CD	w_ex_molotov
0xCB7FDE16	w_lr_rpg_rocket-29
0xCB09B7F2	w_me_battleaxe
0xCBFD0A43	w_me_knife_01-12
0xCB310E78	w_pi_appistol-5
0xCB8716D6	w_pi_pistol_mag1-22
0xCB0C60D0	w_pi_sns_pistolmk2_mag_inc
0xCB8D4D8A	w_sr_marksmanrifle_mag1
0xCB555B80	walk_by_chat_architect
0xCBB77983	walk_from_a_to_b_male3
0xCB07C52A	walk_out_player_4
0xCB19DE14	watch_lose_a
0xCB865484	wcd_mkrf_clip1
0xCB5AB656	wct_tint_21
0xCB9A1F14	weapon_emissivestrong_alpha.sps
0xCB96392F	weapon_revolver_mk2
0xCB168027	weapon_select_loop_rag
0xCB75EA21	weed_avac
0xCBF96283	wheel_fric_mud
0xCBD48AEB	whosayscosplayisa_4
0xCB521F0A	world_human_aa_smoke@_male@_idle_a
0xCB04B692	wt_snwball
0xCB1F4D3B	x17_draw_4
0xCBEBE181	x64c.rpf
0xCB6A2FD4	xm25_mansion_intc-50
0xCBC41275	xm3_int4_light_proxy_main_stairs
0xCB2BBE0A	xm3_int4_tomd_mesh_desk2
0xCBDC9D7D	xm3_prop_xm3_bag_coke_01a-22
0xCB0DCDE8	xm3_prop_xm3_desklamp_01a-49
0xCBDBC062	xm3_prop_xm3_firedoor_01a
0xCB451B96	xm3_prop_xm3_hat_ron_01a-45
0xCB769D59	xm3_prop_xm3_hat_ron_01a-56
0xCBCE9423	xm3_prop_xm3_pouch_01a-27
0xCB3298F1	xm3_prop_xm3_rub_matress_01a-37
0xCB6C9DD9	xm3_prop_xm3_toy_dog_01a-67
0xCB86EB6F	xs_combined2_wallglue_10
0xCB66BD51	xs_prop_arena_pipe_transition_02b
0xCBE7B711	xs_prop_x18_garagedoor01-15
0xCBF1F10E	xs_terrain_rockpile_1_02_small
0xCBADADE4	ymap
0xCB502A0A	ynzlzmz
0xCBD96C29	yxpqy
