0xCD9CE1F0	001513_03_gc_mics3_ig_4_on_set_w_jmy_exit_mic
0xCD08AEA8	001916_01_fras_v2_9_plays_w_dog_idle_rot
0xCD0BDC2C	06_just_let_me_concentrate_nas
0xCD071660	0x5852838
0xCD59EA65	103_dubsta3_modkit
0xCD729FE9	112_voodoo_modkit
0xCD1A67A7	122_nightshade_modkit
0xCDC64439	249.2
0xCD8BDBDC	2twwraahmc
0xCDA59A47	302.1
0xCD1A9850	346_dominator6_modkit
0xCDD25CA0	387_asbo_modkit
0xCD7E43F6	406_everon_modkit
0xCD861284	9vbqw9qrd
0xCD3815CF	@/z
0xCDBA532A	@a
0xCD9904F3	a_c_rabbit_01-8
0xCDE955D2	a_f_m_soucentmc_01
0xCDEC55DE	a_f_y_gencaspat_01_dual-21
0xCD1CD09A	a_f_y_studioparty_02_dual-18
0xCD84B2CE	a_f_y_studioparty_02_dual-26
0xCD742356	a_f_y_tourist_01_dual-25
0xCD205137	a_f_y_tourist_02_dual-17
0xCD835691	a_f_y_tourist_02_dual-50
0xCDF2AD27	a_m_m_eastsa_02_latino_mini_01
0xCD4A6D31	a_m_m_fatlatin_01_p
0xCDB20C91	a_m_m_polynesian_01_polynesian_mini_01
0xCD7A9BFE	a_m_o_acult_01_p
0xCDE14018	a_m_y_acult_02_dual-7
0xCDDC4D09	a_m_y_business_01_dual-13
0xCD5FAEEC	a_m_y_gay_02_dual-50
0xCD9402AC	a_m_y_soucent_01_dual-8
0xCDA41D9F	a_m_y_stbla_01_dual-26
0xCDC7408D	a_m_y_stlat_01_latino_mini_01
0xCDD68B22	a_m_y_stwhi_02_dual-53
0xCD04C158	a_m_y_surfer_01-6
0xCD8A6EF2	ac2_fspot_fos_ep1_p1_01-5
0xCD1D8FF1	ac9_arm_1_mcs_1_01-0
0xCDEC4422	acknowledge_p03
0xCD144F00	action_player_01
0xCDF14FE1	adam_away_idle_e_06_v2_bottle
0xCDE0C821	adam_away_idle_q_10_bottle
0xCDB3B2D8	adam_away_idle_z_02_hp_table
0xCD09ED63	adam_bch_unq_end_a1_77
0xCDC5A94D	adaptivedof.exposuremin
0xCD25A654	adicta
0xCDC0C738	agents_idle_a_dave
0xCDB11F87	ah3b_ezaa
0xCDC25780	ah3b_sjaa
0xCD8C20E9	ah_3a_int
0xCD1A5F99	alien_run
0xCD4E48DD	amb@medic@standing@kneel@exit
0xCDD7632F	amb@prop_human_seat_chair@male@elbows_on_knees@exit
0xCDBCA935	amb@prop_human_seat_sunlounger@female@exit
0xCDFA9FEA	amb@world_human_gardener_leaf_blower@base
0xCD5472CD	ambientped_upperwrinkles
0xCDA6ED16	anim@amb@office@seating@female@var_d@base@
0xCD68DDE3	anim@amb@prop_human_seat_computer@female@idle_a
0xCD22A114	anim@mp_celebration@draw@male
0xCDF2C442	anim@mp_player_intcelebrationmale@chin_brush
0xCD0C3B3F	anim@mp_player_intcelebrationpaired@m_m_bro_hug
0xCD9BEC10	anim@scripted@freemode@ig4_cabinet_smash@male@
0xCD01E8FA	anim@scripted@mfh6@ig4_start_pilot@velum2@male@
0xCDC44498	anim@scripted@payphone_hits@cam@
0xCD253EC4	anim@veh@armordillo@turret@enter_exit_right
0xCD7B8A95	anim@veh@boat@patrolboat@ps@enter_exit
0xCD0F0FC8	anim@veh@plane@tula@lhs@ds@enter_exit
0xCD606C2E	anim@veh@small_trailer@turret@enter_exitrds@
0xCDC0FAE1	anim_ac1_fos_ep1_p5_002-13
0xCD0D02E3	anim_ac1_fos_ep1_p5_002-9
0xCD860C76	anim_ac72_fos_ep1_p6_01-32
0xCD62842D	anim_ac73_fos_ep1_p6_02-25
0xCD69348B	anim_ac74_fos_ep1_p6_01-9
0xCDF908AA	anim_ac77_fos_ep1_p6_01-4
0xCD82AF08	anim_ac82_fos_ep1_p6_00-10
0xCD5865C5	anim_ac82_fos_ep1_p6_02-2
0xCD141DE0	anim_casino_a@amb@casino@games@slots@ped_female@slouchy_withdrink@01b@base
0xCD404D7D	anim_casino_b@amb@casino@games@blackjack@ped_female@no_heels@regular@02b@base
0xCD73E657	anim_casino_b@amb@casino@games@blackjack@ped_female@regular_withdrink@01a@play@v02
0xCDCBDE7A	anim_casino_b@amb@casino@games@roulette@ped_female@seat_4@slouchy_withdrink@04a@base
0xCDC2F5EA	anim_casino_b@amb@casino@games@threecardpoker@dealer
0xCD3D1F05	anim_corona_oat_fos_ep1_p6_019-34
0xCD97E0F1	anim_corona_oat_fos_ep1_p6_10-12
0xCDF1D256	anim_corona_oat_fos_ep1_p6_11-15
0xCD55BB0E	anim_corona_oat_fos_ep1_p6_12-6
0xCDCECADE	anim_oat_fos_ep1_p6_04-12
0xCD8BEC32	anim_oat_fos_ep1_p6_040-27
0xCD369C64	anim_oat_fos_ep1_p6_055-13
0xCDDC7DE9	anim_oat_fos_ep1_p6_056-23
0xCD4134AB	anim_oat_fos_ep1_p6_08-6
0xCDCEE599	anim_oat_fos_ep1_p6_19-6
0xCD180E45	animl_aoag
0xCD992586	animl_asap
0xCDE33386	animl_bdap
0xCDB80100	animl_bnag
0xCDA30C03	animl_boaj
0xCDE5DD9B	animl_cfae
0xCDA8D9B8	animl_cvad
0xCDCD0F56	animl_dkae
0xCD5C4F40	animl_egai
0xCD220A0E	animl_ehal
0xCD47E5EB	animl_fcaa
0xCDAE1615	animl_feac
0xCD703F6A	animl_ftah
0xCDCF3BAA	animl_fxac
0xCD0E69D6	animl_gvaa
0xCDF34DF5	animl_hbaf
0xCD19C89F	anims
0xCD59CDDE	ansph_ctaa
0xCDBF343C	apa_ch2_04_original_terrain_slod
0xCD3C4C39	apa_hum_fin_int-3
0xCD50572F	apa_p_mp_door_mpa2_frnt-32
0xCD587C0D	apart_draw_2
0xCD6F74F8	apt_exit_left_alt1_door
0xCDCF0BBC	ar_birds_salton_peep
0xCD9072CE	ar_exec_wh_m_ac_02
0xCDDB8B0D	ar_industrial_substation_sparks
0xCDD30A42	ar_leaf_blower
0xCD0F1401	ar_m24_1_engine_room_01
0xCD4DE52E	ar_prop_ar_neon_gate8x_05a
0xCD4C83CE	ar_xm_int_lab_aircon_01
0xCDAC8410	arms_imaa
0xCD117BDA	artisan
0xCD72F36B	atal
0xCD75AE9E	aw_countdown_30s
0xCDED6C34	aw_lobby_vehicle_selection
0xCD4E86B8	az_dlc_btl_hktrk
0xCDF5DFF9	az_h4_dlc_island_vault_water_channel
0xCD19BE6F	az_music_malibu_08
0xCDE99500	az_music_southcentral_26
0xCD0BCC9B	az_music_sunset_33
0xCDC324D6	b_ammobelt
0xCD916230	ba_prop_battle_champ_open-30
0xCDC8DCAF	ba_prop_battle_ice_bucket-11
0xCDC0E43B	ba_prop_battle_ice_bucket-20
0xCDB8CEC9	ba_prop_battle_mic-28
0xCD16C3E1	ba_prop_battle_mic-50
0xCD09C3D3	ba_prop_battle_mic-52
0xCD1F04F6	ba_prop_club_water_bottle-7
0xCDCDEB38	ba_prop_door_club_trad_generic-37
0xCD07630A	ba_prop_door_elevator_1r-51
0xCDDEE4B1	ba_prop_door_elevator_1r-54
0xCD11EDB5	balance_recover_wide_right
0xCD869A3E	baller-41
0xCDB3C6D0	bang_hydraulics
0xCD299E45	base_5_shotglass
0xCDC05A3F	base_chair
0xCD88FCAF	base_jodi
0xCD93A473	base_weapon_test_amy_skater_01
0xCDD6030C	bet_max_pull_spin_v02_lever
0xCDBC65AC	bg_assault_start
0xCDC7A8DD	binoculars_trevor
0xCDF59D65	blonded
0xCD3B985F	bot_01b_bit_02-17
0xCDC46B21	boxville6
0xCD566959	bs_2a_mcs_10-6
0xCD9D2ED2	bs_2b_mcs_3-0
0xCD1FE11E	bspra_ajaa
0xCDFD9343	bugfix
0xCD26665A	bunk_int_p7_t03
0xCD227E4F	caddy3-34
0xCDD8792B	camino.
0xCD9B0624	car.dashlight
0xCDCC88A2	car_4_mcs_1
0xCD1FF22D	car_crushed
0xCD471A95	cavalcade-10
0xCD4A6949	cbrad_abad
0xCDD036C4	cbrad_dtah
0xCD7CE8A0	cbrad_dzaa
0xCDED108E	cf_reduce_body_roll_with_suspension_mods
0xCDE2A1D8	ch2_03_radio_tower_01
0xCDFCB059	ch_prop_arcade_fortune_door_01a-44
0xCDE156E0	ch_prop_whiteboard_04-17
0xCDEFCB07	chain_a_r_8
0xCD3DE775	chair_idle_05_phone
0xCDF05060	chatc_anaf
0xCD5D908D	chatc_cjac
0xCDC07D7C	checkpoint_buzz
0xCD1844B1	checkpoint_finish
0xCDBBCD8B	chest_attract_loop
0xCD398FC0	chinese_2_int-6
0xCD589669	chute_forward_lookleft
0xCD4CE07F	chwila
0xCD648B81	ciclista
0xCD589D61	clip_test_02_w_ar_carbineriflemk2_mag1
0xCD82A926	cloth_bxac
0xCDA076AB	cloudhat_stripey_b
0xCDC2192E	club_intro2-45
0xCD75134E	comes
0xCDD08BAF	common:/shaders
0xCD776C82	component_heavysniper_mk2_camo_09
0xCD940141	component_pumpshotgun_mk2_clip_01
0xCD7AEB9A	component_snspistol_mk2_camo_05_slide
0xCDFC3B08	computer_exit_console
0xCD135035	conac_apaa
0xCD3FFA6A	controlled
0xCD743294	convo_franklin_heywassup_3
0xCD92CD59	cop_heli_cam_background
0xCDB248C1	corona_fos_ep1_p1_02-27
0xCD52DEA3	corona_oatfos_ep_1_p1_021-14
0xCDF17701	corona_oatfos_ep_1_p1_025-4
0xCDDBE822	cpacketremovescriptdecal
0xCD810C58	cpacketunpinrope
0xCD492FEF	cpacketvehdamageupdate_playerveh
0xCD5A70E0	cpedblooddamageinfo
0xCD342964	crate_box_2_gb_3
0xCD80E459	criar
0xCDAE2847	crusader-6
0xCD1D4F1C	cs2_08
0xCD40E7C7	cs_arena_car_exhaust-24
0xCDF965BC	cs_arena_car_exhaust-33
0xCDD92A0F	cs_drfriedlander_dual-36
0xCD2FDB84	cs_drfriedlander_dual-74
0xCD9D9B73	cs_exile2_iron_steam-9
0xCDA50A3A	cs_jimmydisanto_dual-45
0xCD364EEE	cs_martinmadrazo_02_dual-33
0xCDC5A1AC	cs_orleans_dual-15
0xCD14971C	cs_taostranslator2_dual-43
0xCD3E864F	cs_terry_dual-8
0xCDEA58F2	cs_tomepsilon_dual-11
0xCDCFEDD9	cs_tracydisanto_dual-5
0xCDF9C010	csb_callgirl_02_dual-27
0xCDD5436E	csb_chef2_dual-10
0xCD46AC9C	csb_chef_03_dual-37
0xCD0A0A42	csb_hao_02_dual-0
0xCD5810C0	csb_hao_02_dual-20
0xCDEB3182	csb_helmsmanpavel_dual-20
0xCD050280	csb_imani_dual-26
0xCDD9E929	csb_mjo_02_p
0xCD2FFE66	csb_rufusbellows_dual-10
0xCDC2B20C	csb_security_a_dual-35
0xCDB8A888	csb_security_a_dual-66
0xCDBB3322	csb_tonyprince_dual-65
0xCD608201	csb_tonyprince_dual-9
0xCDFBDDAE	csb_wendy_dual-12
0xCD409481	csm_st_clouds_poisson16_rpdb_gnorm
0xCDC574E2	cst3_ccaa
0xCD1753A9	cst7_czas
0xCD59131D	cst7_dkab
0xCD1307E5	cst7_dxaa
0xCD1D9AAB	cst7_dzab
0xCD0C6357	cst7_ekaa
0xCDE1BD74	cst7_eoad
0xCDB4DB3F	cut_sec_golfcart_wheel_debris-1
0xCDC8E1CF	cut_silj
0xCD47F78D	cutter_driver
0xCD453A5E	d_ac16_bar_5_rcm_p2_1-6
0xCD57401A	d_ac24_bar_3_rcm_006-3
0xCD246537	d_ac27_mmb_1_rcm_02-2
0xCD7621C2	d_ac3_es_1_rcm_p3_01-1
0xCD09C410	d_ac3_tonya_mcs_3_00-5
0xCDDA267C	d_ac3_tonya_mcs_3_01-1
0xCD45D3AF	d_ac3_tunf_drp_hand_p1_t00_02-2
0xCD62DEE8	d_ac6_hao_mcs_1_008-1
0xCD667E01	daemon2-49
0xCDC99A0C	dancecrowd_trans_07_hi_to_mi_laz
0xCDDA3A29	danceidle_hi_15_lookaround_laz_face
0xCD28FA9A	dangling
0xCD88C18A	db_apart_03d_
0xCDC2388F	dddd
0xCD7F345E	depthbuffer
0xCD7EB877	des_light_panel_start
0xCDE470DC	dh1
0xCD33DF6F	dh1_dobe
0xCD7CE001	dh1_dobf
0xCD65815B	dh2b_ekaj
0xCD66B6EE	dh2b_flak
0xCDAFEEAE	disabling_road_nodes
0xCDB5FA38	dlc_h4_se_mpjo
0xCD924C47	dlc_h4_se_safe_codes_penthouse_music_entryway
0xCD8906BC	dlc_heists_general_frontend_sounds
0xCD33BCFA	dlc_ie_steal_tow_sandy_shores_radio_emitter
0xCDE6724F	dlc_mp_ar_f_jbib_2_8
0xCDAF53DA	dlc_mp_arena_f_berd_8_5
0xCDB3D705	dlc_mp_arena_f_jbib_15_9
0xCD3CCB37	dlc_mp_arena_m_jbib_6_0
0xCD5BA431	dlc_mp_arena_m_special_2_13
0xCDADCD1E	dlc_mp_bh_m_jbib_14_7
0xCD770C3A	dlc_mp_bh_m_jbib_6_2
0xCD49AC3F	dlc_mp_bh_m_special_3_12
0xCD1D8BB5	dlc_mp_biker_f_legs_2_2
0xCD3DE90D	dlc_mp_biker_f_pleft_wrist_7_0
0xCD99BD34	dlc_mp_biker_m_jbib_9_3
0xCD57E7C2	dlc_mp_biker_m_legs_0_0
0xCD385E16	dlc_mp_biker_m_pright_wrist_7_1
0xCD0C76A2	dlc_mp_biker_m_special_4_7
0xCD40DFEE	dlc_mp_busi2_m_accs4_4
0xCD39D833	dlc_mp_busi_f_berd2_8
0xCD0CBAFD	dlc_mp_busi_m_teeth1_10
0xCD258896	dlc_mp_exec_f_jbib_13_6
0xCD23CE78	dlc_mp_exec_f_jbib_5_4
0xCD9D2969	dlc_mp_exec_f_legs_1_12
0xCD9A727E	dlc_mp_exec_m_jbib_14_4
0xCD474C9A	dlc_mp_exec_m_jbib_16_4
0xCDD53265	dlc_mp_fixer_f_jbib_3_0
0xCD27D419	dlc_mp_fixer_f_phead_6_6
0xCD19A487	dlc_mp_fixer_m_decl_1_0
0xCDE5B418	dlc_mp_fixer_m_jbib_3_14
0xCD549C15	dlc_mp_gr_f_phead_6_10
0xCD40E017	dlc_mp_gr_f_special_8_7
0xCD4C0019	dlc_mp_gr_f_torso_10_19
0xCDA966D5	dlc_mp_gr_f_torso_17_3
0xCD4490D4	dlc_mp_gr_f_torso_24_1
0xCD61D438	dlc_mp_gr_m_jbib_2_19
0xCD36DF63	dlc_mp_gr_m_jbib_3_9
0xCD07E7B1	dlc_mp_gr_m_torso_10_19
0xCD1B79E2	dlc_mp_h3_f_jbib_10_23
0xCD7ABE16	dlc_mp_h3_f_special_8_12
0xCDA06CD8	dlc_mp_h3_m_berd_18_18
0xCD19AFC4	dlc_mp_h3_m_berd_9_13
0xCDF4B351	dlc_mp_h3_m_jbib_10_1
0xCDF7CDC9	dlc_mp_h3_m_jbib_10_14
0xCDF82FF8	dlc_mp_h4_f_berd_0_2
0xCD0CEB15	dlc_mp_h4_f_berd_4_16
0xCDB59CFD	dlc_mp_h4_f_jbib_5_0
0xCD87F9C3	dlc_mp_h4_f_phead_1_3
0xCD5271F7	dlc_mp_h4_f_teeth_10_14
0xCD2C5C42	dlc_mp_h4_f_torso_9_18
0xCD09889D	dlc_mp_h4_m_berd_0_23
0xCDCA3150	dlc_mp_h4_m_jbib_7_7
0xCD1284C1	dlc_mp_h4_m_teeth_10_3
0xCD841762	dlc_mp_h4_m_torso_8_0
0xCD21F35B	dlc_mp_heist_f_berd_16_7
0xCD8DA121	dlc_mp_heist_f_jbib_8_1
0xCD4ED16E	dlc_mp_heist_f_legs_7_1
0xCDEA67CF	dlc_mp_heist_f_torso_11_0
0xCD4B7916	dlc_mp_heist_m_berd_21_4
0xCD36FA93	dlc_mp_heist_m_hand_5_0
0xCD59E2AD	dlc_mp_heist_m_torso_37_0
0xCD1C17BF	dlc_mp_heist_m_torso_73_1
0xCD2A22CD	dlc_mp_ie_f_feet_0_5
0xCD611C77	dlc_mp_ie_f_jbib_18_9
0xCD5BAB19	dlc_mp_ie_f_jbib_21_15
0xCD257FC2	dlc_mp_ie_f_jbib_4_22
0xCDDCEEBF	dlc_mp_ie_f_phead_6_0
0xCDA2694C	dlc_mp_jan_m_special2_2_6
0xCD92E669	dlc_mp_jan_m_special2_4_4
0xCD99DB58	dlc_mp_low2_f_jbib_4_5
0xCDE4AB0B	dlc_mp_low_f_feet_1_0
0xCD8C5635	dlc_mp_low_f_special_5_1
0xCD993C17	dlc_mp_lts_f_hand_2_12
0xCDB2849A	dlc_mp_lts_f_hand_7_5
0xCDA13466	dlc_mp_lts_m_jbib_1_2
0xCD9B97C7	dlc_mp_luxe2_m_teeth_16_1
0xCDA86DEC	dlc_mp_luxe_f_jbib_2_3
0xCDC30D64	dlc_mp_luxe_f_jbib_4_3
0xCD32F875	dlc_mp_luxe_f_pleft_wrist_0_0
0xCDABAFAA	dlc_mp_luxe_m_teeth_28_2
0xCDEB6DFE	dlc_mp_pilot_f_hand_1_6
0xCD7CF672	dlc_mp_pilot_f_hand_8_14
0xCD690814	dlc_mp_smug_f_berd_0_2
0xCD97ADD6	dlc_mp_smug_f_jbib_3_10
0xCDB4E650	dlc_mp_smug_f_jbib_4_7
0xCD7627A5	dlc_mp_smug_f_phead_4_4
0xCDAA1A4F	dlc_mp_smug_m_jbib_7_7
0xCD2E5583	dlc_mp_smug_m_phead_0_17
0xCD3C3D13	dlc_mp_stunt_f_berd_0_2
0xCD79B65E	dlc_mp_stunt_f_legs_3_6
0xCD6983C1	dlc_mp_stunt_f_phead_8_13
0xCD36F70A	dlc_mp_stunt_f_special_1_4
0xCD740155	dlc_mp_stunt_f_special_4_13
0xCD7422E1	dlc_mp_stunt_f_torso_1_1
0xCD7FF062	dlc_mp_stunt_m_jbib_5_0
0xCD177050	dlc_mp_stunt_m_phead_10_16
0xCDBD6FFD	dlc_mp_sum2_f_berd_0_0
0xCD6D2479	dlc_mp_sum2_f_hand_0_0
0xCD881D95	dlc_mp_sum2_f_jbib_12_12
0xCD10AECD	dlc_mp_sum2_m_peyes_1_6
0xCDFD3AA8	dlc_mp_sum_f_legs_1_18
0xCD81A089	dlc_mp_sum_f_torso_4_4
0xCDF795AB	dlc_mp_sum_m_jbib_5_7
0xCD08D092	dlc_mp_sum_m_special_1_6
0xCD00BF0C	dlc_mp_vwd_f_berd_11_3
0xCD40A8A5	dlc_mp_vwd_f_feet_2_13
0xCDA1239B	dlc_mp_vwd_f_jbib_3_8
0xCD9FE038	dlc_mp_vwd_f_legs_2_22
0xCD700280	dlc_mp_vwd_f_peyes_1_16
0xCD613268	dlc_mp_vwd_m_jbib_12_23
0xCDE9A6BC	dlc_mp_vwd_m_jbib_21_16
0xCD4F04A4	dlc_mp_vwd_m_legs_2_5
0xCDC01E61	dlc_mp_x17_f_berd_9_10
0xCD4DF667	dlc_mp_x17_f_jbib_13_18
0xCDAFAB76	dlc_mp_x17_f_jbib_6_22
0xCD5F1FA5	dlc_mp_x17_m_berd_4_17
0xCD8B5785	dlc_mp_x17_m_berd_8_8
0xCDB6D7FD	dlc_mp_x17_m_special_6_3
0xCD4E604F	dlc_mp_x22_f_berd_2_11
0xCD6BA7B1	dlc_mp_x22_f_jbib_30_20
0xCDBBBD89	dlc_mp_x22_f_legs_8_22
0xCDDD9F2A	dlc_mp_x22_m_berd_2_15
0xCDB60274	dlc_mp_x22_m_berd_2_9
0xCD5A5922	dlc_mp_x22_m_feet_1_4
0xCD11C4B3	dlc_mp_x22_m_jbib_18_22
0xCDA1526E	dlc_mp_x22_m_jbib_25_0
0xCDFE43E4	dlc_mp_x22_m_phead_1_10
0xCDEE768F	dlc_mp_xmas2_f_berd_1_0
0xCD50402A	dlc_mp_xmas3_m_jbib_1_10
0xCD03EB13	dlc_mpsum2_no_rain
0xCD88C9EE	dlc_vinewood/koth
0xCDF1CAFF	dodge_generic_r
0xCDD95BC1	done
0xCDCC3598	dont_get_me_excited_0
0xCDC490D6	drf_mic_2_cs_1-85
0xCDB81666	drf_mic_3_cs_2-0
0xCD910D68	drink_4_trevor
0xCD48E511	dt1_20_didier_mp_door
0xCD1D3764	ef_1_rcm-5
0xCD0A34BF	effectively
0xCD748691	elektroschocker
0xCD0ACA91	empire.
0xCD430620	empty_safe_exit_player0
0xCD90E61D	empty_table_idle_var01_facial
0xCD767DB9	ent_amb_floating_debris
0xCD864BA7	ent_col_gen_tree_dust
0xCDE749C7	ent_ray_heli_aprtmnt_silt
0xCDD5C9E7	enter_bartender_heeled
0xCDFD943E	enter_car_ramp_hits_ground
0xCD0463D8	enter_high_r_faceleft
0xCD4F7437	enter_open_radar
0xCDB2BA3C	event_network_player_dropped_portable_pickup
0xCDD0ED2D	exile_3_int-2
0xCD282A81	exl3_evab
0xCDDB13C9	exp_air_plane_rpg_spawn
0xCDEE329B	ext1_cqai
0xCD7F7CE4	extreme_04_dom_a
0xCDF485BF	fafm_adaa
0xCDF29F79	fam3_acaa
0xCD315509	fam3_chase_restart
0xCD986801	fam3_truck_pull
0xCD777F6D	fam4_bhbb
0xCD9B5279	fam5_efad
0xCD127E5E	fam6_aiax
0xCD575747	fam6_awbf
0xCDB9E71B	family_6_pierce_lazlow_mg
0xCD6CADBC	famt_buaa
0xCDFB7D6B	famt_cvaa
0xCD77CA6D	fatf_bsaa
0xCDC6417E	fatf_ccaa
0xCD9F8A97	fb_r_eye_001
0xCDC6670B	fbi1_coag
0xCD46BD4F	fbi2_akab
0xCDD927C4	fbi3_gmab
0xCDCE2430	fbi3_goak
0xCD922015	fbi5a_cut_pipe_start
0xCD0EDF52	fbi5a_lyab
0xCD7096A4	fbi_5a_mcs_leadout_mic
0xCD84C725	fbis4_cqaa
0xCDF754FF	fbis4_jaac
0xCDE28016	fcfj_ddad
0xCD0592FF	fcfj_dhab
0xCD3A7AAD	fcft_dgae
0xCD8CC625	fcft_djaa
0xCD065002	fcftl_daaa
0xCD5566E1	fcma_cqaa
0xCDEEE055	fcmf_cvab
0xCDBCB67E	fcmf_cxae
0xCDB29CB7	fcmf_dbab
0xCDEE299C	fcmft_dfal
0xCD914D00	fcmj_cyae
0xCDC244B0	fctj_ajar
0xCD6DACC7	fctl_csaf
0xCDA2D446	fctl_dfag
0xCDD76E37	female_pos_c_p1_weed_idle_01_lamar_strain
0xCD58885C	fh3a_elaa
0xCDEA5B79	fh3a_hfae
0xCD29E8A8	fidgit_04
0xCDB18690	fin_c_ext-2
0xCDD9A9F7	fin_c_ext-34
0xCDA68D05	fin_c_mcs_1-5
0xCD6E5023	finc1_aaaa
0xCDC42053	finc1_fhbe
0xCDF04D47	finc1_ifaa
0xCD99F5A8	fix_agy_int1-34
0xCD09E054	fix_trip2_int-17
0xCD7A47F4	fkn1_fnaa
0xCDEC3E61	flag_align_left
0xCDF5634A	fm_1_bgac
0xCD54CD4E	fm_cor_autod
0xCDF19192	fm_rstar_f_tshirt_001
0xCD3D6272	fmf_1_btab
0xCDA1D8F4	fmfl_amah
0xCDCA90C0	fmm_acaa
0xCD61ACE6	fmm_jiaa
0xCDCABFC2	fos_ep_1_p3d
0xCDA02D87	fos_ep_1_p5-3
0xCDF02E73	fpfl
0xCD25A911	fpfm_akaa
0xCD44E995	fpfm_bcaa
0xCDAC17D3	fra2_bkaf
0xCDC355CF	frachtflugzeug
0xCD39FC53	freecam
0xCD15B7E7	friends@frj@ig_1
0xCD6156D1	functions.
0xCD656CA3	fxfr_pca_1_intro_male_facial
0xCDC412FD	fxfr_pgg_1_male
0xCD41630F	g_m_y_lost_01_dual-2
0xCDD4880E	g_m_y_mexgoon_02_dual-9
0xCDCFAF54	gallery_allow_font_edits
0xCD31F6EA	gang-burrito
0xCDEDBA9A	gauntlet4-5
0xCD0D8BC7	gc_vehicle_passenger
0xCD946751	generally
0xCDF606D9	getbinkmovietime
0xCD5702E1	gfxcharacter
0xCDB92815	give_pickup_rewards_event
0xCD0A2C48	gone_golfing_tee_off
0xCDE820A1	gr_prop_gr_crates_sam_01a
0xCD620E13	gr_prop_gr_jailer_keys_01a-7
0xCD385F79	gr_prop_gr_rsply_crate04b-69
0xCD7CEB56	gun_beg
0xCD8B6768	h4_des_hs4_gate_exp_02-3
0xCDC3E0A3	h4_mph4_manb_hedges_middle_c_fur_loda
0xCDF57594	h4_prop_h4_cash_bag_01a
0xCDB8F97D	h4_prop_h4_lrggate_01_l-13
0xCD7D2A96	h4_prop_h4_lrggate_01_r-4
0xCDF5447E	h4_prop_h4_mine_03a
0xCD40AB46	h4_prop_h4_pouch_01a-29
0xCDE11361	h4_prop_h4_wheel_nimbus_f-4
0xCD86DBBA	h4_prop_screen_btm_missile_active
0xCD336A6D	h4_prop_tree_frangipani_lrg_01
0xCDD9F30B	h4_rig_dj_01_lights_02_c
0xCDEBB522	hack_exit_laptop
0xCDB1E9A6	haird_cutt2
0xCD10077F	hash_cd10077f_hvgkga_collision
0xCDD3328D	hash_cdd3328d_itiuzjy_collision
0xCD402920	headlookatheadposmaxtimer
0xCDA95F51	hei_prop_hei_pic_pb_break-7
0xCD606CCD	hei_prop_heist_docs_01-0
0xCDE7678D	hei_prop_heist_docs_01-13
0xCD178ECE	hei_prop_heist_magnet-5
0xCD4E2AE9	hei_prop_heist_trevor_case-13
0xCD18C29A	hei_prop_wall_alarm_on-0
0xCD8DDDB5	helicopter_prompt_exit
0xCDEF7C5E	hf_offroad_abilities
0xCDA3A9DB	hiding
0xCD4DB072	high_five_right
0xCD5E8420	hs4_nimb_lsa_isd-38
0xCD5CF48E	hs4_vel_lsa_isd-3
0xCD93E35B	hunt1_araa
0xCDD6423E	hunt2_cgad
0xCDD76505	i_warned_you_cam
0xCDF058AB	id2_21_a_tun4
0xCD6CDC69	idle_c_a_f_y_beach
0xCDF885EE	idle_only_you
0xCD2CCE02	idle_turn_l_facial
0xCDCBFF4E	idle_var_02_jenette_facial
0xCD1270D9	ig_7_right_ball_idle_michael
0xCD34A6A5	ig_8_wake_up_front_player_facial
0xCDC9A7E2	ig_djsolmanager_dual-25
0xCD0FCBFA	ig_entourage_b_dual-34
0xCD664EA2	ig_jaywalker_dual-53
0xCDA23BE0	ig_nervousron-5
0xCD777AAA	ig_tomepsilon
0xCD447C08	ig_tylerdix_p
0xCDB291A2	ig_vernon
0xCD153D80	ihr
0xCD20377F	imp_prop_impexp_offchair_01a
0xCD5904E3	impactloosenessamount
0xCDB98F19	ingleses
0xCDC4E4E9	input_skip_cutscene
0xCDA34356	inspecting_med_idle_02_clipboard
0xCD535B25	insult_ped_fat_conv01_part1
0xCD450FB1	insult_ped_tough_conv07_part1
0xCDE50982	int_extlight_small
0xCD2F8F9D	iom_joystick_axis7
0xCD987E29	iom_joystick_button20
0xCD7B4DF1	issi2-14
0xCD8B31F3	j@mie
0xCD509D49	jednak
0xCD08639F	jet-15
0xCD2BE9EE	jet-6
0xCDD52E69	jh_ewaa
0xCDD8FE06	jh_rhaa
0xCDEEF225	jhf_bhal
0xCD4CBF8C	jhrs_2_int_p3_t2-0
0xCDBD9F72	josh2_bkad
0xCD09BE15	kicking_dirt_vw_prop_vw_valet_01a
0xCDE429DD	label
0xCD96CDBD	laca
0xCDE8266A	layout_heli_thruster
0xCD9CF7CC	legal/
0xCD1EBAED	lem1_cuaa
0xCDDBC88E	lem1_eoag
0xCD90BC0E	lem1_goaa
0xCD74C0DC	lem2_bcaa
0xCDCA663D	lensflare.desaturation.boost
0xCD82C616	lester_1_int-3
0xCDEE79AF	lester_1a_buy_clothes
0xCDEB8ABF	lev_des
0xCDF1112A	lguard-27
0xCD339D70	light_ray_col_r
0xCD89B0A5	lightweighthighquality0
0xCDDECA75	liquid_oil
0xCD95DBAD	logiledpulselighting
0xCDD94E09	look_around_right_02_gr_prop_gr_part_drill_01a
0xCD20BC15	look_around_v1_cooker
0xCD5ACB27	low_attack_0_running
0xCD5652A7	lr_m_hair_002
0xCD5323B2	luxor-47
0xCD699AB1	m23_1_prop_m31_flarebox_01a
0xCD0DA3F0	m23_2_int6_m232_office_1
0xCD3A1326	m23_2_int7_m232_int_w03_ventsold
0xCDBFB6AD	m23_2_prop_m32_curb_str_xl_01b
0xCDD31EAE	m23_2_prop_m32_door_ls_logo_01b-3
0xCD393C82	m23_2_prop_m32_drug_pkg_01a-59
0xCD989F15	m23_2_prop_m32_police_badge_01a-32
0xCD55CC5E	m24_1_int_01_m241_strs_det
0xCD1325DF	m24_1_prop_m24_1_carrier_station_gate
0xCD27B2E0	m24_1_prop_m41_blinds_open_01a-44
0xCD0E3EA1	m24_1_prop_m41_bounty_door_01a-33
0xCD55BE8A	m24_1_prop_m41_bounty_door_01a-7
0xCD50E2B6	m24_1_prop_m41_nameplate_01a-12
0xCD7EF744	m24_2_int_01_exit_02
0xCD5A62EB	m24_2_int_01_v_35_emwindows
0xCDCFC3ED	m24_2_prop_m42_lantern_01a
0xCD1A65FA	m25_1_prop_cs_script_dlc_vehlp-13
0xCD235BA9	m25_2_int_01_arc_sockets
0xCD32B4E4	m25_2_int_01_led_strip_01
0xCD745921	m25_2_prop_m52_man_shut_door-6
0xCD6DBBC9	m25_2_prop_m52_plaque_09a
0xCD8E5FFE	m9te
0xCDB48571	m_position
0xCD026976	male_beach_r2pvg
0xCDAD2204	male_pos_c_p1_weed_idle_02_ashtray
0xCDDEDC0A	male_pos_c_p2_weed_idle_03_lighter
0xCD5D6783	martin_1_chase_jump_01
0xCD0E7DBA	martin_1_ext-4
0xCD4480E6	mbhflaioxm
0xCD4F56C2	mch1_boaa
0xCDE29564	mch1_cqap
0xCD96BE85	mch2_ccaa
0xCDA9BCBA	mclamcla
0xCD6BF66B	mea1_azak
0xCD52CEE0	mej1_braf
0xCD82CBF1	menu_unique_id_settings_display
0xCDD99D70	mesa-21
0xCD9CB340	metro_30
0xCD12BE78	mgps_eaaa
0xCD62BD1E	mgtn_dwaa
0xCD613B61	mgtr_bsaa
0xCD6378C4	mh_l_shoulderblade
0xCD6A3157	mi_1_shootout_stealth
0xCDE9C6B4	mic_1_mcs_2-18
0xCD0CDA3B	mic_4_int-153
0xCDF3F887	mic_4_int-208
0xCDF65555	micro_cheek_puffed
0xCDC9FF15	mifl_ajad
0xCD0D575E	min1_abaa
0xCD72BDAF	mina
0xCDB8DB03	missarmenian1driving_taunts@franklin
0xCD994338	missexile1_cargoplanejumpout
0xCD93A7DB	monster
0xCD80413D	mood_normal
0xCDF698A0	moodm_dance_ma_27_bag
0xCD4EC7CD	moodm_deck_hc_13_facial
0xCD7E7834	moodm_idle_mh_08_dancer_b_facial
0xCD1787B3	moodm_mic_u_v4_06_turntable_left
0xCD19BB04	moodm_trans_dance_to_deck_ha_04_turntable_right
0xCD01DD57	moodm_vinyl_right_ld_20_turntable_right
0xCD9A9A65	motorcycle
0xCDEB1917	move_action@p_m_two@unarmed@idle@low_energy@c
0xCD5BFBA1	move_jump@weapons@rifle
0xCDB06426	mp_cctv_soundset
0xCD3A69B5	mp_christmas2018_tee_105_f
0xCD5DD372	mp_christmas2018_tee_114_f
0xCDF22EEB	mp_christmas3_tat_005_m
0xCD893F23	mp_f_freemode_01_dual-6
0xCDFB3B20	mp_intro_mcs_16_a2-11
0xCDF02D33	mp_lr_tat_011_f
0xCDC56CBB	mp_mp_stunt_tat_038_m
0xCD0F59CD	mp_power_a
0xCDEF5408	mp_s_m_armoured_01
0xCD369DD7	mp_val_m_tshirt_r
0xCDEF8432	mp_x17dlc_int_02_tint7
0xCD1FD2A2	mpcas5_int-5
0xCD6E5F88	mpcircuithack2
0xCDCF9693	mpct_claa
0xCD67B4BE	mpct_ltaa
0xCD503DD7	mpct_mmaa
0xCD82ABB5	mph_pac_mid-6
0xCDAF76AF	n_ac11_ep_5_rcm_009-1
0xCD16177B	n_ac27_ep_3_rcm_alt1_002-5
0xCD147E6C	n_ac27_mmb_1_rcm_00-20
0xCDE60E33	n_ac2_fin_c_ext_p5_01-20
0xCD6D1703	n_ac3_hs4f_drp_off_p1_t02_03-1
0xCD926225	n_ac3_hs4f_drp_off_p1_t02_05-3
0xCDEA6DFB	n_ac59_mic_2_mcs_3_02-14
0xCD179D88	n_ragelight6_dixn_intro_p1_002-5
0xCD0C8A11	nhhrollingstart
0xCD678CAB	nige3_cjaa
0xCDACE18E	nme_bch_unq_end_a1_77_hp
0xCDE002AF	nme_mix_idle_k_30_coconutdrink
0xCDD79A22	normaltexture
0xCD060354	nrlxp
0xCD18B389	number_stolen_boats
0xCD5D9617	offensive
0xCDC7AD16	ojbj_stop
0xCD39D7C6	online_policy_dl_failed
0xCD3B51B7	onyacht_fight02failure_thug
0xCD7687F5	outro_hi_l_corner_short
0xCDE28162	overheat_8
0xCD9EDD7F	p3_ver2_solomun_facial
0xCD33D896	p_banknote_onedollar_s-74
0xCD7C4044	p_cblcar_s_doors_open
0xCDD31039	p_cs_beachtowel_01_s-38
0xCDBC12FA	p_cs_joint_01-12
0xCD450D84	p_cs_joint_01-57
0xCD33D8EA	p_cs_para_ropes_s-4
0xCD5E0702	p_cs_shot_glass_s-3
0xCDAB9582	p_cs_trolley_01_s-13
0xCDD85D47	p_finale_bld_pool_s-55
0xCDE4854C	p_t_shirt_pile_s-4
0xCD83DD92	p_tumbler_01_s-41
0xCDA48A01	pad_a
0xCD280953	pap_idle_02
0xCDB15960	pat_heist
0xCDCB9E72	pbam_aeac
0xCD9AEABA	pbam_asah
0xCD14E75C	pbbb_agae
0xCD679078	pbpd_aiae
0xCDDBAD22	pbzb_aaaa4
0xCD63362E	ped_a_standing_intro_facial
0xCDEB4B3B	ped_b_pour_one_male_d_glass
0xCDD9AFC2	permission_denied
0xCDCD5B60	petrol_trail_fire_start
0xCD1F6102	plane_damaged_loop
0xCD1D0B16	pmrec_acaa
0xCDB73061	poderoso
0xCD0C8907	police_scanner_colour_yellow
0xCDEF4E84	pos:
0xCDA6E6DC	pose_c_idle_f_prop_battle_fan
0xCD70E560	pose_d_idle_b_water_bottle
0xCDD449D7	pose_e_idle_b_headphones
0xCD986CD5	pour_one_bottle
0xCD6A6851	pranger-13
0xCD023207	program
0xCDEB2BE6	prop_barrel_float_2
0xCDD8FE00	prop_barrier_wat_01a
0xCD96B6E8	prop_beach_bag_02
0xCD5B9B18	prop_beer_logopen-16
0xCD532174	prop_binoc_01-30
0xCD68B9DD	prop_chair_08-12
0xCD33F622	prop_cs_film_reel_01-19
0xCDACA9FD	prop_cs_fridge-18
0xCD70829C	prop_cs_glass_scrap-8
0xCDFA327C	prop_cs_hotdog_01-3
0xCD6C1658	prop_cs_kitchen_cab_rd-59
0xCDB8D2C4	prop_cs_paper_cup-6
0xCD0703C1	prop_employee_month_02-66
0xCDC49A05	prop_flattruck_01a-5
0xCD8C29BE	prop_food_bs_bag_01-1
0xCD55ED4D	prop_golf_bag_01b-4
0xCD175DCF	prop_hx_deadl_g_tr
0xCD1E9AC0	prop_ic_special_ruiner_p_tr
0xCD8B9E04	prop_ice_cube_01-1
0xCDD66C61	prop_iron_01-3
0xCD6A6632	prop_joshua_tree_02e
0xCD1311A4	prop_kitch_pot_med
0xCD83D7E6	prop_lrggate_01c_r-4
0xCDA4F5E3	prop_lrggate_02
0xCD2E1418	prop_luggage_06a-30
0xCD1A7F03	prop_mem_candle_05
0xCDCABE09	prop_mk_random
0xCD284182	prop_paints_can01-3
0xCD4FD8A1	prop_palm_fan_04_b
0xCDF88E2D	prop_parking_wand_01
0xCD7CE934	prop_phone_overlay_anim-12
0xCDA1C62B	prop_pineapple
0xCDF5077A	prop_pint_glass_tall-3
0xCDD9A9E6	prop_potatodigger
0xCDFF8619	prop_rub_matress_02
0xCD349CB5	prop_sandwich_01-8
0xCD97E151	prop_scafold_01f
0xCD0CAEAE	prop_sec_barrier_ld_01a-53
0xCD8FE9DC	prop_shots_glass_cs-4
0xCDCD8557	prop_spycam-1
0xCDB51500	prop_table_03_chr-13
0xCD0316FA	prop_table_03_chr-6
0xCDCA73A0	prop_tanktrailer_01a-4
0xCD1BE10C	prop_tool_box_04-20
0xCDA78FC2	prop_tree_cedar_s_04
0xCDA08267	prop_wall_light_06a
0xCD413F4A	prop_walllight_ld_01b
0xCDE9294B	prop_weeddry_nxg02
0xCD28109C	prop_weeds_nxg08b
0xCD4B5F97	prs_mfah
0xCD296363	prs_rmab
0xCD5FF47A	prs_siaa
0xCD26E072	przed
0xCD3EA5B1	ptrx_idle_i_q_l_12_dj_ptrax_facial
0xCD0672B1	ptrx_idle_k_q_r_base_05_end_dj_ptrax
0xCDA5BB71	pu_jer_hlp
0xCD2548F7	puddles.ripples.winddamping
0xCDD2195A	py
0xCD4353E1	qualcuno.
0xCD3B55FA	rabbit
0xCDFBB6A4	rampa_away_idle_g_09_s_glass_01
0xCD6BE2B3	rampa_bch_unq_crwd_c_56_s_glass_03
0xCD9DC19A	rampa_bch_unq_sync3_b_29
0xCDBCCAED	rampa_cuedance_idle_h_11_hp_head
0xCD61755D	rampa_cuelean_idle_c_03_v2_s_glass_01
0xCD289D9D	rampa_cuelean_idle_h_11_v2
0xCD756278	rampa_mix_idle_i_10_hp_table
0xCDB9EE46	rampa_mixdance_idle_j_14_v2
0xCDABC095	rampa_mixsway_idle_d_04_v2_s_glass_02
0xCDB96962	rampa_trans_cuedgrab_to_cueddown_a_05_s_glass_03
0xCDB58AEC	rampa_trans_cuehpgrab_to_cuelean_a_04_end_v2_s_glass_01
0xCD297AE6	rampa_trans_mix_to_mixsway_sync_a_06_v2_hp_table
0xCD3DD797	rampa_trans_mixddown_to_mixdance_a_04_facial
0xCDEFECB6	rampa_trans_mixdup_to_mixddown_a_06_v2_hp_head
0xCD3AD6C5	rampa_unq_sync_e_22_v2
0xCD1F1051	rbh2a_meah
0xCD430B9A	rbratiooneleg
0xCD048A61	react_win_03_playerface
0xCDBA6647	reaction_no_bet_var01_seat1
0xCDA11197	read_01_amy_skater_01
0xCDFF7A0D	rebel-12
0xCDA1F1A0	rebooting
0xCDAEAF28	rebor_avaa
0xCDDB8953	reditor
0xCDFB78D5	redo2_alaa
0xCDF2A026	regal_b_3rd
0xCD497C0E	repap_fcaa
0xCDA553C3	report_suspect_is_on_foot
0xCD8EBB19	respawn_a_ped_c
0xCDFF813C	ride-height.
0xCD6F5DD8	ride_on_through_lamar
0xCD11D509	ride_stop
0xCD935EF9	ripley
0xCD20D7A8	rooms
0xCDF4F8D3	round_start_blade
0xCD608857	round_start_jn
0xCD336B3E	runner_route_four
0xCDDF15E4	rural_bank_heist_finale_sounds
0xCDB00D0D	s_m_m_autoshop_02_dual-5
0xCD407073	s_m_m_ciasec_01_dual-0
0xCD5DEC47	s_m_m_highsec_03_dual-9
0xCD5E8FE3	s_m_m_marine_02_dual-6
0xCDFEEB45	s_m_m_paramedic_01_dual-10
0xCD79387C	s_m_y_baywatch_01_black_full_01
0xCDAE6BCA	s_m_y_blackops_01_r2pvg
0xCDE62EDA	s_m_y_casino_01_dual-16
0xCD005EA9	s_m_y_sheriff_01_dual-2
0xCD80CC26	salvaje
0xCD4DE36E	sat_rage
0xCDF16FE3	score_down
0xCD1B6CB5	scr_ch_hl_package_flare
0xCDCC1E25	scr_firework_indep_ring_burst_rwb
0xCD549A41	scr_jewel_haze-1
0xCDDAFF79	scr_man_col
0xCDC7B633	scr_man_oj_fire_gas_leak
0xCDB48EB7	scr_sb_cash_crate_flames
0xCDDDB3E4	scripted_game_event
0xCD1C181A	se_restaurants_venice_46
0xCD498688	seatedidle_hi_17_longbase_laz
0xCD26ED01	seoulpark_23_vagos
0xCD6D0582	sequence
0xCD9E9605	set_input_mailing_list
0xCD05DC89	sf_prop_sf_cash_roll_01a-69
0xCDEC7EFC	sf_prop_sf_chair_stool_08a-21
0xCDE0060F	sf_prop_sf_door_com_r_06a-62
0xCD2AEE56	sf_prop_sf_door_stud_01a-28
0xCDC58794	sf_prop_sf_golf_bag_01b-7
0xCD41E615	sf_prop_sf_laptop_01a-14
0xCD89CF62	sf_prop_sf_monitor_s_02a-65
0xCD4D64A8	sf_prop_sf_offchair_exec_01a-0
0xCDCCD13A	sf_prop_sf_offchair_exec_01a-73
0xCD08BE63	sf_prop_sf_phone_01a-15
0xCD76BCE5	sf_prop_sf_phonebox_01b_s-9
0xCD02B989	sf_prop_sf_ps_mixer_01a-11
0xCDEB00F2	sf_prop_sf_s_mixer_02a-16
0xCD03233C	sf_prop_sf_s_mixer_02b-12
0xCD7ECCD1	shadowprocessing_softshadowblur_createearlyout1
0xCDE29CA0	shoot_drunk
0xCDC49024	shop_give_for_free
0xCDA83B0A	shotrfw
0xCDEFF9D5	shower_exit_to_idle
0xCDEFEBA0	shower_exit_to_towel_enter_door
0xCDDE2965	single_team_intro_three
0xCD6C0456	skel_r_cfin_01
0xCD2C2F6A	skycam
0xCD59810A	sm_14_mp_door_r
0xCDD027DF	sm_prop_smug_havok-75
0xCD3A255F	smoking_base
0xCD9297B5	social_club
0xCD638BDF	sol1_dyaa
0xCD9ED952	sol5_asab
0xCD874A85	sol_idle_ctr_narow_a_headphones_neck
0xCD627E85	sp_f_eyes_12_0
0xCD43F8F9	sp_f_head_8_1
0xCDB7416D	sp_f_lowr_2_3
0xCD0420D4	sp_f_lowr_7_12
0xCD70D8C6	sp_m_feet_11_9
0xCD9B0129	sp_m_feet_12_6
0xCD09290F	sp_m_feet_14_2
0xCDBF511C	sp_m_feet_2_14
0xCD4BFFE5	sp_m_feet_3_11
0xCD060F7B	sp_m_head_17_0
0xCD4F4717	sp_m_head_18_0_1
0xCD580E5A	sp_m_jbib_5_6
0xCD93A5C6	sp_m_jbib_9_14
0xCD067C74	sp_m_lowr_9_5
0xCD2BA1C0	special_ped@pamela@monologue_10@monologue_10a
0xCD15C9EF	special_ped@pamela@monologue_11@monologue_11c
0xCDEF8176	special_ped@pamela@monologue_4@monologue_4e
0xCD035AD3	special_ped@zombie@base
0xCD6F1A79	speech_veh_open_to_reverb_vol_lin
0xCD5F12F8	spinningwheel_low_effort_04_facial
0xCD3B6887	sprunk
0xCDFDE752	sr_prop_special_bblock_xl3_fixed
0xCD7122B4	stage_3_hit_line_1_trans
0xCDE66D0C	stage_3_hit_line_3_golfer
0xCD30ECB8	starts
0xCD109391	stationary_reactions
0xCD5A6484	stone_me_v2_male_facial
0xCDE64971	strafe_rt_intro
0xCDD1A3EB	stt_prop_stunt_track_turn
0xCD854C43	stunt_jump_completed
0xCDE31645	suena
0xCD5E5D8D	sum_prop_track_ac_bend_lc
0xCDE995C8	sweep_front_breathe_additive
0xCD64A267	switch@franklin@plays_w_dog
0xCDA31F42	switch@michael@bedroom2
0xCD87F15A	switch@trevor@chase_strippers
0xCD20D159	switching
0xCDDBB96F	t-shirt
0xCD0937D8	t1m1_abaa
0xCD1B0B2D	t1m1_emat
0xCD6774AB	tale_out_soldix_in_cc
0xCD7667DC	tbtht
0xCDD6A5C7	tennis_close_line_call
0xCD19DBF1	terrain_cb_w_4lyr_2tex_blend_ttn
0xCD543039	terrain_cb_w_4lyr_2tex_pxm.sps
0xCDEC4431	throw
0xCD5F1DCE	thruster-16
0xCDA32B94	timetable@michael@on_clubchairidle_c
0xCD78435C	tinypink02
0xCD464B0A	tired_01_right_v_ilev_chair02_ped
0xCD08305C	tm44_gkab
0xCD2303DD	tmom_1_rcm-17
0xCDB1C7CE	tooltips
0xCDA1A426	tou_dance_e_mm
0xCD44194C	tow_dkaa
0xCD8E93ED	tow_eiab
0xCD182950	tow_fdaf
0xCDB44B77	tow_lyai
0xCD2E50C1	tr2_arae
0xCDFBB672	tr2_cyak
0xCD1554CD	tr_prop_tr_bag_djlp_01a-27
0xCD7273BD	tr_prop_tr_car_keys_01a-6
0xCD6A9CDC	tr_prop_tr_roller_door_07a
0xCD808068	tr_prop_tr_skidmark_01a-2
0xCD09FC1B	tr_prop_tr_swipe_card_01a-0
0xCD83A009	trades
0xCDC83A6C	trev_leave_stripclub_outro
0xCDDC1B6E	trevor1_trailer_park_main_trailer_radio_02
0xCDD665E4	trflat-1
0xCD88E447	trigger_quit
0xCDD485FC	trv3_abas
0xCDAC3BC0	trv_5_int-0
0xCD4DBE47	trvram_5_con
0xCD337D54	tuner_ap_mix1
0xCD2D911B	turismo2-2
0xCD6F0781	txm12_biaa
0xCDCE7186	txm1_azaa
0xCD65D1ED	u_m_m_jewelsec_01_dual-2
0xCDF203F5	u_m_y_juggernaut_01_dual-2
0xCD6741A5	u_m_y_smugmech_01
0xCDDC9EA3	uihint
0xCD9C9C36	umovementparams0
0xCD54FB24	unable
0xCD0B54C2	unload_rl_02_gr_prop_gr_part_mill_01a
0xCD5C4877	uyyzriiauv
0xCD024C5A	v_16_hi_apt_planningrmstf
0xCD3D13E7	v_24_details2
0xCD83A8A6	v_31a_tun02bits
0xCD8737B2	v_74_atr_hall_deta001
0xCD15300E	v_club_roc_cab3
0xCDCE3C36	v_corp_bk_flag
0xCD1B2162	v_ilev_fib_door_maint
0xCDD871B7	v_ilev_roc_door3-12
0xCDB2F946	v_med_cor_unita
0xCDD8916F	v_med_examlight_static
0xCD8025B5	v_res_son_unitgone
0xCDA09F2E	v_res_tre_stool_leather-8
0xCDAB1504	v_ret_247_win2
0xCD4511D8	v_serv_plas_boxgt2
0xCDB5BFF6	v_tre_sofa_mess_a_s-3
0xCD1CCDB2	v_tre_sofa_mess_b_s-27
0xCD6A3BBC	veh@boat@marquis@ds@base
0xCD982F91	veh@boat@marquis@ps@base
0xCD141AB1	veh@helicopter@ps@base
0xCDFF7EF5	veh@std@ps@music@motownidle_a
0xCDA94E96	veh@van@ds@idle_e
0xCD521082	veh@van@exit_skydive
0xCDCFE893	vehfx_info_burst_start
0xCDAC517D	vehicle_weapon_searchlight
0xCD845D35	vehicles_cav_interior
0xCD6550FC	velscales
0xCDC63588	vfx_it3_11
0xCDAAA0BA	vjc
0xCDC8729A	vw_prop_casino_water_bottle_01a-17
0xCD4019E5	vw_prop_roulette_ball-11
0xCD6CE9B8	vw_prop_vw_casino_door_02a-8
0xCD71F58F	vw_prop_vw_champ_open
0xCDBA94D0	w_ar_assaultrifle_mag1-23
0xCDD808BB	w_ar_assaultrifle_mag1-58
0xCD924EF4	w_ar_carbineriflemk2_camo3
0xCDC8C060	w_pi_pistolmk2-17
0xCD5DC0D2	w_pi_pistolmk2-21
0xCD5D1A0A	w_sb_microsmg_luxe-92
0xCD816D92	w_settle_low
0xCDCC5D7F	w_sr_heavysniper-7
0xCD526F3E	w_sr_heavysniper_mag1
0xCDF37406	w_sr_heavysniper_mag1-27
0xCD141613	wapgrip_3
0xCD314E4D	watch_production_v2_scrunchedmoney
0xCD6AF7A9	water_boat_dinghy_bow-4
0xCDDB44D5	waypoint_playback_start_shooting_at_coord
0xCDDE584B	wcd_comp
0xCDD46C7A	wct_knuck_pc
0xCD9F9FA8	weap_heist_flare_trail
0xCD274149	weapon_battleaxe
0xCDC174B0	weapon_fall
0xCD828643	weapons@first_person@aim_rng@generic@assault_rifle@bullpup_rifle@
0xCDCA57E0	weapons@first_person@aim_scope@generic@shotgun@sawnoff@
0xCDF1F3CF	weed_stand_checkingleaves_kneeling_02_inspectorfemale
0xCD059453	werkzeug
0xCD372F5E	wheel_spin_snow
0xCD00AEE8	wnxjqq5
0xCDDE6240	world_human_bum_freeway
0xCD1E8F15	world_human_lean_female_hand_up_lo_res_base
0xCD02F9C4	world_human_smoking
0xCDE80E4E	wrench_attack_left_wrench
0xCDBA9940	wtd_prcsrifle
0xCD28AF0C	wtd_snspistol2
0xCDF3DF7B	xm24_mfh6_fin_ext-5
0xCD0DCB4D	xm25_avi6_extb-2
0xCD1DF389	xm25_mansion_inta-31
0xCDED83E7	xm25_mansion_intb-36
0xCD3F96A5	xm3_drg1_bmx_int-50
0xCDB7CC4F	xm3_drg2_pln_mcs2-3
0xCD115643	xm3_int3_carwarecarware_benches
0xCDFFE91F	xm3_prop_xm3_coke_spoon_01a-13
0xCD5169FE	xm3_prop_xm3_coke_spoon_01a-35
0xCDE5455C	xm3_prop_xm3_glasses_ron_01a-64
0xCD57C91E	xm3_prop_xm3_helmet_01a-30
0xCD42536B	xm3_prop_xm3_pill_01a-51
0xCDA9F85A	xm3_prop_xm3_pouch_01a-62
0xCD2F76E2	xm4_cbr_vin_int-6
0xCD8EE5F4	xm_prop_lab_tube_lampa
0xCD7C49AA	xm_prop_x17_harddisk_01a-47
0xCDE2FD2D	xs_prop_arena_industrial_b
0xCDA8E6C7	xs_prop_scifi_10_lights_set
0xCDD49031	xs_propint5_waste_04_ground
0xCD5A8A28	xs_propintarena_structure_c_04b
0xCDFECCF1	yoga_fail
0xCDDE8E33	ze
0xCD34E5F8	zr350-37
0xCD6080BB	ztype-1
0xCDAD0DF0	zw
