0xCFFA573B	-po6a
0xCF0FEB54	001080_03_m_e
0xCFD8AF6A	002291_02_fbi_3_coffee_w_dave_idle_mic
0xCF2571E5	01_03_base_monitor
0xCF391CEE	0x8852855
0xCF62FA61	0xf
0xCF7B9047	1.2.840.113549.1.9.6
0xCF9AC5B8	100_glendale_modkit
0xCFC0DE88	129_howard_modkit
0xCFC3142D	154_blista2_modkit
0xCFFD1ABD	2.0.7.5
0xCF7AEBAA	2a.
0xCFC451CD	482_buffalo4_modkit
0xCFD962C4	6p
0xCF130B05	_leadin_stickup_dubsta_alldoors
0xCFDFC78C	_rdjgnopqe
0xCF1EA40F	a_c_chop_02_dual-73
0xCF7D5F5A	a_f_m_genstreet_01_p
0xCF61D74E	a_f_m_tourist_01_dual-21
0xCF3F6784	a_f_y_bevhills_05_dual-16
0xCF6E60C3	a_f_y_smartcaspat_01_dual-12
0xCF617E1B	a_m_m_indian_01_r2pvg
0xCFC6B369	a_m_m_paparazzi_01_dual-1
0xCF6FFF59	a_m_m_polynesian_01_dual-55
0xCF956C1D	a_m_m_rurmeth_01_dual-66
0xCFA7783F	a_m_y_bevhills_02-46
0xCF652E5B	a_m_y_busicas_01_dual-33
0xCF075F9B	a_m_y_business_03_dual-1
0xCF9959DF	a_m_y_carclub_01_dual-53
0xCFAE1DB8	a_m_y_clubcust_04_dual-16
0xCFFC57F3	a_m_y_genstreet_01_dual-31
0xCF9E08C5	a_m_y_mexthug_01_r2pvg
0xCF92ADE9	a_m_y_stbla_01
0xCF458AA4	ac12_fspot_fos_ep1_p1_00-24
0xCF8C3AAA	ac13_fspot_fos_ep1_p1_00-28
0xCF10EB7E	ac16_mph_tut_mid_p1_cyan_lamp002-8
0xCF00CEE3	ac1_ah_2_ext_p4_002-0
0xCF3E954A	ac24_mph_nar_int_p1_cyan_lamp004-28
0xCF3D0962	ac2_fspot_fos_ep1_p1_00-22
0xCF6C98E2	acertar
0xCFE4F810	adam_away_dance_a_08_tumbler
0xCF6F40DA	adam_away_idle_i_12_v2_hp_table
0xCF12B738	adam_bch_unq_crwd_e_40_bottle
0xCFAFC680	adam_unq_chat2_b_43_facial
0xCFB89EE4	adl_display_slsmapindex_get
0xCFC416A3	ah3b_alaa
0xCF9CAD3E	ah3b_bdaa
0xCF68A1FA	ah3b_qtaa
0xCFA2079D	ah3b_shab
0xCF5C38F4	ahf_auab
0xCFB4BF45	amb@code_human_in_car_idles@generic@ps@idle_c
0xCFF8753D	amb@code_human_on_bike_idles@sports@front@idle_a
0xCF8E4663	amb@code_human_wander_eating_donut_fat@female@idle_a
0xCF1CD51D	amb@prop_human_seat_chair@male@elbows_on_knees@react_aggressive
0xCFCC31C1	amb@prop_human_seat_chair@male@generic_skinny@react_cowering
0xCF38A2FB	amb@world_human_picnic@male@enter
0xCF292F66	amb@world_human_smoking_fat@female@base
0xCF077628	andy_ig_2_b_theenergyisupbrother_0
0xCFEB484C	andy_ig_4_imspeakingthetruth_9
0xCFF82560	anim@amb@carmeet@take_photos@female_c@base
0xCF54A492	anim@amb@casino@mini@drinking@bar@drink@heels@beer
0xCF82915D	anim@amb@drug_field_workers@rake@male_a@react_flee
0xCF29B2C1	anim@move_action@generic@space_cannonidles@low_energy@a
0xCF538369	anim@mp_player_intcelebrationfemale@cut_throat
0xCFAEC73A	anim@mp_player_intincarair_shaggingstd@ps@
0xCF7011F1	anim@mp_player_intincardancebodhi@rds@
0xCF294994	anim@mp_player_intincarfingerstd@rds@
0xCFA12CAB	anim@mp_player_intincarjazz_handsstd@ds@
0xCF7FCC3D	anim@mp_player_intincarwanklow@ps@
0xCFCE7595	anim@veh@car@toreador@ds@base
0xCFBA91DD	anim@veh@gokart@generic@ps@enter_exit
0xCF3C3113	anim@veh@technical@rds@enter_exit
0xCF4D4A35	anim@weapons@first_person@aim_scope@generic@sniper_rifle@precision_rifle@core
0xCF6B0938	anim@weapons@pistol@doubleaction
0xCFF2DDC1	anim_ac2_fos_ep_2_p3_00-11
0xCF91C223	anim_ac53_fos_ep1_p6_02-30
0xCF4AC12C	anim_ac54_fos_ep1_p6_02-7
0xCFF027A5	anim_ac72_fos_ep1_p6_00-13
0xCFF4541C	anim_ac77_fos_ep1_p6_00-22
0xCFFF826D	anim_casino_a@amb@casino@games@insidetrack@female
0xCF09D203	anim_casino_b@amb@casino@games@roulette@ped_female@seat_2@regular_withdrink@02a@trans
0xCF314ACE	anim_casino_b@amb@casino@games@roulette@ped_male@seat_2@regular@02a@base
0xCF6EEB8F	anim_corona_oat_fos_ep1_p6_14-13
0xCF80AA21	anim_oat_fos_ep1_p6_03-20
0xCF201924	anim_oat_fos_ep1_p6_035-7
0xCFAD7CF8	anim_oat_fos_ep1_p6_049-8
0xCF63FF8B	anim_oat_fos_ep1_p6_34-30
0xCF13FB24	anim_spots_oat_fos_ep1_p6_01-31
0xCF2DC61A	anim_spots_oat_fos_ep1_p6_05-11
0xCF3C6104	animl_acah
0xCF1960D2	animl_acan
0xCFADE79C	animl_akak
0xCF4DF51B	animl_bhal
0xCF4735F6	animl_bzai
0xCF21D625	animl_ccac
0xCF05BBA4	animl_crag
0xCF4BB3A5	animl_ddaf
0xCF835C38	animl_eyag
0xCFC4D5F9	ap1_04_triaf01
0xCFC64BEF	apa_caustics_dummy04
0xCF9AACAC	apa_mp_h_acc_jar_03
0xCFCF98A9	apa_pri_int-18
0xCF308F49	ar2_abaa
0xCF791166	ar_prop_gate_cp_90d_h1_l2
0xCFAE97CF	ar_tuner_meet_vehicles_car_distant_revs_a
0xCFDEF9F5	arenaemp
0xCF76FFF4	argue_with_amanda_loop_cam
0xCFCFDC84	arm1_radio_on
0xCFCC7941	armenian_1_int-20
0xCF4BECAA	audio:/
0xCF497007	authorid
0xCFC4546C	az_dlc_xm_int_facility_server_group_west_08
0xCFBD4BCD	b_think
0xCF556D5C	ba_prop_battle_champ_open-24
0xCF03CCD5	ba_prop_battle_club_speaker_large
0xCFD218B9	ba_prop_battle_coke_doll_bigbox
0xCF6F416D	ba_prop_battle_dj_deck_01a-19
0xCF9E24EF	ba_prop_battle_dj_deck_01a-45
0xCFD4E0C7	ba_prop_battle_ice_bucket-10
0xCFEDB3B4	ba_prop_battle_sports_helmet-0
0xCF17A179	ba_prop_door_club_entrance-56
0xCF41A4B3	balle
0xCFCA3668	baller
0xCF0C1C19	baller-39
0xCFC9B664	bar3c_amae
0xCF2496F3	base_sorter_right_bucket01a
0xCF7820CF	bb1_ayap
0xCF6BC4BB	bb2_akah
0xCFE9A4C1	bb4_aiaj
0xCFBB35AA	benefac
0xCF989620	bkr_prop_biker_tube_crn2
0xCF59B254	bkr_prop_fakeid_penclipboard-2
0xCF6D93FA	blindfire_low_r_enter_hi_edge
0xCF77C1CC	bmad_end_blamadon_face
0xCF237743	boost
0xCF53619A	bored_react_female_01
0xCF5EA703	brotheradrianhasshown_5
0xCFB80B7E	bs2b_bpaa
0xCF6C50AD	bs_2a_park_up_cutscene
0xCF3279AF	bs_2b_ext_alt1a-0
0xCF271A44	bs_2b_int-5
0xCF1FDEE2	btl_marcel_pvg
0xCF942203	buccaneer-9
0xCF0AB18A	bulky
0xCF94BA78	bunk_int_p4a1_t01
0xCFFA5E4B	bunker_alarm_exterior
0xCFC0C94F	busto_bpac
0xCFEE3EAE	buzzard-16
0xCF99D699	c7jv
0xCFFBFC31	caddy-20
0xCFC0A436	cargoplane2-20
0xCF234A13	cargoplane2-8
0xCF19BA17	carmod_carmeet_intro_3
0xCF6F4286	carmod_poff1_outro
0xCFC53B1E	casinolight
0xCF80AB85	cbrad_bfab
0xCF6A4CCD	cbrad_dvad
0xCF9BDEEF	cbrad_dxag
0xCFF68995	cellphone_photo_ent
0xCFBAF577	ch_prop_arcade_street_01a-41
0xCFE8A973	ch_prop_arcade_street_01b_off-14
0xCF561EBA	ch_prop_arcade_street_01c_off-29
0xCF6151A3	ch_prop_arcade_street_01c_off-7
0xCF63CDFB	ch_prop_ch_sec_cabinet_01h
0xCFFFB443	ch_prop_diamond_trolly_01c
0xCFA3C3AC	ch_prop_marker_01a-39
0xCFDEE57C	challenge_accepted_staring
0xCF90C037	chamas
0xCFE72F66	chatc_aiab
0xCF9C39E4	chatc_cvad
0xCF0B721A	chi_1_drive_to_lab
0xCFBBD7AA	chi_1_mcs_4_tao_action_freezer
0xCF96CEDB	chip_steal_action_miscreant
0xCFB69F61	chumash
0xCF5E6D3B	cin2p
0xCFDD5E39	circonvoluzione
0xCFDFA94E	cloudgen.frequency
0xCF148859	cloudhat_rain_a
0xCF4535B3	club_intro-5
0xCF1961C7	club_intro-73
0xCF5707F9	clubbag_round_end_mad_club
0xCF2E8CAB	cm_hstnor
0xCF9ECB1C	coice
0xCF9ACAD9	com.rockstargames.ui.tweenstar.tweenstarlite
0xCF9E1A67	common:/data/ai/scriptedguntasks
0xCF2EC6F0	common:/data/control/standard.meta
0xCF91C288	common:/data/ui/videoeditormenu.xml
0xCF8B73B1	component_assaultrifle_mk2_camo_06
0xCF4467F0	cop_p2_back_left
0xCF0BDA41	corona_fos_ep1_p1_01-5
0xCFDAF1BB	corona_fos_ep1_p1_05-5
0xCFB1579B	corona_oatfos_ep_1_p1_019-0
0xCFC4F131	corona_oatfos_ep_1_p1_026-13
0xCF6734F8	costiera
0xCF1E78A2	cpacketsmashablecollision
0xCF988A13	creatures@rottweiler@amb@
0xCFFA9484	crush_depth_huang
0xCF6C0516	cs2_lod2_emissive_6_21_slod3
0xCF8613A7	cs_amandatownley_02_dual-2
0xCFA948C9	cs_andreas_dual-5
0xCF6E6C2A	cs_arena_car_exhaust-20
0xCFED9C48	cs_casey_dual-6
0xCFE94A81	cs_debra_dual-4
0xCFEB818D	cs_devin_dual-32
0xCFD5CABE	cs_devin_dual-5
0xCFE4E0B6	cs_drfriedlander_dual-72
0xCF00857C	cs_exile2_iron_steam-27
0xCFE5A738	cs_fridge_door_cold_mist-7
0xCF625466	cs_martinmadrazo_02_dual-41
0xCFE889F0	cs_mrk_dual-4
0xCFE54494	cs_old_man1a_p
0xCF4D846E	cs_taocheng_dual-11
0xCF3AA6CC	cs_taostranslator2_dual-24
0xCFE63F0D	cs_wheel_fric_sand_bike-16
0xCF0CFB7B	cs_xm_cig_smoke-13
0xCF6253DD	csb_anita_dual-23
0xCFA9DC21	csb_anton_dual-15
0xCF0F5AE4	csb_anton_dual-18
0xCF250592	csb_avery_dual-37
0xCF51B1D2	csb_chef_03_dual-29
0xCF5CE8F5	csb_denise_friend_dual-29
0xCF1E76DC	csb_englishdave_dual-97
0xCFBCBB23	csb_golfer_b_dual-29
0xCFDB14E6	csb_hao_02_dual-11
0xCFA286A3	csb_imani_dual-30
0xCF473DD3	csb_imran_dual-31
0xCF6B5A93	csb_isldj_02_dual-33
0xCF7382E3	csb_jenettee_dual-1
0xCFE0549B	csb_juanstrickler_dual-30
0xCFAAA47A	csb_labrat_dual-1
0xCFA528CD	csb_luchadora_dual-29
0xCF1C008D	csb_moodyman_02_dual-25
0xCFF0D4BB	csb_tomcasino
0xCF4A7A6F	csb_tomcasino_dual-29
0xCF7E020A	csb_valentina_dual-48
0xCFE43F9C	csb_weiss_dual-31
0xCF77382D	cst2_egax
0xCF74E926	cst4_bfaa
0xCFF92318	cut_sec_veh_tire_smoke-39
0xCFFE919B	cut_tn_swat_van_skid_smoke-34
0xCF08F48F	cut_xm3_bike_wheel_debris-34
0xCF61F53D	cut_xm3_bike_wheel_debris-36
0xCFB9E1EA	cut_xm3_vehicle_exhaust-34
0xCF6BD2F1	cyclone-33
0xCF441A20	d_ac11_ep_5_rcm_016-3
0xCF335266	d_ac3_car_1_ext_p3_076-2
0xCF321E8E	d_ac3_car_1_ext_p3_077-1
0xCF42ADBA	d_ac49_chinese_2_intp2_006-12
0xCF245EEF	danceidle_li_15_flyingv_laz_face
0xCFD4DB77	dealer_focus_player_04_idle_outro_split
0xCFFA1787	death_high_medium
0xCF79F72A	deck_deal_p03_facial
0xCF378164	default.
0xCF98BEAE	defaultmaxammosp
0xCFEF5482	deinem
0xCFD36C25	des_vaultdoor001_root006
0xCF39D3B7	dh2a_daaa
0xCF7E2938	dh2b_find_cont_rt
0xCFC1D6D2	dh2b_fjac
0xCFABA576	dinghy3-8
0xCF2C3446	distances
0xCF48F54A	dividing
0xCF6D3F6D	dixn_dance_cntr_d_headphones_neck
0xCF0D38A2	dl_radar
0xCF642964	dlc_mp_apa_f_jbib_12_0
0xCF61FD4E	dlc_mp_apa_f_jbib_1_0
0xCF110F9B	dlc_mp_apa_f_jbib_23_5
0xCF62C282	dlc_mp_ar_f_decl_0_5
0xCF3705DC	dlc_mp_arena_f_jbib_2_4
0xCF9CA655	dlc_mp_arena_f_jbib_7_15
0xCF990BAA	dlc_mp_arena_f_legs_1_17
0xCF156AA5	dlc_mp_arena_f_special_4_18
0xCF76F553	dlc_mp_arena_f_special_4_9
0xCF4391A4	dlc_mp_arena_m_jbib_2_12
0xCF8E4347	dlc_mp_arena_m_jbib_5_5
0xCF1B92DB	dlc_mp_arena_m_jbib_6_16
0xCFD3121D	dlc_mp_arena_m_phead_1_15
0xCF46FCAE	dlc_mp_beach_f_lowr8
0xCF129015	dlc_mp_beach_m_eyes0_2
0xCFC34744	dlc_mp_beach_m_teeth1_2
0xCF56B0A3	dlc_mp_bh_f_special_0_5
0xCF609AE9	dlc_mp_bh_f_special_3_16
0xCF437EB9	dlc_mp_bh_m_jbib_4_5
0xCF56413C	dlc_mp_biker_f_feet_7_7
0xCF839B56	dlc_mp_biker_f_jbib_15_1
0xCF8C4217	dlc_mp_biker_f_phead_11_4
0xCF6BE36E	dlc_mp_busi_m_feet0_1
0xCF0F080A	dlc_mp_busi_m_teeth0_11
0xCFCE493D	dlc_mp_exec_f_jbib_1_0
0xCF4FCE32	dlc_mp_fixer_f_legs_4_7
0xCF69D8AD	dlc_mp_fixer_f_phead_6_1
0xCF9FA159	dlc_mp_fixer_f_special_5_0
0xCFFF1251	dlc_mp_fixer_m_phead_4_10
0xCFDDCD01	dlc_mp_gr_f_berd_5_10
0xCFF31EDA	dlc_mp_gr_f_hair_8_0
0xCF57A40C	dlc_mp_gr_f_jbib_15_3
0xCFA21445	dlc_mp_gr_f_jbib_2_6
0xCFD7A0ED	dlc_mp_gr_f_legs_1_10
0xCF4A9FD3	dlc_mp_gr_f_legs_1_11
0xCFC3AC5F	dlc_mp_gr_f_phead_5_0
0xCF8E07DC	dlc_mp_gr_f_special_12_16
0xCFC3C6E0	dlc_mp_gr_f_special_15_18
0xCFE58FF3	dlc_mp_gr_f_special_4_7
0xCF66CF76	dlc_mp_gr_f_torso_20_0
0xCFAD477C	dlc_mp_gr_f_torso_31_7
0xCF3BB94C	dlc_mp_gr_m_torso_13_3
0xCF3B120F	dlc_mp_gr_m_torso_21_19
0xCF03EC4A	dlc_mp_gr_m_torso_26_4
0xCF0885DB	dlc_mp_h3_f_hand_1_9
0xCF623682	dlc_mp_h3_f_jbib_11_14
0xCFDA00B9	dlc_mp_h3_m_berd_14_8
0xCFB74159	dlc_mp_h4_f_hand_1_19
0xCF5D1DCF	dlc_mp_h4_f_hand_3_24
0xCFE0BC6F	dlc_mp_h4_f_hand_3_5
0xCF5D03E2	dlc_mp_h4_m_berd_2_7
0xCF8FEE0A	dlc_mp_h4_m_jbib_3_13
0xCF68AF13	dlc_mp_heist_m_berd_18_7
0xCF8F1FB3	dlc_mp_heist_m_hand_10_0
0xCF3D91FD	dlc_mp_hips_m_hat_1_1
0xCFC1EF6F	dlc_mp_ie_f_jbib_0_9
0xCFFC88DB	dlc_mp_ie_f_legs_2_3
0xCFFBBBB9	dlc_mp_ie_f_special_9_11
0xCFBF27EB	dlc_mp_ind_f_phead_2_0
0xCFF3244B	dlc_mp_ind_m_jbib_2_0
0xCF684023	dlc_mp_jan_f_hand_2_5
0xCF80D5AC	dlc_mp_jan_f_hand_5_5
0xCFE6DA60	dlc_mp_jan_m_hand_4_9
0xCF7FD4FB	dlc_mp_jan_m_uppr_5_2
0xCF57A70E	dlc_mp_low2_m_jbib_1_7
0xCFDF62A3	dlc_mp_pilot_f_hand_5_21
0xCF6B6751	dlc_mp_pilot_f_hand_9_16
0xCF409FB7	dlc_mp_smug_f_berd_2_15
0xCFE09010	dlc_mp_smug_f_special2_0_0
0xCFDA7336	dlc_mp_smug_m_berd_4_11
0xCF690F56	dlc_mp_smug_m_jbib_7_22
0xCF465FCE	dlc_mp_stunt_f_decl_1_1
0xCFE18DF0	dlc_mp_sum2_f_legs_4_9
0xCFF3516E	dlc_mp_sum_f_jbib_17_16
0xCF3380FF	dlc_mp_sum_f_jbib_20_2
0xCF0D72B8	dlc_mp_sum_f_special_1_11
0xCFBA893B	dlc_mp_sum_f_special_2_5
0xCFA040E8	dlc_mp_sum_m_jbib_0_7
0xCF6A8C4D	dlc_mp_sum_m_jbib_13_10
0xCFE9A38A	dlc_mp_sum_m_special_4_16
0xCFA80620	dlc_mp_tuner_f_jbib_13_1
0xCF22534C	dlc_mp_tuner_m_jbib_11_6
0xCF9005B1	dlc_mp_tuner_m_jbib_17_2
0xCF5F3844	dlc_mp_tuner_m_jbib_18_1
0xCFE74444	dlc_mp_val2_m_feet_0_6
0xCF49A4E0	dlc_mp_val_f_legs2_0
0xCF523CB9	dlc_mp_val_m_teeth0_1
0xCFCF035B	dlc_mp_vwd_f_decl_1_17
0xCF305672	dlc_mp_vwd_m_jbib_4_5
0xCFF58578	dlc_mp_vwd_m_jbib_6_15
0xCFE2B587	dlc_mp_vwd_m_legs_3_6
0xCF06D218	dlc_mp_vwd_m_special_5_13
0xCF3C53B7	dlc_mp_x17_f_berd_3_19
0xCFA4DEA5	dlc_mp_x17_f_jbib_12_7
0xCF68B877	dlc_mp_x17_f_jbib_1_0
0xCFE7C592	dlc_mp_x17_f_phead_5_3
0xCF0A7D9A	dlc_mp_x17_m_berd_9_9
0xCFBBCA86	dlc_mp_x17_m_feet_1_0
0xCFDC7FCC	dlc_mp_x17_m_jbib_7_24
0xCF322A01	dlc_mp_x22_f_feet_8_0
0xCFBEA277	dlc_mp_x22_f_jbib_26_2
0xCF404BDD	dlc_mp_x22_f_legs_6_17
0xCF504D90	dlc_mp_x22_m_feet_12_24
0xCF11B8F6	dlc_mp_x22_m_feet_4_19
0xCF419FF3	dlc_mp_x22_m_jbib_26_6
0xCF1750D0	dlc_mp_x22_m_jbib_6_10
0xCFD67A8D	dlc_mp_x22_m_jbib_7_5
0xCFDB0232	dofoutputtexture
0xCF178BB0	dont_do_this_haung_facial
0xCFBE28CC	door_open_player_facial
0xCF2792B2	drey1_awar
0xCF63957C	drf_gsad
0xCF0B3BE9	drf_mic_3_cs_1-83
0xCF0203C7	drf_mic_3_cs_2-46
0xCFAF4C9C	dt1_05_fib_reflection
0xCFE9FE5F	dymaic
0xCF8ED975	electrocute_both_loop_chair
0xCF9E55FC	emails
0xCF346377	emperor-21
0xCFE5126F	ent_amb_trev1_trailer_sp_f
0xCFF3E2CA	ent_ray_ch2_farm_exp_porch_window
0xCFB1E4BE	ent_ray_scaf_wood_frags
0xCF7DDB67	ent_ray_train_impact
0xCFDFD8A9	enter_alt_cutter
0xCF40BA63	enter_ante_off
0xCFE93082	enter_c
0xCF67F3D2	ep_4_rcm-4
0xCFB102E2	eps4_acaa
0xCFA8684D	esplosivo
0xCFE4F13A	event_network_shop_transaction
0xCF3D8CFD	event_network_stunt_performed
0xCF6A7DF9	event_ped_entered_my_vehicle
0xCF3B2D41	event_stat_value_changed
0xCFBA0016	ex_p_ex_tumbler_02_s-5
0xCF55AF7F	ex_prop_door_lowbank_ent_r
0xCF5C1C27	ex_prop_door_maze2_rf_l
0xCFFA2F8A	ex_prop_exec_lighter_01-11
0xCF265CB0	exec_draw_5
0xCF0CC730	exile37
0xCF86E793	exit_01_grapeseed_ped_d
0xCFC34B93	exit_02_rockford_hills_door
0xCFE69179	exit_03_davies_ped_d
0xCF562553	exit_from_aimed
0xCF1B02F1	exit_sober_beer
0xCF7D9F12	exit_very_drunk
0xCF219F26	exl1_cnal
0xCF530A52	exl_3_ext-0
0xCF6C500D	exportcamera-51
0xCFC2372B	ext1_cqbh
0xCFADB74A	extratilt
0xCF05B16E	faction-5
0xCFAD9177	fafm_araa
0xCF5C91B5	fam1_fnag
0xCF1F3491	fam3_aiaa
0xCF943BB4	fam3_fjaa
0xCF15CC9E	fam3_mex_lost
0xCF033706	fam4_asaa
0xCFF254F3	fam5_ftaa
0xCF08BF39	fam5_gyab
0xCF42C8B8	fam6_ajab
0xCF2EA0B9	fam6_anac
0xCFCC54B7	fam_6_mcs_6-16
0xCF8BDCCF	fam_6_mcs_6-4
0xCFD72018	family_1_franklin_jumps
0xCF837951	family_2_int-1
0xCF860F35	family_3_int-9
0xCFC4F21F	fatf_bfaa
0xCFD4BBCE	fb_lowerlip_000
0xCF8FF0B5	fbi1_cbaq
0xCFAC283E	fbi3_gkab
0xCFD38D4D	fbi5a_llaa
0xCF410B42	fbi5a_nnaj
0xCFD67EFE	fbi5a_pgac
0xCF4F4836	fbi_heist_soundset
0xCF391B11	fbis1_crad
0xCF9731A2	fcfl_cfaf
0xCF8BA605	fcft_coaa
0xCF6F99C4	fcftl_crab
0xCF4FD400	fcma_ctab
0xCF37657F	fcma_czab
0xCFCA5B99	fcmf_cuaq
0xCF8CE9BF	fcmf_daac
0xCF40BD8A	fcmf_ddaa
0xCFA8100D	fcmj_cuam
0xCF10EA94	fctl_craf
0xCF458848	fctl_dbai
0xCF20B6EC	felon2-29
0xCF33D458	female_a_trans_b
0xCF9F0545	female_pos_c_trans_p2_weed_to_p2
0xCF9ADC75	fh3a_gcac
0xCF6FE16D	fhf_bfab
0xCF86CFC1	fhf_caaa
0xCF42306C	fin_c_ext-27
0xCFFF5DA4	finc1_beaa
0xCF13858D	finc1_ctab
0xCF11A1CA	finc1_fhas
0xCF5C47FD	finh1_afac
0xCFC6D3BA	firetruk-5
0xCFBE8D1F	fix_agy_int2-2
0xCF2B2EE1	fix_trip2_mcs1-1
0xCF3F1813	fkn0_dkaa
0xCF032573	fkn0_dpaa
0xCFE259C7	fkn0_eyao
0xCF743959	flag_recessed_headlight_coronas
0xCFA676C1	flatline_loop_cam
0xCFC79EFD	fm_1_eyad
0xCFEAC864	fm_1_fdaa
0xCFA5F9AF	fm_f_hair_017_a
0xCF0C39EA	fm_ind_m_tshirt_004
0xCF767F64	fm_tat_award_m_009
0xCFA03C33	fm_tat_f_021
0xCF1F9774	fm_tat_m_024
0xCFA9FE99	fmm_ipaa
0xCFED4DA2	fmt_afab
0xCF0CDD6B	fmt_bkaa
0xCF6F0100	fofl_agae
0xCF2E44C1	fofl_apab
0xCF799A3D	fos_ep_1_p5b-7
0xCFEB0426	fraction
0xCFFFAE78	franklin_1_jetski_heli_escape
0xCF22C57C	franklin_facial
0xCFD7BE96	frlfb_aoaj
0xCF7AC71A	frlfb_bkae
0xCFB00E9E	fxfr_pca_1_intro_cam
0xCF5993B6	g_m_m_cartelguards_01_dual-7
0xCF935886	g_m_m_friedlandergoons_01_dual-11
0xCFE7B2E8	g_m_m_friedlandergoons_01_dual-7
0xCF9C50C1	g_m_y_pologoon_01_dual-32
0xCF4355F5	gen9_mig_int-4
0xCFE7A4F8	generic_frightened_high_drunk
0xCFC26A9E	getup_a_cam
0xCF362AE0	gokart_adversary_in_gameplay_scene
0xCF654B49	golf_mp
0xCFA40C1B	gr_prop_gr_crates_weapon_mix_01b-18
0xCFA9963D	gr_prop_gr_drill_01a
0xCFDF3B14	gr_prop_inttruck_light_li_w_br
0xCFADB9F7	gun_draw_17
0xCFC2F28F	gunsh_fire
0xCFAF2DB6	gunsh_greet3
0xCF9B3FC0	h3_draw_3
0xCF37BA1F	h4_prop_grass_wiregrass_01
0xCF100974	h4_prop_h4_big_bag_01a-4
0xCF3EF6A9	h4_prop_h4_casino_button_01a-77
0xCFC9C15A	h4_prop_h4_door_01a-3
0xCF16ED0D	h4_prop_h4_files_paper_01a-50
0xCFF5170B	h4_prop_h4_gate_04a-0
0xCF6F3746	h4_prop_h4_npc_phone-11
0xCFF74019	h4_prop_h4_photo_fire_01a-23
0xCF9ABF64	h4_prop_h4_photo_fire_01a-25
0xCF18329D	h4_prop_h4_pouch_01a-15
0xCF01D345	h4_prop_h4_tool_box_01a-13
0xCFD8540A	h4_prop_h4_tool_box_01a-23
0xCFA3D75C	h4_prop_h4_wheel_velum2-0
0xCFE1265D	hash_7f8bf7e3
0xCF0D55CC	hash_cf0d55cc_fechcps_collision
0xCF125BF8	hash_cf125bf8_wmykbem_collision
0xCF4701F2	hash_cf4701f2_xcudube_collision
0xCF5D2B95	hash_cf5d2b95_cufffxr_collision
0xCF90B2C6	hash_cf90b2c6_xchslhy_collision
0xCFCEB582	hash_cfceb582_gglqjvn_collision
0xCFF672B7	hash_cff672b7_eknyxgi_collision
0xCF11B6CE	hasta
0xCF1C319E	hc_gunman_dual-5
0xCF37F6AD	hei_prop_hei_monitor_overlay
0xCFD9C316	hei_prop_heist_ammo_box
0xCF8E0183	hei_prop_heist_safedepdoor
0xCFF68AE7	hei_prop_zip_tie_positioned-1
0xCFBC12C8	hei_v_ilev_fh_heistdoor2-34
0xCF14BB5F	heist_draw_11
0xCF374CC1	heli_pickup
0xCFD89046	heli_visual_heading_north_dispatch
0xCF8605DE	helping_victim_to_feet_cam
0xCFE6247E	hermes-36
0xCF71CC19	hidden_radio_astu_silence_music
0xCFDEF099	hidden_radio_the_lab_tracklist
0xCFD67137	high_l_settle
0xCF64CEB4	hit_react_b_cashier_b
0xCF6ABD8F	hold_loop_victim
0xCF57E0B4	hs4f_main_ext-3
0xCFD12A34	hu
0xCFB1EB3D	hud_def_colorgrade
0xCF51DF20	idle_heavy_breathe
0xCF564B3B	ie_draw_16
0xCF41BF95	ie_fully_loaded_start
0xCFBF0C57	ig_6_end_base_vibrator
0xCFB3F907	ig_7_arrow_one_idle_michael
0xCF56FA3E	ig_9_enter_scourer
0xCF0C7037	ig_ary
0xCF1A2F7B	ig_avi_04
0xCF4C1BDC	ig_bountytarget_05_dual-1
0xCF616457	ig_djgeneric_01_dual-0
0xCF1DCFDD	ig_jaywalker_dual-34
0xCF90AAF0	imp_prop_covered_vehicle_07a
0xCF457E16	imp_prop_impexp_bblock_lrg1
0xCF828BBE	imp_prop_impexp_radiator_04
0xCFFEA86C	imperium.
0xCF1BFB21	install_screen_init
0xCF910786	iom_wheel_undefined
0xCFC10BBF	its_all_good_my_dads_really_happy_with_me_12
0xCF673B3D	iz_apa_v_mp_h_08_mp_h_08_living
0xCF10314D	iz_tr_tuner_car_meet_main_rm
0xCFAEA2C3	jh_dtaa
0xCF43DEB4	jhrs_5_int_p1b-0
0xCFDD05C6	jhs1_doaa
0xCF8120D0	josh2_beaa
0xCFD322B2	just_taking_a_break_huang
0xCFB8AA7D	jxxm0
0xCFBA66B5	key_grave
0xCF55E8E7	keyframeable
0xCF1EC8D7	ko_back_04
0xCFD35330	l1d
0xCFE3CF3F	labs
0xCF0E0E76	lam_1_ig_16_swat
0xCF7C3834	lam_1_mcs_3
0xCFDA1340	largegroup_flee_l_f_a
0xCF7A1C05	ld_girl_a_song_a_p1_f
0xCFA0B28C	left_arm_base
0xCFDAAE6B	leggero
0xCFDC9FE3	lem1_diaa
0xCF27116B	lem1_dxaa
0xCF3EC48D	lem1_esan
0xCF0E89FB	lem1_ixai
0xCF9DB5FE	lem2_dcaa
0xCFF0D91D	lem2_dray
0xCFBFB1F0	lem2_hqaa
0xCF2E2180	lenta.
0xCF08AE8E	lever_grip
0xCFA43AE1	light_ambient_bake_ramp
0xCF41AD40	lilla
0xCFBAF225	load_lh_02_amy_skater_01
0xCF44CA36	load_ll_01_gr_prop_gr_vertmill_01a
0xCF0890A9	loc_cwaa
0xCF8B7934	loc_lgaa
0xCF2470C7	lodlight.sphere.expand.start
0xCF1E06D5	look_at_player_r_chair
0xCF8704B0	look_high_gr_prop_gr_3s_millcrate_01a
0xCF97D1C5	low_car_prop_to_sex_p1_player
0xCFAF4135	low_pho_int-2
0xCFE658F5	low_turn_l_enter_facecover
0xCF4ADE06	lr_prop_boathousedoor_l
0xCF622243	luxor2-13
0xCF1C1D0B	luxor2-50
0xCF32F957	lxscy
0xCF162C0D	m23_1_prop_m31_streamertailwing
0xCFFAEDA0	m23_2_int1_m232_walldetails01
0xCF344D35	m23_2_int3_m232_elev_display_l4
0xCF8FAE65	m23_2_int5_m232_screen_05
0xCF40958A	m23_2_prop_m32_celldoor_01a
0xCF0AF241	m23_2_prop_m32_desk_lamp
0xCFF89773	m23_2_prop_m32_door_ls_logo_01a-47
0xCF161272	m23_2_prop_m32_door_ls_logo_01a-57
0xCF3CA0BF	m23_2_prop_m32_drug_pkg_01a-6
0xCF96A42F	m23_2_prop_m32_police_badge_01a
0xCFD684AF	m24_1_int_01_m241_off_decdirt_s2
0xCF8247D7	m24_1_mp2024_01_additions_carrmp_deckobservationpod
0xCFD26FD7	m24_1_prop_m41_blinds_closed_01a-45
0xCF5C425D	m24_1_prop_m41_blinds_open_01a-18
0xCF034537	m24_1_prop_m41_bounty_door_01a-13
0xCF26EAFF	m24_1_prop_m41_candypile_01a-38
0xCF368131	m24_1_prop_m41_weazel_pstr_01a
0xCF5A4462	m24_2_int_01_ent_shell_blends
0xCF74AC54	m24_2_prop_m42_hacker_door_ent_02-59
0xCF492573	m24_2_prop_m42_hacker_door_tall-20
0xCF2A118F	m24_2_prop_m42_lunar_sign_01b
0xCF371ACD	m24_2_prop_m42_lunar_sign_07
0xCF683462	m25_1_int_04_bedrmemon
0xCF52CC75	m25_1_prop_m51_gruppe_sign_03a
0xCF864C63	m25_2_int_01_c_tro_beams
0xCF961671	m25_2_int_01_ceiling_speaker_004
0xCFDDB2A6	m25_2_int_01_vase_010
0xCF5A9049	m25_2_int_02_wheel_rack_003
0xCF3C0799	m25_2_prop_m52_door_front_door-74
0xCF05FA92	m25_2_prop_m52_smokepipe_03a
0xCFF7CFFE	m25_2_prop_m52_trpy_careercriminal
0xCF43D768	m25_2_prop_m52_trpy_gtav
0xCF52A939	m_e_amanda_drive_home
0xCF5063E2	m_geometrypass_b
0xCF18CE02	m_splattertexture
0xCF60DD84	male_pos_b_p1_enter_normal_weed_normal_weed
0xCF923DD0	male_pos_b_trans_p1_to_p2
0xCFA57A44	male_pos_c_trans_p2_to_p1_lamar_strain
0xCFBFFA0A	martin_1_mcs_1
0xCFF31C78	mch2_draa
0xCFEC2441	mch3_abaa
0xCFD900A9	mch3_eiab
0xCF26F316	mcs_2_idle_player2
0xCF8C3676	med_center_up
0xCFFA6832	med_left_up
0xCF30E3D3	mediana
0xCFCEB57E	mej1_beah
0xCF7548F0	melee_surface_still
0xCFA8011D	met1_dvaa
0xCFEE4745	methl_ciag
0xCF2DD37F	mf_axle_f_solid
0xCFE5D7B8	mg_none
0xCFC1FAD7	mgps_emab
0xCFF00BDB	mgps_eoaa
0xCF5D6E16	mh_chain_r2
0xCFF3CF84	mi_to_li_f03
0xCFD5B422	mic3_mission_start
0xCF31ED21	mic_4_int-169
0xCF8E13D6	mifl_agab
0xCFA0A3F8	miguel_patricia_action_01_champagne_bottle
0xCF3B29D4	mini@tennisexit@male
0xCF4BA4CC	minivan2-15
0xCF450452	missbigscore2aig_4
0xCFE65329	missbigscore2setupswitch
0xCFA4BEBC	missheistdockssetup1ig_2_p2
0xCF602785	misstrevor2ig_7
0xCFAC13C9	moo_start_ptrax
0xCFF5B0E1	moodm_deck_hc_13
0xCFB33ACA	moondirection
0xCF5665AC	motion
0xCF501A27	moto
0xCFD4D37C	move_m@depressed@c
0xCFEBA174	move_m@plodding
0xCF8A9A84	move_stealth@p_m_zero@1h@idle@d
0xCF52C8F9	mp_chianski_001_f
0xCF60745C	mp_f_freemode_01_dual-18
0xCF614D59	mp_gunrunning_award_020_m
0xCF8B1231	mp_m_freemode_01_dual-106
0xCF4018B7	mp_mc_radio_fade
0xCF49BCF5	mp_mp_biker_tat_014_f
0xCF5029D3	mp_security_tat_011_f
0xCFE2A9C6	mp_sum2_ulp_rooftop_cascade
0xCF7AF277	mp_val_f_tshirt_l
0xCFA13AF7	mp_vinewood_tat_032_m
0xCFACA526	mpcas1_int-6
0xCF404826	mpct_jmaa
0xCF4E3299	mpdlc_adaa
0xCF5F031B	mpheist3_tat_013_f
0xCFD70050	mpheist3_tat_043_m
0xCFC0DAF7	mpheist3_tee_011_f
0xCFD22CC9	mule4-2
0xCF25C4C0	muz_ie_vehicle_mg
0xCF7EF541	n_ac1_armenian_2_mcs_6_70706-0
0xCF5599B4	n_ac1_fra_2_ext_p3_00-15
0xCF699535	n_ac3_tunf_drp_bag_p1_t00_001-3
0xCF6B8B44	n_ragelight10_dixn_intro_p1_001-8
0xCF62B78B	n_ragelight2_tale_intro_p1_003-12
0xCF70BED3	networked
0xCFC3C946	never_seen_anything_likeit_huang_facial
0xCFC7481B	new_sol_dance_a_sol
0xCF4FED39	newinternalclient
0xCFDF4AFC	news/news.json
0xCF947ABF	ng_proc_oilcan01a
0xCF9C496B	ng_proc_paintcan02a
0xCFE0F5C1	ng_proc_paper_03a
0xCF0CD033	nhh_jyaa
0xCF2D6270	niente
0xCFFFB64C	nig1c_auab
0xCF3CA461	nme_away_idle_f_15_hp_table
0xCF1996C2	nme_cue_idle_h_24
0xCF84CAEF	nme_unq_chat_e_10_t_bottle
0xCFA40030	oat_fos_ep_1_p1_038-21
0xCF4E0916	oat_fos_ep_1_p1_34-19
0xCFFEC1FF	ojas_idaa
0xCFD18F84	ojas_mhae
0xCF3C9F54	ojda3_start
0xCFA8D51B	outro_loop
0xCFB8CC93	outros
0xCFF71630	oworkaround
0xCF18FF8D	p_amb_clipboard_01-0
0xCFA4F3D7	p_arm_bind_cut_s-18
0xCF48D9FB	p_attache_case_01_s-1
0xCF2675FD	p_binbag_01_s
0xCF8FD219	p_clb_officechair_s-6
0xCFDC276E	p_cs_clipboard-16
0xCFA2CE49	p_cs_joint_02-7
0xCF988819	p_cs_lighter_01-15
0xCF9E1FAC	p_cs_lighter_01-63
0xCFBBA0C7	p_cs_lighter_01-74
0xCFDD2D4B	p_cs_newspaper_s-0
0xCFE8BDE1	p_cs_panties_03_s-9
0xCFE0ED8D	p_cs_shot_glass_s-25
0xCF5F1839	p_cut_door_03
0xCF58FCF2	p_f_duster_head_01
0xCF99E2EE	p_finale_bld_pool_s-38
0xCFD6DAE7	p_folding_chair_01_s-48
0xCF9325BF	p_franklin_02_dual-22
0xCFD25B01	p_idol_case_s-1
0xCFFFECE6	p_ing_coffeecup_02-7
0xCFB5F310	p_ld_heist_bag_s_pro-5
0xCFB21579	p_ld_id_card_01-4
0xCF059E57	p_sec_case_02_s
0xCF366820	p_single_rose_s-8
0xCF1E68AF	p_tumbler_01_s-35
0xCF07E1E2	p_tumbler_01_s-57
0xCF2B4C23	p_v_ilev_chopshopswitch_s-1
0xCF5CFB30	p_whiskey_bottle_s-2
0xCF9DB8F2	p_whiskey_bottle_s-49
0xCFA95EC1	panic_aim_var_a
0xCFD48ED7	pap2_cjab
0xCF112A3E	parkbench_smoke_ranger_exit_ranger_facial
0xCFCFEB3B	patriot
0xCF9A4593	pbam_aoac
0xCFB44DAD	pbgr_acaa3
0xCFFCC986	pbja_aead
0xCF3427F2	pbja_ahac
0xCFA18473	pbjs_asac
0xCF3B98E1	ped_a_exit
0xCF5693DE	ped_ac24_mph_nar_int_p1_002-8
0xCFDC0D22	ped_decal
0xCFEC68BF	percent_usjs
0xCFC8D741	pheist2
0xCFBE1BE4	pistolet.
0xCF00B5F6	playlist.
0xCF9CE5ED	pm_inf_qkmt6
0xCFDD804E	portal
0xCF4016E4	pose_c_idle_a_blamadon
0xCFC21A12	prd_ig12_idle_start_ii_facial
0xCF50B892	pre_screen_stinger
0xCF8A61AF	press_spin_a_facial
0xCFD49682	pro_braa1
0xCF3516A0	pro_ehaa
0xCF7A9A9D	proc_sml_reeds_01
0xCF33861A	prod.ros.rockstargames.com
0xCF60F5E6	proj_snowball_trail
0xCFECA85C	prop_air_cargo_04c
0xCFF38F71	prop_air_towbar_01
0xCF4EAE60	prop_amb_phone-14
0xCFA968A1	prop_binoc_01-14
0xCFE4C94E	prop_boxpile_04a-8
0xCF8BB9BF	prop_cardbordbox_03a-16
0xCF4F7397	prop_champ_jer_01a-75
0xCF05E32C	prop_controller_01-6
0xCF838B98	prop_cs_beer_bot_01b-4
0xCF383002	prop_cs_bs_cup-20
0xCF3B7E00	prop_cs_dumpster_lidl-7
0xCFC3339D	prop_cs_kitchen_cab_ld-10
0xCF38EA47	prop_ex_random_tr
0xCF5E16CB	prop_flash_unit-6
0xCFD4366C	prop_fnclink_06gate3-7
0xCF29609E	prop_golf_ball_tee-7
0xCFA0208A	prop_golf_tee-36
0xCF2996F9	prop_idle
0xCFFBB0F1	prop_ind_light_02b
0xCF2BEC00	prop_j_heist_pic_01-2
0xCF2F0E21	prop_ld_fragwall_01a
0xCF91FE5B	prop_ld_shovel_dirt-9
0xCF5199D3	prop_luggage_06a-20
0xCF74072A	prop_luggage_08a-14
0xCFDA0B3A	prop_luggage_08a-42
0xCF688DEB	prop_luggage_08a-70
0xCF0BA6EA	prop_mug_04-60
0xCF5BA9BC	prop_paint_stepl01-27
0xCF0EBD1F	prop_pallet_03a-4
0xCF3869C7	prop_phone_overlay_anim-73
0xCFEB55C1	prop_phone_overlay_anim-80
0xCF71BB1E	prop_pinacolada
0xCFCED508	prop_power_cell-5
0xCF25A503	prop_rub_cardpile_07
0xCF1E5A76	prop_scafold_frame1a
0xCFC63101	prop_sec_barrier_ld_01a-65
0xCF39639A	prop_table_07-38
0xCFDA2667	prop_tool_screwdvr02-27
0xCFCF650C	prop_tv_03-2
0xCF821D72	prop_wall_light_13a
0xCFA5D3DC	prop_weeds_nxg07b001
0xCF01E49D	prop_windowbox_b-7
0xCFA65775	prs_ogaa
0xCFCEBDA3	prs_piab
0xCF5578DB	ptrx_idle_hh_mix_19_dj_ptrax_facial
0xCF910C64	ptrx_idle_p_q_r_05_beer_can
0xCFAE7111	ptrx_idle_w_mix_15_hp_head
0xCF95715B	ptrx_trans_d_mix_to_q_r_05_dj_ptrax_facial
0xCF0BACFD	qtf0kxhpay
0xCFBE7539	r5nrfv
0xCFC152C0	radio_08_mexican_music
0xCFC630BB	rage__inputcalibration__calibration
0xCFDE93DD	railgun
0xCF789988	rampa_away_idle_i_11_facial
0xCF48ED25	rampa_cuedance_idle_f_06_v2_s_glass_03
0xCF3510C8	rampa_cuedance_sync_b_16_facial
0xCFA92FBB	rampa_mix_idle_d_04_s_glass_01
0xCF98636D	rampa_mixdance_idle_f_07_v2
0xCF726E83	rampa_mixsway_idle_i_10_s_glass_03
0xCFD9B010	rampa_trans_away_to_hpgrab_sync_a_05_facial
0xCF8B09DB	rampa_trans_cue_to_cuedance_a_03_v2_tumbler
0xCF266A5C	rampa_trans_cuehpdown_to_cuedance_a_02_hp_head
0xCF5699E4	rampa_trans_cuehpdown_to_cuedance_a_02_t_bottle
0xCF5D92BA	rampa_unq_sync2_e_40_v2_s_glass_03
0xCF5AA1C3	rampa_unq_sync3_f_20_hp
0xCF3EDFA8	random@car_thief@waiting_ig_4
0xCFEECF70	rappel_to_free_rope_prop
0xCF934088	rb_12_cbaa
0xCF1491C5	rbh2a_biaa
0xCF30B0A1	rbh2a_elaa
0xCFC85E57	rbh2a_mlah
0xCFAD77AB	rbharmysec1
0xCF965B0B	re_ac_afaa
0xCF61A2FE	react_big_variations_k
0xCF4990C9	rear5_abaa
0xCF148C41	recha_beaa
0xCF76221B	recre_acag
0xCF7EEF12	redo2_bnaa
0xCFE6D0E2	reflection_hdr_mult
0xCFFA539A	rehh3_biah
0xCFD8EF07	rehh5_cdad
0xCF8CA886	rehom_akaa
0xCFAFDD7B	remg1_acaa
0xCFAE20D3	remg2_apaf
0xCF077545	repap_ccab
0xCF1CED75	repap_dyad
0xCF91D6EF	replayeditor
0xCF5A9683	resna_bsaj
0xCFE3DE57	resolved.
0xCFF1AA9D	respawn@franklin@sandy_shores
0xCF72E2CF	retow_aoaa
0xCF13783A	reward_ch_prop_vault_drill_01a
0xCFB988DA	rhf_amaa
0xCF6A658B	rotator_l
0xCF860B08	rurs1_cnar
0xCF13297A	rurs1_ejay
0xCF08BA18	s_f_y_genericcheapworker_01_latino_mini_02
0xCFBA2E34	s_m_m_autoshop_02_dual-19
0xCFC0011A	s_m_m_highsec_01_dual-5
0xCF4C5FE6	s_m_m_highsec_04_dual-3
0xCF116AF1	s_m_m_security_01_dual-2
0xCFDBB1BC	s_m_y_baywatch_01_dual-1
0xCFB0BF31	s_m_y_fireman_01-20
0xCFCAE2AC	sc1_04
0xCFAC60C3	scattare
0xCF9C6008	schafter3-3
0xCFDC6A56	schizzi
0xCF635B1F	scr_finale1
0xCF67DC04	scr_indep_firework_trail_spawn
0xCF554F2B	scr_ojtaxi_hotbox_door
0xCF5EB676	scr_paintnspray
0xCF0205C4	scr_sr_dst_cardboard
0xCF9479AA	scr_srr_char_int_impact_rpg_dust_fore
0xCFB34BCD	scr_xm_para
0xCFCF49E7	scratch
0xCFC4CF05	scripted_scanner_report_jsh_2a_05
0xCFC3910C	se_dlc25-2_mansion_arcade_loc_3
0xCF9C838F	seated_drink_cup_female_a_base
0xCFF1DA20	security_idle
0xCF5F7B53	seethrough.colorvisiblebase
0xCFED3D25	semiautomatico
0xCF593611	sf_prop_sf_apple_01b-31
0xCF3D8BC7	sf_prop_sf_bowl_fruit_01a-57
0xCF6281F8	sf_prop_sf_chair_stool_08a-20
0xCFEFC8F8	sf_prop_sf_door_rec_01a-51
0xCFE6F7A5	sf_prop_sf_door_stat_l_01a-34
0xCF3DEB3F	sf_prop_sf_door_stud_01b-1
0xCF01C4DF	sf_prop_sf_game_clock_01a-14
0xCFAB8E78	sf_prop_sf_golf_bag_01b-46
0xCFB2EC21	sf_prop_sf_keyboard_01a-12
0xCF976AC8	sf_prop_sf_mic_rec_01a-2
0xCF187C59	sf_prop_sf_mic_rec_01a-66
0xCFDADC3C	sf_prop_sf_monitor_s_02a-39
0xCF7731D6	sf_prop_sf_music_stand_01a-32
0xCF0C8A40	sf_prop_sf_music_stand_01a-46
0xCF2E0760	sf_prop_sf_s_mixer_02a-40
0xCFF7C720	sg_del_lst_fail
0xCF0A9F9A	shadows.
0xCF90EEA3	shamal-7
0xCFCD3215	shml_lv3
0xCFE8C3D9	shoot
0xCFEEBDF8	shop_scared_start
0xCFB045B1	short_transition_in
0xCFD60625	shunt_extreme_left
0xCF3299F7	skel_r_finger60
0xCFBD0D76	slightly.
0xCF1C1173	slmn1
0xCF34ABC0	sm_prop_smug_havok-60
0xCF6121B9	sm_prop_smug_mic-40
0xCF7B6B8A	sm_prop_smug_offchair_01a-55
0xCF95E696	smash_case_statue_facial
0xCF4502DC	smash_window
0xCFA536AC	smun_intro2-5
0xCFA80A1C	so_board_with_cleaning_lazycook
0xCF781313	socorristas
0xCF325BD5	sol1_beaa
0xCF8D4C90	sol1_bhae
0xCF65CE46	sol1_ehak
0xCFD373D5	sol1_fight_done
0xCF5F3526	sol_1_ext-0
0xCFC5FD15	sp_f_eyes_11_0
0xCF780E0F	sp_f_head_14_2
0xCF223A2E	sp_m_accs_3_12
0xCF8BEB80	sp_m_eyes_10_8
0xCF3CE7A3	sp_m_eyes_5_7
0xCFF354A5	sp_m_feet_3_4
0xCF0C39C2	sp_m_jbib_0_8
0xCFDFB96B	sp_m_jbib_6_0
0xCF841E52	sp_m_jbib_9_3
0xCFAFB611	special_ped@andy_moon@trevor_2@trevor_2a
0xCF13A18D	special_ped@griff@franklin_1@franklin_1e
0xCFBCEA69	special_ped@jane@franklin_1@franklin_1e
0xCF1646CB	special_ped@jerome@monologue_1@monologue_1d
0xCFD97F3D	special_ped@jerome@monologue_8@monologue_8c
0xCFD9D203	special_ped@jessie@monologue_3@monologue_3b
0xCFB3870C	speedo
0xCF43F044	spinningwheel_high_effort_16_wheel
0xCF67EE00	squaddie-23
0xCF537A21	sr_prop_special_bblock_mdm3
0xCFD9FA7A	stagd_dvaa
0xCFAE9A3C	static_drop
0xCF9977A9	stepifinsupport
0xCFD01EC9	stt_prop_tyre_wall_0l1
0xCFB78BBE	suivante
0xCF0B4832	sum_prop_sum_power_cell
0xCF408A95	surge-17
0xCF598520	switch@franklin@garbage
0xCFA32CCF	t1m1_ckao
0xCF726877	t1m1_cnal
0xCF9845F0	t1m1_dgaa
0xCFA35882	t1m1_fcab
0xCFEE4D2F	tanker-45
0xCF26E032	taxi-19
0xCFAC76DA	taxi_step_on_it
0xCF159882	teledirigido
0xCF7D2F36	timetable@michael@on_sofabase
0xCFDF8DF4	tinv
0xCF528F3A	tjln
0xCF2D6D71	tonya_mcs_2
0xCF2203E9	tou_dance_d_mm_face
0xCF56A88A	tow_coac
0xCF8FA8F8	tow_coae
0xCFC819B4	tow_emaa
0xCF4A48C1	tow_frae
0xCFBF6105	tow_hrab
0xCF86A56A	tow_kfah
0xCF35CCE2	tr2_ctaa
0xCFA2FF1E	tr2_fhaa
0xCF8E5D5B	tr_prop_tr_bag_djlp_01a-16
0xCF045CF6	tr_prop_tr_corp_servercln_01a
0xCF9F0733	tr_prop_tr_mod_lframe_01a-17
0xCF668E98	tr_prop_tr_tampa2
0xCF6E0BAD	transition_wakeup_swivelchair
0xCFEBAA43	trevor_4_747_molly_open_doors
0xCFFF4DE8	trevor_small_01
0xCF82B538	trv_4_mcs_2
0xCF6A78C1	trvram_5_con-1
0xCF237DC5	tun_meet_int-38
0xCF8EF7EA	tun_shop_ext-19
0xCFFDAA06	turn_card
0xCF527725	txm4_ehad
0xCFAC6671	txm9_doac
0xCFAD72F0	u_f_m_miranda_p
0xCF623A2C	u_m_y_antonb
0xCF5FB5CF	u_m_y_smugmech_01_dual-14
0xCFDB78AF	uniwersalne
0xCF25A245	unload_01_gr_prop_gr_lathe_01c
0xCF2C1FBC	v_11_beefsigns
0xCFDDE231	v_24_bdr_over_shadow_boxes
0xCF717864	v_24_lna_stair_window
0xCF069C44	v_31a_emrglightnew
0xCFF23D28	v_31a_tunswap_plastic
0xCF6C6D2F	v_34_cb_reflect2
0xCF3CCA03	v_34_corrcratesb
0xCF9D370A	v_44_lounge_deta
0xCF2AF59A	v_44_m_daught_over
0xCFE5E8CF	v_74_it1_cor1_ceil
0xCFF6DE55	v_74_vfx_it3_002
0xCFA8B796	v_74_vfx_it3_open_cav
0xCFB68889	v_8_farmshad06
0xCF60227B	v_8_studybulbon
0xCF5B672A	v_corp_conftable
0xCF781B82	v_corp_fleeca_display
0xCF3D1A46	v_corp_hicksdoor-10
0xCF4DF04C	v_ilev_a_tissue-3
0xCFB96B47	v_ilev_cd_door2-48
0xCFD3339B	v_ilev_cm_door1-3
0xCF730DCB	v_ilev_ml_door1-73
0xCFD7F03B	v_ilev_mldoor02-58
0xCF74DC0D	v_ilev_mm_screen2-11
0xCFCD5EF2	v_ilev_mm_screen2-30
0xCFA06AA7	v_ilev_rc_door2-18
0xCF2767CD	v_ilev_rc_door2-74
0xCFCAF25C	v_ilev_ta_door-1
0xCF6BBDA1	v_ilev_ta_door2-5
0xCFD48001	v_lirg_trevtrail_ward_face
0xCF66F25F	v_res_fa_potcof
0xCF30A67B	v_res_m_lampstand2-15
0xCFE00948	v_res_mpotpouri
0xCFD1A991	v_res_tt_litter1-11
0xCF1481A1	v_res_tt_litter1-6
0xCFE58FD0	v_ret_ml_chips1
0xCFDD178E	v_serv_metro_statseat2
0xCFF74A31	variation
0xCF42DF58	veh@busted_bike@sport@
0xCF78ABC7	veh@driveby@first_person@passenger_rear_right_handed@smg
0xCF3C4E3A	veh@jeep@bodhi@rds@enter_exit
0xCFAC8FA0	veh@low@front_ps@female@base
0xCF6F16EA	veh@low@front_psmusic@punkidle_a
0xCF3BE79F	veh_xm_thruster_downwash_dirt
0xCF0896E0	vehicle_weapon_plane_rocket
0xCFA038F4	vfx_it3_16
0xCFD3B879	vid_ed_up
0xCFA53E89	vinewood_cam
0xCF138C4D	viola
0xCFB90BA8	vw_prop_vw_box_empty_01a-24
0xCFEFF465	vw_prop_vw_casino_door_01d-22
0xCFB619CA	vw_prop_vw_casino_podium_01a-8
0xCF6377E2	vw_prop_vw_table_01a
0xCFBBC606	vw_prop_vw_wallart_43a
0xCFAFAB1D	vw_prop_vw_wallart_48a
0xCF0F9453	w_ar_carbinerifle_mag1-45
0xCF1EE267	w_ar_carbinerifle_mag1-5
0xCF463282	w_sb_smg_mag1-5
0xCFCFB8BB	w_sg_pumpshotgunmk2_camo1
0xCFD20924	walk_switch_to_strafe_bwd_ccw_lf_180
0xCFCADD24	water_boat_wash-8
0xCF2DA551	wct_knuck_02
0xCFB9AF0C	weapons@first_person@aim_rng@generic@projectile@molotov@
0xCF6A0C85	weapons@first_person@aim_rng@p_m_zero@heavy@rpg@fidgets@c
0xCFF53CFF	wedge_react_bad_01_cam
0xCF27C976	weed_agac
0xCFC811DA	weed_bbac
0xCF661DBF	weed_spraybottle_crouch_base_inspector
0xCF085ACF	wheel_decal_blood_bike
0xCFBDF3D7	wheel_decal_mud_tank
0xCF4251D0	wood_swing_intro_high
0xCF78E315	world_human_push_ups_lo_res_base
0xCF6EC504	wstart_r_0
0xCF59AAAA	xm25_avi6_exta-13
0xCF7E609D	xm25_avi6_extc-12
0xCF9A714A	xm25_mansion_inta-51
0xCFDA8A35	xm25_mansion_intb-94
0xCF305E49	xm3_drg1_bmx_int-1
0xCFA00840	xm3_int3_ref_proxy
0xCF30E88D	xm3_prop_xm3_box_pharma_01a-2
0xCFA38085	xm3_prop_xm3_cem_bags_01a-20
0xCFC47B17	xm3_prop_xm3_pill_01a-20
0xCFD6124B	xm_prop_x17_b_glasses_01-0
0xCFB2D18C	xm_prop_x17_coffee_jug-29
0xCF4CDBA3	xm_prop_x17_laptop_agent14_01-4
0xCFE07E60	xm_prop_x17_laptop_lester_01-38
0xCFABD85D	xs_prop_ar_pipe_01a_sf
0xCF22ED6E	xs_prop_arena_adj_hloop
0xCF9CFD6F	xs_prop_arena_champ_closed-9
0xCFB5AEA2	xs_prop_arena_clipboard_01a-63
0xCF33387E	xs_prop_arena_turntable_02a
0xCF954478	xs_prop_x18_garagedoor01-21
0xCF074651	xs_prop_x18_garagedoor02-11
0xCFAA5B61	xtra_teef000_chain01
0xCFC798FC	ymznzfzlzkz
0xCF3B9475	yosemite2-54
0xCFE79724	you_can_ignore_me_4
0xCF8A60E9	zeitloser
0xCF4E1D4E	zyk
