0xD781E458	05:00
0xD7D11CC1	096.1
0xD74B9BD9	312_patriot_modkit
0xD780E5C8	352.5
0xD7E43BC0	72v4v
0xD7D364B7	8cga
0xD70865D5	@initialize@
0xD79661AC	@vx
0xD7424D61	_leadin_car
0xD7A80D75	a9r
0xD728E311	a_c_retriever-46
0xD77777E6	a_f_m_ktown_01_korean_full_01
0xD73E90B0	a_f_y_beach_02_dual-5
0xD7036AB1	a_f_y_tourist_02_dual-62
0xD774D258	a_m_m_afriamer_01_dual-42
0xD7F5D34E	a_m_m_afriamer_01_dual-48
0xD77AEADB	a_m_m_fatlatin_01_dual-12
0xD7A09608	a_m_m_polynesian_01-0
0xD776F91C	a_m_m_stlat_02_dual-3
0xD7DE6C6B	a_m_o_tramp_01_dual-11
0xD7A72EFF	a_m_y_beach_04_dual-9
0xD748C6E6	a_m_y_busicas_01_p
0xD782BC07	a_m_y_business_02_r2pvg
0xD716E0B7	a_m_y_epsilon_02_dual-3
0xD71FE131	a_m_y_golfer_01
0xD78DD49D	a_m_y_hipster_01-14
0xD73CE749	a_m_y_hipster_02_dual-22
0xD7606C30	a_m_y_salton_01
0xD7554F48	a_m_y_stbla_02_dual-67
0xD744A4FD	a_m_y_vinewood_03_dual-57
0xD72E4BDC	ac12_fspot_fos_ep1_p1_01-14
0xD70B5886	ac12_pro_mcs_6_p2_alt1_001-6
0xD7B549F4	ac13_fspot_fos_ep1_p1_00-19
0xD76D5287	ac14_ass_int_2_alt1_004-13
0xD7762A2D	ac18_car_2_mcs_1_merged_05-6
0xD7BE835A	ac2_fspot_fos_ep1_p1_01-8
0xD77F298A	ac33_bar_1_rcm_p2_00-6
0xD703E644	ac3_tonya_mcs_3_003-6
0xD748BAE2	ac4_jh_1_intp6_008-9
0xD797531F	ac6_ped_mic_2_int_p2_002-3
0xD7CF36EF	ac_delivered
0xD742EA4E	action2stealth
0xD717709C	action_exit_shell
0xD7F6B578	action_server
0xD7351520	adam_away_dance_d_33_tumbler
0xD7FCCB8B	adam_cue_idle_j_02
0xD79C6643	adam_cue_idle_u_04_bottle
0xD7425928	adam_trans_away_to_cue_c_10
0xD7AACCB0	adam_trans_away_to_mix_a_09_hp
0xD7882D0F	adam_trans_cue_to_mix_a_02_facial
0xD76B0471	afybl
0xD745E2B8	ah3b_dfaa
0xD75D1AFE	ah3b_ehaa
0xD7A72037	ah3b_ghaa
0xD76447B3	ah3b_heli_falls
0xD749412A	already
0xD7B1CA68	alt4
0xD7718E0C	amb@code_human_cower_stand@female@exit
0xD727F630	amb@code_human_wander_texting@female@enter
0xD73CF6F5	amb@prop_human_movie_studio_light@base
0xD7B0DB6F	amb@prop_human_seat_chair@male@right_foot_out@idle_a
0xD70B19A4	amb@prop_human_seat_deckchair@male@base
0xD74CB729	amb@world_human_stand_mobile@female@standing@call@base
0xD7BF2320	anim@amb@carmeet@checkout_engine@female_d@base
0xD72A388C	anim@amb@casino@hangout@ped_female@stand@01a@enter
0xD7BBE9B2	anim@amb@nightclub@dancers@crowddance_groups@low_intensity
0xD7331415	anim@amb@nightclub_island@dancers@club@
0xD78A43B3	anim@amb@world_human_valet@normal@idle_a@
0xD7D9C516	anim@amb@world_human_valet@normal@idle_b@
0xD7E20690	anim@heists@heist_safehouse_intro@variations@male@window
0xD7D010A4	anim@mp_player_intincarair_guitarlow@ds@
0xD7DCCF01	anim@mp_player_intincarcoin_roll_and_tosslow@ds@
0xD7B45DC5	anim@safehouse@beer
0xD7BA748B	anim@scripted@freemode@ig6_plant_device@male@
0xD7FA4F40	anim@scripted@heist@ig19_scope_hatch@male@
0xD7089D88	anim@scripted@island@special_peds@scott@hs4_scott_stage1_ig3
0xD77C9D91	anim@veh@drivebybike@scooter@front@melee_kick
0xD7107EA1	anim@veh@helicopter@havok@ds@enter_exit
0xD7762663	anim@veh@plane@tula@rhs@rds@enter_exit
0xD7D54ACA	anim_ac54_fos_ep1_p6_01-20
0xD705F114	anim_ac61_fos_ep1_p6_00-7
0xD741B918	anim_ac69_fos_ep1_p6_02-26
0xD73BBC0F	anim_ac70_fos_ep1_p6_01-14
0xD7840572	anim_ac72_fos_ep1_p6_01-5
0xD708C010	anim_ac82_fos_ep1_p6_00-31
0xD76B1DCD	anim_ac82_fos_ep1_p6_02-23
0xD7F88783	anim_ac83_fos_ep1_p6_01-19
0xD74CA05C	anim_casino_a@amb@casino@games@insidetrack@ped_female@slouchy@01b@reacts@v01
0xD7505D69	anim_casino_b@amb@casino@games@roulette@ped_female@no_heels@seat_3@regular@03b@base
0xD7225C26	anim_casino_b@amb@casino@games@roulette@ped_female@seat_1@engaged@01b@trans
0xD78707E3	anim_corona_oat_fos_ep1_p6_019-9
0xD71E0411	anim_corona_oat_fos_ep1_p6_10-33
0xD7AB504D	anim_corona_oat_fos_ep1_p6_12-34
0xD771A508	anim_corona_oat_fos_ep1_p6_16-23
0xD7D57328	anim_oat_fos_ep1_p6_035-24
0xD743BA34	anim_oat_fos_ep1_p6_04-7
0xD715E02E	anim_oat_fos_ep1_p6_044-12
0xD787FB2F	anim_oat_fos_ep1_p6_046-5
0xD7E513E1	anim_oat_fos_ep1_p6_052-2
0xD74EFFAA	anim_oat_fos_ep1_p6_27-5
0xD7232ECC	animl_auab
0xD73DAAAE	animl_bgaf
0xD7322491	animl_bkan
0xD7BB16A8	animl_bran
0xD76F5A97	animl_bxan
0xD71A2288	animl_cgai
0xD7C202E2	animl_ciau
0xD71829C7	animl_dfaf
0xD70A4BD7	animl_dyag
0xD75A44D1	animl_ebac
0xD771E36B	animl_egan
0xD72F68D9	animl_gsaa
0xD79CEB11	apa_mp_h_stn_chairstool_12
0xD7F614F1	apa_mp_h_stn_sofa_daybed_01
0xD72F2D8F	apa_nar_int-26
0xD7657917	apa_p_mp_door_apartfrt_door-9
0xD70407F5	ar_crickets_c
0xD7C68017	ar_dlc_h4_ih_birds_kingbird
0xD72FBA83	ar_dlc_hei_acc_stairs_pipes_01
0xD7DB75F1	ar_michaels_fridge
0xD721F01A	ar_prop_ar_stunt_block_01a
0xD71A936B	arbitrated
0xD7340198	areas.
0xD7FF978E	arm1_aeaa
0xD7142513	arm_left_shoulder
0xD712FE20	arms_jtaa
0xD71F17ED	arms_ktaa
0xD72BA5E0	arrest_cop
0xD7BAB5D7	assert:
0xD71042DF	avenger-15
0xD7AC6F69	az_biker_camp_trailer_15
0xD70F1551	az_dlc_h4_ih_coastal_07
0xD7D28227	az_dlc_xm_base_main_tunnel
0xD711C8E1	az_music_hollywood_12
0xD78E4D7D	ba_case4_madonna
0xD7613AB4	ba_prop_batle_crates_mule
0xD7F6359B	ba_prop_battle_dj_deck_01a-43
0xD7878FB4	ba_prop_battle_sniffing_pipe-102
0xD7D3ACA1	ba_prop_door_club_entrance-75
0xD7047B28	ba_prop_door_elevator_1r-10
0xD70E80DC	ba_prop_door_elevator_1r-69
0xD7CDA430	ba_prop_door_safe
0xD7A33875	baller8-62
0xD7493827	bar_1_rcm_p2-1
0xD75B09B4	base_gr_prop_gr_speeddrill_01a
0xD7FC4C0E	base_left
0xD75BAD8F	based
0xD7506647	bb2_axaj
0xD7C1A439	bet_max_pull_spin_var02
0xD72B2165	biker_draw_3
0xD7755BC9	bkr_prop_fertiliser_pallet_01b
0xD7946160	bluray
0xD759FBD5	bmad_out_soldix_in_b_bg_male4_face
0xD7BD24DC	bmx-22
0xD74527C9	bong_stage1_lighter
0xD7991053	broken_camera_fuzz
0xD7464799	bs2b_duaa
0xD79B5E23	bs2b_jbaa
0xD7603884	bs_2b_plant_c4
0xD777C754	bs_animal
0xD756460C	buccaneer
0xD774F2C9	bulldozer-14
0xD7C38241	bumptexture
0xD7930E8F	casino_heist
0xD7A876FB	cavalcade-22
0xD7D86B95	cbrad_azaa
0xD782F2D4	cbrad_doae
0xD7FE6CD3	cbrad_dwac
0xD7DFE982	cbrad_ebae
0xD75AE1C5	celuje.
0xD79D7458	ch1_09b_vinegrapes_82
0xD7AA3AC8	ch_prop_arcade_claw_01a_r1
0xD7D57C3A	ch_prop_arcade_fortune_door_01a-12
0xD75A7119	ch_prop_box_ammo01a
0xD750C117	ch_prop_ch_tray_01a-13
0xD7F32F8A	ch_prop_swipe_card_01a-19
0xD7CEC708	changesteptime
0xD7B428F9	chatc_acab
0xD7AD08EB	chatc_bzal
0xD71BB5D0	check_out_b
0xD790DB1C	cigar_idle_a_michael
0xD7B97A6E	clear_chips_intro_facial
0xD7D67A49	clouds_billboard_soft
0xD70CD87D	club_intro-34
0xD74C04C7	cm_prowai
0xD79E296F	co-driver
0xD79516C7	coding
0xD77B2F8C	common:/data/materials/rumbleprofiles
0xD705D8B4	compensando
0xD703C94D	component_combatmg_mk2_camo_ind_01
0xD77A22D2	component_marksmanrifle_mk2_clip_tracer
0xD7391086	component_pistol_varmod_luxe
0xD7DBF707	component_raypistol_varmod_xmas18
0xD7ECE662	convo_trevor_whatareyoudoing_6
0xD71CDCBB	corona_fos_ep1_p1_05-22
0xD7F86C28	corona_fos_ep1_p1_07-4
0xD7ACDBBE	corona_oatfos_ep_1_p1_019-21
0xD773E72C	corona_oatfos_ep_1_p1_019-9
0xD7BCA93D	corona_oatfos_ep_1_p1_020-0
0xD7DD0115	corona_oatfos_ep_1_p1_026-10
0xD75B2DD9	corona_oatfos_ep_1_p1_026-2
0xD716B80C	count_stop
0xD70F8730	cover_me
0xD7A53B9B	covered
0xD7F878B4	cpacketwatersplashpedfx
0xD71FD89F	crate_land
0xD7267F61	creategradientbox
0xD7151C13	crew_logo_tuner_0
0xD7BB5D72	cs_amb_tv_sauna_steam
0xD79311C1	cs_arena_car_exhaust-7
0xD71A3E3D	cs_chrisformage_dual-4
0xD712D053	cs_cig_exhale_mouth-12
0xD79BB236	cs_cig_smoke_lamar-14
0xD726B7F6	cs_davenorton_p
0xD7810010	cs_drfriedlander_02_dual-15
0xD730FF64	cs_drfriedlander_02_dual-18
0xD7D17D65	cs_drfriedlander_02_dual-42
0xD7E74A56	cs_fam4_whiskey_pour-19
0xD7CB65DA	cs_guadalope_dual-41
0xD7A4D924	cs_lest1_cig_smoke-4
0xD700A32E	cs_patricia_dual-3
0xD7729A6A	cs_pls_tea_pour-22
0xD731C540	cs_prolsec_02_p
0xD7F9997D	cs_russiandrunk_dual-40
0xD7271038	cs_russiandrunk_dual-5
0xD7E356F3	cs_stretch_dual-8
0xD73675FE	cs_sv_yard_car_wheel_smoke-45
0xD770C9B4	csb_agent
0xD792F22F	csb_anita_dual-7
0xD7D334CA	csb_ary_02_dual-20
0xD7505EDA	csb_brucie2_dual-26
0xD76ED1B1	csb_bryony_dual-37
0xD7B44297	csb_chef_03_dual-26
0xD71867D1	csb_chin_goon_dual-0
0xD7792F05	csb_dax_dual-39
0xD7F9A99F	csb_hao_02_dual-55
0xD7420A98	csb_huang_dual-44
0xD78B5018	csb_isldj_00_dual-5
0xD74C5FCC	csb_jamalamir_dual-54
0xD7976062	csb_jamalamir_dual-55
0xD74B8139	csb_juanstrickler
0xD782363A	csb_paige_dual-5
0xD7FF906D	csb_vincent_4_dual-55
0xD7BDF132	csb_wendy_dual-11
0xD7842DF0	cst2_hcae
0xD74CD052	cst7_eoaa
0xD79D36CD	csx_searocks_06
0xD754D418	cult_p2_victim
0xD7440407	cultist_base
0xD79162ED	cut_mpcas_wine_pour-36
0xD7F69AD3	cut_prison_break
0xD72B6F79	cut_sec_golfcart_wheel_debris-35
0xD783DB6C	cut_tn_swat_van_skid_smoke-2
0xD7B30022	cut_xm3_journey_wheel_dirt-41
0xD7869BFB	cut_xm3_plane_disturb_dust-3
0xD7BB7980	d_ac1_hs4f_tun_ent_p2_t01_00-3
0xD71C5D13	d_ac1_josh_3_intp1_033-5
0xD71C3F1E	d_ac2_fin_c_ext_p5_01-27
0xD737DD31	d_ac2_tunf_drp_bag_p1a1_t00_01-1
0xD7892F24	d_ac3_car_1_ext_p3_077-5
0xD71845EE	d_ac3_cletus_mcs_1_p2_07-2
0xD76CB031	d_ac3_hs4_scp_airs_p2_t07_00-11
0xD7B8A7B8	d_ac3_tonya_mcs_2_70301-5
0xD72E9212	d_ac6_mic_2_int_p2_frank_bounce002-39
0xD74C1633	d_ac9_eps_4_mcs_3_006-0
0xD79F704D	des_jewel_cab4_end
0xD79D5E14	dh1_bxae
0xD7F573AE	dh1_doag
0xD71C752F	dhp1_stop
0xD715FDFB	dixn_idle_cntr_shrt_dix_face
0xD7E86689	dixn_trns_right_to_cntr_glass
0xD764F0E4	dizer
0xD7B59A81	dlc_mp_apa_m_feet_4_2
0xD7F00B16	dlc_mp_apa_m_jbib_0_0
0xD7642E20	dlc_mp_apa_m_jbib_2_1
0xD78638DA	dlc_mp_apa_m_phead_0_0
0xD78D0527	dlc_mp_apa_m_teeth_0_2
0xD79A255C	dlc_mp_ar_f_feet_0_5
0xD7C9889C	dlc_mp_arena_f_berd_12_13
0xD743DB71	dlc_mp_arena_f_hand_6_0
0xD7B1D80B	dlc_mp_arena_f_jbib_0_0
0xD78FD272	dlc_mp_arena_f_jbib_16_12
0xD72ED5E0	dlc_mp_arena_f_torso_2_5
0xD7B75DE9	dlc_mp_arena_m_berd_6_3
0xD7E91345	dlc_mp_arena_m_jbib_8_17
0xD77E7748	dlc_mp_arena_m_legs_5_6
0xD790F025	dlc_mp_arena_m_special_1_0
0xD7A09545	dlc_mp_arena_m_special_3_12
0xD7C774BD	dlc_mp_bh_f_jbib_11_2
0xD7C360D0	dlc_mp_bh_f_jbib_14_10
0xD780A3DF	dlc_mp_bh_f_jbib_4_19
0xD70F6FEA	dlc_mp_bh_f_special_11_6
0xD715C5CB	dlc_mp_bh_f_special_9_18
0xD7F66F66	dlc_mp_bh_m_jbib_8_0
0xD7EEF300	dlc_mp_biker_f_jbib_23_3
0xD7FFBD22	dlc_mp_biker_f_torso_15_0
0xD76B4F57	dlc_mp_biker_m_hand_2_2
0xD797336A	dlc_mp_biker_m_phead_10_3
0xD7C8FEF9	dlc_mp_biker_m_special_1_8
0xD76CF28D	dlc_mp_busi_f_accs1_2
0xD70DB772	dlc_mp_busi_f_berd0_3
0xD7E2D59E	dlc_mp_busi_f_jbib2_11
0xD73FF09E	dlc_mp_busi_m_feet0_11
0xD78E7A63	dlc_mp_business_f_hat1_6
0xD7535A8C	dlc_mp_business_m_hat0_9
0xD7218CAF	dlc_mp_exec_f_jbib_10_7
0xD7924982	dlc_mp_exec_f_special_3_3
0xD7A6EEBF	dlc_mp_fixer_f_jbib_9_10
0xD78B7C1A	dlc_mp_fixer_f_phead_2_9
0xD77B7B41	dlc_mp_fixer_m_decl_0_0
0xD7A25A0B	dlc_mp_fixer_m_jbib_4_13
0xD74D760F	dlc_mp_fixer_m_legs_3_12
0xD76B6DF8	dlc_mp_fixer_m_peyes_5_11
0xD78946A8	dlc_mp_gr_f_berd_2_20
0xD72D4328	dlc_mp_gr_f_jbib_15_21
0xD72DA696	dlc_mp_gr_f_jbib_1_21
0xD7E5197B	dlc_mp_gr_f_jbib_23_6
0xD76A45F4	dlc_mp_gr_f_jbib_6_23
0xD72B3FC4	dlc_mp_gr_f_phead_3_15
0xD7E17A31	dlc_mp_gr_f_torso_14_10
0xD7696845	dlc_mp_gr_m_berd_2_21
0xD7EC1932	dlc_mp_gr_m_jbib_0_20
0xD7928504	dlc_mp_gr_m_jbib_14_16
0xD7D792E7	dlc_mp_gr_m_legs_3_12
0xD77C1BFC	dlc_mp_gr_m_torso_1_9
0xD72968A7	dlc_mp_gr_m_torso_25_16
0xD7E42983	dlc_mp_gr_m_torso_27_11
0xD7673C47	dlc_mp_h3_f_hand_3_2
0xD75E1744	dlc_mp_h3_f_jbib_14_0
0xD7CAA480	dlc_mp_h3_f_special_4_0
0xD7410B6F	dlc_mp_h3_m_berd_13_0
0xD7E0B5D2	dlc_mp_h3_m_phead_5_1
0xD733426E	dlc_mp_h4_f_berd_0_1
0xD7B94392	dlc_mp_h4_f_berd_0_5
0xD713FB6E	dlc_mp_h4_f_berd_4_6
0xD7367EA6	dlc_mp_h4_f_phead_0_18
0xD701BA0C	dlc_mp_h4_f_teeth_7_0
0xD7CDBA60	dlc_mp_hal_m_berd_9_1
0xD7FDBDA9	dlc_mp_heist_m_berd_14_2
0xD7EBDA58	dlc_mp_heist_m_berd_14_24
0xD7B75ECF	dlc_mp_heist_m_decl_0_1
0xD73ABBE6	dlc_mp_heist_m_phead_2_0
0xD7332152	dlc_mp_heist_m_special2_0_3
0xD70B15BD	dlc_mp_heist_m_special_9_9
0xD72CACB7	dlc_mp_hips_m_teeth1_0
0xD778F090	dlc_mp_ie_f_jbib_1_9
0xD7F01C5F	dlc_mp_ie_f_jbib_7_11
0xD7D9A6CB	dlc_mp_ie_f_jbib_7_4
0xD7EDBC34	dlc_mp_ie_f_special_1_0
0xD7E54AAB	dlc_mp_ie_m_feet_1_0
0xD7474882	dlc_mp_ie_m_jbib_12_3
0xD74CFADA	dlc_mp_ie_m_phead_6_1
0xD7D1249F	dlc_mp_jan_f_hand_4_6
0xD738BA0C	dlc_mp_low2_f_feet_1_2
0xD7C9E62F	dlc_mp_low2_f_special_5_0
0xD7512B5C	dlc_mp_low_2_f_jbib_6_2
0xD7B2D052	dlc_mp_lts_f_hand_2_17
0xD78750D3	dlc_mp_lts_f_hand_2_23
0xD78DB5C8	dlc_mp_lts_m_hand_2_15
0xD73A09A6	dlc_mp_lts_m_hand_7_3
0xD7D7B8FC	dlc_mp_lts_m_hand_8_25
0xD70B2F8F	dlc_mp_lts_m_hand_9_17
0xD7F22BF4	dlc_mp_luxe2_f_teeth_9_1
0xD76B8653	dlc_mp_luxe2_m_teeth_13_0
0xD7CD1A92	dlc_mp_luxe_f_special_2_6
0xD777E2CB	dlc_mp_luxe_m_jbib_4_4
0xD73ADD5D	dlc_mp_smug_f_berd_10_0
0xD7051DC6	dlc_mp_smug_m_jbib_7_19
0xD7130FD5	dlc_mp_smug_m_phead_1_15
0xD705182D	dlc_mp_smug_m_phead_8_3
0xD7BA45AF	dlc_mp_smug_m_special_9_16
0xD7D32DAB	dlc_mp_stunt_f_jbib_5_1
0xD7F47BE9	dlc_mp_stunt_f_special_3_0
0xD70251B7	dlc_mp_stunt_m_phead_12_3
0xD7576AB1	dlc_mp_sum2_f_berd_10_13
0xD7EA5981	dlc_mp_sum2_f_phead_5_13
0xD7D57A30	dlc_mp_sum2_m_jbib_12_17
0xD7155A15	dlc_mp_sum2_m_legs_0_13
0xD7452BB6	dlc_mp_sum2_m_pears_0_11
0xD7448524	dlc_mp_sum_f_jbib_20_15
0xD7DC1317	dlc_mp_sum_f_jbib_8_5
0xD72E4367	dlc_mp_sum_f_special_5_18
0xD7080D97	dlc_mp_sum_m_jbib_0_15
0xD7211B6D	dlc_mp_sum_m_jbib_10_4
0xD7FB2AC0	dlc_mp_sum_m_special_4_8
0xD7EC6CC6	dlc_mp_sum_m_torso_9_1
0xD7C1EBAD	dlc_mp_tuner_f_jbib_16_2
0xD732F1D2	dlc_mp_tuner_f_jbib_2_1
0xD71B1C4E	dlc_mp_tuner_f_jbib_8_6
0xD7CE5B9E	dlc_mp_tuner_f_special_5_0
0xD73587C6	dlc_mp_tuner_m_jbib_1_1
0xD7B7EFBA	dlc_mp_tuner_m_jbib_6_7
0xD7664626	dlc_mp_tuner_m_jbib_9_1
0xD7DA27C7	dlc_mp_tuner_m_jbib_9_13
0xD7BF58A6	dlc_mp_tuner_m_special_0_5
0xD7BEC6DE	dlc_mp_val2_m_legs_1_13
0xD7D17337	dlc_mp_vwd_f_legs_2_18
0xD7C4C62C	dlc_mp_vwd_f_peyes_0_5
0xD78C124D	dlc_mp_vwd_m_feet_2_3
0xD72A67F8	dlc_mp_vwd_m_jbib_16_2
0xD71E9A3D	dlc_mp_vwd_m_jbib_7_4
0xD794E341	dlc_mp_vwd_m_legs_3_21
0xD7AC4F6B	dlc_mp_vwd_m_pears_3_3
0xD7A61938	dlc_mp_vwd_m_pleft_wrist_1_3
0xD7DA40F0	dlc_mp_x17_f_peyes_0_13
0xD70D3F56	dlc_mp_x17_f_peyes_0_14
0xD735376E	dlc_mp_x17_f_peyes_0_22
0xD7BC078E	dlc_mp_x17_f_phead_2_17
0xD7AFB4D8	dlc_mp_x17_m_jbib_3_23
0xD7C87473	dlc_mp_x17_m_jbib_7_2
0xD7BD0DAB	dlc_mp_x17_m_phead_3_5
0xD7A04550	dlc_mp_x22_f_decl_11_0
0xD7CDE638	dlc_mp_x22_f_feet_1_7
0xD73A845D	dlc_mp_x22_f_feet_4_17
0xD71E3AAE	dlc_mp_x22_m_feet_7_3
0xD786164F	dlc_mp_x22_m_jbib_1_10
0xD762E29F	dlc_mp_x22_m_jbib_6_22
0xD7E00AA8	dlc_mp_x22_m_jbib_7_4
0xD7494B33	dlc_mp_x22_m_peyes_4_1
0xD7FD1037	dlc_mp_x22_m_phead_0_2
0xD7C619B8	dlc_mp_x22_m_phead_2_14
0xD7486B1A	dlc_mp_x22_m_special_1_8
0xD7663AE8	dlc_mp_x22_m_teeth_9_0
0xD709AF47	dlc_mp_xmas2_m_phead_0_6
0xD7707CC8	dlc_mp_xmas_f_accs0_1
0xD70AB194	do_you_want_to_be_happy_0
0xD754538F	door_blast_a
0xD72DA562	doorman
0xD795F400	doors.
0xD79D78D7	drf_mic_1_cs_1-14
0xD70567DD	drf_mic_2_cs_1-103
0xD745CFB2	drf_mic_2_cs_1-8
0xD7C75E14	drove
0xD70F9CDD	dt_policeroadblock
0xD78418C5	eject_minismg_fp
0xD7278283	emperor
0xD7E1FDDB	enferrujado.
0xD7B329A5	ent_amb_trevor_tap_drip
0xD716FB37	ent_sht_rubbish
0xD7C760EF	enter_high_l_0-5m_00_facecover
0xD7A3AADF	enter_left_console
0xD7B0F030	enter_right_a_facial
0xD76E89E8	enumname
0xD7EFE527	environmental_blur_in
0xD78DD242	eps6_afaa
0xD72D7FF2	event_network_cloud_event
0xD7A323E3	ex_prop_offchair_exec_04-52
0xD735212C	exec_office_garage_purch
0xD7BD5A0B	exile_2_gang_car_fire
0xD7CCB547	exit_drunk_bot
0xD7E2019E	exl3_daae
0xD7B608AD	exl3_fhab
0xD7568D8A	exp_hr_titan2_40_air
0xD75F0C4F	exp_tag_titan2_40mm_cannon
0xD7AB3B93	facial_l_eyelidupper
0xD7761D0A	facial_lipupperthicknessh
0xD76AC72E	facials@gen_male@variations@normal
0xD7D8310C	faft_biaa
0xD7F7B0D2	fam1_hpaa
0xD76B8BC3	fam2_dmaa
0xD752DEBC	fam3_dfab
0xD76E71CF	fam4_akap
0xD7B01461	fam4_boaa
0xD7E99A04	fam5_egae
0xD7CF20BE	fam5_gzaa
0xD790D958	fam6_ajau
0xD7ED1E53	family4_2
0xD7E47799	fan1_cbaa
0xD7E342F2	fan2_bbaa
0xD71D4877	fast_pedal_right_downhill_bike
0xD723F88B	fatf_adaa
0xD7088807	fatl_csaa
0xD7B08A7E	fatl_cxaa
0xD79E1B25	fb_l_lip_bot_045
0xD7C347C8	fbi1_abag
0xD713D0E9	fbi2_akaa
0xD78A9764	fbi2_exaa
0xD759374E	fbi3_goaw
0xD7616984	fbi5a_lxaa
0xD7D15B71	fbi_1_ext-2
0xD7BBF489	fbis1_alaa
0xD7D79374	fbis4_dzaa
0xD74D2ED8	fbis4_jfag
0xD78B3778	fcfj_cval
0xD7442AF0	fcfj_czai
0xD711918A	fcft_dmaj
0xD74291F0	fcft_dmap
0xD77E0583	fcft_epaa
0xD72268CC	fcma_cpal
0xD74319AB	fcma_cwae
0xD7A74ED1	fcma_dnal
0xD7BBC0F6	fcmf_csaa
0xD73F1ED5	fcmj_cxag
0xD7583B3F	fcmt_duam
0xD7CF6C7B	fctj_apag
0xD79FE9D3	female_b_ped_b_pickup
0xD786C8F5	female_pos_c_p1_enter_normal_weed
0xD7A07BE1	female_pos_c_p1_weed_idle_03
0xD7FB61CB	female_pos_c_p2_weed_base_lamar_strain
0xD78DAC1F	fh3a_bpaf
0xD75D7DFB	fh3a_cnaa
0xD7EEFC41	fh3a_eaaa
0xD765F97E	fhf_buad
0xD7A3A0FF	fin_c_mcs_1-6
0xD7504AFA	fin_ext_p2-3
0xD7764443	fina_start
0xD7A1925B	finc1_fgaa
0xD71EB1E8	finc1_fhab
0xD7E6A510	firefx
0xD70429C9	fireweaponrelaxamount
0xD7F47F4D	fix_agy_int2-58
0xD74FDC26	fix_agy_int3-28
0xD75C7500	fkn0_brab
0xD7A5A098	fkn1_dvaa
0xD76A63EA	flag_check_if_driver_seat_is_closer_than_turrets_with_on_board_enter
0xD7B2AB08	flap_2
0xD76D5429	float
0xD7F6DBFE	floyd_dh1_afag_01_g2
0xD760B3DF	fm_bus_m_hair_001_e
0xD712A7BC	fm_f_hair_013_c
0xD7DB0476	fm_hip_f_tat_006
0xD7B86F38	fmfl_auab
0xD7903F9D	fmm_gtad
0xD7DEFFA6	fogvolume_fog_scaler
0xD7D93608	footrippletechnique
0xD747D880	fos_ep_1_p1-17
0xD7CFC8BC	fptj_biaa
0xD7480FFF	fra0_boy
0xD795B563	fra_2_ext-26
0xD777FFFC	fragmentfx_destroy_ptfx_start
0xD7900295	freight_elevator_01_motor
0xD71C314D	freightcont1-0
0xD7DD460E	friendly_fire
0xD75F6AA5	friendzoned_perfect_facial
0xD7A031AF	frogger-10
0xD7682835	full_cycle_v3_cocdoll
0xD7B2064C	fullcut_cycle_cokescoop
0xD7620234	futo-24
0xD7E10D83	fxl_final
0xD74DDAE2	g_f_m_fooliganz_01_dual-33
0xD7DD7F9C	g_m_y_famca_01_dual-43
0xD7F928AB	g_m_y_pologoon_01_dual-15
0xD7C67295	g_m_y_salvagoon_01_dual-3
0xD70FC08A	gamepad
0xD719A19D	gcsmdithertexture
0xD79BFC1E	globalanimuv0
0xD792041D	gordo
0xD74F5706	gqu-
0xD7939B5A	gr_prop_gr_crates_weapon_mix_01b-26
0xD7C3BC2D	gr_prop_gr_target_w_02a-6
0xD7D8AE45	gr_prop_gr_tunnel_gate-27
0xD77884A0	greet_gang_ballas_m
0xD76D43E8	grmshadergroup::setvarcommon
0xD760D4FA	gtao_fm_events_blade_scene
0xD7DCF69A	guard_checks_bus
0xD7CBDE84	guard_flinch_r_2
0xD7E05DCA	gunsh_ddae
0xD75E01A6	h4_prop_bush_buddleia_low_01
0xD753856E	h4_prop_h4_casino_button_01a-83
0xD7A401A4	h4_prop_h4_crates_full_01a
0xD725365F	h4_rig_dj_02_lights_03_a
0xD7E3EC9E	halbe
0xD75A9538	hash_d75a9538_ebghmig_collision
0xD763C801	hash_d763c801_iowaxioa_collision
0xD795C2BF	hash_d795c2bf_azscysb_collision
0xD7DBB74C	hash_d7dbb74c_jmohcn_collision
0xD7F79BFC	hash_d7f79bfc_clmrelf_collision
0xD710769B	hater
0xD7318181	hd_djf
0xD74F69BD	hei_prop_drug_statue_01-3
0xD74EA33C	hei_prop_heist_magnet-4
0xD7764161	hei_prop_heist_weed_block_01b
0xD7AD02F4	hei_prop_hst_laptop
0xD7E4CCFF	heist_draw_13
0xD7B7806C	helisearchlight
0xD755308A	hf_improved_righting_force
0xD791FE09	hipsterka
0xD74BDBD0	hs3f_int1-26
0xD7ED7F0C	ib_select
0xD79175B3	idle_03_pipette_04
0xD7DF806A	idle_04_franklin_facial
0xD7ECB582	idle_06_lamar
0xD7196657	idle_b_prop_camera
0xD793385F	idle_ch_prop_vault_drill_01a
0xD7B51232	idle_loop_femalehostage
0xD74D6D72	ig_1_ear_cam
0xD76A43C0	ig_1_thedesertissobeautiful_patricia
0xD78E1AE0	ig_6_stretch
0xD7A2D2B0	ig_acidlabcook_dual-22
0xD774DBB1	ig_ahronward_dual-15
0xD7E727FC	ig_chef_03_p
0xD7C1E2B1	ig_helmsmanpavel
0xD7516B05	ig_kaylee_dual-7
0xD7F15009	ig_lestercrest_p
0xD7C4BE78	im_an_epsilonist_9
0xD741207C	imp_prop_drill_01a
0xD7870298	impact_small_downhill_bike
0xD7B0BF33	inchpurple
0xD7E274E7	input_cellphone_camera_expression
0xD7DE6B1E	input_frontend_rup
0xD7CAFCEF	input_veh_aim
0xD74EB47B	input_veh_bike_wings
0xD7991F74	input_veh_sub_ascend
0xD7E5F4F5	invincible
0xD749B606	is_entity_at_coord
0xD7213374	iz_xm3_dlc_int_04_xm3_corridorbottom
0xD7B6CEBF	jh2_fina_mcs4_a1a2-1
0xD7CC8817	jh_cjaa
0xD7766850	jh_stac
0xD734E4DA	jhp1a_bwaa
0xD783F187	jhs1_bnaa
0xD7603B11	jhs1_ecaa
0xD720762F	jimmy@_drinking@_beer_idle_c
0xD7AE28D0	john
0xD7650D57	journey2-64
0xD761393F	jump_hatchet
0xD7D5C169	key_1
0xD776314E	known
0xD75CDD6A	layout_ranger_jubilee
0xD7E1DA21	layout_std_hustler
0xD7C4358E	lb
0xD75BB768	ld_2g_approach_m
0xD7D3C3DD	ld_2g_decline_s1
0xD7D725B4	leadin_loop
0xD7127BA2	leadout_action_brad
0xD7571888	lean_l_fast
0xD73C7B99	lem2
0xD71BC3E4	lem2_fhaf
0xD7412260	lem2_gyab
0xD7114817	lensdistortion
0xD7916BAA	lf_house_05_
0xD7845D32	lightsreducefalloff
0xD75DFF1F	line_06
0xD7E5B544	line_2_dax
0xD7931B0F	load_rl_01_gr_prop_gr_speeddrill_01a
0xD7DA938E	load_rl_02_gr_prop_gr_speeddrill_01b
0xD71E36D3	loading_v2_bucket
0xD7C16B61	loc_izaa
0xD7669D6B	look_ahead_rs_vw_prop_vw_valet_01a
0xD758AC5D	look_around_left_02_gr_prop_gr_part_mill_01a
0xD7AD9172	look_back_ls_a_m_y_vinewood_01
0xD73ED8E8	loop_cam
0xD78C4B95	low_drv_int-4
0xD7A396A9	low_fun_int-7
0xD7A9AE6E	low_l_pinpull
0xD729F3FB	m23_1_m231_2_int_warem_door
0xD713F57A	m23_2_int4_m232_clothstrip010
0xD7F65EA1	m23_2_int4_m232_office_frames003
0xD74FF349	m23_2_int4_m232_office_high_bay_002
0xD7B71C7D	m23_2_int5_m232_locker_02
0xD73F2750	m23_2_prop_m32_door_ls_logo_01a-19
0xD779A896	m24_1_int_01_m241_coatrack_02
0xD7F9AFE7	m24_1_int_01_m241_cor_det
0xD7F0B4BE	m24_1_mph_hangrear_bits
0xD7367D7A	m24_1_prop_m41_candypile_01a-16
0xD7FB1884	m24_1_prop_m41_candypile_01a-6
0xD786F62E	m24_1_prop_m41_studiocard_01a
0xD738C3BD	m24_2_prop_m42_loadingcrate_01a-0
0xD77C4EE5	m24_2_prop_m42_sewing_machine-29
0xD7DDCC08	m24_2_prop_m42_sewing_machine-59
0xD7E18261	m25_1_prop_m51_ladder_block_01a
0xD7EEF3D1	m25_2_int_01_l_shell_tro
0xD71D8224	m25_2_int_03_overlays
0xD776019F	m25_2_prop_m52_dec_plate_01
0xD7324C0A	m25_2_prop_m52_door_msn_pool_01a
0xD7601525	m_exit_01_rockford_hills_ped_c
0xD7D7EFC6	m_exit_02_davies_ped_d
0xD70DDEA0	machine.
0xD7839EC9	maiale
0xD7FAED5D	male_pos_b_lamar_strain_lighter
0xD74EA751	male_pos_c_p2_enter_normal_weed
0xD797D57E	male_pos_c_trans_p1_to_p2_ashtray
0xD723A23D	male_pos_d_p1_idle_04
0xD7CF5D4F	maxreachdistance
0xD70D8E59	mc_role_road_captain
0xD732CA1A	mch2_dhaa
0xD72976CB	mch2_ebaa
0xD79075DB	mch3_daab
0xD787A3A2	mefl_atab
0xD758A47B	menu_unique_id_settings_misc_controls
0xD7A0B0FE	mesa-20
0xD724ACD5	met1_crae
0xD73777A5	met1_enab
0xD7AFDFFB	met1_eyaf
0xD782ACA9	mf_is_low
0xD76E9D90	mic2_hanging_michael
0xD76C9742	mic_4_int-51
0xD708AD0E	minivan2-29
0xD75A885E	misc.coronas.flareminangledegtofadein
0xD7F21F2A	misc.damageoverlay.fp.colorbottom.blue
0xD7D89EA5	misscarsteal1leadinout@i_fought_the_law
0xD7CB141E	mk_004
0xD70446C4	modelselector
0xD79969B5	moodm_vinyl_right_ha_17_tumbler
0xD7A24232	move_f@exhausted
0xD786CBF5	mp_2023_01_tee_006_f
0xD7DBD08D	mp_exec_prizes_007_f
0xD71E0617	mp_f_freemode_01_dual-37
0xD7F438A0	mp_f_january2016
0xD77A6A32	mp_heist4_tat_014_f
0xD7B407B0	mp_lr_tat_035_m
0xD7B95514	mp_luxe_tat_019_f
0xD78F0A81	mp_m_waremech_01_dual-10
0xD72AF022	mp_mp_biker_tat_034_f
0xD712F092	mp_mp_stunt_tat_049_f
0xD798F9C9	mp_player_int_eat_burger_enter
0xD738B8D4	mp_player_int_smoke_fp
0xD78F4146	mp_race_crash
0xD79E08B8	mp_security_tat_017_m
0xD7C20ADE	mp_tuner_tee_010_m
0xD732250A	mpcas2_mcs1-0
0xD749F8B6	mpcas4_int-0
0xD708E4FB	mpcas5_ext-0
0xD7AFA559	mpcas6_int-1
0xD7EDEBF3	mpct_ataa
0xD73ACC9F	mpct_gkab
0xD7BB090B	mph_hum_fin_ext
0xD7712030	msg
0xD71A8E14	mule5-21
0xD7EF0B4A	n_ac11_ep_5_rcm_009-7
0xD741DD43	n_ac12_hun_2_mcs_1_012-1
0xD705F110	n_ac1_fin_b_ext_alt1_p2_01-1
0xD7B63736	n_ac1_fra_2_ext_p3_03-1
0xD77563E9	n_ac24_bar_3_rcm_013-1
0xD72E6357	n_ac24_bar_3_rcm_013-3
0xD706359A	n_ac3_es_4_rcm_p2_0001-4
0xD7200970	n_ac6_mic_2_int_p2_street_lamp002-39
0xD7A64816	n_ragelight2_tale_intro_p1_003-10
0xD7A64B76	nig1b_caab
0xD792170A	nig1b_cjaa
0xD746C430	nig1d_bdab
0xD7A90F9F	nig2_bdaa
0xD7C8D90B	nig2_bkab
0xD7D86286	nigel_1d_soundset
0xD745AA45	nmt_2_mcs_2-0
0xD7C59E09	normal_spec_detail
0xD7508EE8	o0qlq
0xD7A5831B	oddjobs@bailbond_hobohang_out_street_b
0xD740776C	oddjobs@hunter
0xD799DFEF	ojas_jyaa
0xD7B8C007	ojas_kiaa
0xD7EE0253	on_call_player_join
0xD70C2A47	onboom_onehandloop_j
0xD7C3663F	oracle2-11
0xD7D22920	ordem.
0xD7FBA83A	orr_aeaa
0xD7623C20	osome
0xD751DF07	p_banknote_s-4
0xD752EC25	p_cs_laz_ptail_s-1
0xD7776962	p_cs_lighter_01
0xD751ADD3	p_cs_lighter_01-53
0xD7402E9C	p_cs_lighter_01-69
0xD72D14F5	p_cs_saucer_01_s-4
0xD73527E5	p_cut_door_02
0xD7A270DB	p_finale_bld_pool_s-56
0xD7BC30E5	p_flatbed_strap_s-1
0xD7F9F48B	p_franklin_02_dual-12
0xD7ADED3B	p_ld_crocclips01_s-13
0xD7E729EB	p_ld_crocclips02_s-6
0xD78459AD	p_ld_heist_bag_s_1
0xD7CD0342	p_ld_heist_bag_s_pro-4
0xD7B3045F	p_litter_picker_s
0xD79D66F4	p_michael_02_dual-11
0xD704FF54	p_parachute_s_idleslow
0xD79AF4B1	p_pistol_holster_s
0xD7FF385F	p_ringbinder_01_s
0xD7E8B214	p_v_med_p_sofa_s-68
0xD7CDF70A	pa_greeting_b
0xD7446728	pafl_acaf
0xD7685665	palmoo_kei_switch_moody
0xD7FCCD03	pap2_clab
0xD7F68B3D	pap3a_akah
0xD7C22756	paper_jam_chair
0xD7F09721	passenger_fixf_trip2_ig1_van_exit
0xD74FA30F	pathnodeycompare
0xD75E44FA	pbam_adad
0xD7694D42	pbam_aqac
0xD7027950	pbmn_ahab1
0xD7D58A64	ped_b_pour_one_male_a_glass
0xD77BA2DE	ped_default_palette.sps
0xD7573FEB	peligrosos
0xD7A60BAE	penumbra-61
0xD79F37E0	photos
0xD7E7736A	pickup_45_l
0xD76BCCD8	piedra
0xD71BBAAC	plant_loop_bomb
0xD7FFC95E	platedata
0xD7F17692	plyr_buy_drink_pt3
0xD7425362	po1_08_warehouseint2
0xD73CE5FD	point_fwd_right_pap
0xD7953266	police_scanner_car_code_composite
0xD7DA0CC0	population
0xD7CDEB0F	pose_c_idle_f_blamadon
0xD79C4364	pose_c_loop_tiny_blamadon_face
0xD7665E09	pr4
0xD7B04CBF	pr_xm3_dlc_int_04_xm3_topoff_right_beepy_01
0xD7D4BED0	prd_ig1_mix_p2_mixer_02a
0xD7CD497E	prison_alarms_tower_05
0xD73F5F85	pro_cyaa
0xD7F8F07A	prologue_shootout
0xD7CB96B5	prompts
0xD759C777	prop_amb_phone-110
0xD75148AA	prop_arena_icon_flag_green
0xD7CA8D26	prop_barier_conc_02c
0xD7942F0C	prop_beer_logger-17
0xD72BBBD3	prop_beer_logger-56
0xD7D01438	prop_bong_01-77
0xD799A97D	prop_box_wood03a-13
0xD7F3DCAD	prop_burto_gate_01-13
0xD71EC202	prop_bush_lrg_01
0xD7DE8DED	prop_chair_01b-23
0xD722F7E5	prop_champ_01b-23
0xD7744CB7	prop_clothes_rail_02
0xD783C7C7	prop_const_fence03a_cr
0xD76B4A48	prop_cs_bs_cup-10
0xD78C6E4C	prop_cs_film_reel_01-6
0xD77DEC6A	prop_cs_milk_01-2
0xD7A95C27	prop_cs_remote_01-14
0xD7C0143F	prop_cs_rub_binbag_01
0xD7B1CC28	prop_cs_rub_binbag_01-14
0xD7244A2D	prop_cs_rub_binbag_01-25
0xD7ED4022	prop_cs_shopping_bag-33
0xD728D534	prop_ear_defenders_01-0
0xD714EE7C	prop_elecbox_10
0xD790F945	prop_fib_badge-2
0xD7695070	prop_fire_driser_2b
0xD718AD9E	prop_flagpole_2a
0xD79034EB	prop_forsale_sign_02
0xD7F1D89C	prop_gascyl_02b
0xD7B5EBEA	prop_golf_ball-48
0xD7308DBD	prop_golf_ball_tee-57
0xD7FEE99B	prop_huf_rag_01-28
0xD74E4234	prop_ic_5_wh
0xD7BC014F	prop_icrocket_pk_tr
0xD790FC9E	prop_ind_barge_02
0xD791B800	prop_ld_can_01-53
0xD7EC0EDD	prop_loggneon
0xD722EFA8	prop_logpile_06
0xD712937C	prop_mug_01-70
0xD7602ACF	prop_mug_04-17
0xD7D2B6EB	prop_phone_ing-2
0xD7B23EDC	prop_s_pine_dead_01
0xD7C9B1DF	prop_sandwich_01-9
0xD7E756BC	prop_scourer_01-33
0xD78B0E87	prop_sponge_01
0xD7E28C75	prop_t_shirt_ironing-28
0xD7FC298E	prop_table_03_chr-14
0xD77C4B90	prop_table_para_comb_04
0xD7043C9B	prop_tool_drill-29
0xD741448C	prop_tool_sawhorse-14
0xD7F414E6	prs_inaa
0xD7D4A8D5	ptrx_idle_i_mix_19_hp_table
0xD74DD123	ptrx_idle_n_q_r_19_dj_ptrax
0xD72F02FD	ptrx_idle_n_q_r_19_dj_ptrax_facial
0xD7E056A0	ptrx_trans_c_mix_to_q_l_07_headphones_beer_can
0xD7C1E22B	ptxeffectrule:m_colourtintmaxkfp
0xD7736AFC	putt_react_good_03_cam
0xD73A2764	r_cuff_root
0xD7BC908E	radio_26_dlc_battle_club_warmup
0xD73CFDC5	rampa_away_idle_e_08_s_glass_02
0xD7176120	rampa_away_sync_a_13_hp_table
0xD753C443	rampa_awayside_idle_d_13_tumbler
0xD7DC7AAC	rampa_bch_unq_crwd_f_78_s_glass_01
0xD763E2BF	rampa_bch_unq_end_a1_87_hp_table
0xD75DBB5E	rampa_cuedance_idle_f_06_facial
0xD7A100CD	rampa_cuedance_idle_f_06_t_bottle
0xD728F49E	rampa_mix_idle_i_10_start_facial
0xD7E3AA7B	rampa_mix_idle_k_14_s_glass_03
0xD7E37D8F	rampa_trans_cuedgrab_to_cueddown_b_17_hp_table
0xD771806C	rampa_trans_mix_to_mixdance_b_05_v2_s_glass_01
0xD7FA38B3	rampa_trans_mixddown_to_mixdance_a_04_v2_hp_head
0xD78E1EDD	rampa_trans_mixhpdown_to_mix_04_v2_tumbler
0xD7BB2E08	rampa_unq_chat2_a_33_facial
0xD7CB4FA8	rampa_unq_chat_c_14_s_glass_01
0xD7692CB2	rampa_unq_sync2_a_42_hp_table
0xD73FA7FC	rampa_unq_sync3_g_60_hp_table
0xD76D037B	rampa_unq_sync3_g_60_v2_hp_table
0xD79F3C79	rampage_2_start
0xD7C56D39	raptor
0xD7F6429E	rbh2a_fzaa
0xD755F4C3	rbh2a_kaab
0xD787B69A	rbh2a_keah
0xD72657E2	rbh2a_lqaa
0xD77E3630	rbh_2a_mcs_4-0
0xD7940F8A	rcpframe
0xD7F7E998	re6_end
0xD7944946	reaction_great_var03_seat3
0xD70BFF3E	rebel-26
0xD7DA226C	red_target_explode
0xD7F7AF2A	redgw_ahaa
0xD7F8AE2C	redr2_cpab
0xD7A5B960	remove_keycard
0xD7AF3775	repap_dpad
0xD774BF29	repap_egad
0xD76131C9	resetbusinessprogress
0xD72C486F	result_bad_facial
0xD78E9839	reveal_played_p01_card_b
0xD77B6846	rh2a_fight_pause
0xD763C869	right_back
0xD74A106E	rocket_flight
0xD7B21ED7	rollcentreheightrear
0xD72B6948	rotation.
0xD7B6A1D8	round_win
0xD76024E6	rules
0xD7357E3A	run_lamar
0xD7349897	run_out_elevator_player0
0xD7A31145	s_f_m_warehouse_01_p
0xD7F22191	s_m_m_autoshop_02_dual-4
0xD795C695	s_m_m_gaffer_01_dual-55
0xD74AB62C	s_m_m_highsec_03_dual-35
0xD768B228	s_m_m_security_01
0xD71CB599	s_m_m_security_01_dual-51
0xD7BCBEB7	s_m_m_studioassist_02_dual-19
0xD79F0F07	s_m_m_studiosoueng_02_dual-29
0xD7FFE692	s_m_y_blackops_01_white_mini_02
0xD7673E7C	s_m_y_casino_01_dual-22
0xD7DA9E99	s_m_y_construct_01
0xD7A04DFB	s_m_y_construct_02_dual-16
0xD774C262	s_m_y_cop_01_dual-10
0xD78CB382	s_m_y_cop_01_dual-51
0xD72C2F17	s_m_y_dwservice_02-1
0xD74F7347	s_m_y_sheriff_01_dual-3
0xD79AA2B7	sandy_cops
0xD70723EE	sc1_lod_emi_b_slod3
0xD7AF300B	sc_policy_update_accepted
0xD73D8B73	sclub_adaa
0xD73E89C9	scr_ch_finale_poison_gas
0xD79CA82B	scr_heist_biolab_flare
0xD724E6BB	scr_ih_fin
0xD75DCBB7	scr_man_surv_food_eject
0xD78E5F92	scr_michael2
0xD7860675	scr_pm_plane_promotion
0xD79C7529	scr_solomon3
0xD706F905	scratch_amy_skater_01
0xD78F3F0B	se_dlc25-2_basement_garage_top_loc_3
0xD77AFF89	se_dlc_aw_arena_crowd_interior_lobby
0xD775A73E	section_success_window_appears
0xD7B4BA1F	selectionbkgcolor
0xD767E18F	sentinel-12
0xD77CB7DC	set_ability_bar
0xD7502E18	set_arrow_alpha
0xD7B4CD96	sf_prop_sf_apple_01a-58
0xD7A650DE	sf_prop_sf_door_office_r_01a-56
0xD7AF97C5	sf_prop_sf_filter_handle_01a-43
0xD79CD38B	sf_prop_sf_phone_01a-18
0xD76E1D9B	sf_prop_sf_s_mixer_01b-25
0xD72DAD80	sf_prop_sf_win_blind_01a
0xD7D573C3	sh9el7fxin
0xD75CD114	shadowhideobject
0xD7FF7625	shit_where_was_it_v1_heeled_facial
0xD7CFECBE	shower_exit_to_idle_cam
0xD712C086	sit_base_joint
0xD73DB987	sit_idle_01_phone
0xD70D3104	skel_r_finger00
0xD7087D9C	sky_cloud_shadow_col_b
0xD72E1118	slip_face_uphill_long_outro
0xD7DE0F3A	sm_lcnone
0xD70914D5	sm_prop_smug_cctv_mon_01-21
0xD78BDBD8	sm_prop_smug_crate_m_01a-16
0xD784687D	sm_prop_smug_crate_m_01a-61
0xD76BB41E	sm_prop_smug_havok-11
0xD7626AD9	sm_prop_smug_offchair_01a-0
0xD779ADCC	sol1_bmaa
0xD712980E	sol2_awac
0xD7C2272B	sol5_cdba
0xD7747F8A	sol_1_int_alt-0
0xD7F3B28B	sol_5_mcs_1-0
0xD7DCD16A	sol_idle_ctr_wide_b_sol_face
0xD790D630	soldix_switch_bg_male_2_face
0xD764CAF2	sp_f_accs_13_3
0xD738B7D7	sp_f_eyes_9_8
0xD765B442	sp_hum_fin_heli_fire_trail
0xD78D7B93	sp_m_eyes_10_1
0xD7C1AF2E	sp_m_feet_14_11
0xD78B253A	sp_m_feet_4_8
0xD772DC36	sp_m_hair_1_4
0xD7902FAF	sp_m_hair_2_4
0xD757B9E0	sp_m_lowr_15_3
0xD7CC88F3	special_ped@andy_moon@monologue_13@monologue_13c
0xD7EB6626	special_ped@griff@monologue_8@monologue_8e
0xD7F55A1A	special_ped@griff@trevor_1@trevor_1a
0xD7F1A7C0	special_ped@impotent_rage@monologue_7@monologue_7b
0xD7BE20F6	special_ped@mani@trevor_1@trevor_1j
0xD7510B3F	special_ped@pamela@monologue_13@monologue_13d
0xD7D7C701	special_ped@zombie@monologue_1@monologue_1f
0xD7FF0B96	spots_oatfos_ep_1_p1_004-12
0xD73F7117	spr_l_backskirtroll
0xD7753887	sr_prop_stunt_tube_crn2_02a
0xD76A6D43	stage_2_hit_line_3_franklin
0xD7B31400	stage_4_base_golfer
0xD7A1767D	started
0xD7FC4687	struggled
0xD7627BC3	stt_prop_corner_sign_09
0xD7ADE0B8	stt_prop_ramp_adj_hloop
0xD7AB5EDB	stt_prop_track_start_02
0xD7F1DB3B	stt_prop_tyre_wall_08
0xD7872C0E	stungun@standing
0xD7DFFF8F	sturm-mp
0xD7C7E208	success_var01_card
0xD71742B4	switch@michael@sunlounger
0xD760B1D8	t1m1_dvaa
0xD71E8E13	tailgater-11
0xD70B2F69	tailgater2-38
0xD7B5FE10	take_off_mask_rps
0xD7FA6500	tanker-0
0xD701BA16	tanker2-14
0xD7F6BA38	tanker2-22
0xD708710D	taxi-28
0xD794DB7D	temp_08
0xD795910E	tennis_net_ball_medium_master
0xD70C6958	text_out_car
0xD7C2C5B5	this_is_the_land_8
0xD7F00A14	tiledlightingtexture
0xD7EACDD0	timetable@tracy@ig_4@
0xD7C7E484	tlc
0xD783E25F	tm44_ghaa
0xD76B0B5D	tou_dance_j_headphonescc
0xD72C639B	tow_cfaj
0xD7E3FBBC	tow_gpab
0xD7535BEC	tow_klaa
0xD7F8BB72	towtruck3
0xD76BC972	tr_prop_tr_adv_case_01a
0xD7E15C58	tr_prop_tr_car_lift_01a-19
0xD719031E	tr_prop_tr_coke_powder_01a-19
0xD7A712FA	tr_prop_tr_v_door_disp_01a-1
0xD74FB04C	trailers-9
0xD7E54758	tribike-32
0xD7FF2F65	trv3_dgbs
0xD78790E1	tun_meet_int-16
0xD788CBE0	turnaround_idle_v2_broom
0xD7B52B83	txm2_eiab
0xD7414918	txm4_abaa
0xD770FFF1	txm6_dnag
0xD7AF4F62	typing_idle_02_mouse
0xD7D766B3	u0p0
0xD7F37609	u_f_m_drowned_01
0xD7093660	u_m_m_promourn_01_dual-3
0xD737595C	ultimative
0xD76B2324	under_int_4_p2
0xD7010B19	unlocks
0xD771F258	unregister
0xD72CCE30	uranus1
0xD7FCBDBB	v_11_abbmnrmshad3
0xD731A8F9	v_16_high_ward_over_normal
0xD7170395	v_16_mid_bath_mesh_mirror
0xD72FED2C	v_31a_tun04_olay
0xD73865D0	v_34_sm_ware1
0xD7DD050E	v_61_bed1_mesh_drugstuff
0xD70AD0C6	v_8_framehl6
0xD70BF40B	v_ilev_csr_door_l-2
0xD7E376D8	v_ilev_garageliftdoor-23
0xD7C2C8EE	v_ilev_mm_doorm_l-3
0xD7D6A631	v_ilev_ss_door02-3
0xD77E06BA	v_ind_ss_laptop
0xD7E5FBB5	v_res_m_lampstand2-1
0xD7DDB6E8	v_res_mdbedtable
0xD72C7A53	v_res_tre_sofa_s-12
0xD78528B8	v_ret_247_win1
0xD7B8DA25	veh@drivebybike@sport@front@grenade
0xD7667CD4	veh@drivebyfirst_person@low@ds
0xD7B1A57A	veh@drivebylow_rds
0xD791F188	veh@truck@ds@hit_wheel@idle_c
0xD7DCAB7C	vehicle_nowater.sps
0xD73DC601	vehicle_weapon_bruiser_50cal
0xD77896D8	veicoli
0xD7FDE8B8	ver_02_cutting_right_top_to_bottom_ch_prop_ch_sec_cabinet_02a
0xD70893B4	veui_del_multi_vid
0xD7830DD7	veui_size
0xD72A2ABC	veui_speed_35
0xD7E4694F	vw_prop_casino_magazine_01a-10
0xD73CEE71	vw_prop_vw_arcade_04d_screen
0xD72BC623	vw_prop_vw_door_ddl_01a-39
0xD717F5F8	vw_prop_vw_wallart_141a
0xD7CFA387	w_ar_carbinerifle_mag1-28
0xD7D9B9DB	w_ar_carbinerifle_mag1-67
0xD72B2D46	w_pi_pistol_mag1-16
0xD7DEB17D	w_pi_pistol_mag1-79
0xD7B77A96	w_sg_sawnoff
0xD76DCB06	wait_idle_h4_prop_h4_card_hack_01a
0xD7F0C65D	wait_idle_prop_phone_ing
0xD7E0CD1E	wait_in_elevator_crew1
0xD7A3FB1E	walk_var_02
0xD767AB2E	water_boat_prop-0
0xD730FC79	water_jetmax_exit
0xD77CF9DA	wcd_var_ap
0xD739C54F	wchar_t
0xD75366C4	weapon_bench_wrench_battery
0xD78D7D5A	weapons@first_person@aim_idle@p_m_zero@projectile@misc@shared@aim_trans@idle_to_lt
0xD7ED2C7A	weapons@first_person@aim_lt@p_m_zero@pistol@pistol_50@aim_trans@lt_to_scope
0xD7F365BE	weapons@first_person@aim_rng@generic@submachine_gun@smg@
0xD7A0B802	weed_aeac
0xD7CD8868	weed_ayac
0xD754F7F0	weed_azae
0xD74A0580	wheel_burnout_snow-1
0xD74AC3E6	wheel_fric_sand_tank
0xD783E250	windscreen
0xD7D92E66	world_human_stand_impatient
0xD735D4DB	wt_homlnch
0xD706AD8F	wt_prcsrifle
0xD76F87A1	wtd_mkrifle
0xD72E3D61	xm24_factory_int-35
0xD79704B3	xm25_mansion_inta-68
0xD7E49A45	xm25_mansion_intb-96
0xD79BAD62	xm3_drg1_ace_int-26
0xD70630E6	xm3_drg1_bmx_int-34
0xD786F537	xm3_int1_paper_decals2
0xD7B4C911	xm3_int2_xm3_lights_es3
0xD7B2097B	xm3_int3_carwareware_trusses
0xD7A20FC5	xm3_mpchristmas3_additions_trainb10
0xD7C2EF6E	xm3_prop_xm3_cemtrolly-55
0xD7368365	xm3_prop_xm3_folding_chair_01a-29
0xD76C849D	xm3_prop_xm3_folding_chair_01a-55
0xD765786E	xm3_prop_xm3_lsd_appar_01a
0xD7B97D9D	xm3_prop_xm3_med_glvbox_01a
0xD73D9292	xm3_prop_xm3_para_flat_01a
0xD70E064A	xm3_prop_xm3_pill_01a-14
0xD78CBDF6	xm3_prop_xm3_safe_01a
0xD77838B2	xm4_yard_ext-7
0xD7AB0EB7	xm_prop_base_computer_06
0xD7C2CFE3	xm_prop_base_slide_door-15
0xD7ACDA36	xm_prop_lab_booth_glass02
0xD771E935	xm_prop_lab_strip_lightbl
0xD7021B19	xm_prop_x17_add_door_01-25
0xD7BF6656	xm_prop_x17_laptop_lester_01-25
0xD732FB32	xm_prop_x17_tv_scrn_02
0xD738B062	xs4
0xD7F7B22F	xs_prop_arena_bollard_rising_01a_sf
0xD795D943	xs_prop_arena_champ_closed-19
0xD70C698B	xs_prop_arena_champ_open-10
0xD7956633	xs_prop_arena_lights_wall_l_c
0xD7E24F63	xs_propint3_waste_03_bikerim
0xD72BBABF	xs_terrain_rockpile_1_03_small
0xD7BA6E3F	y6ld_
0xD753F26E	yoga_minigame_tranquil
0xD7505196	z1hoxzvavc
0xD7F48647	zaspokoi
0xD785A58F	zion-7
0xD757D97D	zorrusso
