0xDD875BFB	-nohttpsometimes
0xDDB6AE32	02_plug_em_in_avi_monitor01
0xDD312B45	109_enduro_modkit
0xDD1E0F03	2handed_react_messy_180
0xDD7ACB63	566_driftsentinel_modkit
0xDD741C8F	66scg
0xDD2BC48D	77yjn
0xDD5EB9F7	9.vzn
0xDDC57531	a_f_m_tourist_01_dual-70
0xDD295497	a_f_o_genstreet_01_dual-20
0xDD1C6382	a_f_y_fitness_01_dual-27
0xDDB1F256	a_f_y_tourist_02_dual-12
0xDD49E4B8	a_m_m_beach_01-0
0xDDCAAA2C	a_m_m_indian_01
0xDD817EAD	a_m_m_mexcntry_01
0xDD5C9B32	a_m_m_polynesian_01_dual-56
0xDD54492F	a_m_m_studioparty_01_dual-24
0xDDB25E36	a_m_m_studioparty_01_dual-3
0xDD5201CB	a_m_y_beach_04_dual-17
0xDDB95503	a_m_y_gay_02_dual-20
0xDD88452C	a_m_y_musclbeac_01-32
0xDD3F0572	a_m_y_runner_02_p
0xDD5D1BAE	a_m_y_studioparty_01_dual-16
0xDD0755B1	a_m_y_stwhi_02_dual-7
0xDD28C273	ac3_fspot_fos_ep1_p1_01-19
0xDD9EA15D	ac6_car_5_ext_004-11
0xDD7A64AB	ac6_ped_mic_2_int_p2_002-33
0xDDA49E3C	action_f04
0xDD74A5FF	action_player_3_bomb
0xDD2D7BFA	adam_away_idle_h_04_v2
0xDD8AFC35	adam_away_idle_q_10_v2_bottle
0xDD0BFE20	adam_away_idle_w_10_facial
0xDDC6D496	adam_cue_idle_o_08_facial
0xDD74B288	adam_mix_idle_i_10_hp_table
0xDD1023E6	adam_unq_sync_e_22_hp_table
0xDD445EE6	agora
0xDDEFA294	ah3b_ptaa
0xDD4803DB	ah3b_rnaa
0xDD8CA372	ah3b_shaa
0xDD7200C0	ah_3b_int-3
0xDD2C831B	ah_3b_mcs_2
0xDD6B8A78	alley
0xDD4FA684	amb@prop_human_seat_bar@female@left_elbow_on_bar@react_coward
0xDDDCB44A	amb@world_human_leaning@female@wall@back@holding_elbow@exit
0xDD3404C4	amb@world_human_leaning@male@wall@back@beer@exit
0xDDA0087C	amb@world_human_strip_watch_stand@male_b@base
0xDD3C0F26	amb@world_human_tourist_mobile@female@idle_a
0xDD99A13A	anim@amb@business@cfm@cfm_counting_notes@
0xDDA9F5CA	anim@amb@casino@hangout@ped_male@stand@02a@enter
0xDDD3E5C0	anim@amb@nightclub@dancers@crowddance_groups_transitions@from_hi_intensity
0xDD3BB635	anim@amb@office@boss@vault@right@female@
0xDDF754F6	anim@amb@prop_human_atm@interior@female@idle_a
0xDDC566B2	anim@mp_player_intcelebrationfemale@air_drums
0xDD0EE94C	anim@mp_player_intcelebrationfemale@air_shagging
0xDD1E45E0	anim@mp_player_intincarv_signbodhi@ds@
0xDD2ABB91	anim@mp_player_intincarwavestd@ds@
0xDD2C9274	anim@mp_player_intupperdriver
0xDDD84163	anim@scripted@bty5@ig1_intimidate_actor@female_heeled@
0xDD01D7F9	anim@scripted@robbery@tunf_iaa_ig1_interrogation@
0xDD5DD0E9	anim@veh@lowrider@std@ds@arm@music@punkidle_c
0xDDCB7972	anim_ac2_fos_ep_2_p3_00-12
0xDDCEEE6F	anim_ac53_fos_ep1_p6_00-4
0xDD80B460	anim_ac55_fos_ep1_p6_00-20
0xDDA674B3	anim_ac61_fos_ep1_p6_00-28
0xDDD739DB	anim_ac74_fos_ep1_p6_00-32
0xDDA154E3	anim_ac74_fos_ep1_p6_01-14
0xDDA73EC6	anim_ac77_fos_ep1_p6_01-11
0xDD056678	anim_ac82_fos_ep1_p6_00-5
0xDDD32E73	anim_casino_a@amb@casino@games@slots@ped_male@slouchy@01b@play@v02
0xDDC122EA	anim_casino_b@amb@casino@games@blackjack@ped_female@no_heels@regular@02a@base
0xDD5F1F62	anim_casino_b@amb@casino@games@roulette@ped_female@seat_2@regular_withdrink@02a@ready_up
0xDD1DBD82	anim_corona_oat_fos_ep1_p6_019-22
0xDD35DDA2	anim_corona_oat_fos_ep1_p6_12-14
0xDD30FF3E	anim_corona_oat_fos_ep1_p6_13-19
0xDDE8E970	anim_heist@arcade_property@mission_start@paleto_bay@exit_03@
0xDD9DC301	anim_oat_fos_ep1_p6_047-13
0xDD2C91AA	anim_oat_fos_ep1_p6_052-11
0xDD5391FC	anim_oat_fos_ep1_p6_052-17
0xDD3A5DD2	anim_oat_fos_ep1_p6_21-0
0xDD6E9BA0	anim_oat_fos_ep1_p6_34-31
0xDDE72380	anim_spots_oat_fos_ep1_p6_04-19
0xDDD26121	animl_beac
0xDD8E118F	animl_bhat
0xDDFD99B7	animl_bmak
0xDDC4746D	animl_cyaa
0xDDBF04CC	animl_dtaf
0xDDFDB6B0	animl_feaj
0xDD8E6D54	animl_gham
0xDDBA62C7	ansph_chaa
0xDD5705F2	apa_nar_int-6
0xDD592F81	apocalisse
0xDDED4BC9	approaching
0xDD642BB0	ar2_abad
0xDD5E4352	ar2_cuad
0xDD0CACCE	ar2_ftab
0xDD92EC32	ar_dlc_h4_ih_birds_junglebirds
0xDD8E0F60	ar_dlc_hei4_int_sub_metal_creaks
0xDD751960	ar_dlc_xm_tunnel_fan_02_08
0xDDDE9F73	ar_trailer_dog
0xDD2B7A9F	ar_underwater_deep_area_code
0xDD7F88BC	ar_vehicles_car_skid_cp
0xDDFD0E7D	ar_vw_dlc_casino_terrace_01_hot_tub_01
0xDDDDFFA8	arm1_boaa
0xDDFF4F46	arm3_apab
0xDDDC57FB	arm3_czaa
0xDDCBC694	arms_euaf
0xDDA7C4FC	arms_ikab
0xDD342AF7	arms_kxab
0xDD8DDF51	asp
0xDD43AC61	autoclip1_fbi_4_mcs_2_a1_p3_01-2
0xDD8C26EF	ayudante
0xDD161491	az_dlc_gr_moc_b2_weapons
0xDD7E1146	az_dlc_hei4_island_beach_party_music_leakage_bounds
0xDDA8132D	az_imp_impexp_int_02_mainroom_river_b
0xDD53DC16	ba_prop_battle_champ_closed-34
0xDD8509BB	ba_prop_battle_champ_open-25
0xDDC48982	ba_prop_battle_champ_open_03-50
0xDD560E80	ba_prop_battle_sniffing_pipe-18
0xDDE8ABF5	ba_prop_battle_whiskey_bottle_2_s-29
0xDD352E0C	ba_prop_door_club_trad_generic-2
0xDD259877	ba_prop_door_club_trad_generic-88
0xDDB487A0	ba_prop_door_elevator_1r-41
0xDD4D44B4	bag_handler_idle_a
0xDD7735BA	baller-14
0xDD8D1E41	base_idle_haung_facial
0xDD5EBCC8	base_idle_tank_cooker
0xDDCF9D76	base_sorter_right_weedleaf01a
0xDD0B1C33	basejumps_skydive
0xDD6260A8	bb2_akag
0xDD5DDDDA	bb2_aqae
0xDDF24D4F	bb3_auaa
0xDDB9ABA4	bb4_asar
0xDDC7971D	beater
0xDD091584	beefsplitter_loop
0xDDAFD102	bet_max_press_spin_var02
0xDD76145C	bhasdisplayedplayerquitentercarhelptext
0xDD74AAE6	blendback
0xDD95A167	blow_kiss
0xDDE924B6	bot_01b_bit_01-5
0xDD2FDADA	bow
0xDD994378	brotheradrianhasshown_4
0xDD8A5691	bs2b_ffaa
0xDD51B46A	bsprp_bcaa
0xDDBADAC2	bsprp_beaa
0xDD9CF9DD	bullet_tracer_ba_vehicle_remote_mg
0xDD9382DE	bulletimpact
0xDDCF7F8A	burro
0xDD3F00A8	buy_arena
0xDD8E51FB	caged_in_start_music
0xDD015FC5	car1_chase_start
0xDDF010B9	car_1_int_concat-3
0xDD203960	car_5_ext-14
0xDDF0B2B9	carriage_vert_offset
0xDDC0D3BF	cast_shadows_for_objects
0xDD88F649	cbrad_ajac
0xDD3BE870	cbrad_dvac
0xDDDD7B72	cbrad_dxah
0xDD135C73	cellphone_call_out
0xDD459A21	celom.
0xDD0EBC0D	certains
0xDD75FEF9	ceux
0xDD2DBB81	ch_prop_arcade_street_01c_off-15
0xDD141C6A	ch_prop_arcade_street_01c_off-48
0xDDEBAF67	cham_a_player_a_face
0xDD4B1903	chatc_cpae
0xDD2BE0CC	chatc_crac
0xDDC940CE	chemical_pour_short_clipboard
0xDDB611E2	clamp_wait_loop_victim
0xDDB7BFCB	clean_surface_01_gr_prop_gr_lathe_01c
0xDDEB8DFF	clifford_remote
0xDD7FDEFA	close_inspection_foiltipper
0xDD873C5D	cloth_buaa
0xDD365F70	clothes_b_facial
0xDDA0FDF6	club_intro-63
0xDDBFB954	club_open_p1_t01_clip2_001-27
0xDDD9A192	club_open_p1_t01_clip2_003-22
0xDD57E450	clubvip_to_ambclub_mic
0xDD0F0046	cm_gancha
0xDD896C79	cm_prooff
0xDD113F1F	cm_uptric
0xDD560873	code/data
0xDDE5E277	codebook
0xDD488525	codename_z
0xDD76E773	collect_weapon_2h
0xDD13ECED	combat@chg_positionpose_d
0xDDBDB6DA	component_bullpuprifle_mk2_camo_08
0xDDB7390F	component_flashlight_light
0xDD2231E6	component_pistol_mk2_camo_06
0xDD2220A3	component_strickler_clip_01
0xDDABD50B	compressed
0xDD486078	connectafter
0xDD23B24F	corona_fos_ep1_p1_00-17
0xDD7FAAAC	cover@first_person@weapon@blindfire_grips@right_side@carbine_rifle
0xDD564BF0	cover@weapon@reloads@heavy@rpg
0xDD3373DF	cpacketdestroyscriptptfx
0xDD847300	cpacketdynamicmixerscene
0xDD18652E	cpr_cpr_to_kol
0xDDACD323	cptfxmanager::effectinstdisttocamfuncto
0xDD5CDE65	crash_through_fence
0xDDB7BCDA	creatures@cow@amb@peyote@enter
0xDDE1E626	creatures@rottweiler@move
0xDD4762E6	crw_joinconfirm
0xDD510AF2	cs2_09b_tower01
0xDD116A00	cs_amandatownley_02_dual-20
0xDD64E472	cs_cig_exhale_nose-3
0xDD565178	cs_fam4_whiskey_pour-59
0xDD1B8820	cs_fam5_water_splash_ped_wade-1
0xDD3AD22F	cs_jimmydisanto-0
0xDD901276	cs_jimmydisanto2_dual-27
0xDD5BA9A7	cs_jimmydisanto_dual-44
0xDD30B8D5	cs_lazlow_2_dual-51
0xDD07A42E	cs_mrk_dual-5
0xDD64F94E	cs_mrsphillips_dual-20
0xDD89FD55	cs_nervousron_02_dual-26
0xDDC2245B	cs_omega2_ufo-3
0xDDA95F6A	cs_solomon_dual-7
0xDD9120F5	cs_taocheng_dual-10
0xDD094269	cs_taostranslator2_dual-23
0xDDB44B45	cs_xm24_crate_impact
0xDDF9392B	csb_agent14_02_dual-38
0xDD34A4D7	csb_bogdan_dual-19
0xDDEDB18D	csb_celeb_01_dual-16
0xDD4701C5	csb_chef_03_dual-4
0xDD59656F	csb_englishdave_02
0xDDD3BD18	csb_englishdave_02_dual-33
0xDD22AA50	csb_englishdave_dual-53
0xDD344FFA	csb_faber_02_dual-50
0xDD066150	csb_georginacheng_dual-48
0xDD7E5F7C	csb_golfer_a_dual-13
0xDD20CCA9	csb_hugh_dual-9
0xDD99AFE6	csb_isldj_01_dual-13
0xDDDA885F	csb_jio_02_dual-30
0xDDE1898A	csb_jodimarshall_dual-32
0xDDDBB7AF	csb_labrat_dual-73
0xDDDE160E	csb_mjo_02_dual-64
0xDD499BC8	csb_moodyman_02_dual-36
0xDD299505	csb_tomcasino_dual-19
0xDD81F965	csb_undercover_dual-7
0xDD59B910	csfl_abae
0xDD95CEB1	csfl_aeah
0xDDC51C07	cst2_acae
0xDD94CFB4	cst4_claa
0xDDDC05E9	cst7_daaa
0xDD0F3C72	cst7_dpab
0xDD3EB153	cut_mpcas_champagne_spray-25
0xDD486F7B	cut_mpcas_wine_pour-24
0xDDD17639	cut_sec_golfcart_wheel_debris-52
0xDD87FAE5	cut_sec_golfcart_wheel_debris-8
0xDD2A515A	cut_sec_veh_tire_smoke-50
0xDD322434	cut_xm3_door_explosion-2
0xDDB6C8EC	d_ac3_hs4_scp_airs_p2_t07_01-13
0xDD42E40A	d_ac3_tonya_mcs_3_00-2
0xDD05493F	d_ac49_chinese_2_intp2_006-13
0xDD96A62A	d_ac7_tunf_uni_swat_p1_t00_00-2
0xDD76F9C1	danceidle_hi_13_flyingv_laz_face
0xDD1C073E	danceidle_hi_15_crazyrobot_laz
0xDD47132A	danceintensitydistortion
0xDD7BD657	deck_deal_p02_card_a
0xDDECD135	defaultflash
0xDD664297	des_apartmentblock
0xDD5F49B1	des_ranchsafe002_root
0xDD886962	des_tankerexplosion_02
0xDDF6A995	dh2a_ahac
0xDD4A0C3B	dh2a_blaa
0xDD6F8C98	dh2b_got_sub
0xDD6FD02F	dh2b_hdaa
0xDD0E949E	diffs
0xDD6A40F3	dinghy3-9
0xDDD6AB6C	dipendente
0xDD278BCA	directed
0xDDD56E81	display_policy_update
0xDDDBBAAF	dixn_idle_cntr_b_headphones
0xDD10603D	dixn_idle_cntr_shrt_b_glass
0xDD86D1E0	dixn_sync_cntr_d_headphones
0xDDA1A2EE	dl_mirror_reflection
0xDDD5F80F	dlc_h3_arc_mac_degen_dotf_sounds
0xDDC15AEA	dlc_mp_apa_f_jbib_21_5
0xDD50D15D	dlc_mp_apa_f_legs_5_4
0xDDEF1E34	dlc_mp_ar_f_legs_0_12
0xDD41CE41	dlc_mp_ar_m_special_0_4
0xDDE30FC2	dlc_mp_arena_f_feet_10_16
0xDDACC051	dlc_mp_arena_f_legs_7_14
0xDD025767	dlc_mp_arena_f_special_2_21
0xDD9387A5	dlc_mp_arena_f_special_4_15
0xDDDE16A5	dlc_mp_arena_m_torso_1_3
0xDDB9AC03	dlc_mp_beach_f_head4_4
0xDD21986B	dlc_mp_beach_f_lowr9
0xDD260718	dlc_mp_bh_f_jbib_0_15
0xDDE6F7AA	dlc_mp_bh_f_jbib_15_2
0xDD06CC03	dlc_mp_bh_f_special_0_4
0xDD825614	dlc_mp_bh_f_special_11_12
0xDDA6C439	dlc_mp_biker_f_hand_2_6
0xDDD39C56	dlc_mp_biker_f_legs_6_6
0xDD3D79DA	dlc_mp_biker_f_torso_18_0
0xDDE47C27	dlc_mp_biker_m_hand_3_12
0xDD4E7ABA	dlc_mp_biker_m_jbib_26_5
0xDD932AA9	dlc_mp_biker_m_phead_6_6
0xDDC10295	dlc_mp_biker_m_special_11_20
0xDD4C553F	dlc_mp_biker_m_torso_21_0
0xDD0101B4	dlc_mp_biker_m_torso_3_1
0xDDC208F3	dlc_mp_busi_f_accs0_1
0xDDB93AD5	dlc_mp_busi_m_berd2_5
0xDDA3FEFB	dlc_mp_busi_m_hair1_2
0xDD3942A6	dlc_mp_busi_m_jbib3_1
0xDD40FD4A	dlc_mp_business_m_hat1_12
0xDD12E9B8	dlc_mp_fixer_f_legs_4_6
0xDD54FFDB	dlc_mp_fixer_f_legs_5_1
0xDD3A8BC0	dlc_mp_fixer_f_phead_4_0
0xDD082549	dlc_mp_fixer_m_jbib_2_23
0xDD71D385	dlc_mp_gr_f_berd_2_18
0xDD40C1B9	dlc_mp_gr_f_berd_3_18
0xDD277DAF	dlc_mp_gr_f_decl_5_6
0xDD5C7E1D	dlc_mp_gr_f_decl_5_8
0xDDF27FA3	dlc_mp_gr_f_feet_1_3
0xDD47903C	dlc_mp_gr_f_jbib_24_6
0xDD731F47	dlc_mp_gr_f_jbib_7_23
0xDDFEC4D5	dlc_mp_gr_f_phead_5_10
0xDD4FD64A	dlc_mp_gr_f_special_19_19
0xDD90C31B	dlc_mp_gr_f_special_21_12
0xDDEAD592	dlc_mp_gr_f_special_8_21
0xDD237B5D	dlc_mp_gr_f_torso_18_8
0xDD86612B	dlc_mp_gr_m_berd_3_0
0xDD5351A1	dlc_mp_gr_m_berd_3_18
0xDD53FBDC	dlc_mp_gr_m_jbib_2_22
0xDDDF1399	dlc_mp_gr_m_special_2_22
0xDD80C228	dlc_mp_gr_m_torso_0_8
0xDD946EB3	dlc_mp_gr_m_torso_4_15
0xDD04D41D	dlc_mp_h3_m_hand_2_10
0xDD3851D8	dlc_mp_h3_m_jbib_10_4
0xDD0878ED	dlc_mp_h3_m_legs_4_2
0xDDE26A29	dlc_mp_h4_f_jbib_2_1
0xDD1B2CC3	dlc_mp_h4_m_berd_0_10
0xDDEA8460	dlc_mp_h4_m_hand_3_18
0xDD5AC453	dlc_mp_h4_m_phead_2_6
0xDDC00D85	dlc_mp_h4_m_special_2_0
0xDD30E5D9	dlc_mp_h4_m_special_4_3
0xDD26FC9B	dlc_mp_heist_f_hand_10_15
0xDD29AFF3	dlc_mp_heist_f_phead_4_0
0xDDE816CF	dlc_mp_heist_m_berd_17_0
0xDD7E82F0	dlc_mp_heist_m_jbib_6_1
0xDD591FE4	dlc_mp_heist_m_torso_11_1
0xDDCBA76D	dlc_mp_hips_f_jbib4_5
0xDDA62D99	dlc_mp_hips_m_jbib2_2
0xDD4E0436	dlc_mp_ie_f_jbib_12_3
0xDD32A347	dlc_mp_ie_f_legs_2_2
0xDD9A0E31	dlc_mp_ie_f_phead_6_9
0xDD2ED84A	dlc_mp_ie_f_special_12_7
0xDDB2A86A	dlc_mp_ie_f_torso_15_0
0xDD656F09	dlc_mp_ie_m_jbib_10_5
0xDDAB28E2	dlc_mp_ie_m_jbib_17_14
0xDD08C27E	dlc_mp_ind_f_phead_2_1
0xDDD0CEBE	dlc_mp_jan_f_hand_7_8
0xDDD61EFF	dlc_mp_jan_f_uppr_2_0
0xDD0BBA0C	dlc_mp_jan_m_special2_11_6
0xDD255D90	dlc_mp_jan_m_uppr_10_3
0xDD538EF7	dlc_mp_low2_m_feet_1_8
0xDDA280D1	dlc_mp_low_f_special_6_2
0xDD5BE993	dlc_mp_lts_f_hand_3_25
0xDD704171	dlc_mp_lts_f_hand_4_16
0xDD7D173A	dlc_mp_lts_f_jbib_0_1
0xDDAC5085	dlc_mp_lts_f_uppr_0_2
0xDDD9EDD6	dlc_mp_lts_m_berd_0_0
0xDD6493B4	dlc_mp_lts_m_hand_8_1
0xDD901F55	dlc_mp_lts_m_jbib_0_2
0xDDEB7AC6	dlc_mp_luxe_f_teeth_18_1
0xDD5EA44A	dlc_mp_luxe_m_pears_1_2
0xDD5C524F	dlc_mp_pilot_f_feet_0_0
0xDDB86718	dlc_mp_pilot_f_hand_2_16
0xDD871E1D	dlc_mp_pilot_f_hand_6_20
0xDD5CC5D9	dlc_mp_pilot_f_hand_6_9
0xDDD13CD8	dlc_mp_smug_f_berd_2_14
0xDD759AFC	dlc_mp_smug_f_berd_5_5
0xDDC79A3C	dlc_mp_smug_f_berd_6_3
0xDDDE4601	dlc_mp_smug_m_jbib_5_13
0xDD80B9FC	dlc_mp_smug_m_jbib_7_8
0xDD3CEE29	dlc_mp_smug_m_phead_2_19
0xDD57CED8	dlc_mp_smug_m_phead_7_18
0xDDE884A3	dlc_mp_smug_m_special_8_3
0xDD2FF21F	dlc_mp_smug_m_special_9_1
0xDD25F930	dlc_mp_stunt_f_feet_0_2
0xDDBF8C5C	dlc_mp_stunt_m_phead_9_7
0xDD161D8C	dlc_mp_sum2_f_feet_5_6
0xDDD617BE	dlc_mp_sum2_f_legs_2_0
0xDD33060F	dlc_mp_sum2_f_pright_wrist_0_0
0xDDA92AA4	dlc_mp_sum2_m_legs_3_8
0xDD2F3C1C	dlc_mp_sum2_m_phead_5_25
0xDDBFD641	dlc_mp_sum_f_jbib_22_3
0xDD0F5C71	dlc_mp_sum_m_jbib_2_9
0xDDF76496	dlc_mp_sum_m_legs_3_5
0xDDD043AF	dlc_mp_tuner_f_jbib_9_1
0xDDC820B2	dlc_mp_tuner_f_phead_1_2
0xDD16ED15	dlc_mp_tuner_m_jbib_19_8
0xDDE5447D	dlc_mp_tuner_m_torso_0_0
0xDDE9CDF4	dlc_mp_vwd_f_jbib_11_22
0xDDCA5514	dlc_mp_vwd_m_jbib_23_0
0xDD16D543	dlc_mp_vwd_m_jbib_7_10
0xDD946775	dlc_mp_x17_f_jbib_2_2
0xDDA67E6C	dlc_mp_x17_m_feet_4_5
0xDD7DB4EC	dlc_mp_x17_m_feet_6_20
0xDD8D0A61	dlc_mp_x17_m_jbib_12_14
0xDDFA7ECE	dlc_mp_x17_m_jbib_5_2
0xDD5E5B42	dlc_mp_x17_m_peyes_0_6
0xDD183A71	dlc_mp_x17_m_phead_2_2
0xDDAC0C05	dlc_mp_x22_f_teeth_11_0
0xDDF7FA5D	dlc_mp_x22_m_feet_1_3
0xDD043B78	dlc_mp_x22_m_jbib_26_7
0xDD6B38E7	dlc_mp_x22_m_pright_wrist_2_9
0xDD6E35D7	dlc_mp_x22_m_teeth_3_0
0xDD473025	dlc_mp_xmas2_f_hand_5_0
0xDD5A0486	dlc_mp_xmas2_m_jbib_0_2
0xDDE21CFC	dlc_mp_xmas3_f_berd_4_0
0xDD097523	dlc_mp_xmas3_m_berd_9_3
0xDD6F4A20	dm
0xDD8731C3	drf_gsac
0xDD49E3DA	drf_mic_1_cs_1-5
0xDDBE3665	drf_mic_2_cs_1-37
0xDD2E2157	dtd@7mcm
0xDDC87DD3	eeix045zgv
0xDDC77CB8	eeventtype
0xDDBAE2B9	effectnames
0xDDA77ACB	eject_girl
0xDD21A6BB	electrocution
0xDD5F0051	emissivestrong_alpha
0xDD4A0FBF	enter_michael_facial
0xDDDDE04D	enter_player_one
0xDDA2E86C	enter_to_armraisedidle_facial
0xDDABEF47	enter_var02_mp_f_freemode_01_facial
0xDD2E6CBD	eps8_akab
0xDDC456BA	epsilonism_04_mix
0xDD77F88D	esvcs
0xDD0EB65E	ex_mapmarker_2_la_puerta_1
0xDD0454AE	ex_mp_h_acc_dec_plate_02
0xDD91F8D0	ex_p_ex_tumbler_01_empty-4
0xDDF4CB7F	ex_prop_exec_lighter_01-10
0xDD63D04D	exit_03_rockford_hills_ped_b
0xDD9DD9BA	exit_lockpick_left
0xDDEDC064	exit_player_02_heeled_facial
0xDD7F7DA8	exit_player_03_heeled_facial
0xDD3F789D	exl1_dvaa
0xDD036F91	exl3_dbah
0xDD91088F	explosion
0xDD73CF99	ext2_afaj
0xDD8C0844	fact
0xDDDCB501	fafm_cmaa
0xDD78D769	faft_abaa
0xDDB65E24	faft_aiaa
0xDD48315F	fam1_gdaa
0xDDC920C0	fam4_bham
0xDD3BD642	fam_4_int_alt1-37
0xDD3A3BC8	fama_ccaa
0xDD4D6BFA	family1_thrown_overboard1
0xDDFEEB15	family3_rear_end_master
0xDD10284E	family_1_focus_on_yacht
0xDD44082C	fatj_adaa
0xDDBCE679	fatm_afaa
0xDD9E7ADE	fbi2_ewaa
0xDD8BF4F7	fbi3_dcaa
0xDD5DDD8D	fbi5a_luab
0xDDB615AD	fbi5a_naaa
0xDD1EA103	fbi_05_metal_strain
0xDDD42B45	fbi_2_mcs_1-14
0xDD867AE2	fbi_3_mcs_6p2-0
0xDDCD5D52	fbi_4_int_trv_react_dave
0xDDDB366A	fbis1_aaaa
0xDD8A8AE5	fbis4_hiaa
0xDD9C834C	fcfl_efam
0xDDCB2B30	fcft_ddad
0xDD983D3D	fcft_dkab
0xDD06B083	fcma_dhaf
0xDDDD7162	fcma_dzaf
0xDD6E808D	fcmf_dmaj
0xDDA6F959	fcmj_cvab
0xDD25B557	fctj_acaf
0xDD465B58	felon2-32
0xDD7370D7	female_a_trans_c
0xDD01321F	female_pos_a_p1_idle_01_facial
0xDDEAC3FF	female_pos_b_lamar_strain_base_lamar_strain
0xDD3D7301	fh3a_ceab
0xDD3E1209	finale_b_general
0xDD3E3D4A	finc1_braa
0xDD49C728	finc1_btaa
0xDD77B1C5	finc214
0xDDD2FCE7	fine_cam
0xDD15E370	finh1_afab
0xDD05FB71	finh1_cnai
0xDD6096C8	finissi
0xDDE56E15	fix_golf_ext-3
0xDD492C38	fix_pro_mcs1-2
0xDDD26295	fix_trip1_int-62
0xDD9A2CAA	fix_wrms_ig12_eyedrops_lamar_facial
0xDDB4BA0C	fkn0_awaa
0xDDF9C6C1	fkn0_ciae
0xDD937873	fkn0_cmak
0xDDBDEFFA	fkn0_cxab
0xDD208C2C	fkn0_edac
0xDD5474AB	fkn0_eyan
0xDDD4495A	fkn1_jnaa
0xDDEC9915	flag_dont_render_in_shadows
0xDD0F4002	flag_ignore_on_side_check
0xDD40B805	flat_floor
0xDD7951E8	floor_number
0xDDBF8022	fm_1_cqaa
0xDD7F200B	fm_m_hair_001_c
0xDD4A8175	fmm_bnaa
0xDDE08AAA	fmm_gcaa
0xDDB26960	fmm_hqaa
0xDDBF655D	fmm_hzae
0xDD831D38	fnfl_amae
0xDD89CA9B	foam
0xDD12B163	fogray_contrast
0xDD960D1E	fpmj_bwaa
0xDD1AFB07	fptf_awaa
0xDDF0547D	fra2_adae
0xDDF52996	fra_0_mcs_1-4
0xDD60BF4C	freightcont2-2
0xDDE5B9C3	friends
0xDD9FF6A3	frontseat_carsex_outro_top_guy
0xDDEC5DE3	fucking_screens_facial
0xDDFAC1B6	g6tmiitmyo
0xDD7F7641	g_m_m_armboss_01_white_armenian_mini_02
0xDD062B96	g_m_y_famca_01_dual-4
0xDD9DD769	g_m_y_lost_02_latino_full_02
0xDD9DB122	gamemode
0xDD1CC54D	get_on_bottom_left_run
0xDDF2CA56	get_out_of_the
0xDDC66D35	getcreateweaponwithnomodel
0xDDE7442F	gfx_definefontinfoloader:
0xDDC1D669	glass_shards
0xDD85DE00	gr_prop_gr_rsply_crate04b-11
0xDDF153DB	grabbed.
0xDD1DCDB4	ground_box_2_truck
0xDD2EF5F9	gunsh_ayaa
0xDDFC7E43	h4_ch2_mansion_final
0xDDBAB00C	h4_prop_club_emis_rig_05
0xDD7707A3	h4_prop_h4_camera_01-18
0xDD7A41D1	h4_prop_h4_file_cylinder_01a-18
0xDD670F25	h4_prop_h4_files_paper_01a-26
0xDDF3F709	h4_prop_h4_files_paper_01b-0
0xDD444330	h4_prop_h4_npc_phone-34
0xDDAA96E9	h4_prop_office_elevator_door_01
0xDD053D46	hash_dd053d46_cpwvyky_collision
0xDD3BD7B2	hash_dd3bd7b2_kjaivmt_collision
0xDD4EA150	hash_dd4ea150_fquzpju_collision
0xDD5C0BBD	hash_dd5c0bbd_cworeta_collision
0xDD794BB0	hash_dd794bb0_binhgxoa_collision
0xDDBE793C	hash_ddbe793c_aepbnisd_collision
0xDDA03C63	hc_driver_dual-22
0xDDB8FF7D	healthnoarmour
0xDD44CF77	heat_abaa
0xDD28563B	hei4_km_club_radio_music
0xDD2D5CF1	hei_ch1_09_land_01_lod
0xDD0FBD8F	hei_ch1_roads_55
0xDDCB89B0	hei_heist_acc_tray_01
0xDD94799D	hei_prop_hei_cs_stape_01-4
0xDDF13D95	hei_prop_heist_cash_bag_01-10
0xDDCC9BEB	hei_prop_heist_deposit_box-9
0xDD284944	hei_prop_heist_trevor_case-6
0xDD47301A	hei_v_ilev_fh_heistdoor2-13
0xDD88118E	hey_hey_cam
0xDD533F83	hi_idle_e_f02
0xDD61DCBC	hi_to_ti_m02
0xDDBEAEF3	hidden_radio_biker_modern_rock
0xDDC7BA56	highlighted.
0xDD57B3C7	hit_react_outro_ped_e
0xDD167923	hs3_pln_int-44
0xDD6D586C	hs3f_int1-3
0xDDE51435	hs3f_sub_cel-6
0xDD0888FE	hunt2_dhac
0xDD1ABD04	hww9fo4wut
0xDD82449E	i.
0xDDEB67F5	idle_b_female
0xDDBF7D21	idle_b_huang
0xDD277832	idle_oscar_mogul
0xDDCB5023	ig_14_iwishall_a_cam
0xDD0AB4F6	ig_amandatownley-15
0xDD12FA59	ig_benny_02_dual-44
0xDD6B473D	ig_lestercrest-2
0xDD19C4D5	ig_nervousron_dual-6
0xDD9B17B2	imp_prop_impexp_exhaust_01
0xDDD08680	imp_prop_impexp_liftdoor_r
0xDD117DB6	imp_prop_tool_box_02a
0xDDD97843	impexp_int-11
0xDDBC66F5	incidents
0xDDBFDEA2	initialweaknessrampduration
0xDD6CC850	inline
0xDD833287	input_cellphone_cancel
0xDD1F39CD	input_weapon_wheel_ud
0xDD409D3E	insult_ped_gang_conv08_part1
0xDD56DACE	insult_ped_hipster_conv01_part3
0xDDFD8A56	insult_ped_old_conv15_part2
0xDD975D30	interiorposx
0xDDFE722D	intro_0r
0xDD8D70D6	intro_loop_cashier_a
0xDD246EE5	intro_male
0xDDBE01AF	intro_sniper_c
0xDD75BD12	iom_axis_y_down
0xDDFF723C	iz_ch_dlc_casino_vault_main_rm
0xDDA2DCD6	iz_hei4_int_sub_rm_enginemain
0xDDBC8DEA	jh_bdaa
0xDD78F31E	jh_dxaa
0xDD0AC598	jhrs_2_int_p4-0
0xDDBD264C	jhs1_dhar
0xDD86ADEC	jhs1_ffaa
0xDD9D037C	josh2_azaa
0xDD60AB47	josh2_bmaa
0xDD9E9DDF	jouez
0xDD0BAD72	klaxon_06
0xDD5275D1	l6qnk
0xDDB82778	laststandmode
0xDD660B67	layout_low_autarch
0xDD5D07F4	layout_std_issi8
0xDD5894BA	leginjuryspinebend
0xDD9AD541	legstiffness
0xDD2E7FAE	lem2_goac
0xDD7F802D	lf_house_18_
0xDD8644C2	lguard-2
0xDD2901E6	limpar.
0xDD48D262	linearwraptexture2
0xDD5E8966	loc_akaa
0xDD2A45CD	loc_juaa
0xDDFC2211	locations
0xDDCF8D68	look_around_right_01_gr_prop_gr_speeddrill_01b
0xDD997163	look_low_gr_prop_gr_lathe_01a
0xDD9F0343	loop_mic
0xDDF7CB30	lowriders:
0xDDB486C4	lr_prop_carburettor_01-10
0xDD006D9D	lsdh_2a_int-13
0xDD2F26AD	lsfl_acaf
0xDDCF2847	lup_index
0xDDB04CCF	lux_p_champ_flute_s-30
0xDD6D257F	m23_1_prop_m31_facilitydoor_01a
0xDD4E321E	m23_2_prop_m32_door_ls_logo_01a-48
0xDD79EA4F	m23_2_prop_m32_drug_pkg_01a-15
0xDD288D46	m23_2_prop_m32_shipdoor_01a
0xDD129C3F	m24_1_mph_hang2_doorside004
0xDD4F550D	m24_1_prop_m41_bounty_door_s1_r
0xDDFA0942	m24_1_prop_m41_exerciseball_01a-39
0xDD32D6FA	m24_2_prop_m42_filebox_01a-49
0xDDBF40FF	m24_2_prop_m42_hacker_door_tall-10
0xDDF5FBB5	m25_1_prop_cs_script_dlc_vehlp-62
0xDDD4C8CF	m25_2_int_01_l_off_decal
0xDD783415	m25_2_int_01_r_din_counter
0xDD1A4D1F	m25_2_int_01_vase_012
0xDDEA9AA9	m25_2_prop_m52_cigars_01a
0xDD0B0BC4	m25_2_prop_m52_door_msn_pool_01a-4
0xDDAF751E	m25_2_prop_m52_door_msn_sliding_01c-44
0xDD37AEAF	m25_2_prop_m52_mansiontvscreendam2-11
0xDDB0DC8D	m_directionalambientpass_ds
0xDD39C40A	machen.
0xDDCA87B0	male_c_base
0xDDB2941E	male_pos_b_p2_weed_base
0xDD1BA790	marina_xr_rocks_05
0xDD69524B	martin_1_int-6
0xDD94CD0F	maxdistancefrompeltohitpoint
0xDDDF5299	maxforcedist
0xDD0168C9	mefl_axaa
0xDD3384A9	melt_int_3-0
0xDD52EE38	menu_unique_id_betting
0xDDD2BF56	mesa-48
0xDDCB9082	met1_djab
0xDD39E5D7	met1_fjag
0xDD8486C8	mftregisterlocal
0xDD43F61D	mgps_coad
0xDD0C8C8F	mgps_elaa
0xDDEAB619	mgtr_adab
0xDD79B3DA	mgtr_beaa
0xDDF70707	mh_l_collar_02
0xDD5DBD4D	mic_3_ext-2
0xDDDA7C70	micro_cheek_in
0xDDD953F2	micro_nose_long
0xDD95C431	mini@cpr@char_a@cpr_def
0xDDC241B9	minivan2-14
0xDD62657C	misslamar1dead_body
0xDD4B55DC	missprologueig_4@kill_michael
0xDD47DA75	misstvrram_5
0xDDC8485E	mo_spk_medium
0xDDB9AADD	montanha
0xDD677097	moodm_deck_hc_13_lp_left
0xDD52EBD0	moodm_vinyl_left_mc_18_turntable_left
0xDD476FD0	move_m@brave@a
0xDD876C26	move_ped_bucket
0xDD9E0BA3	moveto_hall_cover_steve
0xDDBE05AE	mp_christmas2018_tee_021_m
0xDD513630	mp_christmas2018_tee_056_m
0xDDD5AC48	mp_fm_branding_048
0xDD1FAE34	mp_fm_branding_050
0xDD882FCC	mp_lr_tat_003_f
0xDDBAB622	mp_m_weapwork_01_p
0xDD47516A	mp_masks@on_foot
0xDD9D435E	mp_mc_start_dark_robbery_8
0xDD96A7C9	mp_player_int_tit_squeeze_enter
0xDD8B30E8	mp_security_tat_002_m
0xDD112140	mpcas_int-19
0xDD25D9FF	murrieta
0xDD8B01E1	n_ac12_hs4f_main_ent_p1_t00_01-3
0xDDC9DA17	n_ac1_fra_2_ext_p3_05-22
0xDDEE232D	n_ac2_fin_c_ext_p5_04-17
0xDDF713BA	n_ac5_es_1_rcm_p1_008-2
0xDD4156DE	n_ac6_pro_mcs_3_pt1_n_light_003-0
0xDDC73EE7	n_ragelight6_dixn_intro_p1_002-6
0xDDFDC579	nice_tunes_male_facial
0xDDEEB53C	nig1a_cnae
0xDDE24E67	nig1d_bhad
0xDD31CED7	nm@writhe@rubberbullet@
0xDD7F0B9F	nme_trans_away_to_cue_a_35_hp_head
0xDDE1B0B2	noddingoff_sleep_v1_swivelchair
0xDD131A87	normal_detail_dpm
0xDD607CFF	oat_fos_ep_1_p1_047-23
0xDDB9D57F	ojas_hvak
0xDDAC223E	ojdg2_trev_first
0xDDCA1B16	on_clubchair_d
0xDDF62389	ondragover
0xDD03542D	oracle2-5
0xDD69EE08	organ_horn_loop_01_preview
0xDD416D77	ortega_kneel_loop_ort
0xDD02E2C7	p7_p2_watch_trevor_p_ld_heist_bag_s_1
0xDD840A8A	p_arm_bind_cut_s-9
0xDDD44079	p_champ_flute_s-51
0xDDEAC38B	p_cs_clipboard-17
0xDDB35976	p_cs_panties_03_s-8
0xDD57129C	p_cs_sack_01_s-40
0xDD5312BC	p_cs_sack_01_s-43
0xDDF801AF	p_cs_shot_glass_s-33
0xDD4A77FF	p_csh_strap_01_pro_s
0xDD71D2F9	p_csh_strap_01_s-5
0xDDC87D0E	p_folding_chair_01_s-10
0xDD11F15E	p_gaffer_tape_s-5
0xDDEEBB3B	p_hw1_22_doors_s-3
0xDD486535	p_ld_heist_bag_s_2
0xDDEFB1F4	p_ld_id_card_01-3
0xDD14D824	p_leg_bind_cut_s-17
0xDDEE0853	p_orleans_mask_s-0
0xDDCDEB1B	p_patio_lounger1_s
0xDD10F294	p_secret_weapon_02
0xDDC9B959	p_t_shirt_pile_s-15
0xDDBD1DCA	p_tumbler_cs2_s-25
0xDDC9E960	p_v_ilev_chopshopswitch_s-4
0xDDA7191F	pacow_afaa
0xDD05C43C	pain_low_weak
0xDD14F0F0	pal_start_kei1
0xDD862A3A	pap2_cjac
0xDDEBACF2	pap3a_anaa
0xDDBC1560	pap3b_ayad
0xDDD7B4BE	paper_throw_03_m
0xDD640734	paralysant
0xDD07A99A	patchday8ng
0xDDC59A12	patricia_jackie_action_01_patricia
0xDD896B3E	patrouille
0xDD9B23EB	pbbb_akai
0xDD38121B	pbcl_aeac
0xDDD4AD7B	pbcl_araa
0xDD816726	pbenw
0xDD4F5EA8	pbje_adah
0xDDA9207E	pbjs_asaq
0xDDDD30EB	ped_ac24_mph_nar_int_p1_002-1
0xDD3F697E	ped_decal_decoration.sps
0xDDD1A04B	pedfootlight
0xDDDE0ACB	pedlight.specularfade
0xDD007A9C	performing
0xDDA8611C	perma-stunning
0xDDA672FC	pheist3
0xDD11C54F	pickup_weapon_fertilizercan
0xDDE4181A	pickup_weapon_switchblade
0xDD5B4AF2	pillbox
0xDD6E1509	pinned_against_wall_intro_buddy
0xDD98D516	plant_enter_bomb
0xDD99FFB0	player_zero_dual-26
0xDDD4321C	playwatch_loop_var_01
0xDDEDAA68	pointcm_volume
0xDD341D4D	pointswinglimitright
0xDD126C97	polcaracara2
0xDDFBAFAB	portuguese
0xDDB29599	pri1_anaa
0xDD104807	pro_btae
0xDDB19D57	pro_eeaa
0xDDB0FFD8	processgripanim
0xDDA42AD2	prop_air_towbar_02
0xDD12D554	prop_apple_box_02
0xDD193B0D	prop_bar_stool_01-3
0xDD41C69B	prop_beer_logopen-25
0xDD93D5CF	prop_cardbordbox_03a-13
0xDD4B2236	prop_ch3_04_door_01l
0xDDCBA7C0	prop_champ_01b-3
0xDD911192	prop_champ_jer_01a-67
0xDDB23012	prop_cs_dog_lead_3b
0xDD1E6348	prop_cs_fridge_door-12
0xDDE31166	prop_cs_kitchen_cab_ld-3
0xDD003FF3	prop_cs_marker_01-10
0xDDF0A7E0	prop_employee_month_02-49
0xDD122100	prop_ex_b_time_pk
0xDD8ABBCF	prop_fire_driser_3b
0xDD71EDD0	prop_hx_special_vehicle_pk_tr
0xDDE0DBC5	prop_ic_special_vehicle_wh
0xDD5697AE	prop_luggage_02a-14
0xDD0815F1	prop_luggage_02a-27
0xDD152944	prop_luggage_08a-71
0xDD8375D4	prop_micro_cs_01_door-8
0xDD433942	prop_mp_placement_sm
0xDD4C56BF	prop_npc_phone-21
0xDD3FCD9B	prop_off_chair_01-0
0xDD7B59F8	prop_pallet_03a-3
0xDD9EA431	prop_ped_pic_03
0xDD9FD409	prop_phone_ing_03-23
0xDDFA8A33	prop_phone_overlay_anim-11
0xDDED2BB9	prop_rock_1_e
0xDD6C4190	prop_rub_cardpile_06
0xDDA33FEF	prop_sandwich_01-53
0xDDE651F5	prop_sec_barrier_ld_01a-26
0xDD9A1802	prop_sec_gate_01c
0xDD4C7184	prop_sign_road_05m
0xDDF74CF2	prop_sign_road_06e
0xDD5B4934	prop_syringe_01-17
0xDDCCCB90	prop_tool_drill-11
0xDD96FB92	prop_tool_sawhorse-5
0xDDCE7F70	prop_toolchest_05
0xDD20DDAD	prop_torture_ch_01-0
0xDD557391	prop_trev_tv_01-31
0xDDEE0E30	prs_nraa
0xDD105826	prs_piaa
0xDD439684	ptrx_idle_d_q_l_05_hp_head
0xDD4A1460	ptrx_idle_k_q_l_12_beer_can
0xDD8C0412	ptrx_idle_k_q_r_base_05_hp_table
0xDD18B4F2	ptxemitterrule:m_dampeningscalarkfp
0xDD0F211E	putt_react_good_01_face_player1
0xDD747559	qcpy2
0xDD417F08	qkrtq
0xDD1F2656	quadtree
0xDDCCB612	quelque
0xDD2AC682	rampa_awayside_idle_b_06_t_bottle
0xDD061F63	rampa_bch_unq_crwd_e_40_t_bottle
0xDDEF9D99	rampa_cue_idle_b_02_v2
0xDD8989A6	rampa_cuedance_idle_f_06_v2_s_glass_02
0xDDF45456	rampa_cuedance_sync_a_09_s_glass_01
0xDDA4A1C7	rampa_cuelean_idle_b_02_v2_hp_head
0xDD6ACB3E	rampa_mix_idle_d_04_s_glass_02
0xDD3D7644	rampa_mix_idle_e_04_v2_t_bottle
0xDD74B14A	rampa_mixsway_idle_i_10
0xDDE53704	rampa_mixsway_sync_b_11_v2_s_glass_01
0xDD729635	rampa_trans_mix_to_mixdance_sync_a_04_facial
0xDD4AA267	rampa_unq_sync3_end_s_glass_01
0xDDF22EC2	rampa_unq_sync3_g_25_tumbler
0xDD2569EC	rbh2a_bzaa
0xDDCA5593	rbh2a_cdaa
0xDD7F8E18	rbh2a_hsaa
0xDD250FC0	rbh2a_nuaa
0xDDA8D8E7	re51a_shop
0xDD014511	re@stag_do@idle_a
0xDD722AA5	react_win_putter_01_michael
0xDD520CD8	reaction_good_var01_seat4
0xDD4036DB	reaction_impartial_var_05_facial
0xDD9BC09B	ready_break_door_axe
0xDDD8F630	rear1_aeaa
0xDD7BDA48	rearr_ajaa
0xDDB77D3D	redr2_chab
0xDD1BF77A	rehh5_biac
0xDDFB7DAD	rehh5_bmab
0xDDB31FBD	release_crate
0xDDE8F682	resna_biaa
0xDDD9EED0	return_wallet_positive_c_male
0xDD988458	return_wallet_positive_c_player_facial
0xDD851FA0	revolver
0xDD473E49	rgm
0xDD525775	right_out_of_the_gate
0xDD084E7C	riot-20
0xDDE43C4E	ros.entitlement.changed
0xDDECB730	ros.inbox.new
0xDDD00563	rply_contrast_neg
0xDD3DC6C3	rudder_l
0xDD6EEFCB	ruw-chu
0xDD4D2E1C	s_f_y_casino_01_dual-12
0xDD7FB630	s_f_y_clubbar_01_dual-23
0xDD555FEF	s_m_m_gentransport_dual-26
0xDD87C02E	s_m_m_highsec_03_dual-18
0xDDB7A52B	s_m_y_blackops_01_black_mini_02
0xDD72FE87	s_m_y_cop_01_black_full_01
0xDDB458FC	s_m_y_cop_01_white_mini_03
0xDD17794B	s_m_y_dwservice_01_p
0xDDB87D5A	s_m_y_grip_01_dual-17
0xDDBD12AF	sc/news/78470a2cd9594f35a5605cf6/262272_262272_262272_survival_of_the_fittest.dds
0xDD71BFEB	scarab3
0xDDD55425	schinese
0xDD37FAA9	scientist
0xDD242A56	scr_ih_col_poster_spraytag
0xDD78CD1E	scr_man_oj_fire_roof_flames
0xDD4AC085	scr_man_surv_poker_chips_exp
0xDDFAC7D7	se_dlc_biker_crack_warehouse_radio
0xDDF75B9D	se_dlc_sm_hangar_radio_office_02
0xDDE284FE	sentinel-6
0xDD51EC4F	seriously_franklin_get_your_fat_0
0xDD59DF74	set_analog_stick_input
0xDDB39261	set_important_params
0xDDA6FF74	sf_prop_sf_bag_weed_open_01c-24
0xDDF8293C	sf_prop_sf_bowl_fruit_01a-54
0xDDA2380D	sf_prop_sf_door_office_r_01a-9
0xDDAFCF18	sf_prop_sf_door_rec_01a-21
0xDD8D0DD0	sf_prop_sf_drum_stick_01a-8
0xDDAFA171	sf_prop_sf_el_guitar_02a
0xDDEEA7AB	sf_prop_sf_filter_handle_01a-12
0xDD4AF519	sf_prop_sf_golf_iron_01a-47
0xDD0C6306	sf_prop_sf_imporage_01a
0xDDB110F8	sf_prop_sf_monitor_s_02a-17
0xDD05EF76	sf_prop_sf_monitor_s_02a-56
0xDD8C69F9	sf_prop_sf_offchair_exec_01a-19
0xDD026C11	sf_prop_sf_offchair_exec_01a-40
0xDD5649C6	sf_prop_sf_phone_01a-20
0xDD0C6728	sf_prop_sf_rack_audio_01a-33
0xDD8F43BA	sf_prop_sf_sofa_studio_01a-32
0xDDBE7718	sf_prop_sf_track_mouse_01a-14
0xDDC2FE33	shooting.
0xDD31AB97	simple_inspect_bundlepassport
0xDD950964	sit_idle_02_jimmy_facial
0xDD646AEC	sit_idle_02_pooh
0xDDFAD05F	skel_l_hair008
0xDD585500	snaprightarm
0xDD53E81D	sol1_bhad
0xDD801442	sol1_fcaa
0xDD9A844E	sol5_alam
0xDDCB5FE4	sol5_bfaa
0xDD6768C7	sol_3_car_jet_engine
0xDD723807	sorter_left_look_left_weedbagpile01a
0xDD834298	sp_f_hair_6_4
0xDD767919	sp_f_head_13_3
0xDDE9AAF2	sp_f_head_14_1
0xDD6A59BF	sp_f_jbib_15_8
0xDD2A019E	sp_f_jbib_1_7
0xDD7DFD07	sp_m_eyes_3_2
0xDDB8739F	sp_m_eyes_6_0
0xDDAD2B29	sp_m_jbib_14_10
0xDDFA53D5	sp_m_lowr_11_0
0xDD9C5DD0	sp_m_lowr_13_8
0xDDF76A72	sp_m_lowr_1_6
0xDD167282	sp_m_lowr_3_2
0xDDCFA309	sp_m_task_9_3
0xDD9342F8	spec_reflect_decal.sps
0xDDB99849	special_ped@andy_moon@franklin_1@franklin_1b
0xDD8F3842	special_ped@andy_moon@monologue_8@monologue_8f
0xDD446AF5	special_ped@griff@monologue_6@monologue_6c
0xDDFC84D4	special_ped@jerome@monologue_6@monologue_6e
0xDD345C02	special_ped@mani@monologue_6@monologue_6c
0xDD676A92	special_ped@pamela@monologue_11@monologue_11b
0xDD458B23	special_ped@zombie@michael_1@michael_1g
0xDD9BDC08	spinningwheel_med_effort_04_wheel
0xDD1FAE1E	spots_oatfos_ep_1_p1_001-6
0xDD56F376	spots_oatfos_ep_1_p1_004-24
0xDDC08AB5	squaddie-22
0xDD2EB94F	sr
0xDDC0248B	stage_2_hit_line_1_golfer
0xDD3B04D7	stand_idle_01_pooh
0xDD020F2C	stand_phone_idle_01_nowork
0xDDBDFF9F	stopbinkmovie
0xDD9950B7	stripper_idle_03
0xDD4F2327	stromberg-1
0xDDD4AF4A	submarine
0xDD07A0D9	success_var02_card
0xDD75A9CF	sum23_cm6_ext_p1-23
0xDDD4A35B	sum24_office_int-18
0xDD9B8511	sum25_lsia_int-43
0xDD3FCDA7	sum_mpapyacht_brdg_detail
0xDDE62F90	surge-49
0xDDCBE6DF	switch@michael@closet
0xDD841292	t_getin_r_veniceb_cam
0xDD4436AB	tagged
0xDD3EC286	target_smoke_lh_female_c
0xDD654D9D	tendresse
0xDD2519A3	tennis_plyr_lob_master
0xDD07901E	testaram
0xDD9A0D88	thanksdad_door_l
0xDDA1BE53	thruster-15
0xDD1FAE12	tou_trans_pc_to_mid_mid_to_open_a_glass_cc
0xDDCFC57C	tow_coad
0xDDA4C522	tow_coaf
0xDDD0902B	tow_jbah
0xDD77CA4B	tow_lzaf
0xDD8867E8	tow_mdah
0xDD0C4ED2	tr2_fjac
0xDD093654	tr2_fuaa
0xDDC9F9D2	tr_prop_tr_bag_djlp_01a-19
0xDD840EA7	tr_prop_tr_mod_lframe_01a-0
0xDD1DC009	tr_prop_tr_swipe_card_01a-23
0xDD6BF9E2	translatedlabel
0xDD79B767	trees_camera_aligned.sps
0xDDC9B938	trevor_2_chopper_explosion_tail
0xDDD51942	triathlon_ala_racer3
0xDD3A474A	trophy_a_1st
0xDD2F1A56	tuesday
0xDD269001	tun_shop_ext-21
0xDD43FF44	tv_base_ashtray
0xDD29E0B8	txm2_dlab
0xDD2C2EDE	typing_idle_01_mouse
0xDDFC0283	u_f_o_carol_dual-2
0xDD036A12	under_int_5
0xDD470230	unload_rl_01_gr_prop_gr_millcage_01a
0xDD3088C2	unminimized
0xDD6C32C3	urinal_sink_loop
0xDDBD070F	v_11_abattpens
0xDDE3E05F	v_11_abbcorrishad
0xDD0A2C61	v_11_leccybox
0xDD44ACFB	v_24_ktn_over_dirt
0xDD546E3B	v_24_lnb_mesh_artwork
0xDDF464E0	v_31_tune06_newols001
0xDD67C8E7	v_34_lights01
0xDD5614DA	v_58_sol_office
0xDDC4F7E3	v_73_off_st1_over
0xDD675ECF	v_74_cfemlight_rsref030
0xDD8CE287	v_corp_offchair-57
0xDD7D6F3B	v_ilev_csr_door_r-0
0xDD487346	v_ind_ss_chair01-13
0xDD9C473C	v_ind_v_recycle_lamp1
0xDDA3123C	v_med_bottles2
0xDD664CCE	v_res_mbaccessory
0xDD5C7BE8	v_res_r_lotion
0xDD4997F0	v_res_tre_bed1_messy
0xDD9B3F23	v_res_tre_stool_leather-7
0xDDFF430A	v_res_tt_fridgedoor-13
0xDD7AC4E3	v_res_tt_litter1-10
0xDD8F62CF	v_tre_sofa_mess_b_s-1
0xDD9845A8	valkyrie_turret_idle
0xDDC9CA1C	vamonos_ped
0xDD0437A9	veh@drivebybicycle@bmx@unarmed
0xDDEC18D4	veh@drivebyfiretruck@ds@1h
0xDD8D011B	veh@drivebytruck@ps_grenade
0xDD245B9C	vehicle
0xDD39372D	vehicle_paint7.sps
0xDD124A65	vehicle_weapon_mule4_turret_gl
0xDD81D306	ver_01_bottom_right_enter
0xDD368C0D	ver_02_cutting_right_top_to_bottom_w_me_switchblade
0xDD87BE78	veui_bl_mk_cam_hlp
0xDD57C19A	veui_ed_mk_fxsa_hlp
0xDDE9D31F	victim_knife_failed_takedown_rear
0xDD976236	vw_prop_casino_phone_01b_handle
0xDD858C68	vw_prop_plaque_02b
0xDD72ABB6	vw_prop_roulette_ball-9
0xDD769076	vw_prop_vw_casino_door_01d-13
0xDD10A1A0	vw_prop_vw_offchair_03-51
0xDDDB654C	vw_prop_vw_wallart_150a
0xDD2B652B	w_ar_assaultrifle-7
0xDD4D8470	w_ar_assaultriflemk2-35
0xDD8EC980	w_ar_assaultriflemk2_mag1-16
0xDD77A969	w_ar_assaultriflemk2_mag1-5
0xDD263080	w_ar_carbinerifle_mag1-44
0xDD76CE07	w_ar_carbinerifle_reh-11
0xDDEC4C02	w_ar_specialcarbinemk2_camo8
0xDDD1145A	w_at_heavysnipermk2_camo5
0xDD6AE86A	w_me_gclub
0xDDC9BB6E	w_me_knuckle_lv
0xDDDDD569	w_me_switchblade-2
0xDD4D51F3	w_me_switchblade-29
0xDD7558E9	w_pi_heavypistol_mag1-7
0xDD57C4F2	w_sb_microsmg_luxe-0
0xDD0AB0C9	w_sb_microsmg_luxe-16
0xDDEDC7B4	wapclip
0xDDA697F9	waterboard_outro_victim_facial
0xDD50BAE7	wcd_cr_clip1
0xDD57767F	wcd_mrfl_sight
0xDD73CBE5	weapon@w_sp_jerrycan
0xDD5DF8D9	weapon_machete
0xDD22C739	weapons@first_person@aim_lt@p_m_zero@projectile@tear_gas@fidgets@b
0xDDCBB700	weapons@first_person@aim_rng@generic@sniper_rifle@shared@core
0xDD4DB244	weapons@first_person@aim_rng@p_m_zero@submachine_gun@smg@fidgets@b
0xDDE3CC54	weapons@first_person@aim_stealth@p_m_zero@heavy@rpg@aim_trans@stealth_to_idle
0xDD40FFB1	weapons@misc@jerrycan@franklin
0xDDD26F94	weed_inspecting_high_writing_inspector
0xDD777594	whats_your_problem
0xDDD47779	wheelmesh_lf_l3
0xDD9419D5	world_human_seat_wall_tablet@_male@_idle_a
0xDDB370A1	wxu
0xDD495CAD	xm25_avi6_rescue_mcs1b-2
0xDDD29895	xm25_avi6_rescue_mcs1c-10
0xDDFC9669	xm25_avi6_shutters_mcs2b
0xDDAE317F	xm25_mansion_intc-21
0xDDE93E3E	xm3_prop_xm3_hat_ron_01a-33
0xDD04BF15	xm3_prop_xm3_hat_ron_01a-44
0xDD71423A	xm3_prop_xm3_hat_ron_01a-62
0xDDAA7DC9	xm3_prop_xm3_helmet_01a-0
0xDDE4F844	xm3_prop_xm3_pill_01a-69
0xDDD93E1D	xm_prop_lab_door01_dna_l
0xDD3C6B5C	xm_prop_sam_turret_01
0xDDD030C5	xm_prop_x17_add_door_01-30
0xDDAA2535	xm_prop_x17_b_glasses_01-14
0xDD5B387F	xm_prop_x17_clicker_01-40
0xDDF5EE12	xm_prop_x17_coffee_jug-28
0xDDE51BA5	xm_prop_x17_laptop_lester_01-65
0xDD43AEAA	xs_propint3_waste_01_trees
0xDD42362F	xs_terrain_rockline_arena_1_04
0xDDBDFB1F	xyjooxj
0xDD5430A6	yosemite2-55
0xDD451461	youga4-35
0xDDF086F4	zancudo
