0xDF67BBDB	-job
0xDF269B41	002057_03_trvs_27_flushes_foot_idle_foot
0xDF69E0A5	0zs26
0xDFFB3380	146_tyrus_modkit
0xDFCCBFC8	207.1
0xDF0BD268	2b_door_escape
0xDF0EF5CF	@j
0xDFB2C7E3	@xpointer
0xDF573BC3	_af_stiffer_spring_speed
0xDF2903B7	_dont_cast_light_on_glass
0xDF1E0746	a_c_chop_02_dual-17
0xDFB55C81	a_c_rabbit_01
0xDFE659DD	a_f_m_fatwhite_01_dual-22
0xDFBBCE91	a_f_y_bevhills_01-14
0xDFFCC64F	a_f_y_bevhills_04-12
0xDF4A5659	a_f_y_studioparty_02_dual-27
0xDF4A6ED2	a_f_y_tennis_01_dual-15
0xDF0D946A	a_f_y_tourist_01-39
0xDF60F5B8	a_f_y_tourist_02_dual-18
0xDFAE1F0C	a_f_y_vinewood_01_dual-48
0xDF876836	a_m_m_og_boss_01-7
0xDFB11D28	a_m_m_tranvest_01_r2pvg
0xDFF01B04	a_m_y_bevhills_02-28
0xDF04F10C	a_m_y_business_02_white_mini_01
0xDFDAAEB4	a_m_y_cyclist_01-44
0xDFA84ED5	a_m_y_hippy_01_r2pvg
0xDF7EBC7D	a_m_y_hipster_01-9
0xDF95F3C7	a_m_y_surfer_01-26
0xDF5365F5	a_m_y_surfer_01-7
0xDF1F4BEB	abandoned
0xDFE16DF0	ac24_mph_nar_int_p1_cyan_lamp003-18
0xDFAA7311	ac6_car_5_ext_004-9
0xDFB61AA9	accuracy.
0xDFC2C7BC	action_avi2_phonebox
0xDF9A392C	action_avi3_phonebox
0xDF3A9EB4	active_empty
0xDF047486	adam_away_dance_m_12_v2_hp_table
0xDFDBCC87	adam_bch_unq_sync2_b_82_hp_table
0xDFFEF12E	adam_cue_idle_d_02_tumbler
0xDF3A28A2	adam_cue_idle_k_04_tumbler
0xDF75E5A0	adam_trans_cue_to_mix_a_03_tumbler
0xDF2F546D	ah3b_gjac
0xDFD5D9E3	ahf_auac
0xDF8940B2	alreadyinclan
0xDF1501F9	amb@code_human_wander_idles_fat@male@static
0xDF9C0E6C	amb@medic@standing@tendtodead@exit
0xDFD55E17	amb@prop_human_seat_deckchair@female@enter
0xDFD3124A	amb@world_human_smoking@female@exit
0xDFA6A72E	ambclub_07_mi_hi_to_li_mi_glowstick_l
0xDF384D1D	andy_ig_3_gotothehills_10
0xDFBDC8ED	anim@amb@carmeet@checkout_engine@female_c@idles
0xDF0B3505	anim@amb@casino@hangout@ped_female@stand@02a@idles
0xDFC09346	anim@amb@casino@hangout@ped_male@stand@01b@enter
0xDF665E0A	anim@amb@mini@drinking@tequila@one@
0xDF2CD8D8	anim@heists@humane_labs@finale@keycards
0xDF4DD144	anim@mp_player_intincarbang_bangbodhi@rds@
0xDFAD0655	anim@mp_player_intincarchin_brushbodhi@ps@
0xDFD9DF97	anim@mp_player_intincarsalutebodhi@ps@
0xDF4D6E11	anim@scripted@freemode@jamal@ig15_yard_tyres@phone@
0xDFE56525	anim@scripted@ulp_missions@garageopen@male@
0xDF729E44	anim_ac1_fos_ep1_p5_002-14
0xDF032E1A	anim_ac2_fos_ep_2_p3_01-17
0xDF73E1BA	anim_ac54_fos_ep1_p6_02-5
0xDF4DCC33	anim_ac70_fos_ep1_p6_01-12
0xDF1FA2D6	anim_ac73_fos_ep1_p6_01-33
0xDF849A6C	anim_ac75_fos_ep1_p6_15-24
0xDFD8AC69	anim_ac77_fos_ep1_p6_01-5
0xDFB2EDA1	anim_ac83_fos_ep1_p6_00-35
0xDFE6CBF4	anim_ac83_fos_ep1_p6_02-21
0xDF605660	anim_casino_a@amb@casino@games@slots@ped_male@regular@01a@play@v02
0xDFD04B09	anim_casino_b@amb@casino@games@blackjack@ped_female@slouchy_withdrink@01a@play@v01
0xDFE83CA5	anim_casino_b@amb@casino@games@roulette@ped_female@seat_4@slouchy_withdrink@04b@idles
0xDF334810	anim_casino_b@amb@casino@games@threecardpoker@ped_female@engaged@01a@play@v02
0xDFFF2B1A	anim_corona_oat_fos_ep1_p6_15-27
0xDFA3BA2F	anim_oat_fos_ep1_p6_035-2
0xDF316DA3	anim_oat_fos_ep1_p6_04-11
0xDF528FAB	anim_oat_fos_ep1_p6_040-22
0xDF81F112	anim_oat_fos_ep1_p6_044-14
0xDF255868	anim_oat_fos_ep1_p6_050-6
0xDF5FAFC2	anim_oat_fos_ep1_p6_054-31
0xDF4CB8B5	anim_oat_fos_ep1_p6_08-15
0xDF1DA141	anim_oat_fos_ep1_p6_16-31
0xDFD6FA10	anim_oat_fos_ep1_p6_29-19
0xDF6D711E	anim_spots_oat_fos_ep1_p6_01-8
0xDF442FBB	animl_adar
0xDFE0A10E	animl_ajaf
0xDFF233F9	animl_aoaf
0xDF978A49	animl_byaq
0xDFC733F2	animl_cgaa
0xDFEC0D33	animl_cwad
0xDF8FD002	animl_czai
0xDF8E0540	animl_deaf
0xDFC33A35	animl_draf
0xDFDAE43F	animl_ftaj
0xDF7EDF09	animl_fxad
0xDF9BFACA	animl_goai
0xDF566298	animl_gtag
0xDF949CCB	ankle_walk
0xDFE94DBF	ansph_cgaa
0xDF3407B5	any
0xDF97D59B	apa_mp_h_kit_kitchen_01_b
0xDF0CB4E3	apa_pri_int-35
0xDF41973B	apt_exit_left_alt3_safecam
0xDFE5731D	apt_property_7_exit_sidecam
0xDF6E4F00	ar_dlc_xm_base_entrance_tunnel_water_drip_single
0xDFB19108	ar_m24_1_acc_control_room_01_console_06
0xDF176DC8	ar_prop_gate_cp_90d_h2
0xDFC997E7	arena_draw_3
0xDFC1926B	arena_int-4
0xDF4E311B	arfl_acad
0xDFEB202C	arm1_int_leadout_intro_lam
0xDFF20CD4	arm_ref_intro
0xDF8C22AA	arm_right
0xDFA909FB	armstiffnessdetsupport
0xDF6AD247	asterope-5
0xDF4A2D33	audioref
0xDFB7F446	az_big_zones_alamo_sea_01
0xDFDD3959	az_country_cement_storage_01
0xDFCBC896	az_industrial_area_distant_b
0xDFD6DB9A	az_music_hills_10
0xDFE0B8EE	az_music_southcentral_27
0xDF46C1EC	ba_prop_battle_headphones_dj-20
0xDF041F88	ba_prop_battle_sniffing_pipe-53
0xDFBECA88	ba_prop_door_club_entrance-0
0xDFE4B803	ba_prop_door_club_entrance-35
0xDF254078	ba_prop_door_club_entrance-46
0xDF10B437	ba_prop_door_club_entrance-93
0xDF583D38	background_hum
0xDF984998	ball_wstop_r
0xDF72D1E1	baller7-38
0xDF8FAA32	bar_1_attack_intro_aln
0xDF61D66F	bar_1_rcm_p2-12
0xDFB036D8	base_chop
0xDF8E3DC2	base_vw_prop_vw_valet_01a
0xDF674A45	bb3_aaaa
0xDF5A6A47	bear_in_floyds_face_loop_rasp
0xDF252F3E	bill
0xDFA4C66F	bill_ig_1_a_04_thewholeplaceisagoddamponziescheme_4
0xDF866C5F	bkr_prop_biker_pendant_light
0xDF6B598A	bkr_prop_cashmove
0xDF3FD183	bkr_prop_fakeid_pen_01a-14
0xDF512E42	bkr_prop_fakeid_penclipboard-28
0xDF0A5060	blowtorch_cutting_umr
0xDF63181F	bmad_intro-1
0xDF3064C4	bmad_out_soldix_in_a_bg_male2_face
0xDFADC6F1	bookmarked
0xDF19B070	brainsitsbrains_2
0xDF57ADC1	brakelight_l
0xDF6F041C	break_01_right_v_ilev_chair02_ped
0xDF5F48C2	break_weigh_v2_hammer
0xDF3734A0	bs2b_cmaa
0xDF298890	bs_2a_get_to_vault
0xDF861BE8	bspra_cfaf
0xDF18E7F3	busto_bpat
0xDF96AEB3	buuid
0xDF4FF64E	buzz_in_player_pedb
0xDF431961	c2_down_9
0xDFF0594C	caddy2
0xDF6C77EF	car.taillight.night.emissive.on
0xDFD5C095	car_theft_finale
0xDF3D97CC	cardrunksex_loop_f
0xDFAE5866	carmo_no_ser
0xDFE89CD3	caustic
0xDF50B945	cbrad_diai
0xDF1F0ACF	ch1_09b_vinegrapes_07
0xDF2D85AC	ch1_09b_vinegrapes_22
0xDF29E379	ch1_09b_vinegrapes_42
0xDFEEAD02	ch_prop_arcade_degenatron_01a
0xDF6D93AA	ch_prop_ch_liftdoor_l_01a-18
0xDF2F9039	ch_prop_ch_liftdoor_l_01a-4
0xDF7FB3E1	ch_prop_ch_malldoors_l_01a-9
0xDF475368	ch_prop_ch_malldoors_r_01a-0
0xDFB4BF70	ch_prop_ch_toilet_door_derelict
0xDFE4BAF1	ch_prop_heist_drill_bag_01b
0xDFE25C94	ch_prop_marker_01a-9
0xDFA0817B	ch_prop_whiteboard-15
0xDFC359D5	change_highroller_male_facial
0xDFA7DB64	chatc_afag
0xDF44E68D	chatc_akac
0xDFAB5211	chatc_alaf
0xDF238C68	cheetah-12
0xDF2E10C1	chi2_alaa
0xDF0EB9A3	chop_acaa
0xDFBFC94A	cityrace3_route1
0xDF52760D	code/script/data
0xDFB79725	component_pistol_mk2_camo_05_slide
0xDF90DC78	component_specialcarbine_mk2_camo_06
0xDF1A15A8	coquette-29
0xDF7FAC46	corona_oatfos_ep_1_p1_017-15
0xDF7B6769	corona_oatfos_ep_1_p1_018-21
0xDF813E92	coward_react_right_enter
0xDF37F970	cpacketpedbushsound
0xDF5F6A97	cpacketsoundcreatepersistant
0xDF2CD99E	cpacketspeechpain
0xDF858D89	cpackettimecyclemodifier
0xDF2B790E	creatures@cormorant@amb@world_cormorant_standing@idle_a
0xDFE5DE21	creatures@rottweiler@amb@world_dog_barking@idle_a
0xDFB30327	creatures@rottweiler@amb@world_dog_sitting@enter
0xDF7546A6	creek
0xDF65F34F	creplaymgrinternal::unpauserenderphase
0xDFE9F0A9	cs_amandatownley_02_dual-52
0xDFA75F0B	cs_amandatownley_02_dual-81
0xDF0D0585	cs_cig_smoke-3
0xDF919389	cs_drfriedlander_02_dual-21
0xDFD688F2	cs_fin_bang_carmetal
0xDF109343	cs_jimmydisanto2_dual-41
0xDFD05CA5	cs_milton_dual-0
0xDFE8F5A6	cs_molly_dual-16
0xDF6A0680	cs_nervousron_dual-52
0xDF8B1301	cs_patricia
0xDF7E2AFA	cs_taostranslator_dual-8
0xDF54D899	cs_tracydisanto_dual-11
0xDF1ABC9E	csb_agent14_02_dual-21
0xDFDECA0A	csb_agent14_02_dual-70
0xDF1D8144	csb_anita_dual-4
0xDF101E92	csb_ary_dual-2
0xDFC6AC6B	csb_bogdan_dual-38
0xDFA79327	csb_callgirl_02_dual-37
0xDFF08783	csb_callgirl_02_p
0xDF35107C	csb_celeb_01_dual-1
0xDF997E0A	csb_denise_friend_dual-43
0xDFDC6528	csb_gustavo_dual-24
0xDF80AF2F	csb_hao_02_dual-1
0xDF64D131	csb_hugh_dual-5
0xDF9B1CE0	csb_jio_dual-2
0xDF732456	csb_jio_dual-26
0xDFF58316	csb_jodimarshall_dual-14
0xDF0CAC05	csb_johnny_guns_dual-21
0xDF941606	csb_malemp
0xDF888036	csb_mimi_dual-10
0xDF279F65	csb_mjo_02_dual-47
0xDFBDEFBF	csb_rafdeangelis_dual-29
0xDF139695	csb_tomcasino_dual-39
0xDF392CDB	csb_tomcasino_dual-8
0xDF41A191	csb_valentina_dual-49
0xDF7F1BEC	csb_yusufamir_dual-7
0xDFA74BF9	csm_st_clouds_box3x3
0xDF99641E	cst2
0xDF3D5070	cst4_elah
0xDF4ABB9C	csx_coastbigroc01_
0xDF24A49F	cut_sec_cig_lighter_flame-33
0xDF3CBB41	cut_sec_cig_weed_smoke-21
0xDF571B0A	cut_xm3_journey_wheel_dirt-50
0xDFC0CEB3	d5
0xDF09A080	d_ac11_ep_5_rcm_014-6
0xDF02DDD9	d_ac16_bar_5_rcm_p2_1-7
0xDFCB24C4	d_ac24_bar_3_rcm_00601-13
0xDF40C557	d_ac3_es_1_rcm_p3_01-0
0xDFAF1CC1	d_ac3_es_2_rcm_b_003-4
0xDF2B1D08	d_ac7_tunf_uni_swat_p1_t00_04-3
0xDF186A0E	damagetexture
0xDF704130	dangle
0xDF88E8DD	darts_chat_with_franklin
0xDF63263A	darts_dart_away
0xDF2AEC16	deferredalphacliptint
0xDFE8D647	deflight_lightstoscene
0xDFEBF9D7	desk_seated_door
0xDFF23B35	dh1_aqab
0xDFF92624	dh1_avaa
0xDF1E8B02	dhp1_afaa
0xDFE57E5D	dhp1_ajaf
0xDFF1880A	dixn_dance_a_dixon_face
0xDFA513DC	dixn_idle_cntr_kb_dix
0xDF56A8FC	dixn_idle_open_shrt_headphones
0xDF3694D3	dlc_heist_series_a_sounds
0xDF0A77C6	dlc_mp_apa_f_teeth_2_0
0xDF685652	dlc_mp_apa_m_special_0_1
0xDFAC756F	dlc_mp_arena_f_berd_0_15
0xDFCACA93	dlc_mp_arena_f_legs_12_13
0xDF738484	dlc_mp_arena_f_legs_5_15
0xDFBA29B4	dlc_mp_arena_m_feet_10_9
0xDF6E9061	dlc_mp_arena_m_jbib_11_7
0xDFC9B7D7	dlc_mp_arena_m_jbib_7_1
0xDF332CB0	dlc_mp_arena_m_torso_1_12
0xDF265BBA	dlc_mp_bh_f_special_4_4
0xDFBB9D07	dlc_mp_biker_f_decl_13_0
0xDFA2B55D	dlc_mp_biker_f_special_11_2
0xDF794231	dlc_mp_biker_f_special_14_0
0xDFD26372	dlc_mp_biker_m_pleft_wrist_2_0
0xDFFCB155	dlc_mp_biker_m_special_2_6
0xDF972083	dlc_mp_biker_m_torso_16_0
0xDF7F7CBE	dlc_mp_busi_f_berd2_7
0xDF842154	dlc_mp_busi_f_feet0_10
0xDF4A614B	dlc_mp_busi_f_legs1_5
0xDFEA211E	dlc_mp_busi_m_accs5_5
0xDFA0CB2C	dlc_mp_busi_m_legs0_5
0xDFB13FE1	dlc_mp_exec_m_feet_1_6
0xDF29837C	dlc_mp_fixer_f_legs_5_9
0xDF0A1300	dlc_mp_fixer_f_phead_1_7
0xDF5833C2	dlc_mp_fixer_m_peyes_1_11
0xDFB5FEAB	dlc_mp_gr_f_berd_1_17
0xDF5E286A	dlc_mp_gr_f_berd_3_3
0xDFEB8304	dlc_mp_gr_f_jbib_11_22
0xDFAB46B5	dlc_mp_gr_f_jbib_13_0
0xDF8B1766	dlc_mp_gr_f_special_10_12
0xDF5215C3	dlc_mp_gr_f_special_18_8
0xDFDBDF9F	dlc_mp_gr_f_special_5_3
0xDF81A484	dlc_mp_gr_f_torso_10_18
0xDF163477	dlc_mp_gr_f_torso_24_0
0xDF3D9771	dlc_mp_gr_f_torso_27_6
0xDF86C098	dlc_mp_gr_f_torso_28_8
0xDFA825A0	dlc_mp_gr_m_decl_5_9
0xDF7B94D0	dlc_mp_gr_m_jbib_16_16
0xDFA4F684	dlc_mp_gr_m_torso_10_6
0xDF0BB1B0	dlc_mp_gr_m_torso_21_18
0xDF31520E	dlc_mp_h3_f_phead_5_14
0xDF29E6EE	dlc_mp_h4_f_berd_1_1
0xDFB3732C	dlc_mp_h4_f_berd_3_4
0xDF8F352E	dlc_mp_h4_f_hand_0_2
0xDF8AE0D8	dlc_mp_h4_f_hand_1_14
0xDF9A91CE	dlc_mp_h4_f_jbib_3_14
0xDF99A7D7	dlc_mp_h4_f_teeth_9_1
0xDF4EE9E6	dlc_mp_h4_f_torso_7_0
0xDF90FAC1	dlc_mp_h4_m_berd_2_15
0xDFB30C71	dlc_mp_h4_m_hand_0_24
0xDF027536	dlc_mp_h4_m_jbib_4_21
0xDFED9253	dlc_mp_h4_m_peyes_2_4
0xDFDEC74D	dlc_mp_h4_m_peyes_3_11
0xDFD885A1	dlc_mp_heist_f_berd_20_0
0xDF41A45E	dlc_mp_heist_f_torso_24_1
0xDFB0AE5B	dlc_mp_heist_m_berd_19_6
0xDF921DA3	dlc_mp_heist_m_berd_21_5
0xDF21AAFD	dlc_mp_heist_m_berd_22_0
0xDFD8CD52	dlc_mp_hips_f_legs2_3
0xDF276371	dlc_mp_ie_f_berd_9_0
0xDF272F1A	dlc_mp_ie_f_jbib_17_17
0xDF6F2165	dlc_mp_ie_f_jbib_7_20
0xDFCFD42A	dlc_mp_ie_f_legs_5_1
0xDFB768F5	dlc_mp_ie_f_special_6_12
0xDFD2D584	dlc_mp_ie_m_berd_3_0
0xDFCD72FA	dlc_mp_jan_f_phead_0_1
0xDFFDE261	dlc_mp_jan_f_uppr_1_9
0xDF4EB4B9	dlc_mp_jan_f_uppr_3_5
0xDFD87FD5	dlc_mp_low2_f_jbib_4_4
0xDFEAB776	dlc_mp_low2_f_teeth_3_1
0xDFCB16F7	dlc_mp_low_f_special_4_2
0xDFE9AFD0	dlc_mp_lts_f_hand_6_11
0xDF92E3A2	dlc_mp_luxe_m_pears_6_0
0xDF8B31E6	dlc_mp_pilot_m_hand_1_16
0xDFB8E39A	dlc_mp_smug_f_phead_4_23
0xDF183442	dlc_mp_stunt_f_jbib_6_0
0xDF393984	dlc_mp_stunt_f_phead_10_15
0xDF5A68CC	dlc_mp_stunt_f_phead_6_8
0xDFFB8CAD	dlc_mp_stunt_f_special_4_6
0xDFB0FE62	dlc_mp_sum2_f_berd_10_2
0xDF0EE11E	dlc_mp_sum2_f_jbib_18_1
0xDFC6A82B	dlc_mp_sum_f_berd_1_0
0xDF3F77C9	dlc_mp_sum_m_jbib_7_23
0xDF629572	dlc_mp_tuner_f_jbib_11_12
0xDF739588	dlc_mp_tuner_f_jbib_11_18
0xDF93A11F	dlc_mp_tuner_f_jbib_14_13
0xDFCA8A8F	dlc_mp_tuner_m_decl_23_0
0xDFFB64DF	dlc_mp_tuner_m_feet_1_9
0xDFD4A4E2	dlc_mp_tuner_m_jbib_15_4
0xDFE4831C	dlc_mp_val2_f_jbib_0_0
0xDFBD0B9D	dlc_mp_val_f_jbib0_1
0xDF7ED9B3	dlc_mp_vwd_m_teeth_0_4
0xDF583948	dlc_mp_x17_f_berd_5_1
0xDF6EB851	dlc_mp_x17_f_decl_5_0
0xDF7477D9	dlc_mp_x17_f_feet_0_20
0xDFC54FA1	dlc_mp_x17_f_jbib_6_25
0xDF15F466	dlc_mp_x17_f_phead_3_19
0xDFAA58EF	dlc_mp_x17_m_feet_2_22
0xDFB31FFB	dlc_mp_x17_m_special_9_9
0xDF3D512E	dlc_mp_x22_f_feet_5_19
0xDFA018B5	dlc_mp_x22_f_jbib_30_4
0xDF283E17	dlc_mp_x22_f_phead_8_1
0xDFB5CC0F	dlc_mp_x22_f_pright_wrist_1_3
0xDFA44AE5	dlc_mp_x22_f_pright_wrist_2_13
0xDF2601EB	dlc_mp_x22_m_jbib_10_10
0xDF8EDCDD	dlc_mp_x22_m_jbib_10_7
0xDFF435DF	dlc_mp_x22_m_jbib_20_8
0xDFDF412E	dlc_mp_x22_m_jbib_26_8
0xDFF72027	dlc_mp_x22_m_phead_0_8
0xDFF83DFD	dlc_mp_x22_m_pright_wrist_2_3
0xDF9CA1CE	dlc_mp_x22_m_torso_10_4
0xDF282109	dlc_mp_x22_m_torso_8_19
0xDF5674D7	dlc_mp_xmas2_f_hand_4_4
0xDF6692C0	dlc_mp_xmas2_m_hand_8_3
0xDFE52102	dlc_mp_xmas3_f_berd_4_1
0xDFEB4208	dlc_mp_xmas3_f_berd_6_0
0xDF0E9C09	dlc_mp_xmas3_f_jbib_1_11
0xDF153B87	dlc_vw_am_tw_in_use_scene
0xDF594231	do_you_want_to_be_happy_1
0xDFBACDC0	door_trans_hinge_lr_sneak_r_cam
0xDF07335B	drf_mic_2_cs_1-84
0xDF7C96C2	drf_mic_3_cs_1-9
0xDFFA3AEA	drf_mic_3_cs_2-1
0xDF1B8175	e7f6
0xDF4D67CD	eagle
0xDFCE18EB	eject_smg_fp
0xDF7132F9	empty_facial
0xDF107D52	encountered.
0xDF0AAABD	ent_amb_fbi_smoke_land_med
0xDF4C113B	ent_amb_smoke_factory
0xDFF37A99	ent_dst_box_noodle
0xDF20B302	enter_bot
0xDF6C331E	enter_hei_prop_hei_keypad_01
0xDF5FBEC6	ep_3_rcm_alt1-11
0xDF5A848B	eps8_bgad
0xDF4E9DC8	equalizeamount
0xDFD010A0	ex_cash_scatter_03
0xDF6EC5B1	ex_mp_h_stn_chairstrip_011
0xDF732FBF	ex_prop_offchair_exec_04-25
0xDF52D494	ex_prop_safedoor_office1c_r
0xDFEE8FD7	exh_hatch_r_2
0xDF07CC31	exit_hooker
0xDFEFBA49	exit_peda
0xDF01A3A6	exiting
0xDF01B761	exl3_anaa
0xDFAF6AF3	exportcamera-48
0xDFBE541E	ext2_afaa
0xDFC716CF	ext4_asaa
0xDF7DB85A	f_bar_01_gawk_loop_03
0xDFFB0D19	fam1_bhae
0xDFB9326E	fam1_fnar
0xDF03CC04	fam3_caae
0xDF845CA6	fam3_ceae
0xDF14304F	fam6_btab
0xDF954697	famj_claa
0xDF1A216E	famj_cpaa
0xDFF8D621	famj_czaa
0xDF42AD61	famj_dtaa
0xDF767A43	farba
0xDFE9F69A	fatf_aoaa
0xDF2140BA	fatf_bdaa
0xDF097EAA	fatf_bnaa
0xDFF12F3A	fb_r_eye_002
0xDFABD5CC	fbi3_dhbl
0xDF650B48	fbi3_djau
0xDF084440	fbi5_gesture_what_hard
0xDFEFC24D	fbi_4_int_trv_react_steve
0xDF7C9F3C	fbipr_bwaa
0xDF457F05	fbis1_bqaq
0xDF1C2ABC	fbis1_cqak
0xDF01DB40	fbis4_inaa
0xDFF28B0C	fcfj_dfab
0xDF5D31B7	fcft_ctah
0xDF2560E7	fcft_czaj
0xDF7BF0B6	fcft_dian
0xDF04E8D9	fcft_djak
0xDFAC5A6A	fcft_dpag
0xDF788E92	fcft_ewab
0xDFE95B0E	fcftl_coal
0xDFBA3A59	fcftl_crac
0xDFD26B88	fcmf_cyae
0xDFD579F0	fcmf_eeaa
0xDF5D4C8D	fd8d9
0xDF94631B	felon2-5
0xDFD196B0	female01a_trans_female01b
0xDF6B44D3	female_pos_b_p2_weed_idle_03_lamar_strain
0xDF35C78D	female_pos_c_p1_weed_exit_lamar_strain
0xDFC3EFA2	fh3a_gsab
0xDF13114A	fifth_shot_base
0xDF71C231	fill_ac16_mph_tut_mid_p1_005-0
0xDFA23AA1	fill_ac5_mph_nar_mid_p2_002-8
0xDF3D3EF2	film_idle_peda
0xDF3B64BF	fin_1_destroy_trevor
0xDF5554AD	fires_started
0xDF98B9C1	fix_trip3_ext-26
0xDF867C4D	fkn0_cmam
0xDFC270C2	flag_fake_extralights
0xDF5D4C30	flatline_intro_hand_l
0xDF653708	flip_a_player_a
0xDFBB77BF	floyd_dh1_atad_01_g1
0xDF0C4D85	fm_1_ftab
0xDFB0350F	fm_rstar_f_tshirt_002
0xDF6A1218	fmf_ajad
0xDF567C61	fmfl_amaa
0xDFF57D9B	fmfl_amag
0xDFF4F0F3	fmm_ecaa
0xDFA190AA	fmt_buaa
0xDFBCCE5E	fnfl_axai
0xDF0433D7	fog_col_a
0xDF90DC5F	formation_active
0xDFB380D5	fos_ep_2_p3-12
0xDF1044E6	fourth_shot_base_facial
0xDF647669	fra2_002
0xDF8931EA	franklin_1_int-0
0xDF9EC3C8	freightcont2-5
0xDFC5DEB4	frlfb_aaaa
0xDF214374	frlfb_bfae
0xDF569E76	fucking_old_geezer
0xDF3CE19D	fusilade-13
0xDF62DF59	fusilade-30
0xDFBFA9AD	futo-8
0xDFCAF8F5	g_m_m_friedlandergoons_01_dual-14
0xDF4101FC	g_m_y_ballaorig_01_black_full_02
0xDFEEF0F8	gangboss_shootout_boss_one
0xDF93286E	garbage
0xDFE3FEEF	gawk_loop_croupier
0xDF733876	generators
0xDFAEDB2B	get_out_west
0xDF809C10	gfxvalue::objectinterface::setmember
0xDFA7A519	glightconeoffset
0xDF23E864	gr_prop_gr_crates_sam_01a-8
0xDF22F469	gr_prop_gr_jailer_keys_01a-12
0xDF4FF5AB	gr_prop_gr_jailer_keys_01a-23
0xDF3D613E	grass_batch_camera_aligned.sps
0xDF91C3F3	grenade_throw_success
0xDF18D0D0	grip_run
0xDF500F2F	ground_attack_90
0xDFE8FF91	gun_draw_23
0xDF955776	h4_mp_apa_yacht_jacuzzi
0xDFBC7BA7	h4_mp_h_acc_vase_04
0xDF1584AE	h4_prop_casino_blckjack_01c
0xDFA31B7F	h4_prop_h4_camera_01-32
0xDFC1115D	h4_prop_h4_files_paper_01a-47
0xDF43F999	h4_prop_h4_files_paper_01b-9
0xDFAE6F4F	h4_prop_h4_lights_05
0xDFA7500F	h4_prop_h4_rope_hook_01a-3
0xDF068C53	haird_cutt1
0xDF077AFC	hash_df077afc_equopvq_collision
0xDF0A4F93	hash_df0a4f93_jnqimqb_collision
0xDF53A11F	hash_df53a11f_aqlivhc_collision
0xDF7E1390	hash_df7e1390_aekeqtjj_collision
0xDFB38048	hash_dfb38048_kjujtky_collision
0xDFCC88F1	hash_dfcc88f1_fspekmb_collision
0xDF40D7E3	hc_gunman-12
0xDFDE4EBC	hei_heist_acc_artgolddisc_03
0xDFB36DC7	hei_heist_tab_sidesml_02
0xDFAA9B92	hei_prop_heist_off_chair-58
0xDFB0B13B	hei_prop_heist_transponder-1
0xDF244DAD	hei_prop_heist_trevor_case-20
0xDF007C62	hei_prop_heist_weed_pallet
0xDF97F49C	hei_prop_server_piece_lights
0xDF32FF86	heist_int-8
0xDFB4C533	hermes-42
0xDF35FC42	hs3_pln_int-36
0xDF61F8D3	hs4f_int-2
0xDFDC8E23	hs4f_main_ent-2
0xDF807B19	hud_def_blur_switch
0xDFD5E768	hump_exit_scene_franklin
0xDFAF98E7	hunt1_adaa
0xDF502192	hunt2_cyaa
0xDF9CC897	identshistorywriteindex
0xDFF3D54F	idle_03_franklinweed
0xDF5D5567	idle_2_hands_up_2h
0xDF7C8C25	idle_a_fuse
0xDFE07255	idle_b_player_facial
0xDF7B1775	idle_v1_singlemoneypage
0xDF596FB8	idle_v6_cocpress
0xDF690FDF	ig_37_guard_patrol_g2
0xDF4AD52F	ig_7_howcouldisayno_raspjam
0xDFF4F844	ig_celeb_01_p
0xDF61988D	ig_entourage_a_dual-19
0xDF3AB9D4	ig_fooliganz_01_dual-35
0xDFBDC929	ig_furry_dual-1
0xDF18D366	ig_furry_dual-25
0xDFE443E5	ig_lazlow
0xDFDA367A	ig_mimi_p
0xDF55DF47	ig_nervousron-8
0xDF5CE32B	iiu
0xDF1C9A9D	imp_prop_impexp_exhaust_06
0xDF16CBE9	imp_prop_impexp_tyre_02b
0xDF511B42	impexp_int
0xDFCB85ED	independence
0xDF84F48B	inner
0xDFB2B3B8	input_select_character_multiplayer
0xDFA9D65D	insult_ped_cop_conv06_part1
0xDF1B818D	insurgent2-8
0xDF3A1F65	intensity_typeb
0xDFB5C090	intro_s_m_y_valet_01
0xDFB3ADCB	jackal-9
0xDF6466AD	jeune
0xDF6B0E7E	jh_cyaa
0xDF031481	jhf_bhad
0xDFF53FC9	jhs1_atat
0xDF50CEEF	jhs1_axan
0xDF3BF0B3	joydapter
0xDFBA4E0A	key_lcontrol
0xDF2E7AEC	keycard_fail
0xDF3D37B1	kid
0xDFC06472	layout_standard_sultan3
0xDF5FCB06	leadout_josh
0xDF7005AA	lean_left_low
0xDF8EC294	lem1_iraa
0xDFA738B2	lem2_glac
0xDF233FB8	lem2_hfae
0xDF7D8D6B	lent
0xDF53F2D2	les1a_ajaf
0xDF5139D2	lguard-16
0xDF169AB1	lguard-45
0xDFB63ACC	light_investigation_v1_idcounterfiter
0xDFB14C5D	lighting/render
0xDF4F1578	loc_fyaa
0xDF100352	loc_ieaa
0xDFEB73DD	look_left_at_sheets_moneystack
0xDFFF90D9	look_plan_a_worker1
0xDF6D79D7	look_to_right_gr_prop_gr_part_mill_01a
0xDF79F1D1	loop_table
0xDF7F675B	lowbar_dlg_drunkgarbles_laz
0xDFE7956F	lowbar_drink_laz
0xDFF55389	lowspeedtractionlossmult
0xDF7B3F53	lr_enter_des_radiomast_03
0xDF1FF63A	lr_m_hair_003
0xDFFB3530	lsdh_2b_int-3
0xDF02C711	luxor-46
0xDFD1D52C	luxor2-5
0xDFC27EC8	m23_2_int4_m232_pipes
0xDF1226A0	m23_2_prop_m23_2_accs_01
0xDFB5A249	m24_1_mph_carrierstair_29
0xDF37D5F4	m24_1_prop_m41_blinds_open_01a-36
0xDFD30A49	m24_1_prop_m41_leaf_01a-25
0xDF2D02DE	m24_1_prop_m41_nameplate_01a-49
0xDF8A49E6	m24_1_prop_m41_plant_01a-53
0xDF515A57	m24_2_prop_m42_filebox_01a-35
0xDF93CC53	m25_1_int_01_glass_paint
0xDFE3151E	m25_2_east_dog_house
0xDFCA3D75	m25_2_int_01_ceiling_speaker_027
0xDF5206CD	m25_2_int_01_podium_room_glass02
0xDF797C71	m25_2_int_01_r_podium_blocker
0xDF2873E2	m25_2_prop_m52_door_front_door-97
0xDFCD6C73	m25_2_prop_m52_man_shut_wind-6
0xDFCA2564	m25_2_prop_m52_plaque_27a
0xDFB47967	m25_2_prop_m52_stack_pk_01c
0xDF6F60D7	mainlightinfo.coronaintensityfar
0xDF444F1E	male_epsilon_r2pvg
0xDF1293CE	male_pos_a_p1_weed_base_normal_weed
0xDFC498DC	male_pos_a_p2_weed_smoke_01
0xDF004C89	male_pos_c_lamar_strain_normal_weed
0xDF054862	male_pos_c_trans_p2_weed_to_lamar_ashtray
0xDFBA0FAB	manthisismeanttobe
0xDF830D31	map_roll_down
0xDFC14B1F	marineinfanterist
0xDFEC681A	mch1_acaf
0xDFF869AA	mch1_cdad
0xDF41D099	mch1_cgar
0xDF1D91FA	mch2_dkaa
0xDF94F913	mch2_ecaf
0xDFD05D94	mej1_btan
0xDF048738	melee@unarmed@streamed_core_psycho
0xDF91AB39	melee_damage_front_var_a
0xDFB5E610	menu_unique_id_header_pre_lobby
0xDF6460E4	menu_unique_id_replay_mission_activity
0xDF0940C3	mesa-50
0xDF5CBA2B	mesa3-5
0xDF87512C	met1_elab
0xDF7A0FF6	mgps_cnad
0xDFA3E344	mgps_djac
0xDFFB86E0	mgtn_awaa
0xDF3D84B4	mgtn_ecaa
0xDF93EA08	mic_1_mcs_2-19
0xDF737F08	mic_4_int-154
0xDF348D26	mic_4_int-168
0xDFF816FB	mine_placement_heavy_heeled_mine
0xDFD94533	minivan2-45
0xDFC1A6A5	misc.coronas.zbias.fromfinalsizemultiplier
0xDFB4B53C	misc.damageoverlay.fp.colortop.red
0xDF49DC5C	missarmenian3_tryopendoor
0xDF029197	missfinale_c2ig_8
0xDF1768FF	missheistfbi3bsmokegrenade
0xDF392334	missheistpaletoscore2mcs_2_pt1
0xDFA06B1C	misstrevor4leadinouttrv_4_int
0xDFB79535	mmb_1_rcm-8
0xDF6F8D9B	mo_voice_alert
0xDFBAF5D4	modularsynth
0xDF2CAFF5	moodm_deck_mf_10_turntable_right
0xDF1A359F	moodm_vinyl_left_la_22_facial
0xDF5A0197	moon_direction_y
0xDFADCFB3	moved
0xDF719C6C	moving
0xDF135800	mp_2023_02_tat_027_m
0xDF482D2F	mp_biker_tee_020_f
0xDF71FB5C	mp_broker_003_m
0xDF3FEFA6	mp_chianski_005_f
0xDFC48C49	mp_christmas2018_tee_053_m
0xDFF6BFF9	mp_christmas2018_tee_063_f
0xDFE57C90	mp_christmas2018_tee_100_m
0xDFCDA7CC	mp_deathmatch_intros@melee@2h
0xDF9401D5	mp_female_crew_tat_000
0xDF7CB9F2	mp_gunrunning_tattoo_004_m
0xDF4DF3A1	mp_heist4_tee_010_f
0xDF726874	mp_lr_tat_012_m
0xDF13AE54	mp_lr_tat_015_m
0xDFEB3F1A	mp_m_weapwork_01_dual-34
0xDF4B71BD	mp_mc_start_greyhound_8
0xDF890780	mp_post_match_transition_scene
0xDF8FE691	mp_security_tat_027_f
0xDF9A3AF8	mp_smuggler_tattoo_000_m
0xDFA1806C	mp_tuner_tee_007_m
0xDFC442F2	mp_val_m_tshirt_p
0xDF6F02A9	mp_vinewood_tat_011_m
0xDF836CB2	mp_vinewood_tee_013_f
0xDFF3DE08	mpcas2_int-13
0xDF959989	mpct_giaa
0xDFE27A96	mpct_gvab
0xDF37F496	mpct_kgaa
0xDFC23B9D	mph_hum_fin_ext-4
0xDF40AF7D	mph_hum_fin_mcs1
0xDF40E40F	mph_pac_fin_ext
0xDFC43851	mph_pri_fin_int-0
0xDF3517A8	mph_tut_fin_int-1
0xDF5C352D	mpheist3_tee_003_f
0xDF1201E9	mpsum_tee_002_m
0xDF351230	museu.
0xDFA0217E	networking
0xDF2C9D01	ng_proc_sodacup_01a
0xDF6B30D8	nhs1b_bwaa
0xDF075E09	nige3_brab
0xDFA9F269	nme_cue_idle_l_08_facial
0xDFF49B1F	nme_mix_idle_h_23_hp_table
0xDFF92719	nme_trans_away_to_offsetaway_a_3
0xDFF6F7D5	nme_unq_sync_d_26_coconutdrink
0xDFE831F3	normal_diffspec_tnt.sps
0xDFB42A92	normalmap
0xDFB7E20C	oat_fos_ep_1_p1_039-23
0xDF0C0056	oat_fos_ep_1_p1_047-25
0xDF6C3209	ojas_icab
0xDFC97492	onatn_ep_7_rcm_002-3
0xDFFF3DED	open_trunk_rushed_felon2
0xDF10701C	open_wheel
0xDFB8F3BE	outro_bottle
0xDF6533F5	p8_flinch_left_p_ld_heist_bag_s_1
0xDF533F4E	p8_glance_watch_solomun
0xDF7E7A66	p_attache_case_01_s-2
0xDFEC7767	p_banknote_onedollar_s-45
0xDFFA0391	p_cs_para_ropebit_s-0
0xDF2FC91D	p_finale_bld_ground_s-7
0xDFF20152	p_finale_bld_pool_s-50
0xDF1473D6	p_folding_chair_01_s-38
0xDFC8C62A	p_franklin_02_dual-23
0xDF0AC7DA	p_franklin_02_dual-56
0xDFDA5C3E	p_ilev_p_easychair_s-79
0xDF5D8BBD	p_ing_coffeecup_02-3
0xDF5F5658	p_loose_rag_01_s-16
0xDFA5DEA0	p_michael_02_dual-7
0xDF8A7012	p_michael_02_dual-72
0xDF1CB7EB	p_patio_lounger1_s-18
0xDFF0D5F4	pad_lstick_up
0xDF085FD0	pad_right
0xDFE8B69E	pamela_ig_1_p3_perhapsyouhaveseentheplay_5
0xDF89EA51	pamela_ig_2_imterribledarling_5
0xDFD82721	pap2_bev_route7
0xDF4625F5	pap2_bev_routec
0xDF79F60A	pap2_cmaa
0xDF97C91A	parcheggiatore
0xDF889370	pbbb_alac
0xDFF47A60	pbgr_ahaa2
0xDF12D10A	pbje_aeae
0xDF9634D5	pbpd_aiaf
0xDF0EF421	pbzb_ahac1
0xDFEEFB13	pdwd
0xDF224093	ped_a_hold_idle_male_c_glass
0xDFEDA1A7	ped_decal_expensive
0xDF1C43CA	peeing_outro
0xDF1BE629	pickup_briefcase
0xDF711959	pickup_weapon_carbinerifle
0xDF956B9C	place_bet_request_alt
0xDF96E13C	platform:/data/anim/clip_sets
0xDF55BDC8	player_zero_dual-9
0xDF0B3316	playthrough.
0xDF9A7F86	plyr_psycho_front_takedown_b
0xDF69C610	pm_incar_ih8u
0xDF7F9F33	policyjny
0xDFE176FD	poppy_incopcar_loop_popm
0xDF8450F9	popschedule
0xDF71FA97	pro_mcs_5
0xDFA48083	prologue01i
0xDF1A4DF7	prop_amb_phone-17
0xDF590875	prop_ammunation_sign_01
0xDF70D24D	prop_anim_cash_pile_01-8
0xDF9841D7	prop_asteroid_01
0xDF82C5D3	prop_binoc_01-31
0xDFB0893D	prop_bollard_01c
0xDF5DC6FD	prop_boombox_01-56
0xDF31C32B	prop_burto_gate_01
0xDF217CDC	prop_byard_tank_01
0xDF7D11DE	prop_champ_jer_01a-98
0xDF400987	prop_cigar_02-18
0xDF325E57	prop_com_ls_door_01
0xDF19C6F2	prop_cs_burger_01-13
0xDFCF39B9	prop_cs_ciggy_01b-43
0xDF8A736E	prop_cs_dog_lead_a_s-9
0xDF6E8ACE	prop_cs_dog_lead_c
0xDF75AF02	prop_cs_envolope_01-10
0xDFA2D984	prop_cs_hotdog_01-40
0xDF22754D	prop_cs_paper_cup-40
0xDF244FFC	prop_cs_shopping_bag-41
0xDF7C2295	prop_cs_tablet_02-9
0xDFA93E43	prop_curl_bar_01-12
0xDF14E826	prop_fnclink_02o
0xDF23E8CF	prop_fncwood_16d
0xDFF018EC	prop_food_bs_bag_01-34
0xDF4F2E32	prop_food_bs_bag_01-70
0xDF0C8F3E	prop_fragtest_cnst_09b
0xDFD03FF2	prop_freeweight_01
0xDFA2DA8E	prop_glass_stack_03
0xDF6D699D	prop_golf_ball-21
0xDF59FF80	prop_gravestones_01a
0xDFF68A19	prop_hard_hat_01
0xDFD5AAA1	prop_hwbowl_pseat_6x1
0xDFFE95C6	prop_ice_cube_01
0xDFDB51B8	prop_ind_light_01c
0xDF8C1FD4	prop_ld_dstplanter_01
0xDF9C0E69	prop_lrggate_01c_l-13
0xDF356D07	prop_mask_test_01
0xDF44BEFD	prop_med_bag_01b-24
0xDF5974FA	prop_med_bag_01b-30
0xDF6C9DD1	prop_metalfoodjar_002
0xDF58BAC8	prop_mp_halo_rotate_med
0xDFB4A418	prop_npc_phone-98
0xDF882164	prop_parkingpay
0xDF62859C	prop_pencil_01-18
0xDFAD9C32	prop_phone_cs_frank-23
0xDFC2B17A	prop_phone_ing_02-19
0xDF4CE04A	prop_plastic_cup_02-26
0xDF9809CD	prop_rag_01-21
0xDF430FE7	prop_rag_01-48
0xDF5F9F7F	prop_riot_shield
0xDF7530A2	prop_shots_glass_cs-11
0xDF851DD6	prop_t_shirt_ironing-0
0xDF22D168	prop_tequila_bottle
0xDF69FD62	prop_toilet_soap_01
0xDF608365	prop_tool_box_04-49
0xDF1AEAF5	prop_tool_pickaxe-19
0xDF5118DF	prop_tool_pliers
0xDF4518B8	prop_wine_bot_01-10
0xDFF610A5	proposition_to_bj_p1_male
0xDF03A214	ptrax_moody_switch_camera
0xDFFF2627	ptrx_trans_a_q_l_to_q_r_16_headphones_hp_head
0xDF229542	ptxu_liquid
0xDF3E6864	pull_tooth_ready_intro_pliers
0xDFE3DD40	put_on_mask_ps
0xDFF30975	pzf36
0xDF405B5E	radar_mp_friendlies
0xDFF10E2D	rage_default
0xDF9BD932	rampa_away_idle_h_11
0xDFC36217	rampa_bch_unq_sync2_a_59_t_bottle
0xDF4BD65E	rampa_cue_idle_a_01
0xDF2F7435	rampa_cuedance_idle_h_11_v2_hp_head
0xDF7D6438	rampa_mixsway_idle_d_04_v2_s_glass_03
0xDF25CF96	rampa_trans_away_to_hpgrab_sync_a_05_v2_tumbler
0xDFB671F1	rampa_trans_cue_to_cuedance_a_03_end_tumbler
0xDF672BF9	rampa_trans_mix_to_mixhpdown_a_05_v2_tumbler
0xDF4CB5E5	rampa_trans_mixdance_to_mix_a_04_hp_head
0xDF8F63D8	rampa_unq_sync_b_27_hp_table
0xDFDBA632	rb_rf_jacket
0xDFAB13BD	rbh2a_gjaa
0xDF62FD8C	rbh2a_mlai
0xDF1FD822	react_lose_05_cam
0xDFBE9057	reaction_03
0xDFAEDC1E	rearr_afaa
0xDF78275C	received_clone_sync
0xDF8D1376	regina-16
0xDF9AEE34	rehh2_aeaa
0xDF118C44	rehh3_cdaa
0xDFE0BB79	remg1_aiaa
0xDF2FA472	remotesniper
0xDF898540	report_myself_event
0xDFC24521	rsgucoeryw
0xDF9D51BC	rurs1_cpap
0xDF23CD83	rurs1_cuaa
0xDFFDDD6C	rurs1_dnaa
0xDFC34B36	rurs1_ejap
0xDFC17792	russ_leadin_loop
0xDF113998	rv
0xDF67922B	s_f_m_sweatshop_01_dual-24
0xDFF688F0	s_m_m_fiboffice_02_dual-64
0xDFCFCB32	s_m_m_highsec_04_dual-36
0xDFD100EF	s_m_m_highsec_04_dual-5
0xDF6B51A7	s_m_m_studiosoueng_02_dual-6
0xDFA5D77B	s_m_y_fireman_01-35
0xDFD88415	saem
0xDF95C7EA	safety_boxintro
0xDF704ACB	schultergelenk
0xDFEDCB13	scissors_hair_cut_a
0xDF5FE279	sclub_efaa
0xDF6A0BFE	scr_as_trap
0xDF0F1244	scr_oddjobassassinmulti
0xDFF2F4D1	scr_sb_hal_zom_spawn_dirt_slow
0xDF77C5ED	scr_xm_stealcar_cargo_exhaust
0xDFD624F6	script/dev
0xDF1C411A	se_dlc25-2_mansion_trophy_room_loc_2
0xDF6944B8	se_mp_apt_8_2
0xDF0440BA	se_xm3_dlc_lab_radioemitter_exterior
0xDF0733C3	select_start_grid_position
0xDF9DC862	servire
0xDFE34E4A	set_blocking_of_non_temporary_events
0xDF88554F	sf_prop_sf_apple_01b-43
0xDF4CD365	sf_prop_sf_bag_weed_open_01a-39
0xDFCE31B3	sf_prop_sf_door_com_r_06a-33
0xDF225A85	sf_prop_sf_door_office_l_01a-57
0xDFB59818	sf_prop_sf_door_stat_r_01a-58
0xDFB624E6	sf_prop_sf_filter_handle_01a-73
0xDF07AA18	sf_prop_sf_golf_bag_01b-6
0xDF6B7FC8	sf_prop_sf_monitor_stu_01a-28
0xDF3CC7AF	sf_prop_sf_s_mixer_02b-13
0xDFAB84D7	sf_prop_sf_scrn_drp_01a
0xDF7F5F96	sf_prop_sf_sofa_chefield_01a-4
0xDF5BC432	sg_save_ovrwrt2
0xDF6D8428	shockev
0xDFAE07B2	slicker
0xDF364526	slipstream_master
0xDFECD7B1	snow_loose
0xDF22AEFA	sogar
0xDFE77781	sol1_byaa
0xDFF00BB2	sol1_ccal
0xDFF7D542	sol5_cdap
0xDF3D4022	sol_5_mcs_2_p5-7
0xDFA2202D	sol_dance_c_headphones_neck
0xDF5703BB	sol_idle_ctr_mid_c_sol
0xDF30D2B2	sol_idle_left_b_headphones_neck
0xDFA0987A	sp_f_lowr_13_11
0xDF4AC561	sp_f_lowr_7_11
0xDF0CD5C6	sp_m_eyes_0_1
0xDF2FCD5C	sp_m_feet_14_3
0xDF33BB13	sp_m_feet_6_6
0xDF5F20C7	sp_m_jbib_10_2
0xDF2C20CB	sp_m_lowr_9_9
0xDFA54D84	special_ped@andy_moon@trevor_3@trevor_3a
0xDFE46E95	special_ped@bill@franklin_1@franklin_1a
0xDF65C7AA	special_ped@clinton@monologue_2@monologue_2c
0xDF1D08B6	special_ped@jessie@monologue_5@monologue_5e
0xDFEBC41F	spots_oatfos_ep_1_p1_002-9
0xDF869348	sr_prop_special_bblock_lrg2
0xDFC3CAA6	stabilizeriflestock
0xDF1E54C4	stafford-0
0xDF2D7CF3	stagd_ehaa
0xDF8B81C9	step_long_90_face_-90
0xDFD5BAC5	strip_announce_chastity
0xDF7B1B6E	stt_prop_hoop_small_01
0xDF7F5979	stt_prop_ramp_adj_flip_m
0xDF90308C	stt_prop_track_straight_bar_m
0xDF8F76DD	stt_prop_tyre_wall_0l019
0xDF3A0CD0	stunt_draw_4
0xDF928EEE	sub_int-12
0xDF2B1E0F	subj_ext-11
0xDFB8FB2B	subj_mcs1-20
0xDFCAB04D	surge-50
0xDF8BF4F0	switch@michael@goodbye_to_jimmy
0xDFBD4D3C	t1m1_gtaa
0xDFF03C87	tale_end_bg_male2_face
0xDF9962F5	tale_start_bg_female2_face
0xDF457098	task_plane_goto_precise_vtol
0xDFC68427	technical-20
0xDF3728D6	tennis_outro_win_03
0xDF45A0F0	text_idle_03_phone
0xDF18B2DD	time_19_00
0xDF05405C	tm44_csaa
0xDF4EA937	tmom_2_rcm-0
0xDF7167F6	tooth_ping
0xDFCD84F1	torquecutoff
0xDFA132BA	tow_ejaa
0xDFD81436	tow_jbae
0xDFBCC53B	tow_kkaa
0xDFFE11BB	tp_010
0xDF021824	tr2_zjac
0xDF05011F	tr_prop_tr_coke_powder_01a-7
0xDFEE75DE	tr_prop_tr_roller_door_01a-10
0xDF3023C7	tr_prop_tr_skidmark_01a-3
0xDF336740	trans_pose_d_to_a_a_m_y_vinewood_01
0xDFB9B7EC	transparent
0xDFE04BEF	triathlon_ves_racer1
0xDF0C67EB	trunk_action
0xDF0FBFE7	trv3_diac
0xDF44D60A	trv3_gbaa
0xDF57B4D3	trv3_gcad
0xDFD4FA57	tunf_iaa_mcs1-8
0xDFA8E896	tv_idle_b_remote
0xDFB3A3C4	txm12_amaa
0xDFB1D408	txm2_cwaa
0xDF918775	txm2_emad
0xDF1305AF	txm2_epab
0xDFFE4F9E	txm3_eoab
0xDFEA0531	txm6_aiab
0xDFEED700	txm9_eoac
0xDFAAC787	u_m_m_promourn_01_dual-1
0xDF9796D0	unload_lh_02_gr_prop_gr_drillcage_01a
0xDF35E6AE	unload_ll_02_gr_prop_gr_speeddrill_01c
0xDF60D495	unlock_exit_door
0xDFDF5BCB	uznali
0xDF4D35F5	v_16_frankstuff003
0xDF99348C	v_28_ha2_dirt
0xDF0CDBF3	v_31a_cablemesh5777678_thvy
0xDF04EF78	v_44_cablemesh3833165_tstd022
0xDF5AA541	v_58_soloff_gchair-2
0xDF8F715D	v_corp_offshelfdark
0xDF1F1F22	v_ilev_cd_door2
0xDF9AFEE8	v_ilev_dev_door
0xDF1ACB30	v_ilev_fib_door1_s-48
0xDFE77C3B	v_ilev_fib_door3
0xDF2E5FA8	v_ilev_gcshape_hvyrif_25
0xDFBB252B	v_ilev_ml_door1-19
0xDFC92840	v_ilev_mm_doorm_l-21
0xDF9AE350	v_ilev_ph_gendoor003
0xDF159EAC	v_res_d_armchair
0xDFF167C8	v_res_tt_plate01-12
0xDFC450E6	v_ret_fh_dinetable
0xDF1062AB	v_tre_sofa_mess_a_s-5
0xDFD21861	van_get_out_franklin
0xDF1D845A	variation_c
0xDFB3F372	vector4_array
0xDFE51DA1	veh@drivebytight_low@ds_restricted
0xDF85D27A	veh@std@z_type@ds@enter_exit
0xDFA9E5F5	veh_exhaust_car-19
0xDF53306D	vehicle_lights
0xDFCAF8A4	vehicle_weapon_menacer_mg
0xDF4EA041	vehicle_weapon_turret_patrolboat_50cal
0xDFEE15F7	vehicles_tornado_interior
0xDFB421D3	veui_ed_mk_speed
0xDF5C8231	veui_upload_link_success
0xDF0B5AE1	vw_prop_casino_art_horse_01a
0xDF7545F6	vw_prop_casino_art_pill_01b
0xDFF7AC25	vw_prop_vw_box_empty_01a-25
0xDF6C78A2	vw_prop_vw_wallart_24a
0xDF789B8E	vx4fm3vf1r
0xDFE42219	w_ar_assaultrifle-74
0xDF9DAC46	w_ar_assaultrifle_mag1-59
0xDFFBA644	w_ar_bullpupriflemk2_mag1
0xDFCDB7FB	w_ar_carbinerifle-29
0xDF3AE7C5	w_at_ar_afgrip
0xDF7E11E3	w_me_bat-26
0xDF475503	w_me_switchblade-35
0xDFDECA4C	w_mg_combatmg_luxe_mag1
0xDF4F9CFA	w_mg_combatmg_mag1
0xDF5024CD	w_pi_appistol_mag1-12
0xDF0C322A	w_pi_ceramic_mag1
0xDF748687	w_sb_assaultsmg_mag2
0xDF048907	w_sb_compactsmg_mag2
0xDFD50AC5	wait_for_me_drunk
0xDF1555F5	waiting_b_crew2
0xDFC455A7	walk_switch_to_strafe_bwd_cw_lf_180
0xDF98B401	walk_turn_r3
0xDF693ABD	wapgrip_2
0xDF8E89EB	weapon_fire
0xDFE37640	weapon_switchblade
0xDF4D50BF	weapons@first_person@aim_rng@p_m_zero@sniper_rifle@musket@fidgets@a
0xDF89E0D3	weapons@first_person@aim_scope@p_m_zero@submachine_gun@shared@aim_trans@scope_to_rng
0xDF3D91B0	weed_avaa
0xDF26BEC9	weed_bcae
0xDF220479	windsor2-84
0xDF152B89	work/checks
0xDF6C33AE	x5
0xDF13B682	xm25_mansion_intc-28
0xDF14D5BD	xm25_mansion_intc-69
0xDFB953F2	xm25_mansion_intc-95
0xDF79BB19	xm3_drg1_bmx_int-51
0xDF3F43EE	xm3_drg2_cook_mcs1-35
0xDFF3BD53	xm3_int1_light_ceiling_22_02
0xDFFAD942	xm3_int3_lights_lp002
0xDFF549C3	xm3_mpchristmas3_additions_trainb5
0xDF5C4040	xm3_prop_xm3_bag_coke_01a-18
0xDF790E4D	xm3_prop_xm3_coke_spoon_01a-36
0xDF55010D	xm3_prop_xm3_coke_spoon_01a-78
0xDF9BC1A3	xm3_prop_xm3_hat_ron_01a-35
0xDFB581E3	xm3_prop_xm3_helmet_01a-4
0xDFBA7A9B	xm3_prop_xm3_pill_01a-71
0xDF483DF2	xm3_prop_xm3_pouch_01a-56
0xDFC9F8B6	xm4_rob_ship_mcs1-2
0xDFE809C8	xm4_rr_fin_mcs2
0xDF70FF93	xm_int_prop_tinsel_truck_main
0xDFBA0925	xm_prop_iaa_base_door_01-5
0xDF400839	xm_prop_iaa_base_door_01-9
0xDFECAAC6	xm_prop_x17_b_glasses_01-20
0xDF435615	xm_prop_x17_bag_01a
0xDF257621	xm_prop_x17_coffee_jug-37
0xDF8EC65A	xm_prop_x17_corp_offchair-21
0xDFEAC702	xm_prop_x17_corp_offchair-29
0xDFF7CC31	xm_prop_x17_cover_01
0xDF626F69	xm_prop_x17_laptop_avon-22
0xDFD971AF	xm_prop_x17_laptop_avon-31
0xDFC47179	xm_prop_x17_laptop_avon-33
0xDFA92DB3	xs_arenalights_track_dyst06
0xDF52B67D	xs_p_para_bag_arena_s
0xDF6B1251	xs_prop_arena_jump_s_01a
0xDFAAD903	xs_prop_arena_whiteboard_eraser-19
0xDFA8CC3D	xs_prop_scifi_01_lights_set
0xDF802E73	xs_propintarena_structure_c_04c
0xDFE81BE0	xtra_berd_l_02
0xDF9B43F7	xxm
0xDFE54C35	youga2-58
0xDF0B3F27	zeroweight
0xDF261DA4	zqjoo
0xDFFD83F1	ztoztl
