0xE5CD2B4F	001922_01_fras_v2_3_snacking_exit_cam
0xE505754E	08_this_is_fine_desk
0xE5999040	0x4ce68ac
0xE5817B0F	0xa5e0b3f
0xE56188CA	11_done_yes_ahh_mouse
0xE5FE6B12	225_turismo2_modkit
0xE52E384F	282_kamacho_modkit
0xE518EF0E	32-bit
0xE5363FBD	334_rcbandito_modkit
0xE5427792	497_vigero2_modkit
0xE56F5287	534_stingertt_modkit
0xE5DD60A6	8satvnkpxz
0xE5E4D766	_tt
0xE5817C8B	a_f_y_beach_01-3
0xE5825F83	a_f_y_beach_01_dual-5
0xE5CD9217	a_f_y_beach_02_dual-12
0xE5D3545D	a_f_y_clubcust_04_dual-11
0xE5F750C0	a_f_y_fitness_01-38
0xE5C473B2	a_f_y_fitness_01_dual-17
0xE539FA59	a_f_y_fitness_01_dual-41
0xE561064C	a_f_y_tourist_02_dual-53
0xE53DAB11	a_m_m_genfat_01_latino_full_01
0xE51ECED4	a_m_y_stbla_01_dual-40
0xE5F2F88A	acero
0xE57C77C5	action_01_heeled
0xE5222FF8	action_05_dj_deck
0xE568D953	action_carry_box
0xE5C531DB	action_kosatka
0xE5AD12FE	acult_asab
0xE5EC0F0B	adam_trans_away_to_cue_e_07_hp_table
0xE5DD69DE	adam_unq_sync2_a_42
0xE55E3FE2	adam_unq_sync_g_35_tumbler
0xE54D3575	af_extract_initial_offset
0xE5DF0FC3	agi
0xE590BDC9	ah3b_ceaa
0xE559B02F	ah3b_get_to_van_rt
0xE5E36961	ah_3b_helicopter_missile_cutscene
0xE568E5D6	alt5
0xE5B4E0EA	amb@incar@male@patrol@idle_a
0xE5E2ADE7	amb@prop_human_atm@female@idle_a
0xE5921337	amb@prop_human_seat_computer@male@base
0xE5B221ED	amb@prop_human_seat_deckchair@male@exit
0xE5B7635C	ambient_tv_64
0xE5A7B47C	andy_ig_5_didyouseethem_4
0xE5A39F4A	anim@amb@carmeet@checkout_car@male_b@base
0xE56A6B7C	anim@amb@casino@brawl@reacts@hr_blackjack@bg_blackjack_breakout_t04_s02_s04
0xE5DD2ED2	anim@amb@code_human_patrol@male@2h@enter
0xE5775EF0	anim@heists@fleeca_bank@hostages@ped_d@door
0xE5EAE45C	anim@move_action@generic@space_cannonupper
0xE553F951	anim@mp_corona_idles@female_b@base
0xE525166C	anim@mp_fireworks
0xE527F2DD	anim@mp_freemode_return@m@fail
0xE5462EEB	anim@mp_player_intincarjazz_handsbodhi@rps@
0xE5E01C34	anim@mp_player_intupperbanging_tunes_left
0xE5AA8FA3	anim@scripted@npc@mission@pln_ig4_cargo@
0xE5B9DC9B	anim@scripted@ulp_missions@players_hacking@passenger_back@male@
0xE52882FF	anim_ac53_fos_ep1_p6_00-22
0xE50182AD	anim_ac53_fos_ep1_p6_00-24
0xE533D4F8	anim_ac69_fos_ep1_p6_02-23
0xE50A5CF7	anim_ac82_fos_ep1_p6_00-22
0xE57698CF	anim_casino_b@amb@casino@games@blackjack@ped_male@regular@02a@play@v02
0xE59917E3	anim_corona_oat_fos_ep1_p6_14-19
0xE5CC41BD	anim_corona_oat_fos_ep1_p6_16-22
0xE555AF30	anim_corona_oat_fos_ep1_p6_17-33
0xE5A32AA3	anim_oat_fos_ep1_p6_048-35
0xE5D8081B	anim_oat_fos_ep1_p6_049-27
0xE51C58E9	anim_oat_fos_ep1_p6_050-15
0xE52FE966	anim_oat_fos_ep1_p6_09-29
0xE5C73DFE	anim_oat_fos_ep1_p6_23-18
0xE5979C3F	anim_oat_fos_ep1_p6_27-4
0xE50C047A	anim_oat_fos_ep1_p6_29-16
0xE56A16D2	animl_aaay
0xE5722C35	animl_ajal
0xE59AD048	animl_aqab
0xE5341614	animl_bpae
0xE5E424B0	animl_buae
0xE560CAE4	animl_bwad
0xE514E7C2	animl_crad
0xE5E39A58	animl_dsak
0xE5285705	animl_fqac
0xE5E69749	animl_fvag
0xE59A81C6	animl_gyag
0xE57D2DBB	apa_v_mp_h_02_c
0xE5FA31DB	ar_dlc_heist_police_station_lines
0xE58C0D94	ar_prison_screams_03
0xE58F7142	ar_xm_dlc_v_tower_v_25_obs_deck_rm_hdd_02
0xE530A382	arenaemp_blend
0xE5713271	arm1_aeab
0xE5C29C1C	arm1_agaa
0xE51BAA4F	arms_jvaa
0xE50FD32B	asbo-56
0xE53B32FE	asdfghjkl
0xE510DF3C	aud_tag
0xE58B5C60	aw_fade_in_radio
0xE54CB1CC	az_dlc_h4_ih_coastal_08
0xE5DD009D	az_dlc_xm_int_facility_server_group_west_05
0xE5B18565	az_music_santamonica_03
0xE54B98E2	az_music_sunset_07
0xE5F7F6D2	ba_prop_battle_glowstick_01-6
0xE56A1279	ba_prop_battle_ice_bucket-36
0xE54306A2	ba_prop_battle_lights_content
0xE5EA2248	ba_prop_door_club_trad_generic-90
0xE5A81203	ba_prop_door_elevator_1r-71
0xE5B2DEE0	babci
0xE5A2BB4C	bank_request_event
0xE5BBEA2A	bb1_baas
0xE5416426	bb2_aoaa
0xE548D37D	benchmark
0xE521A44D	betidle_press_betone_b_face
0xE5102154	binary
0xE5F1A59F	bkr_prop_coke_fullmetalbowl_02
0xE5BD56D4	bkr_prop_coke_pallet_01a
0xE5BA6858	blazer4
0xE5EBC699	blips
0xE540C3D2	blocking
0xE5DBCD3A	bmad_out_soldix_in_b_bg_female3
0xE540E3EE	bmx-0
0xE5899469	bmx-18
0xE5AFF7E1	boardroom_exitloop_m_a
0xE503C75F	bot_01b_bit_02-22
0xE54525A8	bs2b_adaa
0xE54DFDFD	bs2b_fvaa
0xE577BB4D	bs2b_zaaa
0xE50F18D5	bs_1_int-10
0xE5C42B85	bspra_amaa
0xE5998DC0	bul_sand_loose
0xE5C4E26F	cable.sps
0xE54BD654	call_to_text_transition
0xE5E8AA19	camarero
0xE5312CC3	camera_online
0xE59B9921	car4_radio_2
0xE5B00A7F	car_2_steal_the_car
0xE5F59837	car_knockout_cam
0xE5C6EE6F	careful_3
0xE5563B16	cas_vincent_pvg
0xE52EDAE3	casino_item
0xE5188F9B	cavalcade-45
0xE5DB135C	cbrad_anae
0xE5B9677E	cbrad_dpad
0xE5C1879E	cellphone_call_listen_base
0xE5422C24	ch1_05_vinegrapes_04
0xE5358D20	ch1_09b_vinegrapes_61
0xE593DE05	ch_prop_arcade_street_01d_off-37
0xE52FFB62	ch_prop_ch_ld_bomb_01a
0xE584EF6E	ch_prop_marker_01a-38
0xE5B4CB0D	ch_prop_swipe_card_01a-16
0xE56909BC	ch_prop_whiteboard-28
0xE5F0515C	cham_spray_c_champagne
0xE5439E9C	chatc_bhab
0xE5A8E155	chatc_bqac
0xE57D4047	chinese_2_int-0
0xE5C12FBF	chute_idle_left
0xE5FD404E	clamp_right_loop_player
0xE5679149	clear_chips_zone1
0xE5534744	club_intro2-37
0xE51794DB	codename_v
0xE5CA8D22	coke_cut_v4_creditcard
0xE50603A8	combustioni
0xE502AB6B	component_at_scope_macro_02_smg_mk2
0xE550A3E0	component_bat_varmod_xm3_05
0xE50C424D	component_carbinerifle_mk2_camo_04
0xE5C6FD26	condition.
0xE5828EA9	configurebullets
0xE57C3B35	convert_to_ambient
0xE56B2152	coquette-54
0xE5EDC59F	corona_oatfos_ep_1_p1_020-1
0xE55FC9E2	corona_oatfos_ep_1_p1_026-3
0xE5137C3F	counter_measures
0xE5692A2E	country.
0xE58153B3	cover@idles@ai@1h@low@_c
0xE5B06C8C	cower_right_enter
0xE5A8A214	cpacketentityshotfx
0xE523C9B7	cpacketmaterialbangfx
0xE5A3E67B	cpacketvehicledoorupdate
0xE5D7AF85	cpv_only
0xE5D2019E	crate_box_1_tb_3
0xE552B88E	crew_logo_tuner_1
0xE51CA204	crew_name
0xE594C6A2	crowddance_hi_13_shimmyhump_horse
0xE5E06C2F	cs1_02_cf_offmission
0xE5B018AD	cs_arena_car_exhaust-21
0xE57B9138	cs_fam4_fridge_door-37
0xE5B302C1	cs_guadalope_dual-51
0xE590C6D8	cs_jimmyboston_dual-14
0xE5299BF9	cs_jimmydisanto2_dual-14
0xE5C3A264	cs_josh_dual-5
0xE5ACE594	cs_lamardavis_02_dual-64
0xE503085B	cs_lamardavis_dual-36
0xE5D6C8B1	cs_lazlow_dual-6
0xE553A792	cs_lestercrest_3_dual-6
0xE574E0FE	cs_lifeinvad_01_dual-6
0xE56A580A	cs_mich2_blood_head_leak
0xE5D48DDD	cs_mrsphillips_dual-19
0xE5E257B0	cs_paper_dual-6
0xE50FFD4C	cs_patricia_02_dual-10
0xE5E10226	cs_patricia_02_dual-22
0xE5BDF2A8	cs_stretch_dual-7
0xE5DD7738	cs_x_rubmede
0xE5813B51	cs_xm24_titan_engine_trail-0
0xE54A3781	cs_xm_cig_smoke-39
0xE5E4B4B8	cs_xm_pred_cloak_full-1
0xE55CC9A8	csb_callgirl_01_dual-84
0xE55A94BC	csb_denise_friend_dual-23
0xE526570F	csb_djblamadon_dual-14
0xE5115C34	csb_faber_02_dual-16
0xE5396004	csb_faber_02_dual-51
0xE5164E96	csb_golfer_b_dual-53
0xE5265813	csb_huang_dual-8
0xE530FB6D	csb_jamalamir_dual-59
0xE551C3A7	csb_miguelmadrazo_dual-33
0xE5C1D2B9	csb_paige_dual-4
0xE54F6D44	csb_stripper_01_dual-6
0xE5360ECA	csb_undercover_dual-18
0xE5E69BB2	csb_valentina_dual-6
0xE5A8E87E	cst3_dbab
0xE5ED62C2	cst4_caad
0xE51C9DE2	csx_seabed_bldr8_
0xE57B6250	cult_p7_trv
0xE59A9C5B	cult_p7_victim_02
0xE507493A	cut_hs4_champagne_pour-15
0xE522EE90	cut_mpcas_champagne_pour
0xE59F0CC5	cut_mpcas_helicopter_downwash
0xE5BF0CA0	cut_sec_golfcart_wheel_debris-32
0xE594B518	cut_sec_veh_exhaust_car-38
0xE528CD7F	cut_sec_veh_tire_smoke-33
0xE58A5ECE	cut_tired_v1_coccutter
0xE52D41BE	cut_tn_meet_burnout_smoke
0xE5953818	cut_xm3_plane_disturb_dust-2
0xE54E7F2E	d_ac1_fin_c_ext_p2_01-5
0xE523B63F	d_ac24_bar_3_rcm_00601-5
0xE5C7278A	d_ac3_hs4f_drp_off_p1_t02_00-3
0xE5A90F5B	d_ac6_sol_1_mcs_2_009-2
0xE562C9E3	d_ac_15_nmt_2_mcs_2_01-2
0xE57F8902	darts_ig_intro_alt1_player_1_face
0xE5A5C8EB	davey_is_the_life_and_soul_facial
0xE53C7809	ddy4tbejtj
0xE51DC097	density
0xE56F8B3F	des_aquaduct_root
0xE544B28F	df_stop_for_cars
0xE56EBC98	dh1_dpad
0xE51F703A	dh2b_dabh
0xE5A8C200	dive_sprint_turn_r2
0xE5F70416	dixn_idle_cntr_gb_glass
0xE5535D87	dixn_intro-4
0xE58C583C	dlc_aw_airhorn_01
0xE5F22953	dlc_cm2022/cm2022_generic_01
0xE534F20F	dlc_gr_bunker_interior
0xE536CF9D	dlc_mp_apa_m_legs_1_4
0xE5C9C1BB	dlc_mp_ar_f_feet_0_4
0xE5C07F2B	dlc_mp_arena_f_feet_7_0
0xE55A14B9	dlc_mp_arena_f_legs_3_0
0xE56C9FFC	dlc_mp_arena_f_special_0_3
0xE5DDE1F7	dlc_mp_arena_m_feet_6_11
0xE563D357	dlc_mp_arena_m_legs_12_8
0xE5D7AA83	dlc_mp_arena_m_legs_4_17
0xE512B029	dlc_mp_arena_m_special_3_11
0xE599AF65	dlc_mp_ass_f_legs_0_0
0xE51440D6	dlc_mp_beach_m_head0_2
0xE53E2F01	dlc_mp_bh_f_jbib_16_20
0xE590491F	dlc_mp_bh_f_jbib_2_1
0xE56CC02A	dlc_mp_bh_f_jbib_6_8
0xE5E00D8B	dlc_mp_bh_f_special_11_3
0xE56AFD16	dlc_mp_bh_f_special_1_8
0xE55965EB	dlc_mp_bh_m_jbib_5_21
0xE5FBA63B	dlc_mp_bh_m_special_2_10
0xE55B6D46	dlc_mp_biker_f_feet_7_4
0xE5537F36	dlc_mp_biker_f_special_17_21
0xE57E3691	dlc_mp_biker_m_phead_0_3
0xE546DC6E	dlc_mp_busi2_m_accs2_4
0xE54853E7	dlc_mp_busi_f_berd0_4
0xE51C7F1A	dlc_mp_busi_f_legs0_8
0xE56DAC21	dlc_mp_busi_m_accs5_3
0xE5DE8F6C	dlc_mp_busi_m_hair1_3
0xE560A93D	dlc_mp_exec_f_jbib_10_1
0xE5B6EF46	dlc_mp_fixer_f_jbib_8_21
0xE5D9EF98	dlc_mp_fixer_f_jbib_8_23
0xE5940F6D	dlc_mp_gr_f_jbib_11_14
0xE55DCC60	dlc_mp_gr_f_jbib_13_16
0xE5E0C3E3	dlc_mp_gr_f_jbib_22_9
0xE524E169	dlc_mp_gr_f_jbib_6_22
0xE5FE4114	dlc_mp_gr_f_phead_2_15
0xE520DBAF	dlc_mp_gr_f_phead_3_16
0xE560A720	dlc_mp_gr_f_special_20_2
0xE51D1272	dlc_mp_gr_f_special_7_13
0xE5B38965	dlc_mp_gr_f_torso_13_8
0xE51CC836	dlc_mp_gr_m_berd_5_0
0xE53897B5	dlc_mp_gr_m_jbib_18_0
0xE56CDC13	dlc_mp_gr_m_special_4_13
0xE5D894A1	dlc_mp_gr_m_torso_11_5
0xE59C5F0D	dlc_mp_gr_m_torso_6_1
0xE53D4F35	dlc_mp_gr_m_torso_7_11
0xE5A6F70F	dlc_mp_h3_f_berd_6_2
0xE514879A	dlc_mp_h3_f_jbib_9_7
0xE5CDEEB8	dlc_mp_h3_f_special_8_16
0xE5935137	dlc_mp_h3_m_phead_5_0
0xE5DFB0E8	dlc_mp_h3_m_special_9_4
0xE5726792	dlc_mp_h4_f_hand_3_7
0xE55EC25F	dlc_mp_h4_f_jbib_2_17
0xE5A6708E	dlc_mp_h4_f_peyes_2_1
0xE5CE0493	dlc_mp_h4_f_special_2_19
0xE5271FCB	dlc_mp_heist_f_berd_22_6
0xE5546846	dlc_mp_heist_f_torso_41_1
0xE580189F	dlc_mp_heist_m_legs_0_0
0xE53A2E93	dlc_mp_hips_m_accs3_5
0xE51A7C59	dlc_mp_hips_m_feet1_0
0xE5CB6BEC	dlc_mp_ie_f_jbib_5_10
0xE5AB426E	dlc_mp_ie_f_jbib_7_5
0xE586A818	dlc_mp_ie_m_feet_0_3
0xE5AC394C	dlc_mp_ie_m_jbib_17_10
0xE5134E8F	dlc_mp_ind_m_jbib_2_1
0xE5A4C6E2	dlc_mp_ind_m_phead_6_3
0xE5256B02	dlc_mp_jan_f_phead_3_7
0xE5381D6F	dlc_mp_jan_f_special2_4_4
0xE50B4AEA	dlc_mp_jan_f_teeth_0_2
0xE505B744	dlc_mp_jan_m_uppr_3_5
0xE5434E92	dlc_mp_low_m_jbib_2_5
0xE5576C73	dlc_mp_lts_f_hand_2_24
0xE565FEB6	dlc_mp_lts_f_hand_9_7
0xE56EC9A8	dlc_mp_luxe2_m_pleft_wrist_3_1
0xE572EAA6	dlc_mp_luxe2_m_teeth_27_0
0xE5BCC156	dlc_mp_luxe_f_jbib_1_10
0xE5C415A2	dlc_mp_luxe_m_jbib_3_18
0xE5F46823	dlc_mp_luxe_m_teeth_14_2
0xE59F1D65	dlc_mp_pilot_f_hand_1_9
0xE5CF01C7	dlc_mp_pilot_m_hand_1_1
0xE5A75FE2	dlc_mp_smug_m_berd_3_15
0xE5CDA34C	dlc_mp_smug_m_berd_7_14
0xE5E5B793	dlc_mp_smug_m_feet_0_3
0xE58CD16D	dlc_mp_smug_m_jbib_4_6
0xE56134E5	dlc_mp_smug_m_phead_8_6
0xE5D8E1EC	dlc_mp_smug_m_special_9_17
0xE5C15C68	dlc_mp_stunt_f_torso_0_1
0xE5C144F2	dlc_mp_sum2_f_jbib_11_12
0xE52439F9	dlc_mp_sum2_m_berd_5_3
0xE594679B	dlc_mp_sum_f_jbib_11_1
0xE546AD25	dlc_mp_sum_f_jbib_20_1
0xE52C82E9	dlc_mp_sum_f_torso_18_3
0xE53EB895	dlc_mp_tuner_f_jbib_8_5
0xE5628B0F	dlc_mp_tuner_m_jbib_6_6
0xE54A7337	dlc_mp_val2_m_legs_1_3
0xE5C9B839	dlc_mp_val_m_legs1_0
0xE57D2EB7	dlc_mp_vwd_f_decl_1_18
0xE54BA08C	dlc_mp_vwd_f_special2_4_0
0xE58BCAF0	dlc_mp_vwd_m_jbib_20_8
0xE52F14CF	dlc_mp_vwd_m_jbib_6_9
0xE5BB0CF0	dlc_mp_vwd_m_phead_1_12
0xE5DD35A6	dlc_mp_vwd_m_pleft_wrist_1_2
0xE50B1073	dlc_mp_x17_f_legs_3_10
0xE5802CD7	dlc_mp_x17_m_feet_0_3
0xE5C95B21	dlc_mp_x22_f_berd_2_5
0xE56E1F00	dlc_mp_x22_f_feet_2_11
0xE51D1CAB	dlc_mp_x22_f_jbib_8_3
0xE59B9E32	dlc_mp_x22_f_legs_1_17
0xE5E9178F	dlc_mp_x22_f_phead_0_7
0xE57A45EF	dlc_mp_x22_m_teeth_3_6
0xE51F5B35	dlc_mp_xmas2_m_teeth_1_2
0xE5B3ACA1	dominator9
0xE539EF24	dont_do_this_haung
0xE53CAFE5	dont_worry_babe_haung
0xE574413B	dplane_l
0xE58B1965	dr.
0xE522AA19	drawdecoration
0xE52DD3CD	drf_guac
0xE5E56CF1	drf_mic_2_cs_1-5
0xE565B412	drf_mic_3_cs_2-51
0xE5102DAF	drf_mic_3_cs_2-61
0xE5688A54	durable
0xE5BDFA68	earnlimitedservice
0xE556DB96	electrictit.com
0xE5976690	enable_electrical_hum_02
0xE5670A17	encountered:
0xE580FB2A	engine-braking
0xE562EB05	ent_amb_stoner_landing
0xE52AE52E	ent_brk_sparking_wires_sp
0xE512D749	ent_ray_shipwreck_container_trail
0xE5CC48D8	enter_b_remote
0xE5904A25	enter_bars
0xE55F45FF	enter_left_short_face
0xE5F331DC	enter_low_r_faceright_facecover
0xE561BAD4	eps8_auae
0xE5FB6FB3	event_foot_step_heard
0xE5EC5018	event_network_player_left_script
0xE5A89E59	event_network_transition_member_joined
0xE5F6AFDE	ex_p_ex_tumbler_02_s-20
0xE50F55C0	exit_dog
0xE58036AC	exl_3_ext-1
0xE5A5B8BE	expel_cartridge_01_w_ar_carbineriflemk2_mag1
0xE5FA83DB	ext2_ayag
0xE5495C74	ext2_bdag
0xE5968C46	ext4_araa
0xE5CFC4FE	f_bar_01_gawk_loop_02
0xE5A8369E	fac_arrive_late
0xE54784DF	fafm_bhaa
0xE5F46E94	failed_to_add_clip
0xE52BA3F5	fam1_draa
0xE5CE2502	fam1_drag
0xE5BC8241	fam2_bnau
0xE5CED45A	fam3_cfak
0xE599F56A	fam6_ajat
0xE53FB15D	fam6_avap
0xE5E1E54E	fam_4_int_alt1-57
0xE50D9607	famf_avaa
0xE586E70B	fatm_byaa
0xE5C44FB8	fb_tongue_002
0xE5B40C93	fbi1_araa
0xE5E33CDD	fbi2_braa
0xE583420B	fbi3_flaa
0xE57FB324	fbi3c_acag
0xE52F7910	fbi5a_kiac
0xE584C7A8	fbis1_crab
0xE514ED80	fbis4_jcaa
0xE5D2B2B8	fcfj_craa
0xE578D353	fcfj_cvam
0xE5441563	fcfj_dfal
0xE5F94725	fcma_dyaf
0xE50FBA2C	fcmft_deae
0xE5B7FE81	fcmj_coan
0xE59460C9	fcmt_efac
0xE53FF35B	fctj_aqan
0xE5E590BD	fe_nodlc2
0xE5114BB2	female_b_ped_b_drink_drunk
0xE5E24994	female_dealer_focus_player_01_idle_outro_facial
0xE50C3225	female_dealer_focus_player_03_idle_intro
0xE5488644	female_dealer_focus_player_04_idle_impatient
0xE59F72A7	female_pos_a_p1_weed_idle_02_ashtray
0xE57757D3	female_pos_a_trans_p1_weed_to_p2_normal_weed
0xE579E622	female_pos_b_p1_weed_idle_01_normal_weed
0xE5A4F67D	fetch_drop_facial
0xE56EFE90	fh2a_mission_end
0xE55FF907	fh3a_hgaa
0xE525B97D	fhf_bvab
0xE571A424	file:
0xE5DCDF10	filmic1
0xE5404E2B	finc1_fhag
0xE5F1F24A	finh1_bbaa
0xE5E90D01	finh1_cuak
0xE5625415	fire_variation_e
0xE5D2A44D	fix_agy_int1-59
0xE5399D03	fix_agy_int2-22
0xE515E29E	fix_wrms_ig3_simeon_action_beerbottle
0xE59D597A	fixf_fin_mcs2-15
0xE5AC39AC	fkn0_bbag
0xE57708AA	fkn0_cmau
0xE5BF53C4	fkn1_jyaf
0xE50A525E	fkn1_jyap
0xE5884E11	flag_has_capped_explosion_damage
0xE5A9C6FA	flap_3
0xE507ADA4	fm_1_aoaf
0xE5FF5E81	fm_1_baab
0xE57C929C	fm_1_bgab
0xE572447B	fm_f_hair_013_b
0xE5A9D9B4	fm_hip_m_hair_001_e
0xE52CC5B2	fmm_bsac
0xE5B2DC3E	fmm_fuaa
0xE51F5475	fmm_gnaa
0xE54DDB18	fmm_gtac
0xE59C6070	fos_ep_1_p0-1
0xE53DF46C	fos_ep_1_p1-18
0xE54EC875	fos_ep_1_p2
0xE526EF71	fos_ep_1_p5-12
0xE525C1AA	found:
0xE5129F0A	fp_smash_case_necklace_skull
0xE5AEE084	fptj_avaa
0xE5CF51D6	fra_2_ext-27
0xE5BED1C4	fra_outofbreath_loop
0xE5F013C9	frankilnsaunts_new
0xE581257A	franklinonbonnet_yachtjump
0xE5A41E08	freight2
0xE520C5E8	frlfb_bqaa
0xE5C8CE04	frogger-14
0xE50F3CF4	fruitcomputers.com
0xE5C0061A	fugitive-35
0xE5B60EE8	fzrk
0xE59F1699	g_m_m_chicold_01_dual-11
0xE5860859	g_m_m_fooliganz_01_dual-75
0xE50BDD30	g_m_m_friedlandergoons_01_dual-2
0xE57DEF22	g_m_y_famdnf_01_dual-3
0xE59BB79C	g_m_y_mexgoon_02_dual-6
0xE587A2A7	geolocation.asmx/getrelayservers
0xE571B88F	getcontrollerfocusgroup
0xE5A45920	getvariable
0xE5FA7902	gfxdrawtext::processimagetags
0xE5B9683F	globalfogcolorn
0xE5B0FC3F	glyph
0xE50B7853	gr_prop_gr_tunnel_gate-1
0xE57ACC50	gr_prop_inttruck_light_li_g_aq
0xE5DA68EC	gr_rsup_miniguns_flatbeds
0xE5E3F9B6	groundlegstiffness
0xE5242DFF	grr_im_impotent_rage_3
0xE54DB10A	guard_beatup_kickidle_dockworker
0xE5E87AD8	gunsh_czae
0xE5A7195C	gustavo
0xE5CAE98E	h4_des_hs4_gate_exp_01
0xE5505BFE	h4_des_hs4_gate_exp_05-6
0xE53C8051	h4_int_lev_sub_doorl-21
0xE55B1E51	h4_prop_battle_emis_rig_03
0xE5514BD5	h4_prop_h4_lp_01a-7
0xE5DE020C	h4_prop_h4_tool_box_01b-11
0xE5FC2E83	h4_rig_dj_02_lights_04_b
0xE5DCC034	hack_exit_card
0xE53D6197	hack_outro
0xE538743F	handshake_cam
0xE505FA96	hash_e505fa96_ebzbwvu_collision
0xE542EBE2	hash_e542ebe2_qbbefzi_collision
0xE58748CD	hash_e58748cd_jynrozo_collision
0xE5ADC979	hash_e5adc979_uhzmgjl_collision
0xE5488161	headers
0xE544AF11	heat_gfai
0xE5CEF21C	hei_ch1_06e_mansion_5_glassfix_03
0xE53B7CB7	hei_ch1_09_land_04_lod
0xE5A76D82	hei_heist_acc_storebox_01
0xE54BF8FC	hei_heist_tab_sidesml_01
0xE58C6FC3	hei_prop_carrier_bombs_1
0xE5BE2B0D	hei_prop_container_lock
0xE591CC5D	hei_prop_heist_drill
0xE5D8442E	hei_prop_heist_emp-21
0xE53DB65C	hei_prop_heist_pic_04
0xE54CEA75	hei_sm_22
0xE54D62AA	hit_react_die_loop_ped_f
0xE555734E	holdup_scient_dave
0xE5023B8C	hs3_int-51
0xE556A499	hs4_vel_lsa_isd-6
0xE5F50DEE	hs4f_main_ext-4
0xE5EC3C2D	hud.
0xE511760A	hunt2_biaa
0xE516DB36	hut05_open
0xE5FC11CD	ib_back
0xE5F2072C	idle_07_male
0xE58BA1FC	idle_a
0xE5498094	idle_b_bartender
0xE5B32BFD	idle_b_chair
0xE5B6603A	idle_b_customer2
0xE57E0657	ig_1_stealth_button
0xE5CA0853	ig_7_howcouldisayno
0xE53AF73D	ig_ahronward_dual-16
0xE5766972	ig_avery_p
0xE58FC364	ig_georginacheng_p
0xE5A9FB01	ig_jimmydisanto-5
0xE593CEA2	ig_kaylee_dual-28
0xE53186C5	ig_kaylee_dual-4
0xE52E126C	ig_ramp_gang
0xE51221B9	im_completely_crazy_here_3
0xE5DFACEC	included
0xE52A51C1	insult_ped_hipster_conv07_part3
0xE5C858EE	iom_axis_dpadx
0xE512803F	issi2-22
0xE5BD26BC	issues./streaming
0xE5A1725C	iz_gr_gta_milo_bridge_gtamloroom_bridge
0xE528ABB1	jack_dead_perp
0xE5B639D4	jackal-4
0xE56FCF74	jh_ckaa
0xE5ACF926	jh_gyaa
0xE548189A	jh_pzaa
0xE595EF91	jhs1_ewac
0xE5047936	jmri/dv
0xE59EA9CA	journey2-65
0xE5861F55	journey2-70
0xE5D55F9A	key_f8
0xE590E253	key_u
0xE55EC07C	kkibo
0xE58A8522	l_-180
0xE52F21CF	layout_boat_dinghy3
0xE52F1ECD	left_to_default
0xE54481AA	lem1_cyaf
0xE55DAEAD	lem2_bkaa
0xE53F1268	lem2_hcaa
0xE5650B7C	lfoot
0xE5148998	lighting_fogvolumes
0xE53664B8	lightweight8waterrefractionalpha
0xE5DBB237	load_lh_01_amy_skater_01
0xE5739C0C	loc_jbaa
0xE5FDBDCE	location_galilee
0xE5A81ACC	locktype
0xE5CF45FF	long_0_punch
0xE5A37ED6	look_at_object_gr_prop_gr_vertmill_01a
0xE5B19469	loop_humanshield_captain_gangstertwo
0xE5CD237F	lourd
0xE5B26DB2	low2_draw_6
0xE52C3A7E	low_cturn_r_90
0xE5DB0BE7	low_int-11
0xE5EC02C1	lr2_prop_gc_grenades_02
0xE56EAF9F	lsdhs_mcs_3_p1_concat-0
0xE59BB307	lurin_bcaa
0xE5CC90C4	m23_1_dlc_int_01_m23_1
0xE5DD908E	m23_1_prop_m31_jammer_01a
0xE592EB66	m23_2_mp2023_02_additions_cargoship_decals
0xE5A33F8C	m23_2_prop_m32_door_ls_logo_01a-58
0xE55877FC	m24_1_int_01_m241_mn_furn_s2
0xE55822C3	m24_1_mph_cntl1_glass02
0xE5BA8A0A	m24_1_mph_hang3_lampsref
0xE5E91920	m24_1_prop_m41_blinds_closed_01a-11
0xE54B19A3	m24_1_prop_m41_candypile_01a-13
0xE58F91D9	m24_1_prop_m41_exerciseball_01a-18
0xE59D53BD	m24_1_prop_m41_monitor_01a
0xE5414B45	m24_2_prop_m42_pagoda_roof_01a
0xE5B223BD	m25_1_int_02_03_smoke_neon
0xE55F1017	m25_1_prop_cs_script_dlc_vehlp-36
0xE5BC44FB	m25_1_prop_m51_blood_smear_01a
0xE58A6AE7	m25_2_int_01_divider_01
0xE5411FB0	m25_2_int_01_orn_plant001
0xE5C57CB8	m25_2_int_02_wheel_rack_01
0xE5CB53CF	m25_2_prop_m52_clovergold_01a
0xE562921D	m25_2_prop_m52_crate_m_jewellery_03
0xE5EE9FF2	m25_2_prop_m52_door_front_door-5
0xE522BDB4	m25_2_prop_m52_door_msn_podium_01a
0xE52DF790	m25_2_prop_m52_door_msn_pool_01a-49
0xE51D8666	m25_2_prop_m52_door_msn_sliding_01c-65
0xE5F0C9B6	m25_2_prop_m52_trpy_wellliked
0xE5A7280E	mainlightinfo.globalintensity
0xE54C854F	malcolm_pvg
0xE57ABA09	male_pos_c_p1_weed_exit_lighter
0xE5900725	male_run_stop_r
0xE50707FB	max_clips_in_proj
0xE508A4D1	mch2_cmaa
0xE5C2761B	mch2_cray
0xE5DCBD73	mch3_cqae
0xE502BA11	menacer-2
0xE53E8A83	met1_fgaa
0xE580282B	mgps_deac
0xE52F02B2	mic_4_int-1
0xE5CB33FF	mic_4_int-52
0xE51E30A5	mic_4_int-68
0xE5872EF6	michael_facial
0xE59073D6	michael_washing_face
0xE51C79DE	michealspliff_blend
0xE5F9016F	mini@strip_club@private_dance@part3
0xE583B092	miradas
0xE544FD10	misschinese1crazydance_crazy_dance_1
0xE514EC18	mod_aa
0xE5FD4B57	moo_end_moody
0xE5F28F45	moodm_deck_mj_14_turntable_left
0xE51EF8F6	moodm_idle_me_07_dancer_a_facial
0xE515C7BE	more
0xE5E49CBA	move_action@generic@idle@variations
0xE56B1109	move_action@p_m_two@armed@1h@idle@high_energy@d
0xE5706FF6	move_action@p_m_zero@armed@core
0xE5525AE8	moviecliploader
0xE5E5575E	mp_chf_start
0xE5DD354F	mp_christmas2018_tee_013_f
0xE5E8BE82	mp_christmas2018_tee_079_f
0xE5D9417A	mp_christmas3_tat_033_f
0xE56621D3	mp_fm_oga_003_m
0xE576E36C	mp_h_01_bedroom
0xE5D7FADD	mp_heist3_lift_shaft
0xE5324F03	mp_m_freemode_01_dual-17
0xE56D5375	mp_mp_biker_tat_017_m
0xE5B07746	mp_securoserv_000_m
0xE5EA223E	mp_smuggler_graphic_004_m
0xE5D470AD	mp_smuggler_tattoo_002_m
0xE5F5F3AB	mp_tuner_tee_002_f
0xE56B0074	mp_vinewood_tat_003_f
0xE5ABC1FD	mpcas2_mcs1-1
0xE51E22B9	mpcas3_mcs1-15
0xE5FB0464	mpcas5_int-1
0xE515A622	mpcas6_int-30
0xE51389DF	mph_fin_cel_tre-1
0xE5841506	mph_hum_fin_mcs1-0
0xE5D8D62A	mph_nar_met_ext-0
0xE557B691	mph_pac_fin_ext-3
0xE582DBC1	mpsui_int-7
0xE58779CE	n_ac12_hun_2_mcs_1_012-2
0xE5D40EB0	n_ac1_fin_b_ext_alt1_p2_01-6
0xE520233D	n_ac2_fin_c_ext_p5_005-7
0xE54769B7	n_ac2_trvram_5_p2_00-3
0xE5AAC529	n_ac4_ef_3_rcm_02-2
0xE5C89F36	n_ac7_jh2_fina_mcs4_a1a2_00-1
0xE56E8FA3	nearby
0xE57C6127	neon_f
0xE5569F5F	network_play_airdefense_fire_event
0xE5B0E483	newspaper_idle_outro_newspaper
0xE559F607	nhs1b_ceaa
0xE5A60E6F	nme_away_idle_h_16_bottle
0xE514C2B5	nme_unq_sync3_g_60_facial
0xE5C9FB9E	normal_detail_dpm_tnt
0xE5A76D0B	oat_fos_ep_1_p1_039-10
0xE5F2E2AD	oat_fos_ep_1_p1_046-11
0xE56752E1	ojas_ktab
0xE5155533	ojas_liaa
0xE505AC3E	ojas_miad
0xE50B7743	orr_race1_post_rank3
0xE582A589	our
0xE55C1CB4	p4_ver2_ba_prop_battle_sports_helmet
0xE5895B27	p8_base_slow_p_ld_heist_bag_s_1
0xE54485F2	p_attache_case_01_s-3
0xE5CE7E52	p_cablecar_s_door_r
0xE51CCC52	p_franklin_02_dual-60
0xE5791727	p_idol_case_s-17
0xE500F9B4	p_ing_microphonel_01-23
0xE5E2E84A	p_inhaler_01_s
0xE58BB462	p_jimmy_necklace_s-9
0xE57E2708	p_med_jet_01_s
0xE514F8E3	p_michael_02_dual-95
0xE5242ABD	p_michael_backpack_s-11
0xE5E030D5	p_novel_01_s-10
0xE5ACB33B	p_tumbler_01_s-2
0xE5D08C0F	p_tumbler_01_s-29
0xE58C9EF3	pal_start_kei2_facial
0xE5C1ADE6	pal_start_moody_facial
0xE5AD884C	paleto_opt
0xE5A16093	pap2_cpaa
0xE5045155	pap2_dham
0xE5F96BE5	pap_4_rcm_leadin
0xE550775B	paragon
0xE5FC6410	pbam_auab
0xE5B5420E	pbby_acad2
0xE5C5FB59	pbby_apae
0xE5DAA2EC	pbja_agaa
0xE536D2DB	pbjs_abag
0xE5904E28	pbsh_alab
0xE5A27A82	pbzb_adai
0xE550FAE0	ped_breath
0xE5E7144B	ped_foot_decal_blood
0xE59743E4	ped_underwater_trails
0xE5121369	pickup_weapon_wrench
0xE5B5CFF4	player_exit_r_peda
0xE58430F8	player_front_med
0xE5FCD677	player_switch_custom_soundset
0xE580FAED	plogint_pro_int_light_002
0xE5D92B3F	pmpla_alab
0xE51B63A1	police_pursuit_false_alarm
0xE57AF895	police_scanner_colour_black
0xE5217536	pose_b_long_trans_drink_down_headphones
0xE5ADBA0A	pose_e_loop_medium_blamadon_face
0xE5A1D1FB	post_pacific_finale_respawn_ped_a
0xE5A44CC4	pov_additive_steer_duck_right
0xE5C55020	pow_pow_pow_0
0xE5DE7185	pr_vw_dlc_casino_penthouse_spa_room_water_02
0xE54C3349	prd_ig15_trans_2
0xE59F5A65	prd_ig1_mix_p2_mixer_02b
0xE5C401BA	prd_ig2_drums_p2_mixer_01a
0xE5591D76	pri1_bmaa
0xE50F6402	prison_alarms_tower_06
0xE53B4929	projections
0xE508F544	prop_air_chock_03
0xE5BA1F6D	prop_amb_40oz_02
0xE59B63FA	prop_amb_phone-111
0xE52E252C	prop_beer_logopen-1
0xE513C086	prop_bikini_disp_04
0xE5C07846	prop_burto_gate_01-10
0xE539C011	prop_cash_note_01
0xE5484CFA	prop_cava
0xE5892942	prop_chair_01b-22
0xE54FB6C7	prop_choc_ego
0xE59EC238	prop_cs_ciggy_01b-18
0xE5D6C5C8	prop_cs_ciggy_01b-45
0xE573997B	prop_cs_documents_01
0xE5D20AD7	prop_cs_film_reel_01-5
0xE5B6EA8F	prop_cs_ironing_board-4
0xE5DF284D	prop_cs_milk_01-24
0xE5FAF8CA	prop_cs_remote_01-15
0xE57663F5	prop_cs_walking_stick-41
0xE5B36811	prop_curl_bar_01-0
0xE5111C6C	prop_damdoor_01-3
0xE51F88D9	prop_elecbox_24
0xE5AC0AB5	prop_flash_unit-25
0xE56A5A1C	prop_fnclink_03gate3
0xE540F236	prop_fnclink_04j
0xE5C038BA	prop_fncwood_11a_l1
0xE5E8A63D	prop_food_bs_bag_01-26
0xE567D04B	prop_food_tray_01
0xE5C72DC0	prop_glass_panel_03
0xE5B89D31	prop_grass_001_a
0xE55A7962	prop_handrake
0xE5B7FCC7	prop_ic_non_hrocket_p
0xE5DBD494	prop_ld_can_01-52
0xE5425369	prop_ld_can_01-57
0xE5C05134	prop_ld_handbag_s-24
0xE58037DE	prop_luggage_08a-56
0xE56E96E0	prop_mb_crate_01a-4
0xE51B070D	prop_paints_can01-39
0xE53F2FB5	prop_phone_cs_frank-32
0xE59F1751	prop_pot_plant_03c
0xE5D46315	prop_sec_barrier_ld_01a-31
0xE5610E7E	prop_tool_box_04-19
0xE5E6E1D7	prop_tool_sawhorse-15
0xE51258AF	prop_tool_screwdvr02-46
0xE5C7019D	prop_trev_tv_01-8
0xE5B12F0E	provoke_staring
0xE5EC6F21	prs_jfab
0xE5812CA3	prs_rwaa
0xE50B7B02	prueba
0xE5480B3B	ptxeffectrule:m_colourtintminkfp
0xE511BC23	ptxemitterrule:m_matrixweightscalarkfp
0xE5998417	pullup
0xE592F8A6	putt_2_iron
0xE55F259C	pxwm
0xE5158614	qui
0xE5E06F98	radio_07_dance_01_music
0xE5163064	rampa_cue_idle_a_01_v2_s_glass_02
0xE5509579	rampa_cue_idle_f_12_s_glass_01
0xE56E66BC	rampa_cuedance_idle_e_06_v2_hp_table
0xE5C15743	rampa_cuedance_sync_b_16_v2_tumbler
0xE5249200	rampa_mix_idle_j_11_s_glass_03
0xE5693E65	rampa_mixdance_idle_d_04_s_glass_01
0xE5A4B1A8	rampa_mixdance_idle_i_11_s_glass_02
0xE57DD016	rampa_mixsway_idle_e_05_facial
0xE594D35B	rampa_trans_away_to_cuedance_a_04_s_glass_03
0xE5E98DF9	rampa_trans_awayside_to_away_b_21_v2_tumbler
0xE5D5E83D	rampa_trans_cue_to_cuedance_a_03_end_s_glass_03
0xE5820AC9	rampa_trans_cue_to_mixsway_a_12_v2_s_glass_03
0xE51A93B0	rampa_unq_shots_b_66_s_glass
0xE5AAEF52	rampa_unq_sync2_d_20_facial
0xE5F3E80A	rampa_unq_sync3_f_20
0xE5CFA0D9	rampa_unq_sync3_h_49
0xE5B15881	rampa_unq_sync_d_26_v2_hp_head
0xE54F5C94	rampa_unq_sync_h_74_s_glass_02
0xE535B13B	rb_l_bumroll
0xE50CE967	rbh2a_giaa
0xE5214156	rbh2a_juab
0xE561524D	rbh2a_keae
0xE5F5AEC5	rbhs_mcs_3-9
0xE57D4AB9	reac2_bjaa
0xE54EAE5C	react_lose_01_cam
0xE59F09A9	react_right
0xE566917E	reaction_good_var01_seat2_facial
0xE586A06B	ready_up_mid_bet_intro_seat3
0xE5849C2B	rebel-27
0xE51143CE	reboundmode
0xE56FC3EA	recha_ceaa
0xE5638A01	recra_beaa
0xE59D3667	recra_cqaa
0xE52A7EAE	rect2_adaa
0xE528C01F	redo2_bpaa
0xE5860A21	redr2_bmaa
0xE5028D3F	reh_prop_reh_folder_01b-29
0xE52C1BF5	rehh1_cyaa
0xE5687E76	rehh3_biai
0xE59850E0	relajado
0xE5726034	relocate
0xE526C11F	removals.
0xE51AB555	repap_fbaa
0xE5E66358	riot-10
0xE5B7F9C7	rl_enter_des_radiomast_04
0xE517F62D	rocoto-3
0xE530F65B	rocoto-5
0xE579C4EA	room_force_dir_light_on
0xE5CE2DD9	ros.rockstargames.com
0xE53DB8E9	rstop_l
0xE505CF99	rt3000
0xE55771E3	rurs1_awaa
0xE5371B92	s_f_m_warehouse_01
0xE52BC430	s_f_y_clubbar_01_dual-33
0xE5EAA67A	s_f_y_genericcheapworker_01_white_mini_01
0xE5EA59C5	s_f_y_sweatshop_01_dual-22
0xE5C74BC7	s_f_y_sweatshop_01_dual-64
0xE5701765	s_m_m_armoured_01_dual-0
0xE518481C	s_m_m_bouncer_02_dual-34
0xE55196D5	s_m_m_highsec_06_p
0xE5EB40FC	s_m_m_marine_02_dual-4
0xE5111729	s_m_m_paramedic_01_dual-32
0xE5C75CBB	s_m_y_airworker-9
0xE5A11106	s_m_y_barman_01
0xE55E58D0	s_m_y_swat_01_white_full_02
0xE5C5E895	s_react_front
0xE53C7459	sabre
0xE56F97A1	sand_wet_deep
0xE5191663	scenario
0xE587D9FF	sclub_dkaa
0xE5059813	scr_finders_package_flare
0xE50B0C59	scr_ie_svm_technical2
0xE53ED2F1	scr_pilot_school_mp
0xE5FA483A	se_dlc25-2_basement_armoury_loc_2
0xE579B66E	se_dlc_aw_xs_x18_int_mod_garage_office_theme
0xE5092363	seatedidle_li_06_base_v2_laz
0xE505C323	seatoffsetdistx
0xE5FC3ACB	selfie_in
0xE57F5B57	serveur
0xE56A6197	serving
0xE5EA0FD8	set_forgot_password_email_highlight
0xE517834B	setinterval
0xE5FDA988	sf_mp_h_acc_artwallm_03
0xE53D5750	sf_musicrooftop
0xE5D131ED	sf_prop_sf_chair_stool_08a-31
0xE5BEBCB4	sf_prop_sf_door_com_r_06a-44
0xE5EAFA16	sf_prop_sf_door_office_l_01a-0
0xE5EBA506	sf_prop_sf_door_stat_l_01a-29
0xE5A934E0	sf_prop_sf_filter_handle_01a-31
0xE5813368	sf_prop_sf_filter_handle_01a-44
0xE5B91A37	sf_prop_sf_game_clock_01a-9
0xE5EE7E79	sf_prop_sf_golf_wood_02a-14
0xE5DC194B	sf_prop_sf_keyboard_01a-21
0xE5C5CB7A	sf_prop_sf_keyboard_01a-67
0xE54EEDA4	sf_prop_sf_phone_01a-1
0xE5531BC3	sf_prop_sf_sofa_studio_01a-18
0xE505466A	sf_prop_sf_sofa_studio_01a-27
0xE59F4834	shop_sell_trans_upgrade
0xE5CD0202	shots_barman_c
0xE5199640	skel_r_rearfin
0xE54F9613	slmn1_bsad
0xE5A63337	sm_prop_smug_cctv_mon_01-52
0xE5C1CC36	sm_prop_smug_mic-28
0xE56BBDB2	sm_prop_smug_mic-52
0xE5321993	sm_prop_smug_offchair_01a-33
0xE56A9FB8	sm_prop_smug_offchair_01a-63
0xE588A9E1	smoke_ashtray
0xE5DC76A9	snapbalancingmult
0xE504058F	snaprightleg
0xE58056FB	socjalizmem:
0xE5954C5E	sol1_braa
0xE5069E2A	sol1_clae
0xE590C8F0	sol2_auaa
0xE56BA980	sol_3_int-9
0xE589A780	sol_5_mcs_1
0xE524AA80	sol_dance_a_ped2_face
0xE5E6B574	sol_dance_l_headphones_neck
0xE5157DB6	sol_idle_ctr_mid_b_sol_face
0xE5E1293F	sp_f_eyes_11_6
0xE5F70133	sp_f_jbib_13_3
0xE533A3A0	sp_f_lowr_13_14
0xE593F438	sp_f_lowr_1_0
0xE59089D9	sp_f_task_7_4
0xE5029FB7	sp_m_accs_4_0
0xE53001E3	sp_m_hair_4_1
0xE524ED45	sp_m_lowr_13_1
0xE527E9C0	sp_m_lowr_2_7
0xE57550E7	sp_m_lowr_7_13
0xE552882B	sp_powerplay_beast_appear_trails
0xE5C1869D	span
0xE5C475B8	special_ped@griff@trevor_1@trevor_1b
0xE5837051	special_ped@jerome@monologue_7@monologue_7a
0xE5248842	special_ped@jessie@monologue_15@monologue_15f
0xE512A614	special_ped@pamela@monologue_1@monologue_1d
0xE58C8D90	special_ped@zombie@trevor_1@trevor_1a
0xE539B80A	spinningwheel_high_effort_01
0xE5E781EC	spinreadyidle_to_spinningidle_med
0xE5BBB389	spray_champagne
0xE525CA93	sr_prop_stunt_tube_crn2_04a
0xE510FDE8	stage_2_no_hit_line_3
0xE5AB4DBB	stand_off_biker_a
0xE58233DD	standvaultclose_80
0xE56EF46D	stash_weapons_facial
0xE5CFF3D4	stt_prop_track_bend_15d
0xE5D35C9E	success_react_exit_var01_prop_phone_ing
0xE59492AF	successneutral
0xE5433929	sum_mpapyacht_bath2_shell
0xE5054FEF	sum_prop_ac_wall_sign_03
0xE598B028	sup_homie_hows_everything_2
0xE50AADE2	switch_mic_car_fra_laptop_lester
0xE5E9C50D	ta
0xE57DF9B6	tags.
0xE53A7CB6	tailgater2-2
0xE58804D8	taktische
0xE546133A	talk
0xE5C1FB1C	tampa2-55
0xE5FEF94C	tanker-41
0xE52EB560	task_smart_flee_ped
0xE50D6DDE	task_start_scenario_in_place
0xE5AFD598	taxi-2
0xE5ADEF95	taxi_hail_passenger
0xE56C879F	td_knife_rear_va
0xE58D5BA8	terrain_cb_4lyr_spec
0xE5CC9187	three_cocktail_player_heeled
0xE5B1C527	till_end_loop_till
0xE51EF874	time_notdrowninwater
0xE58CA5E7	tiptruck-19
0xE5EBF892	titan2-7
0xE567742B	tm44_dtaa
0xE573035D	tm44_giaa
0xE5D6B664	tmom_1_rcm-21
0xE53CAE8D	tmom_1_rcm-6
0xE5590F0D	tou_idle_mid_d_headphonescc
0xE5C6D02D	tou_idle_mid_k_headphones_mm
0xE5A2D6C6	towtruck2
0xE52B0AED	tp_002
0xE5B4EDA0	tr_prop_tr_car_lift_01a-9
0xE53D9EB3	tr_prop_tr_coke_powder_01a-24
0xE56BA797	tr_prop_tr_monitor_01a
0xE5D46EEF	trevor_cover_impatient_b
0xE59BE2C5	tribike-31
0xE5B797B9	trophy_b_player_a_face
0xE50642FA	trv3_brau
0xE5FB5A24	tt.t7
0xE5695A12	two_jump_onto
0xE5A246E0	txm2_ekaa
0xE594C9F9	txm2_eoae
0xE5D2C185	txm9_dsab
0xE543D2D5	u_m_m_promourn_01_dual-2
0xE5548A3D	urdqq
0xE51AE0D0	v_11__abbmetdoors
0xE5D2B5F9	v_16_ap_mid_pants4
0xE501AE3A	v_28_pra_deca
0xE5F00A02	v_31_cablemesh5785283_hvstd
0xE568BCE2	v_31_emmisve_ext
0xE556F6FA	v_61_lng_over_decal_shit
0xE51B14CA	v_74_it3_cor3_debr
0xE52B135C	v_74_str2_deta
0xE5B10E0A	v_corp_desksetb
0xE500CCC5	v_corp_filecabdark02
0xE51E5288	v_ilev_fos_mic-6
0xE56F2712	v_ilev_mm_doorson-4
0xE55E9AA8	v_ilev_mm_fridge_l-59
0xE5870998	v_ilev_rc_door2-63
0xE55F20C0	v_ilev_roc_door3-17
0xE5A6FD3F	v_ilev_serv_door01-2
0xE5FFAA46	v_ilev_sol_off_door01-30
0xE5022D03	v_ind_meatpacks_03
0xE54C22F4	v_ind_rc_locker
0xE5C8B729	v_res_fa_book04
0xE5392A40	v_res_fa_chopbrd-19
0xE55C1792	v_res_tt_fridgedoor-4
0xE515003E	v_ret_fh_pizza01
0xE504FF0A	v_ret_ml_fridge02_dr-6
0xE541792D	v_serv_metro_infoscreen3
0xE5EEF2D3	v_tre_sofa_mess_a_s-19
0xE51C188C	var_01_pose_02
0xE5BD4A0F	vector
0xE57AD8D4	vector4fcount
0xE50755D4	veh@bicycle@cruiserfront@ds
0xE50442EF	veh@drivebylow_ds
0xE5CF20CF	veh@drivebytight_van@ps_restricted
0xE5727495	veh@std@ds@music@countryidle_a
0xE515A6E7	vehicle_lightsemissive
0xE53E69A4	vehicle_weapon_mobileops_cannon
0xE5F3AE2F	vehicle_weapon_mogul_dualnose
0xE5AE53DD	vehicle_weapon_monster3_glkin
0xE5D58A58	vehicles_tornado_w_interior
0xE545E4D1	ver_02_bottom_right_enter_cam_tle
0xE5661F51	veui_aud_mic_cin_hlp
0xE5BBD263	veui_marker_cam_roll
0xE51FE8A7	veui_mk_type_ba_hlp
0xE50049B9	veui_warn_oo_range
0xE5836A38	victim_hit_from_back
0xE5DB6E8D	vvg
0xE5D3D962	vw_prop_chip_10dollar_st-21
0xE547CB59	vw_prop_vw_arcade_03a
0xE5BC7EF9	vw_prop_vw_headset_01a-29
0xE5E0D529	w_ar_carbinerifle-38
0xE5D4E0F7	w_ar_carbinerifle-7
0xE570DF1A	w_me_switchblade-54
0xE53CF4DE	w_pi_pistol-8
0xE5FEC6E5	w_sb_microsmg_luxe-58
0xE5FAA20B	walk_and_talk_vincent_vw_prop_vw_casino_door_01a_right
0xE5945958	waste
0xE5B5C7CA	water_boat_prop-1
0xE585594F	water_shallow
0xE5EC6CE4	wcd_clip_ex
0xE55A5C96	wcd_hs_clip1
0xE5C2D154	wct_clip_ap
0xE55DD7FA	weapon_5c_rot
0xE5B7DE7A	weapon_animal_retriever
0xE504388D	weapondamagemult
0xE56FFECC	weed_spraybottle_crouch_idle_01_inspector
0xE5250CD0	wheel_burnout-1
0xE5DB7702	window_lm3
0xE5CDA5CA	workers_talking_enter_dockworker1
0xE574929A	world_human_stand_mobile
0xE5B24080	wrench_idle_player
0xE5181754	x80
0xE57E9ED2	xm24_mfh_int-21
0xE56325C0	xm25_avi6_shutters_mcs2c-12
0xE5E34859	xm25_mansion_intc-84
0xE5B64997	xm3_drg1_ace_int-25
0xE5C42164	xm3_prop_xm3_folding_chair_01a-50
0xE51E2000	xm3_prop_xm3_folding_chair_01a-54
0xE596195A	xm3_prop_xm3_med_glvbox_01b
0xE5AE46AA	xm3_prop_xm3_pouch_01a-12
0xE52FCACE	xm3_prop_xm3_toy_dog_01a-0
0xE517C5C6	xm3_prop_xm3_toy_dog_01a-49
0xE5EB1488	xm3_prop_xm3_weed_set_02b
0xE5CE2884	xm_prop_base_door_04
0xE5886B6E	xm_prop_base_slide_door-16
0xE58CC34C	xm_prop_crates_pistols_01a
0xE505652D	xm_prop_tunnel_fan_02
0xE5278339	xm_prop_x17_coffee_jug-40
0xE59FEF59	xm_prop_x17_harddisk_01a-19
0xE54D84ED	xs_prop_arena_champ_open-20
0xE5FC32E5	xs_prop_arena_clipboard_paper-13
0xE59801FD	xs_prop_arena_clipboard_paper-33
0xE5C3E6F1	xs_prop_arena_spikes_01a_sf
0xE5B06B5B	xs_prop_wastel_01_lightset
0xE50A5FAE	xs_propint3_set_waste_03_licencep
0xE524C581	you_dont_like_movies_you_dont_like_stars_2
0xE5B919BB	youga2-9
