0xEBDBF969	.agvj
0xEB4607D0	001077_03_m_d
0xEB58F9C2	03:00
0xEB43C7B6	0mb
0xEB3D9C0F	0wl26
0xEBB12856	0xb34d6f5
0xEB2D086A	0ydd3s
0xEBA8942D	120.1
0xEBB2F27E	211_elegy1_modkit
0xEBC16564	2int_loop_base_taotranslator
0xEBF78283	570_polimpaler6_modkit
0xEBEF1AFB	6a
0xEB475E4C	:plyr
0xEBFF7219	@dyx_
0xEB180EC4	@multiplayer
0xEB8D8D69	a_f_m_tourist_01_dual-48
0xEBB3CF2B	a_f_o_genstreet_01_dual-67
0xEB2F6344	a_f_y_bevhills_01-33
0xEB1CDFAB	a_f_y_runner_01_dual-49
0xEB884AE0	a_f_y_vinewood_01_dual-5
0xEB4F8C95	a_f_y_vinewood_02_dual-33
0xEB13D230	a_little_of_this_one_huang
0xEBCEFC5C	a_m_m_afriamer_01_dual-14
0xEBBC6027	a_m_m_studioparty_01_dual-11
0xEBC7775E	a_m_m_tramp_01_black_full_01
0xEB5F0D64	a_m_o_tramp_01_dual-21
0xEBCC420B	a_m_y_hipster_03-14
0xEB25E067	a_m_y_musclbeac_01-33
0xEB6F1895	a_m_y_stbla_01_dual-7
0xEBDCF35C	a_m_y_stwhi_02_dual-6
0xEB8EDB0D	a_m_y_vinewood_03_dual-18
0xEB1AABE1	ab::
0xEB7187C4	ac1_ah_2_ext_p4_002-2
0xEB29FD5E	ac3_fspot_fos_ep1_p1_01-7
0xEBC1ECF7	ac3_scrap_1_rcm_004-0
0xEBA77B31	ac6_ped_mic_2_int_p2_002-22
0xEB9355E8	action_2_pistol_and_uzi_male
0xEB6B64F2	action_avi2_player
0xEB03911A	action_backpack
0xEBEDBBED	action_key
0xEB56C484	acult_anac
0xEB804C6A	acult_auae
0xEBFEE68D	adam_away_idle_a_19_facial
0xEB546F17	adam_unq_sync2_d_20_facial
0xEBF22A7C	adam_unq_sync2_h_37_facial
0xEBB71FFD	ah3b_bcaa
0xEB9DA4E0	ah3b_btaa
0xEB7093C6	ah3b_no_wanted_escape_rt
0xEB2096B6	ah3b_pcaa
0xEB72CD4C	ah3b_tbaa
0xEB86F769	aliens
0xEB38B597	allow_full_rotation
0xEB0ABC15	alwayseyeshorizontal
0xEBDB6AD5	amb@code_human_cower@male@exit
0xEBA6ABF1	amb@incar@male@smoking_low@idle_a
0xEBEF80E5	amb@prop_human_seat_bar@male@hands_on_bar@react_shock
0xEB1CE5EA	amb@prop_human_seat_strip_watch@bouncy_guy@enter
0xEBCC4850	amb@world_human_stand_mobile@male@text@base
0xEBA56A4E	ammo_drop
0xEB976C1D	ancr
0xEB510BF5	andere.
0xEBF34F44	andy_ig_1_p13_didyouthinktherewouldntbeapricetopay_5
0xEB002D30	andy_ig_1_p6_thiscomplacency_0
0xEBCABC01	anim@amb@carmeet@checkout_car@male_b@trans
0xEBB87F91	anim@amb@casino@game@slots@male
0xEBF36DFF	anim@amb@yacht@rail@seated@female@variant_03@
0xEBC23CB2	anim@arena@amb@seat_drone_tablet@female@
0xEBE4D211	anim@cover@weapon@reloads@rifle@w_lr_compactgl
0xEBC961DA	anim@heists@fleeca_bank@hostages@ped_a@intro
0xEB567D5C	anim@mp_player_intcelebrationfemale@take_selfie
0xEB704199	anim@mp_player_intincarthumb_on_earsbodhi@rds@
0xEB349DE6	anim@mp_player_intupperstinker
0xEBC04CED	anim@scripted@bty1@ig3_bounty_surrender@heeled@
0xEB57A0B8	anim@scripted@player@fix_chop_petting@male@
0xEB575560	anim@scripted@tycoon@bt1@ig5_dog_food_v2@male@
0xEB79CB51	anim@veh@boat@speed@fps@idle_duck
0xEBC46FD4	anim@veh@car@toreador@ps@enter_exit
0xEBA4ED77	anim@veh@lowrider@std@ds@arm@music@punkidle_d
0xEB2EE643	anim@veh@plane@dodo@side@ds@enter_exit
0xEB236EE5	anim@veh@plane@raiju@front@common@
0xEB04CB42	anim@veh@small_trailer@turret@enter_exitrps@
0xEBAE39F7	anim@veh@truck@wastelander@rps_front@enter_exit
0xEBC993AB	anim@veh@valkyrie@rds@enter_exit
0xEB8F55FB	anim_ac2_fos_ep_2_p3_01-21
0xEB3DA61C	anim_ac70_fos_ep1_p6_00-9
0xEB05B042	anim_ac75_fos_ep1_p6_15-13
0xEB46FF1C	anim_ac76_fos_ep1_p6_00-26
0xEB2969A6	anim_ac83_fos_ep1_p6_00-1
0xEB0540C3	anim_casino_a@amb@casino@games@slots@ped_male@slouchy@01a@reacts@v01
0xEBA7C662	anim_heist@hs3f@ig10_lockbox_drill@pattern_02@lockbox_04@male@
0xEBFA73C9	anim_oat_fos_ep1_p6_041-23
0xEBC5C6C8	anim_oat_fos_ep1_p6_20-4
0xEBC12601	anim_oat_fos_ep1_p6_24-12
0xEB3AF3FD	anim_oat_fos_ep1_p6_25-23
0xEBB74E1F	anim_spots_oat_fos_ep1_p6_03-14
0xEB888E1D	animal_params_rat
0xEBDBC8C3	animl_apae
0xEB177C53	animl_cban
0xEBF34C4A	animl_cgab
0xEB9A7A2A	animl_coad
0xEBAF4BF6	animl_dwai
0xEBA40311	animl_ecal
0xEBBE800B	animl_ffad
0xEBC076E8	animl_fpab
0xEB33BCA3	animl_gzai
0xEB96D993	ansph_cjaa
0xEB970CB4	ap1_02_door_l-2
0xEBD07A80	apa_mp_h_acc_vase_02
0xEB217B02	ar2_araa
0xEBA018C4	ar2_dcad
0xEBCFD53B	ar2_foaa
0xEB657049	ar_dlc_apt_yacht_interior_creaks
0xEB3ECDE7	ar_prop_ig_jackal_cp_b
0xEB409E55	arfl_abae
0xEBB49533	arm3_dcab
0xEB2FEE86	arm_cheer_normal_generic
0xEB03E153	asbo-31
0xEB897074	attack_exit_success_shark
0xEBBB2CB8	ausrenker
0xEBFE49D6	autoclip1_fbi_4_mcs_2_a1_p3_01-3
0xEB397B5C	avenger-7
0xEB763F4B	az_dlc_cascon_01
0xEB937DD5	az_dlc_hei4_island_beach_party_music_override_reverb
0xEBCF6F88	ba_prop_battle_cctv_cam_01a
0xEB6FA4D8	ba_prop_battle_champ_open_03-51
0xEB6A49F4	ba_prop_battle_sniffing_pipe-66
0xEB3D56EA	ba_prop_club_water_bottle-23
0xEB8C1C5F	ba_prop_door_elevator_1r-21
0xEB138891	ba_rig_dj_02_lights_01_c
0xEBF8CEE1	bag_ig8_vault_explosive_enter
0xEBFCCE90	bagbody
0xEBB9B9A4	baller2-26
0xEB96E48A	baseball_a_player_a
0xEB2B97BC	bb3_akab
0xEB2EE0EC	bbc_apaa
0xEB298297	bifta
0xEBD610DA	bill_ig_3_convo_franklin_nothingisupman_4
0xEB354D34	bkr_prop_fakeid_pen_01a-1
0xEBCE2D4F	bkr_prop_fakeid_scalpel_01a
0xEB8D2000	bkr_prop_fakeid_singledriverl
0xEB62CB79	bkr_prop_grenades_02
0xEB100042	blindado
0xEBD80FF6	blindfire_low_l_corner_exit
0xEB70965F	blista
0xEB86F56B	bloodfx_entry_patch_info_start
0xEB725AB5	bodyguard_miguel_action_01_h4_prop_h4_t_bottle_01a
0xEB29D7E7	bokehparams1
0xEB60A6F0	bordercolor
0xEB665354	bot_01b_bit_02-28
0xEBA7CB66	broken
0xEB20BD39	bs_2a_int-2
0xEB94D31F	bs_2b_int-3
0xEB092215	build.
0xEB7BCB7B	bullet_tracer_turret_tula
0xEBDABF34	bunk_int-1
0xEBCA3FA8	busto_bbad
0xEBFEB436	caddy-22
0xEB48B5CA	cadence
0xEBEA037F	car_mod_lowrider_trunk_open_scene
0xEB2752F0	cards_collect_p03
0xEB24F35D	cbrad_bmaa
0xEB1BF843	ch_dlc_tunnel
0xEB736088	ch_prop_arcade_street_01b_off-12
0xEBE779A9	ch_prop_arcade_street_01d-22
0xEB5285CC	chain_a_r_6
0xEB88D9BA	character_loop
0xEB302984	chatc_agag
0xEB4C6487	chatc_ckaa
0xEB7F5583	climb_up_no_door
0xEB278D32	clipdictionaryname
0xEBE23938	cm_cosast
0xEB8921A6	codename_y
0xEB40E260	combustion
0xEBA07B8F	come_over_here_2
0xEBB24613	compensar
0xEBF4DC3D	consegue
0xEB4DF6B0	convo_michael_let_me_ask_you_somthing_0
0xEB888592	corona_fos_ep1_p1_05-20
0xEBE69AB2	corona_oatfos_ep_1_p1_021-24
0xEB6E8143	cpacketdeleterope
0xEB315234	cpacketweaponmuzzleflashfx
0xEB0B6FA7	cran
0xEBE1681C	cs
0xEB020E83	cs_davenorton_dual-30
0xEBB0A9D1	cs_denise_dual-3
0xEBCD28A0	cs_drfriedlander_02_dual-12
0xEBEEBB61	cs_drfriedlander_dual-112
0xEBB87073	cs_ex3_sand_dust-6
0xEBC9F475	cs_fabien_dual-53
0xEBD4F781	cs_fam4_whiskey_pour-1
0xEB6D0FF4	cs_fridge_door_cold_mist-15
0xEB73286E	cs_gurk_dual-11
0xEBFCAF81	cs_gurk_dual-28
0xEB2E14CB	cs_lazlow_2_dual-85
0xEBCB4CC7	cs_patricia_dual-7
0xEB6CC29F	cs_russiandrunk_dual-65
0xEBA97E7B	cs_stretch_dual-5
0xEB56A6A2	cs_sv_yard_car_wheel_smoke-69
0xEB4FAE9A	cs_tanisha_dual-2
0xEB5D3F2A	cs_tomepsilon_dual-5
0xEB68F612	cs_wheel_fric_sand_bike-14
0xEB1DB39C	cs_xm_cig_smoke-15
0xEB95B5AC	cs_xm_cig_smoke-25
0xEBE7B2D0	cs_xm_lighter_flame-27
0xEB8B5FAF	csb_agent14_02_dual-14
0xEBCD6E91	csb_callgirl_01_dual-38
0xEB0155D5	csb_callgirl_01_dual-78
0xEBB432C2	csb_chef2_dual-0
0xEBB66F57	csb_dax_dual-27
0xEBE02D05	csb_dix
0xEBA0F699	csb_golfer_a_dual-8
0xEB94A3D3	csb_jio_02_dual-31
0xEB97A4F6	csb_jodimarshall_dual-31
0xEB46DBB2	csb_labrat_dual-2
0xEB7F35D0	csb_mjo_02_dual-24
0xEBD6906C	csb_talmm_dual-10
0xEB7E31AE	csb_tomcasino_dual-16
0xEBAF45C3	csb_tomcasino_dual-5
0xEB1D63E5	csb_vincent_dual-28
0xEBAFF78B	csb_weiss_dual-38
0xEB3A8269	cst3_bdac
0xEBCB153F	cst7_axaa
0xEBADE2D4	cstatssavestructure
0xEB26BA49	cult_p7_cam
0xEBB433B8	cut_cough_creditcard
0xEB5089B7	cut_g9_mig_disturb_dust
0xEB295825	cut_g9_mig_veh_exhaust-5
0xEB031F01	cut_hs4f_photo_burn
0xEB947FAB	cut_mpcas_wine_pour-12
0xEBC32C6A	cut_sec_veh_exhaust_truck
0xEBA4FC4D	cut_sec_weed_van_smoke_haze-11
0xEBA248E2	cut_tn_swat_van_skid_smoke-36
0xEB7FBD04	cut_xm3_bike_wheel_debris-14
0xEB733122	d_ac1_es_3_mcs_1_05-0
0xEBB964BE	d_ac2_ep_8_rcm_002-13
0xEBBA3550	d_ac4_es_3_rcm_08-3
0xEB3DAFA8	daemon2-7
0xEB54415F	decal_glue.sps
0xEBFF1DE0	demais
0xEBC60134	dggb9ez
0xEBA205B2	dh1_fhaa
0xEBD25C14	disponible
0xEB7554C9	dlc_ar_beast_soundset
0xEBDE445D	dlc_aw_ptb_sounds
0xEB681746	dlc_biker/formation_ride
0xEB9BA352	dlc_cm2022_drug_trip_sprinklers_scene
0xEB8EBF8F	dlc_gr_moc_enter_exit_sounds
0xEBD1BB6A	dlc_mp_apa_f_jbib_8_1
0xEBEE1C92	dlc_mp_apa_m_teeth_3_1
0xEB4A6A52	dlc_mp_ar_m_special_0_3
0xEB60FF05	dlc_mp_arena_f_jbib_17_2
0xEB071FDB	dlc_mp_arena_f_phead_1_6
0xEB58232E	dlc_mp_arena_f_special_4_16
0xEB5AD899	dlc_mp_arena_f_special_6_0
0xEB537C13	dlc_mp_ass_f_jbib_0_0
0xEB7BC787	dlc_mp_beach_f_head4_3
0xEB90B549	dlc_mp_beach_f_lowr6
0xEBAE5DB5	dlc_mp_beach_m_feet0_1
0xEB01DF05	dlc_mp_bh_f_feet_1_15
0xEBD1D874	dlc_mp_bh_f_feet_2_23
0xEB8ED0BE	dlc_mp_bh_f_jbib_3_8
0xEB87B891	dlc_mp_bh_f_jbib_8_7
0xEB285076	dlc_mp_bh_f_legs_4_8
0xEB755312	dlc_mp_bh_f_special_3_14
0xEB9E0DFB	dlc_mp_biker_f_hair_6_0
0xEB1103B5	dlc_mp_biker_m_hand_5_7
0xEB460A36	dlc_mp_biker_m_jbib_16_1
0xEB89073F	dlc_mp_biker_m_pleft_wrist_7_2
0xEBA246EF	dlc_mp_business_f_hat0_0
0xEBAC356F	dlc_mp_exec_f_jbib_16_8
0xEB40D9BD	dlc_mp_fixer_f_legs_0_25
0xEBA0E8DB	dlc_mp_fixer_f_legs_1_23
0xEB6CA34B	dlc_mp_fixer_m_phead_0_21
0xEB4AB1EA	dlc_mp_gr_f_jbib_16_14
0xEB551513	dlc_mp_gr_f_jbib_21_1
0xEB34BACA	dlc_mp_gr_f_jbib_7_22
0xEB01CBFF	dlc_mp_gr_f_legs_2_16
0xEBC9606A	dlc_mp_gr_f_phead_5_11
0xEB920F63	dlc_mp_gr_f_special_0_23
0xEB63DB5E	dlc_mp_gr_f_special_17_23
0xEB1CDEA2	dlc_mp_gr_f_special_2_2
0xEB7FBEF8	dlc_mp_gr_f_torso_12_1
0xEB9D219C	dlc_mp_gr_f_torso_14_16
0xEBCF7489	dlc_mp_gr_f_torso_23_1
0xEB1F976B	dlc_mp_gr_f_torso_32_19
0xEBED2043	dlc_mp_gr_f_torso_6_12
0xEB092F7D	dlc_mp_gr_m_special_2_16
0xEBA927EC	dlc_mp_gr_m_torso_20_11
0xEBB20D22	dlc_mp_gr_m_torso_8_2
0xEBB47F64	dlc_mp_h3_f_berd_11_0
0xEBC08A86	dlc_mp_h3_f_decl_4_0
0xEB16BA13	dlc_mp_h3_f_hand_3_21
0xEB968B67	dlc_mp_h3_m_berd_19_2
0xEBA0186D	dlc_mp_h3_m_decl_3_1
0xEB8317AC	dlc_mp_h3_m_special2_0_0
0xEB6CB6AF	dlc_mp_h4_f_special_0_3
0xEB8D6420	dlc_mp_h4_m_teeth_12_2
0xEB74E312	dlc_mp_hal_f_berd_6_1
0xEBAC097F	dlc_mp_heist_f_berd_11_0
0xEB4F9E52	dlc_mp_heist_f_special_2_0
0xEBBC75E8	dlc_mp_heist_f_teeth_9_8
0xEB73AF89	dlc_mp_heist_m_berd_12_3
0xEBE404D8	dlc_mp_heist_m_berd_22_13
0xEB289FE3	dlc_mp_ie_f_jbib_12_5
0xEB5F749F	dlc_mp_ie_f_jbib_5_0
0xEB6F498E	dlc_mp_ie_f_special_3_3
0xEB14FCE3	dlc_mp_ie_m_jbib_0_6
0xEBEF833F	dlc_mp_ind_f_berd_1_0
0xEB88E7E5	dlc_mp_ind_f_hair0_4
0xEB7B6A13	dlc_mp_jan_f_hand_7_7
0xEB7ADE93	dlc_mp_jan_f_special2_7_3
0xEBE96794	dlc_mp_jan_m_special2_7_4
0xEB052A5A	dlc_mp_low2_m_feet_1_9
0xEBD6C70A	dlc_mp_low_f_hair1_0
0xEB3E10FC	dlc_mp_low_f_special_1_0
0xEB845B3C	dlc_mp_low_m_jbib_2_1
0xEB9606A8	dlc_mp_lts_f_hand_8_20
0xEB61DD68	dlc_mp_lts_m_hand_2_18
0xEBA2B262	dlc_mp_lts_m_hand_7_20
0xEB02C7C7	dlc_mp_luxe2_f_phead_0_4
0xEB70AE7F	dlc_mp_luxe2_m_pears_8_1
0xEB2D0AD5	dlc_mp_luxe_m_jbib_0_4
0xEBD16A39	dlc_mp_pilot_f_hand_7_8
0xEB9AB973	dlc_mp_pilot_f_hand_8_6
0xEB17C8FF	dlc_mp_pilot_m_hand_1_18
0xEB632236	dlc_mp_pilot_m_hand_7_21
0xEBE1117C	dlc_mp_smug_f_berd_1_20
0xEB968302	dlc_mp_smug_m_phead_0_8
0xEB7169C7	dlc_mp_smug_m_special_12_12
0xEBB47249	dlc_mp_smug_m_special_12_20
0xEBBD204C	dlc_mp_smug_m_special_8_2
0xEB27C6F3	dlc_mp_stunt_m_special_0_1
0xEBAF136A	dlc_mp_sum2_f_feet_4_10
0xEB877DE5	dlc_mp_sum2_f_peyes_0_15
0xEBDCA362	dlc_mp_sum2_f_pright_wrist_0_1
0xEBCE04D7	dlc_mp_sum2_m_jbib_11_24
0xEBF6A2DD	dlc_mp_sum2_m_peyes_0_13
0xEB1218B3	dlc_mp_sum_f_jbib_5_1
0xEBF916DF	dlc_mp_sum_f_legs_2_15
0xEB2410B2	dlc_mp_sum_f_special_5_7
0xEB25A245	dlc_mp_tuner_f_jbib_12_18
0xEB1D661A	dlc_mp_tuner_f_jbib_14_5
0xEB6FEBB0	dlc_mp_tuner_f_jbib_17_2
0xEB4516F5	dlc_mp_tuner_f_special_0_6
0xEB1AB7F6	dlc_mp_val2_m_phead_0_11
0xEB35C857	dlc_mp_vwd_f_feet_1_6
0xEB13AB6B	dlc_mp_vwd_f_phead_1_2
0xEBDDF137	dlc_mp_vwd_m_jbib_23_5
0xEB4B71AC	dlc_mp_vwd_m_jbib_7_11
0xEBCD9A8C	dlc_mp_vwd_m_jbib_9_19
0xEB8343A6	dlc_mp_vwd_m_legs_1_7
0xEB3D9609	dlc_mp_vwd_m_pleft_wrist_3_5
0xEB3795CA	dlc_mp_x17_f_jbib_12_9
0xEB899D64	dlc_mp_x17_f_legs_3_12
0xEB345059	dlc_mp_x17_m_feet_6_21
0xEB2E1059	dlc_mp_x17_m_jbib_1_3
0xEBBB1F3E	dlc_mp_x17_m_jbib_3_9
0xEB3F10B5	dlc_mp_x22_f_feet_14_3
0xEBD6DFC5	dlc_mp_x22_f_jbib_9_14
0xEB502EB4	dlc_mp_x22_f_peyes_3_15
0xEB42D9F4	dlc_mp_x22_m_berd_2_17
0xEBDB5D97	dlc_mp_x22_m_feet_3_22
0xEBF85470	dlc_mp_xmas2_f_phead_0_0
0xEB9CA10B	dlc_mp_xmas2_m_jbib_0_1
0xEB7CEC8D	dlc_mp_xmas3_m_berd_2_1
0xEB8C25CA	dlc_mp_xmas_m_jbib1_0
0xEBB6CD74	dlc_tuner/dlc_tuner_phantom_car
0xEB4A4E6A	dlc_vinewood/vw_casino_finale
0xEB6DB777	doc_inspection_openpassport2
0xEB9E719B	drf_mic_3_cs_1-51
0xEB89D021	dt1_lod_f1_slod3
0xEBA7304D	dt_ambulancedepartment
0xEBE2D7F1	electrocute_both_loop_hand_l
0xEB297EE0	elegy-40
0xEB78C18C	elegy-7
0xEB35EDBA	ent_amb_water_roof_pour
0xEBCDE47C	ent_dst_egg_mulch
0xEB77D99D	ent_dst_xt_snowman
0xEBB7506A	ent_ray_fbi4_wall_dust_mote
0xEB4C8D69	enumprocessmodules
0xEB0C1A45	eps8_ajac
0xEBDDDCF5	eps8_escape
0xEB62241E	equal_power_fall_crossfade
0xEB4C0556	ex_mapmarker_21_rancho_2
0xEB1AF8FE	ex_office_swag_drugstatue2
0xEB1707A6	ex_p_ex_tumbler_01_s-7
0xEB1A1109	exec1_exit_office_to_ground_scene
0xEB3C1905	exit_15_wheel
0xEB1FC60E	exit_2_michael
0xEB1A1FCC	exit_right_facial
0xEBB81E5D	exl1_dnaa
0xEB1CA9C6	exl1_eqaa
0xEBB83E5A	exl1_gfaa
0xEB449355	exl3_akaa
0xEBA296CE	exl3_asab
0xEBF8B489	facial_clipset_group_p_m_two
0xEB445D3F	fam3_ajaa
0xEB47353F	fam6_aibk
0xEB2CA098	fam6_bzaf
0xEB548C29	fan3_cqab
0xEB22EA4D	fatl_dnaa
0xEBD7128C	fbi2_bmaa
0xEB26305B	fbi2_fpaa
0xEB491778	fbi2_huab
0xEBD2BFD8	fbi5a_nxaf
0xEBE03711	fbi5a_pgae
0xEB5FF2A1	fbi_1_mcs_1_concat-4
0xEBA91455	fbi_3_mcs_5p2-0
0xEB89110E	fbi_5a_mcs_10-0
0xEBF61866	fbis1_bqar
0xEB5EF45F	fbis1_cxaa
0xEBA7BAE0	fbis4_aaaa
0xEB5DA364	fbis4_bpad
0xEB34CF5D	fcfj_dhac
0xEB42037E	fcftl_cnaa
0xEB575193	fcftl_crad
0xEB610C2A	fcma_ctak
0xEB1358C7	fcmf_djaa
0xEBF916E3	fcmj_csae
0xEB7A14FF	fcmj_cvac
0xEB9E2ABB	fcmt_ebac
0xEBE95848	fcmt_egae
0xEB6CB7F8	fctj_akaq
0xEB351352	fctj_apaa
0xEB8AFD34	fctl_dhaa
0xEBC8B758	female_a_ped_a_intro
0xEB8CE249	female_d_trans_b
0xEBB952C4	female_pos_c_lamar_strain_facial
0xEBBA7D59	female_pos_c_p1_weed_smoke_02_normal_weed
0xEB452C43	female_reaction_terrible_var_01_facial
0xEBC99995	fh3a_iwaa
0xEBBB76D8	fill_ac5_mph_nar_mid_p2_003-19
0xEBCA7705	finc12
0xEBB669CC	finc1_etab
0xEBAA6D6A	finish_win
0xEB46EF2C	first:
0xEB1B82A5	fix_agy_int3-34
0xEB2AC293	fkn0_aqaa
0xEB0EC5C2	fkn0_dxac
0xEBCB2981	fkn0_edab
0xEB24B10F	fkn1_dkab
0xEB5E209E	flag_wet_road_reflection
0xEBC9FDDC	flooring
0xEBE79BFD	fm_hip_m_tat_028
0xEB004E0E	fm_race_controler
0xEBBB2F8F	fm_tshirt_award_f_000
0xEBEB3F61	fmm_amaa
0xEB985279	fmm_ceae
0xEBC801B3	fmm_dwab
0xEBE99F52	fmm_gmab
0xEB10DB2B	fmm_jtaa
0xEBF7A280	fmt_abaa
0xEB12B857	fnfl_amaf
0xEB9B284D	fnfl_avae
0xEBD6933C	fogofwar
0xEB6ADEA6	fortuneteller_door_broken
0xEB6B7D5B	fos_ep_1_p5b
0xEB4E15BE	fptm_ayaa
0xEBA430A5	frlfb_aiab
0xEB9A8E54	frlfd_agaa
0xEB5A151C	fwd_01
0xEB67F180	fx_light_scale
0xEB88CC14	g_m_m_cartelguards_01_dual-6
0xEBBE1C56	g_m_y_armgoon_02_p
0xEB1D1ECA	g_m_y_lost_01_dual-8
0xEB3B98CD	galilee
0xEB3CDA69	gang_intervene
0xEBC3C022	get_out
0xEBF2EA9B	get_out_c
0xEBB88CB0	gfxdisplaylist::clear
0xEB518A5C	glightpositionandinvdistsqr
0xEB05D333	globalfreeaimdir
0xEBF3B56A	gr_rsup_miniguns_deliver
0xEBA75E5D	granger2-21
0xEBB9A6E6	gta_mirror
0xEB063CC8	gtao_fm_events_30_sec_countdown_scene
0xEB1870CC	gun_draw_15
0xEB2CAAD7	gunlocker
0xEB63EF94	gunsh_dcac
0xEB08F69B	h3_draw_1
0xEBB2D75C	h4_des_hs4_gate_exp_end-6
0xEB74E0B5	h4_islandx_checkpoint
0xEBBD1768	h4_nw_ipl_09
0xEBB3DB2A	h4_p_cs_rope05x_01a-3
0xEB660ACC	h4_prop_club_water_bottle-8
0xEB20A992	h4_prop_h4_big_bag_02a-3
0xEBDE27EF	h4_prop_h4_files_paper_01a-66
0xEB55B919	h4_prop_h4_map_door_01-6
0xEBC3D270	h4_prop_h4_t_bottle_01a-15
0xEB6F3272	h4_prop_office_elevator_door_02
0xEB7BDFB6	hack_loop_laptop
0xEB41340D	hash_eb41340d_dkmnsqt_collision
0xEBA038CC	hash_eba038cc_bbuavcu_collision
0xEB8F8A4B	hdst
0xEBED2BE6	head_2_head
0xEB3B6311	hei_prop_carrier_cargo_02a
0xEB0CB683	hei_prop_hei_security_case-1
0xEBFABFBC	hei_prop_heist_thermite_flash
0xEB696637	hei_prop_heist_trevor_case-21
0xEB14E35E	heist_phone_hack
0xEB0B780F	hi_to_ti_m01
0xEBC6A0B1	high_turn_r_walkstart_facecover
0xEB31E80B	hood4
0xEB15B2B3	hs3_int-48
0xEB6D2E8D	htamb_adae
0xEB67ACD4	hud_replay_options
0xEB74DB92	hunt1_bqaa
0xEBCA2307	hunt2_cwab
0xEB60D751	hunting_spot_cougar
0xEB1DB0D3	hw1_01_emissive_1b_01_80_lod
0xEB4503A6	i_will_defeat_the_2
0xEBEBCBD4	iaaj_int-22
0xEBC111CD	idle_01_female
0xEB409A00	idle_07_lamarweed
0xEB1FD160	idle_b_player_one
0xEB9FAE18	idle_f
0xEB345A52	idle_party_facial
0xEB6399B8	idle_to_game_facial
0xEB78FF39	ig_ahronward_dual-53
0xEB52363A	ig_davenorton-7
0xEB2CE3C8	ig_djsolmanager_dual-16
0xEBA5ED74	ig_furry_dual-51
0xEB3C0B79	ig_jaywalker_dual-46
0xEB51D959	ig_karen_daniels
0xEB97E733	ig_lamardavis_dual-18
0xEB7FE977	ig_lamardavis_dual-34
0xEB9261C6	ig_nervousron_dual-5
0xEB176014	ig_req_officer
0xEB63EB3C	ignore_loitering
0xEBDDD8F9	ijmju
0xEBF6D914	immensely
0xEB51B31F	imp_prop_impexp_exhaust_02
0xEBE653BB	impactweaknessrampduration
0xEB464CC6	impulseonelegapplyabove
0xEB4130DF	input_frontend_right_axis_y
0xEBF53058	input_parachute_deploy
0xEBC60685	input_replay_save
0xEBA2A41E	input_replay_showhotkey
0xEB7239A1	insult_ped_gang_conv08_part2
0xEB0CA0B8	insurgent-5
0xEBD221F8	iom_pov1_left
0xEB478D91	issi2-38
0xEBB4DF33	italigtb2-0
0xEB6DC318	its_all_good_my_dads_really_happy_with_me_10
0xEB3394E1	jet-47
0xEBC7B8C7	jh_lqaa
0xEB17D7B8	jhf_cpab
0xEBA9C8F6	jhrs_5_int_p2-2
0xEBED680C	jhs1_axac
0xEBE916E6	jump_b_player_a
0xEB0BF28C	jump_out_c
0xEBB5A56E	kicked
0xEB2EB2E7	landstalker-14
0xEB272F70	landstalker-22
0xEB0CE2C4	layout_truck_wastelander
0xEB65F224	ld_2g_p3_m
0xEB95070A	leadout_action_rear_cam
0xEBB393FF	legstrength
0xEBE15394	lem1_hrab
0xEB8342E4	lem1_ixak
0xEB1FCC14	lem2_dsab
0xEB32E536	light_dir_col_r
0xEB85CC5C	loc_cbaa
0xEB77CB45	low_l_throw_short
0xEBCEBFB0	luxe_horn_3
0xEB82D94C	luxor2-43
0xEBADBE69	m23_1_prop_m31_box_01a
0xEB38C1CE	m23_1_prop_m31_crate_ch_01a
0xEB10CA67	m23_2_prop_m32_door_ls_logo_01a-55
0xEBB587DE	m23_2_prop_m32_drug_pkg_01a-24
0xEBEF3A6D	m23_2_prop_m32_t_bottle_02a-13
0xEB1FA73C	m24_1_int_01_m241_pq_rad
0xEBCB4705	m24_1_mp2024_01_additions_carrmp_carrierhang3lod
0xEBFCBABF	m24_1_mph_carrierstair_26
0xEB4C38B2	m24_1_mph_hang2_doorside005
0xEB9F248C	m24_1_prop_m41_blinds_closed_01a-10
0xEB7D7B7F	m24_1_prop_m41_bounty_door_01a-31
0xEB14A1AC	m24_1_prop_m41_leaf_01a-35
0xEBB97403	m24_2_prop_m42_filebox_01a-44
0xEBC2FA63	m24_2_prop_m42_hacker_door_ent_02-5
0xEBD560D7	m24_2_prop_m42_hacker_door_tall-40
0xEB0D5F47	m24_2_prop_m42_hacker_door_tall-41
0xEBDBD416	m24_2_prop_m42_lunar_sign_09
0xEB46A6CA	m25_2_int_01_vent_014
0xEBF8CAE7	m25_2_int_02_garage_recess
0xEBA5243F	m25_2_prop_m52_business_card_01a-57
0xEBCAEF18	m25_2_prop_m52_conveyorexit_01a
0xEB7E45BD	m25_2_prop_m52_door_front_door-60
0xEBA29BE7	m_exit_03_la_mesa_ped_a
0xEB6359B4	male_pos_a_trans_p2_weed_to_p2_ashtray
0xEB4BC8B7	male_pos_b_p1_weed_base_lamar_strain
0xEBB1481C	male_pos_b_p2_enter_lamar_strain_facial
0xEB77EEF8	male_pos_c_p2_enter_lamar_strain_lamar_strain
0xEBB0F976	map_candroppoi
0xEBBAB196	marabunte
0xEBB0D5DB	marteau
0xEB686014	maxsteps
0xEB695A33	mch3_dgac
0xEB6D6DF8	mch3_djab
0xEB6E7E42	mea1_blad
0xEB8177B1	mea1_btac
0xEBE2740B	mej1_cgab
0xEB496DE4	melee_idle_l_90
0xEB7C812C	melt_int_5-0
0xEB65A4D7	mesmo
0xEB7B81DF	mic_1_mcs_2-13
0xEB8CC0B0	mic_2_int_leadout_trv
0xEBAC42FC	miguel_breakout_01_h4_prop_h4_t_bottle_01a
0xEBBD2FCB	min2_cdad
0xEB3766AB	min2_cqae
0xEBDE2485	mirror_dt_copy
0xEBB0FB54	missarmenian2leadinoutmcs_6
0xEB149DA1	missheistpaletoscoresetup_setup3
0xEBDED377	mo_gfx_3o2
0xEB2D794B	modelo
0xEBA47305	modes
0xEB8762A4	moodm_trans_deck_to_dance_me_03
0xEB067BA0	mouse_pointer
0xEB0F146F	move_ped_to_strafe
0xEBFDF493	mp_2023_01_tee_006_m
0xEBCFB22C	mp_battle_int03
0xEB521DC9	mp_biker_rank_003_f
0xEB274BBB	mp_biker_tee_008_m
0xEB6BB8D3	mp_christmas2018_tee_027_m
0xEBB0C950	mp_corona_idles@male_d@base
0xEB4DDC0B	mp_f_assault
0xEB02A3BF	mp_f_execpa_02_p
0xEB23FA50	mp_f_freemode_01_dual-3
0xEB0F4487	mp_heist4_tee_008_f
0xEB8E7575	mp_player_int_wank_02
0xEB5E77EA	mp_vinewood_tat_022_m
0xEBC5F41A	mpct_kfab
0xEB75266B	mpct_mlab
0xEBAD845A	n98
0xEB481103	n_ac11_ep_5_rcm_007-5
0xEB442019	n_ac1_fin_c_ext_p4_03-3
0xEB40F0BD	n_ac27_mmb_1_rcm_00-9
0xEBD01BA2	n_ac2_ep_8_rcm_203-1
0xEB35D41C	n_ac3_car_1_ext_p3_016-10
0xEBA85EF0	n_ac3_ped_hs4_scp_airs_p2_t07_00-21
0xEB09427F	n_ragelight10_dixn_intro_p1_001-6
0xEB782E41	nme_away_idle_b_16_hp_head
0xEB0DC7A1	nme_cue_idle_e_15_hp_table
0xEBB5635C	nmt_1_rcm-21
0xEB86DACF	nq
0xEB707191	o8t
0xEB2956C0	oat_fos_ep_1_p1_36-1
0xEBA540AA	ojas_msaa
0xEB3B8186	ojda5_start
0xEB405E34	ojtx_bmaa
0xEB067AEE	on_knee_start_b_combatmg
0xEBCE1649	onsetfocus
0xEB40DCD1	operation_would_block
0xEB6B77FF	ossa
0xEB9EB833	p7_p2_watch_trevor_dubsta
0xEBD65807	p_banknote_onedollar_s-17
0xEBE2C966	p_cblcar_s_doors_idle_open
0xEBA85A8A	p_cs_clipboard-55
0xEB45749A	p_cs_panties_03_s-7
0xEB8A103A	p_cs_pour_tube_s-30
0xEB552A89	p_cs_shot_glass_2_s-15
0xEBC2BA6D	p_dock_crane_cable_s
0xEBBF8D28	p_folding_chair_01_s-31
0xEB9E6BDE	p_franklin_02_dual-7
0xEB6E1C93	p_gaffer_tape_strip_s-7
0xEB900515	p_ing_coffeecup_02-46
0xEB0213D3	p_ld_crocclips01_s-12
0xEBD98C4F	p_ld_heist_bag_s_1-40
0xEB52F5FA	p_michael_02_dual-8
0xEB285171	p_omega_neck_01_s-8
0xEBBE842D	p_stretch_necklace_s-12
0xEB087E10	p_stretch_necklace_s-6
0xEBE8C9DF	pap2_byad
0xEBC55B57	pap4_avak
0xEB311F11	patricia_jackie_action_02_jackie
0xEB2F04A6	pbgr_acaa1
0xEB787412	pbjs_ajaa
0xEB429CFB	pbpro_bhaa
0xEB88DC38	pbpro_coaa
0xEBCE16C5	pbzb_anam
0xEB70008F	ped_a_outro_drunk_male_b_glass
0xEB29CAD8	ped_a_pour_multi_male_c_glass
0xEB550EFB	perfectionists.
0xEB3B2FC8	perspective
0xEBF89D5F	pickup_weapon_vintagepistol
0xEB10E621	piece
0xEB6430C1	playercardsetup.xml
0xEBBD9643	plyr_front_takedown
0xEB5C0383	podobnie
0xEB06B9D2	pose_a_idle_g_headphones
0xEB78BA12	pose_b_idle_d_headphones
0xEBDAFF63	pose_b_idle_i_blamadon
0xEBF9AC29	pose_c_idle_a_blamadon_face
0xEB31D648	postfx_shift_col_r
0xEBB897AF	prepare
0xEBEDCAA0	prioritytag
0xEBC2656B	pro_btaf
0xEBEE97D0	pro_dsaa
0xEBB9D255	projectionshear
0xEB3028D9	prompted
0xEB6133E2	prop_amanda_note_01b-1
0xEB0161BD	prop_amb_phone-57
0xEB0856EB	prop_bar_stool_01-4
0xEB4EB54E	prop_barier_conc_01c
0xEB59F0C3	prop_big_clock_01
0xEBA60087	prop_bin_11a
0xEBB64C70	prop_boxpile_09a
0xEB9F2052	prop_byard_ramp
0xEBFC72A0	prop_cardbordbox_03a-14
0xEBD09281	prop_ceramic_jug_01-18
0xEB68A459	prop_ch2_wdfence_01
0xEB3C0FA4	prop_champ_jer_01a-2
0xEB40DBC7	prop_cigar_02-5
0xEBCAA414	prop_cont_chiller_01
0xEB705EE9	prop_cs_beer_bot_01-48
0xEB849EF8	prop_cs_bin_01_skinned-7
0xEBC0F30F	prop_cs_bs_cup-19
0xEB20F93E	prop_cs_ice_locker_door_r-4
0xEB9A2E3C	prop_cs_kitchen_cab_l2-8
0xEB5C94B2	prop_cs_mini_tv-14
0xEB9E7A2E	prop_cs_whiskey_bottle-31
0xEB25E6FC	prop_dumpster_3step
0xEBCA077D	prop_fib_ashtray_01
0xEB2E00E0	prop_game_clock_02
0xEB7D0265	prop_golf_bag_01b
0xEB9E249F	prop_hotdogstand_01-25
0xEB363558	prop_huf_rag_01-1
0xEB9CD4A6	prop_ld_can_01-31
0xEB3DFA17	prop_ld_flow_bottle-29
0xEB278B23	prop_lrggate_01_l
0xEB6B7A35	prop_luggage_03a-66
0xEB65B19B	prop_luggage_06a-70
0xEB1510EA	prop_luggage_07a-22
0xEB3DC201	prop_luggage_08a-44
0xEB6DC87D	prop_mk_transform_boat
0xEBACCA35	prop_monitor_w_large-15
0xEB664A69	prop_off_chair_05-12
0xEBB530AC	prop_paper_bag_small-1
0xEBE30BBB	prop_ping_pong
0xEBE7EC30	prop_plastic_cup_02-76
0xEB133ED3	prop_plywoodpile_01a
0xEBF05975	prop_protest_table_01-7
0xEBC97E80	prop_scourer_01-32
0xEB296C7B	prop_sec_barrier_ld_01a-27
0xEB97FF8A	prop_sh_bong_01
0xEBDCD882	prop_snow_field_01
0xEB10285B	prop_snow_side_spreader_01
0xEB9DAB36	prop_watercrate_01-3
0xEB9B0DFE	prop_wheelchair_01_s-15
0xEB174AEE	prop_worklight_03a
0xEB5023A0	prs_bwab
0xEB7F07C4	prs_pjaa
0xEBDD0DDF	ps_2a_shootout_swat_vans
0xEBA343E1	ptrx_idle_aa_mix_19_dj_ptrax_facial
0xEB963FD5	ptrx_idle_o_q_r_05_headphones_pu_hp_table
0xEBBD08FA	pts
0xEB966AA1	pull_tooth_outro_b_hand_l
0xEB816323	putt_idle_a
0xEB9DE4AB	pzlo.vl
0xEB2577ED	qrc@ud9dd9q
0xEB78CA73	racing
0xEB7801F0	radar_bounty_hit_lower
0xEB1B49B9	radio_genre_jazz
0xEBFD59A9	rage__controlinput__gamepad__definitionlist
0xEBFD59B5	raised
0xEB6A8309	rampa_away_idle_b_03
0xEBB65648	rampa_awayside_idle_c_09_s_glass_02
0xEB80ADA8	rampa_awayside_idle_e_22_v2_tumbler
0xEB663C9F	rampa_bch_unq_end_b_212_s_glass_02
0xEB77B4D6	rampa_bch_unq_sync2_a_59_tumbler
0xEBE5063B	rampa_cuelean_idle_e_08_s_glass_02
0xEBE581D8	rampa_cuelean_idle_f_08_s_glass_03
0xEB98D0F1	rampa_mixsway_idle_a_01_s_glass_02
0xEBFBCEA7	rampa_mixsway_sync_d_13_t_bottle
0xEB608993	rampa_trans_away_to_hpgrab_sync_a_05_s_glass_03
0xEBDEFBD6	rampa_trans_awayside_to_away_c_02_v2
0xEBA186F3	rampa_trans_cue_to_away_a_08_hp_head
0xEB2BEA76	rampa_trans_mix_to_mixdance_a_01_v2_hp_table
0xEB00A112	rampa_unq_sync3_end_s_glass
0xEBE29C5B	rampa_unq_sync_g_35_s_glass_01
0xEBE23568	random
0xEB669D0D	rappeling/sniping
0xEB56BCF8	rbh2a_lbaa
0xEBAFF4A9	re14a_pipes
0xEBA65B87	react_big_variations_m
0xEB9DE290	react_lose_putter_03_franklin_cam
0xEB50387D	rear2_abaa
0xEBB6CE6C	rear5_agaa
0xEB14CE26	rebuild.
0xEB0B83D1	redr1_brac
0xEBED19A8	redr2_chaa
0xEB8D78E0	refmipblurblend
0xEB7287B7	reh_prop_reh_box_wood01a
0xEB0115B0	reh_prop_reh_folder_01b-31
0xEBE89253	rehom_ajac
0xEBA3D24C	return_wallet_positive_b_player_facial
0xEBDF7F7E	rig_root_skin005
0xEB2CEB0B	rocoto-28
0xEB2FCBF0	rotation_indicator
0xEB7BC2F3	rurs1_cnat
0xEB9AEAB0	s9bh
0xEB73C44F	s_f_y_cop_01_white_full_01
0xEB8E7323	s_f_y_genericcheapworker_01_latino_mini_04
0xEB7169FA	s_m_m_autoshop_02_dual-53
0xEBDDC1CE	s_m_m_genericcheapworker_01_latino_mini_03
0xEBF15E4A	s_m_m_security_01_dual-40
0xEBA1B6EC	s_m_m_studiosoueng_02_dual-20
0xEB3B87CE	s_m_y_blackops_01_dual-0
0xEB8B18FF	s_m_y_grip_01_dual-16
0xEBC9DE0B	s_m_y_waretech_01_dual-32
0xEB8DDC67	s_m_y_waretech_01_dual-47
0xEBA0052C	sadler-15
0xEB9CC1C5	sas_2_rcm_t7-5
0xEB4E4F92	sc_error_exists_emailnickname
0xEB7BC7AB	schiene
0xEB48CE8C	sclub_abaa
0xEBDFDB41	sclub_aeaa
0xEB87B2C1	sclub_biaa
0xEB05EF44	scr_carsteal3_eject
0xEB985433	scr_hr_rob_emp_charge_exp
0xEBE0984F	scr_obfoundrycauldron
0xEB9FEF5F	scr_sol1_fire_spot
0xEB45AB06	sdf
0xEB2F28DC	se_m24_2_int_office_gen_radio_01
0xEB70172A	se_mp_apt_17_3
0xEB1BA171	se_restaurants_venice_28
0xEB56D0E5	seated_cell_phone_male_a_idle_a
0xEB33311A	see_franklin
0xEB98D049	serve_idle_02
0xEB645C86	setmusclestiffness
0xEB9D4E01	sf_dlc_garage_sec_room_f1
0xEB977E1E	sf_prop_sf_door_cabinet_01a-31
0xEB4577AA	sf_prop_sf_door_cabinet_01a-48
0xEBFB1B5E	sf_prop_sf_door_com_l_06a-39
0xEB834155	sf_prop_sf_door_com_r_06a-60
0xEB9F6AF7	sf_prop_sf_door_rec_01a-20
0xEBAFBFCD	sf_prop_sf_filter_handle_01a-40
0xEBFC8020	sf_prop_sf_game_clock_01a-27
0xEB9F7F66	sf_prop_sf_game_clock_01a-28
0xEB10C22A	sf_prop_sf_golf_bag_01b-1
0xEBD18D17	sf_prop_sf_golf_wood_02a-33
0xEB378607	sf_prop_sf_offchair_exec_01a-25
0xEBF108DA	sf_prop_sf_offchair_exec_01a-35
0xEB1F6558	sf_prop_sf_phone_01a-21
0xEBEAE56B	sf_prop_sf_s_mixer_02b-59
0xEB522032	sf_prop_sf_s_scrn_01a-25
0xEB20D03F	sg_auto_ld_skip
0xEB70005F	shock_keypad
0xEBF551DC	shock_player_facial
0xEB0234F3	short_180_punch
0xEB17960E	shove
0xEB11FB1E	shrug_off_a_1st
0xEB24B906	silj_ext-8
0xEB948F1A	sinfonia
0xEB1970FD	siren_glass_2
0xEBB8FE9A	skel_r_hair003
0xEBFA0D91	snapleftarm
0xEB0A7068	sol5_start
0xEB5EA756	sol_1_int_alt-5
0xEB4E2F08	sol_end_camera
0xEBAAE72E	sol_sync_f_headphones
0xEBA03CD0	soldixn_out_tale_in_cc_face
0xEB786D94	sorter_left_tap_table_chair02
0xEBD095CD	sp_f_head_13_4
0xEBDCC6D8	sp_f_head_14_4
0xEB6A21BA	sp_f_jbib_15_15
0xEB263D56	sp_f_jbib_7_7
0xEBE937BE	sp_f_lowr_8_4
0xEB63DB4B	sp_f_teef_5_3
0xEB7B4CBF	sp_m_accs_12_3
0xEBF5F3D5	sp_m_accs_3_14
0xEB77C022	sp_m_accs_5_2
0xEB59A940	sp_m_accs_8_1
0xEB03F794	sp_m_feet_12_11
0xEB649C7B	sp_m_feet_15_0
0xEB6ABE64	sp_m_head_11_0
0xEB72F97D	sp_m_lowr_13_7
0xEBE226D7	sp_m_task_5_3
0xEBB9CB69	sp_m_teef_7_0
0xEB00895B	special_ped@andy_moon@michael_1@michael_1d
0xEBA74997	special_ped@griff@monologue_4@monologue_4c
0xEBFFCCD7	special_ped@tonya@franklin_2@franklin_2c
0xEB5DE07F	spinningwheel_low_effort_05_facial
0xEB4E2648	spsessionidhigh
0xEBA417A6	stand_cell_phone_male_b_base
0xEB567552	stand_intro_turn180r
0xEBD1312A	start_loop_b
0xEB506C41	stretch_money01
0xEBA9670A	stretch_pvg
0xEB01BFFB	structure
0xEB8754FB	stt_prop_stunt_wideramp
0xEBC9E7D8	sub_hatch3
0xEBFF92B1	sum_prop_ac_monstermask_01a
0xEB0C7DDA	summon_intro_zombiestaff
0xEBE46467	sure_its_nothing_facial
0xEBC24DF2	swift
0xEBC76707	tale_out_bmad_in_cc
0xEBB9578B	talk_pipe_base_worker1
0xEB98F9F3	tamanho:
0xEBDA92C7	temporary
0xEB017A4B	tennis_ig_intro_rack_b
0xEB701B8C	throw_l_fb_stand
0xEB24F4EC	timer_minute
0xEB4744C3	tint
0xEB85A337	tou_idle_mid_j_cc
0xEB3DB324	tou_trans_pc_to_mid_pc_to_open_cc
0xEBDC6195	tow_coaa
0xEB657DDB	tow_kcab
0xEB70D6F0	tr2_adag
0xEBFFECB9	tr2_fjab
0xEBA79247	tr2_rjaa
0xEB3B5D03	tr_prop_tr_gate_l_01a
0xEB856D81	tr_prop_tr_note_rolled_01a-30
0xEB408C86	tr_prop_tr_roller_door_01a-15
0xEBB86BFA	traffic_control_bg_noise
0xEBCC26BD	transition_phone_swivelchair
0xEBC5C768	trevor_1_lead_out_cr
0xEBC73389	tri3_bk_3
0xEB867A75	truck_stop
0xEB93046A	trv2_mcs_8-2
0xEB545870	trv3_diab
0xEBF759B2	trv3_diat
0xEB203512	tun_meet_int-47
0xEB8988A2	tv_franklins_house_vinewood
0xEBAFE8B2	txm12_ajab
0xEB888676	txm1_gfaa
0xEBCA7553	txm6_dpak
0xEBBB0CB4	u_f_m_miranda_02
0xEBA49A32	u_m_y_tattoo_01_dual-5
0xEBC252CF	uint64
0xEB2BE9D0	unload_ll_02_gr_prop_gr_vertmill_01c
0xEB6EEB38	unload_press_basicmould_v1_pressoperator
0xEB9FA078	unload_rh_02_gr_prop_gr_vertmill_01b
0xEB5BB967	unload_rh_03_amy_skater_01
0xEB8C0B4E	unnhpbbk
0xEB320DD1	uno.
0xEBD46FF0	v_19_changeshadsmain
0xEBF8247B	v_34_5
0xEB64A959	v_61_lng_mesh_unitc
0xEBB71AE3	v_73_ao_5_b
0xEBD333B9	v_73_elev_shell_refl
0xEB0A775D	v_73_sign_5
0xEB36D002	v_74_fib_embb031
0xEBE86AA5	v_74_ofc_debrizz009
0xEB6B59C2	v_ilev_cor_doorglassb-4
0xEB18CD3A	v_ilev_epsstoredoor-9
0xEB331780	v_ilev_fib_btrmdr-18
0xEB089943	v_ilev_fib_btrmdr-30
0xEBFA7BD9	v_ilev_fos_mic-20
0xEBC2FB7A	v_ilev_fos_mic-29
0xEBB88010	v_ilev_gtdoor02
0xEB01F54D	v_ilev_methdoorbust
0xEB7F58A1	v_ilev_mldoor02-10
0xEB5EB7F2	v_ilev_mm_fridge_l-7
0xEB629D6B	v_ilev_store_door-6
0xEB51400A	v_ind_meatdesk
0xEB1FE77F	v_med_cor_medstool-0
0xEB69CF2F	v_med_p_sidetable
0xEBFAE9D6	v_res_mconsolemod
0xEB2B1678	v_ret_gc_plant1-43
0xEBDD18FC	v_ret_gc_plant1-53
0xEB6A112A	v_ret_gc_print
0xEB42BF83	v_ret_ml_fridge02_dr
0xEB8C7943	veh@bicycle@roadfront@base
0xEBA9ACD2	veh@driveby@first_person@bike@driver@throw
0xEBA936C5	veh@driveby@first_person@bike@scooter@driver@1h
0xEB801FEE	vehicle.lights.fadedistance.main
0xEB5E5C0A	vehicle_weapon_brutus_50cal
0xEBF9FF3E	vehicle_weapon_cannon_blazer
0xEB41E84E	vehicle_weapon_savestra_mg
0xEBDFB664	vehicles_sup2_interior
0xEB93D36B	ver_01_top_left_exit_ch_prop_vault_painting_01a
0xEB5F2A37	ver_02_top_left_re-enter_cam_ble
0xEB02FF71	veui_proj_music_removed
0xEBD59BD0	vid_asp_219
0xEB94323E	vid_fullscreen
0xEB2A8879	vw_des_vine_casino_doors_05-6
0xEB34501A	vw_prop_miniature_yacht_01b
0xEB37A24D	vw_prop_vw_dia_char_05a
0xEB572083	w_ar_assaultriflemk2-34
0xEB4D6BF1	w_ar_assaultriflemk2_mag1-31
0xEBD8E1D9	w_ar_carbinerifle_mag1-68
0xEBC86AAA	w_ar_carbinerifle_reh-12
0xEB5CE0FE	w_me_knife_01-8
0xEB32EB7E	w_me_switchblade-45
0xEB0CFBEB	w_pi_revolvermk2_camo6
0xEB7A8904	w_sr_heavysniper-12
0xEBE5DFD9	walk_drop_l
0xEBBAED1E	wanted_level2
0xEBEE16FA	was
0xEB2C7EF3	water_fountain.sps
0xEB4F3211	water_reflection_lod_range_lod_start
0xEBB1C43C	wcd_clip_inc_rv
0xEB8A1D81	weapon/item/spawn
0xEB8F7865	weapons@first_person@aim_idle@generic@shotgun@assault_shotgun@
0xEB7B5EFB	weapons@first_person@aim_idle@p_m_zero@submachine_gun@assault_smg@fidgets@b
0xEB6FCA02	weapons@first_person@aim_idle@stealth@assault_rifle@shared@core
0xEB6E9E16	weapons@first_person@aim_stealth@generic@melee@knife@shared@core
0xEB0C14FD	wedge_2_iron
0xEB9F2E2A	wheel_burnout_snow-0
0xEBFD7C75	wheel_decal_puddle
0xEBE097A3	why_letter_so_small_clipboard
0xEB15F1F7	wood_idle_low_b
0xEB1543CA	world_human_const_drill
0xEB198D27	x17_draw_0
0xEB109CE8	xm25_avi6_extb-16
0xEB0AF830	xm25_avi6_rescue_mcs1b-3
0xEB3B4C99	xm25_mansion_intc-20
0xEB3D2E4B	xm3_mpchristmas3_additions_train_lod12
0xEB960E1C	xm3_prop_xm3_desklamp_01a-12
0xEBC710A8	xm3_prop_xm3_pill_01a-59
0xEB756754	xm_prop_base_blast_door_02a
0xEB9DE6D2	xm_prop_iaa_base_door_02
0xEBA0C5A8	xm_prop_lab_desk_01
0xEB5FC0A0	xm_prop_x17_b_glasses_01-15
0xEB8EDAAA	xm_prop_x17_corp_offchair-33
0xEB6682A5	xm_prop_x17_lectern_01-43
0xEBD210D6	xs_prop_arena_champ_open-31
0xEBEFD6D4	xs_prop_arena_clipboard_paper-0
0xEBDCC396	xs_prop_trophy_firepit_01a
0xEB545D9F	xs_propint4_waste_09_tire
0xEBD19C80	yes
0xEB15DE89	yosemite2-24
0xEB16BF4D	you_see_how_heavy_cam
0xEBCC4F9E	yq
0xEB8921D9	zejod
0xEB92E44C	zzctu7.q
