0xED49E816	.d.5nc-g
0xEDC02755	.o
0xED1D07B8	001942_02_gc_fras_ig_5_exit
0xED3F56B4	150.1
0xEDB5BC1D	1h_holster_2h
0xED76C932	200.1
0xEDA08D4F	299.1
0xED8DF72B	2fps
0xEDDBCD91	2handed_react_clean_-180
0xED5136D1	2p.o
0xED741F0F	560_asterope2_modkit
0xEDBDDF2E	7_bodhi2_modkit
0xEDA4CEFC	8ox
0xED9C7036	:ped
0xED281201	@h
0xED442B33	_idle_loop
0xEDF031E9	_leadout_gun_h
0xED5FF395	_logb
0xED6C6483	a_c_retriever_dual-8
0xEDD775BF	a_f_m_fatwhite_01_dual-29
0xED97FB74	a_f_m_fatwhite_01_dual-41
0xED309D7B	a_f_y_smartcaspat_01_dual-23
0xED1216D2	a_f_y_tourist_02_dual-66
0xEDC03ADD	a_m_m_polynesian_01_dual-43
0xED26B7A6	a_m_y_triathlon_01_mini_04
0xED8FC406	ac12_fspot_fos_ep1_p1_00-3
0xEDD7F927	ac12_fspot_fos_ep1_p1_01-17
0xEDE8B540	ac13_fspot_fos_ep1_p1_01-0
0xED48BDFE	ac13_fspot_fos_ep1_p1_01-24
0xED8DD65C	ac18_car_2_mcs_1_merged_05-8
0xED4C856A	ac1_ped__arm_3_mcs_7_003-0
0xED2C0885	ac24_mph_nar_int_p1_cyan_lamp003-19
0xEDB8C659	ac2_fspot_fos_ep1_p1_00-20
0xEDEC1414	ac3_tonya_mcs_3_003-0
0xED5DFB56	ac42_fam_6_int_p3_t7_002-22
0xEDF09136	ac42_fam_6_int_p3_t7_002-6
0xED70FDD5	ac8_mph_pac_fin_int_p1_t01_cyan_lamp003-2
0xEDE25CA5	action_c
0xED718587	action_lamar_facial
0xED4BF070	actualscreenwidth
0xEDF95184	acult_auai
0xEDECE322	adam_away_idle_a_19_v2
0xEDEE9E2F	adam_sidemix_idle_c_16
0xED2FE63E	adam_unq_sync3_g_25_v3
0xED8F8B64	add_0
0xEDDC0B22	after_party_cup
0xED6E6C9B	ah3b_rrad
0xED7A5718	aim_trans_low
0xED2BABD4	amb@code_human_in_car_mp_actions@drink@bodhi@rds@base
0xED1762B7	amb@prop_human_seat_chair@male@elbows_on_knees@idle_a
0xEDF090DD	amb@prop_human_seat_chair_drink_beer@female@base
0xEDB5F190	amb@prop_human_seat_sewing@female@base
0xED21B930	amb@world_human_cheering@male_b
0xED3FCA23	amb@world_human_leaning@male@wall@back@foot_up@enter
0xED3B637F	anim@amb@business@meth@meth_monitoring_no_work@
0xED5A87D9	anim@amb@carmeet@take_photos@female_a@base
0xED548C1D	anim@amb@carmeet@take_photos@male_h@idles
0xEDD55412	anim@amb@casino@hangout@ped_female@stand_withdrink@01a@idles
0xEDF18867	anim@amb@nightclub@mini@drinking@drinking_shots@glass@
0xED522AB9	anim@mp_player_intcelebrationfemale@respect
0xEDC861FB	anim@mp_player_intin_carcry_babybodhi@rps@
0xED209671	anim@mp_player_intuppernose_pick
0xED4B14FA	anim@scripted@avi4@ig1_outfit@male@
0xED432255	anim@scripted@player@freemode@tun_prep_ig3_grab_high@male@
0xEDD44707	anim@scripted@player@mission@tun_table_grab@gold@heeled@
0xED5D6AD7	anim@scripted@tycoon@bt3@ig4_fscan_box@male@
0xED70C90A	anim@veh@lowrider@std@ds@arm@music@mexicanidle_f
0xEDD5E8FF	anim@weapons@pistol@singleshot
0xEDDEE152	anim_ac72_fos_ep1_p6_00-30
0xED1F7327	anim_ac76_fos_ep1_p6_02-33
0xED4E7C36	anim_ac82_fos_ep1_p6_01-26
0xED3FB308	anim_casino_a@amb@casino@games@insidetrack@ped_male@engaged@01a@idles_big_screen
0xEDA065D1	anim_casino_b@amb@casino@games@roulette@ped_female@seat_3@regular@03b@base
0xEDDB8DDB	anim_casino_b@amb@casino@games@roulette@ped_male@seat_1@regular@01a@play@v02
0xED36C57D	anim_heist@arcade_property@mission_start@davies@exit_03@
0xEDF077AD	anim_oat_fos_ep1_p6_041-27
0xED77739C	anim_oat_fos_ep1_p6_046-13
0xEDDE77AF	anim_oat_fos_ep1_p6_27-15
0xEDF13092	anim_oat_fos_ep1_p6_31-30
0xEDE6A80B	animl_aaar
0xEDE09E4C	animl_acae
0xEDA59349	animl_ataq
0xED22E6C6	animl_caap
0xED04EF17	animl_ddag
0xEDDCA1E1	animl_deaa
0xEDEDA1FF	animl_deag
0xED30C057	animl_emae
0xEDDC7F05	animl_fwaa
0xED0EE5B4	animl_gcae
0xEDF2A4E4	ansph_ayaa
0xED9B229C	anton
0xED3771AF	apt_exit_left_alt2_door
0xED3EE7FD	ar2_duaa
0xED22AB53	ar2_esaa
0xEDC89DBE	ar_exec_wh_rain
0xED816221	ar_fly_infrequent_24hr
0xED6065BC	ar_prop_ar_neon_gate4x_04a
0xEDE97F47	ar_rattlesnake
0xED9BEE7F	arm3_apae
0xEDE06F04	arm3_apat
0xED6B305E	arm_left_upper_side
0xED28B309	armenian_1_int-14
0xED0D1FFD	arrest_fallback_mid_crook
0xED7D669F	ask_open_door_scientist
0xED552C74	autarch
0xED7AC51D	avoidsavoids_f_v03
0xED753F57	avvocato
0xEDDE93B2	az_music_southcentral_16
0xEDA8A6FB	az_walla_ls_rockford_04
0xED1BE5A7	aznsd
0xEDCE8F97	ba_prop_battle_glowstick_01-12
0xEDB9CC71	ba_prop_club_emis_rig_02
0xED7218FA	ba_prop_club_emis_rig_02c
0xED9D5150	ba_prop_door_club_entrance-92
0xED1D376E	ba_prop_door_club_trad_generic-70
0xED38B89D	ba_prop_door_club_trad_generic-89
0xED50AD60	ba_prop_door_elevator_1r-68
0xED0CC11E	balance_recover_wide_left
0xEDE55692	baller-18
0xED595A3C	bar3a_awab
0xED3B13E2	bar_2_rcm-2
0xED3A5F1F	base_3_bottle
0xED0513D2	base_3_cam
0xED9FFCE6	base_lowdoor
0xEDE494B0	baseidle_variation_02
0xED749802	bati2-3
0xED90D18E	bati_lv4
0xEDDB3ED2	become_slasher
0xED08A104	bh1_48
0xEDB71453	biker_draw_32
0xED874E1D	biker_draw_8
0xEDDD62E0	bill_ig_1_a_04_thewholeplaceisagoddamponziescheme_3
0xED8353CD	binoculars
0xEDE999DC	bkr_prop_coke_cutblock_01
0xED93CAC7	bkr_prop_fakeid_penclipboard-29
0xEDA4ED97	blimp3
0xED36DF5A	blittransparentbilinearblur
0xEDD787F1	break_extra_7
0xEDC6F847	brickade
0xEDF6B2C6	bs2b_lzaa
0xEDD9D334	bs2b_pmaa
0xED63C1BF	bs_2a_int-1
0xEDA21C16	bs_2a_mcs_10
0xEDFEECD7	bs_2a_mcs_4-0
0xED8A2912	btl_idle_start
0xED672B0B	buccaneer2-3
0xEDD516C6	buffalo
0xED2E5EAF	burn_door_vaultgate
0xED6819E5	cap_a_player_a_face
0xEDF2FED3	careful_1
0xED705E55	cargoplane2-18
0xEDC74C9E	carsteal5_10
0xED588AEC	carsteal5_20
0xEDC57146	cayoundeaddjout
0xED3CAB5A	ccreak
0xEDD0EBE7	ce
0xED8D2FDC	cellphone_cellphone_intro
0xED4D29CB	centauri.
0xED510504	ch_prop_ch_case_01a-2
0xED43AC61	ch_prop_ch_liftdoor_l_01a-5
0xEDCF38B9	ch_prop_ch_mobile_jammer_01x
0xED2B8664	ch_prop_crate_stack_01a
0xEDCF133A	ch_prop_tree_02a
0xEDA4A8E9	ch_prop_whiteboard-6
0xEDDB3BEC	chatc_beag
0xED20548C	chatc_bpad
0xEDD5E324	chatc_bwac
0xED95899E	chop_growl_to_sit
0xED3B29C6	clear_player_weapon_wheel
0xEDDD1F4E	club_intro-71
0xEDE9CC0A	clubbag_hole_end_bag
0xEDDD947A	cm_vagpr1
0xEDAF27CF	common:/data/
0xED18AD49	compacto
0xED265A1C	component_pistol_clip_02
0xED2A8915	corona_fos_ep1_p1_02-17
0xEDC302C2	cpacketsoundupdatepitchposvol
0xEDEB9A23	cpathnoderoutesearchhelper::findupcomingjunctionturndirection
0xEDE4B0C5	cpr_kol_idle
0xED994A4D	crane_impact_sweeteners
0xEDAAF7D3	criminalmale
0xED03ADB8	crook_p1_left
0xEDA5730C	crowddance_hi_06_base_v2_laz
0xED6CD4FA	cs_amandatownley_dual-34
0xEDE13E5D	cs_arena_car_exhaust-8
0xED0E5F76	cs_ashley_dual-20
0xEDE2497D	cs_davenorton_dual-0
0xEDA028DA	cs_ex1_cargo_fire
0xED17DB2F	cs_exile2_gas_liquid_pour-0
0xEDDA161D	cs_exile2_gas_liquid_pour-18
0xED99CEA9	cs_fbisuit_01_dual-7
0xED1109E0	cs_floyd_dual-16
0xED89FFC0	cs_gurk_dual-2
0xED218CF1	cs_lazlow_dual-16
0xED8EC337	cs_lestercrest_2_dual-21
0xED806F86	cs_movpremf_01_dual-21
0xED21C45E	cs_mrk_dual-1
0xED08AD62	cs_sv_yard_car_wheel_smoke-70
0xEDCC2DC9	cs_sv_yard_car_wheel_smoke-80
0xED8BF507	cs_tracydisanto_dual-14
0xED8EB239	csb_alan_dual-13
0xED56BB1F	csb_ary_dual-3
0xED6E5366	csb_avi_04_dual-17
0xEDF1ADF5	csb_celeb_01_dual-0
0xEDA35A15	csb_dax_dual-47
0xED1C2013	csb_denise_friend_dual-7
0xED11B752	csb_djblamadon_dual-5
0xEDF43CBA	csb_englishdave_p
0xED5AFD86	csb_fos_rep_dual-8
0xEDE6507F	csb_isldj_01_dual-19
0xEDDDFF6B	csb_jamalamir_dual-14
0xEDE33978	csb_mjo_02_dual-38
0xEDBA3ED5	csb_moodyman_02_dual-16
0xEDE93D07	csb_moodyman_02_dual-35
0xED2D43CF	csb_moodyman_02_dual-52
0xED648B0C	csb_rafdeangelis_dual-22
0xEDF41B12	csb_rafdeangelis_dual-63
0xED3B0539	csb_tonyprince_dual-51
0xEDBE754A	csb_vagos_leader_dual-0
0xED9CB827	csb_yusufamir_dual-8
0xED68321C	cst4_dqaa
0xEDCEE83E	cst7_doaf
0xED7D73D8	cut_guilotine_v2_singlestack
0xED3A129B	cut_sec_chop_weed_drool-3
0xED1C4726	cut_xm3_plane_disturb_dust-9
0xEDA31C9C	cut_xm3_vehicle_exhaust-24
0xEDEAE748	d_ac12_fin_a_int_04-2
0xED687AFC	d_ac16_bar_5_rcm_p2_1-1
0xED7D25E8	d_ac27_mmb_1_rcm_02-9
0xED685DE5	d_ac2_ep_8_rcm_002-1
0xEDEC6671	d_ac31_fbi_1_ext_t9_001-14
0xEDE4B92C	d_ac3_es_2_rcm_b_003-5
0xED37DBC7	d_ac3_hs4_scp_airs_p2_t07_00-12
0xEDBD196D	d_ac6_mic_2_int_p2_trevor_bounce002-28
0xED4394EB	d_ac7_tunf_uni_swat_p1_t00_03-1
0xED08B8C3	d_ac7_tunf_uni_swat_p1_t00_04-4
0xEDBEA311	dance_b_1st
0xEDE860AD	danceidle_hi_17_spiderman_laz_face
0xED99FDF7	darts_playing_well
0xED00B66E	db_apart_07d_
0xEDE62346	deck_shuffle_card_c
0xED6998C2	defaultinteriorcolor
0xED77DE86	depthviewprojmtx
0xED5A90A8	desk_seated_throw_door
0xEDBD207D	dh1_dobj
0xEDA043FD	dh1_draa
0xED5ADC55	dh2b_fuac
0xEDE8621D	dh_2b_pick_up_sub_cargo
0xEDC6DE3B	diese
0xEDA5AB4B	dilettante-48
0xED7D6A52	disgusted_01_right_amy_skater_01
0xEDDC7D90	dive_walk_start
0xED849526	dlc_mp_apa_f_legs_8_0
0xED6FF261	dlc_mp_apa_m_special_0_0
0xEDD37E0E	dlc_mp_apa_m_special_1_0
0xED5FF3D4	dlc_mp_ar_m_jbib_2_1
0xEDA9FB38	dlc_mp_arena_f_jbib_1_3
0xED62A899	dlc_mp_arena_m_feet_1_2
0xED4B472E	dlc_mp_arena_m_jbib_10_9
0xEDD84E23	dlc_mp_arena_m_phead_1_10
0xED290270	dlc_mp_arena_m_special_0_3
0xEDB4E46B	dlc_mp_bh_f_feet_1_16
0xED6B8C20	dlc_mp_bh_f_jbib_14_13
0xEDCE8CD2	dlc_mp_bh_f_jbib_14_15
0xED589C0A	dlc_mp_bh_f_jbib_9_7
0xED448D8B	dlc_mp_bh_f_special_10_1
0xED549D9A	dlc_mp_bh_m_jbib_0_9
0xED23A9F8	dlc_mp_bh_m_special_3_5
0xEDE211EF	dlc_mp_biker_f_legs_1_4
0xEDB23C0F	dlc_mp_biker_f_legs_6_9
0xED430D40	dlc_mp_biker_f_peyes_0_0
0xED73F351	dlc_mp_biker_m_jbib_22_3
0xEDCD97C2	dlc_mp_biker_m_phead_8_5
0xED09E9F3	dlc_mp_biker_m_special_0_19
0xED30F0C7	dlc_mp_biker_m_special_10_10
0xED1F194A	dlc_mp_biker_m_special_5_16
0xEDB17B41	dlc_mp_busi2_m_task0_3
0xEDA87F66	dlc_mp_busi_f_hair0_3
0xED67F2C8	dlc_mp_busi_f_jbib1_7
0xEDF2AFC8	dlc_mp_busi_m_teeth2_5
0xED48C6EF	dlc_mp_business_m_hat0_13
0xED8DDB9A	dlc_mp_exec_m_feet_1_5
0xED3D3FFD	dlc_mp_fixer_f_jbib_4_7
0xED951AB3	dlc_mp_fixer_f_jbib_9_17
0xEDA1B7E0	dlc_mp_fixer_m_jbib_8_11
0xED10D11C	dlc_mp_fixer_m_legs_5_19
0xED5A9E95	dlc_mp_gr_f_berd_0_23
0xED401977	dlc_mp_gr_f_berd_1_10
0xED405B35	dlc_mp_gr_f_jbib_13_23
0xED3276DA	dlc_mp_gr_f_jbib_14_23
0xED557CC4	dlc_mp_gr_f_jbib_8_6
0xED901892	dlc_mp_gr_f_phead_1_2
0xED519D4F	dlc_mp_gr_f_phead_6_1
0xEDBBB3C7	dlc_mp_gr_f_special_10_15
0xEDFB04E4	dlc_mp_gr_f_special_17_0
0xED910FCB	dlc_mp_gr_f_special_6_6
0xED9DA199	dlc_mp_gr_f_special_7_6
0xEDCE4B7E	dlc_mp_gr_f_torso_15_8
0xEDB4D60C	dlc_mp_gr_f_torso_23_12
0xED7B33EC	dlc_mp_gr_f_torso_27_5
0xED7A8A3D	dlc_mp_gr_f_torso_32_1
0xEDF1E78F	dlc_mp_gr_f_torso_7_14
0xED573087	dlc_mp_gr_m_jbib_16_11
0xED2778B8	dlc_mp_gr_m_jbib_7_22
0xEDC04B41	dlc_mp_gr_m_jbib_8_16
0xED9E0B66	dlc_mp_gr_m_special_0_19
0xED74E248	dlc_mp_gr_m_torso_0_4
0xED6F3921	dlc_mp_h3_f_jbib_10_11
0xEDCCD1A9	dlc_mp_h4_f_hand_0_1
0xED6D3D91	dlc_mp_h4_f_special_1_11
0xED2F1E80	dlc_mp_h4_f_special_6_1
0xED1D4AAA	dlc_mp_h4_f_teeth_11_9
0xEDC5E324	dlc_mp_h4_m_jbib_4_18
0xED9862C0	dlc_mp_h4_m_peyes_3_10
0xED660617	dlc_mp_h4_m_special_4_5
0xEDFBE905	dlc_mp_h4_m_teeth_12_6
0xEDE16BBA	dlc_mp_heist_f_jbib_16_0
0xED92CFFA	dlc_mp_heist_f_jbib_7_3
0xED40DC0B	dlc_mp_heist_f_teeth_9_15
0xEDBDFE6A	dlc_mp_heist_f_torso_65_0
0xED2F2724	dlc_mp_heist_f_torso_6_1
0xEDCB9C2D	dlc_mp_heist_m_jbib_7_0
0xED794E50	dlc_mp_hips_f_jbib7_1
0xEDDF466A	dlc_mp_hips_f_legs2_12
0xED3C9BBD	dlc_mp_hips_m_hat_0_5
0xED7BA6A3	dlc_mp_ie_f_special_7_13
0xED454593	dlc_mp_ie_m_berd_4_5
0xEDDD1B8E	dlc_mp_ind_f_feet_0_2
0xED6BFC8C	dlc_mp_jan_f_special2_10_0
0xEDF9EF46	dlc_mp_jan_m_phead_2_9
0xED76289E	dlc_mp_low2_f_jbib_3_16
0xED9F06D6	dlc_mp_low2_m_jbib_1_13
0xEDDA758E	dlc_mp_low_f_pears_0_0
0xED2899BA	dlc_mp_luxe2_m_teeth_28_1
0xED17D290	dlc_mp_pilot_f_hand_3_3
0xEDAA2D93	dlc_mp_pilot_m_hand_2_11
0xEDC506BF	dlc_mp_pilot_m_hand_8_15
0xED1DA4A1	dlc_mp_smug_f_berd_1_5
0xEDACE2A6	dlc_mp_smug_f_berd_4_14
0xED409A18	dlc_mp_smug_f_berd_8_5
0xED95AFB4	dlc_mp_smug_f_jbib_1_3
0xED6F22D9	dlc_mp_smug_f_phead_5_0
0xEDFAAFA5	dlc_mp_smug_m_berd_3_9
0xED57F28C	dlc_mp_smug_m_berd_8_11
0xED170605	dlc_mp_stunt_f_feet_1_2
0xED4C6EF4	dlc_mp_stunt_f_jbib_9_0
0xED2A81A6	dlc_mp_stunt_m_legs_0_4
0xED4C4B40	dlc_mp_stunt_m_special_0_3
0xED039917	dlc_mp_sum2_f_berd_10_3
0xED36660A	dlc_mp_sum2_m_jbib_12_1
0xED08C963	dlc_mp_sum2_m_legs_3_9
0xEDAAD28A	dlc_mp_sum_f_berd_3_4
0xED4D19FA	dlc_mp_sum_f_jbib_7_10
0xED792D7B	dlc_mp_sum_f_special_0_17
0xEDF218C5	dlc_mp_sum_f_special_4_1
0xED2AD801	dlc_mp_sum_m_jbib_15_12
0xEDF0FE04	dlc_mp_sum_m_jbib_2_2
0xED0E3F2D	dlc_mp_sum_m_jbib_9_5
0xED7117CF	dlc_mp_sum_m_torso_9_3
0xEDB3FA7E	dlc_mp_tuner_f_hand_1_2
0xED9631D9	dlc_mp_tuner_f_jbib_11_13
0xED6B3177	dlc_mp_tuner_f_jbib_11_19
0xED09E683	dlc_mp_tuner_f_jbib_18_5
0xEDF56955	dlc_mp_tuner_f_phead_2_9
0xED23AA88	dlc_mp_tuner_m_decl_16_0
0xEDD587C9	dlc_mp_tuner_m_jbib_16_4
0xEDFB0519	dlc_mp_tuner_m_special_0_9
0xEDC469DF	dlc_mp_val2_f_feet_0_1
0xED538E18	dlc_mp_val2_f_legs_0_9
0xED8B84DE	dlc_mp_vwd_f_jbib_12_2
0xEDA8744B	dlc_mp_vwd_f_jbib_14_6
0xED8FB21F	dlc_mp_vwd_f_phead_1_13
0xED3DD00F	dlc_mp_vwd_m_peyes_1_17
0xED8EF4F2	dlc_mp_x17_f_berd_2_4
0xED2354DE	dlc_mp_x17_f_berd_5_0
0xED8391C7	dlc_mp_x17_f_special_1_3
0xED8AA730	dlc_mp_x22_f_jbib_21_0
0xEDDDEB32	dlc_mp_x22_f_jbib_24_25
0xED430029	dlc_mp_x22_f_legs_1_7
0xEDEC9EDB	dlc_mp_x22_f_legs_7_14
0xED7DD793	dlc_mp_x22_f_legs_7_9
0xED7D9056	dlc_mp_x22_f_phead_8_17
0xEDD02A42	dlc_mp_x22_f_pright_wrist_2_7
0xED08DDF3	dlc_mp_x22_m_feet_10_11
0xEDB0828A	dlc_mp_x22_m_jbib_0_17
0xED6CF014	dlc_mp_x22_m_jbib_6_7
0xED0105CF	dlc_mp_x22_m_legs_7_2
0xED330A1F	dlc_mp_x22_m_teeth_4_0
0xED6CE80C	dlc_mp_xmas_m_jbib0_0
0xED57A444	dodge_non_vehicle
0xEDDAFE39	drf_dtak
0xED67227D	drf_mic_1_cs_1-48
0xEDBAA884	drf_mic_1_cs_1-57
0xED094D2B	drf_mic_2_cs_1-68
0xEDFF513B	drf_mic_2_cs_1-80
0xED5E7C0F	drinking_wine_exit_slightly_drunk_cam1
0xED1C4C90	dropzone_jump
0xED62BFA9	dune5
0xED1F3838	dxbcpn
0xEDC80C1B	e.g.934426
0xED0D799C	e2_su
0xEDCC217A	efecto
0xEDEB73E4	egal
0xED733015	eject_sm_tula_turret_minigun
0xEDE6DA20	empty_safe_enter_safe_04
0xED65BA6B	end_loop_m1
0xEDB92192	eng_ig15_trans_2_chair
0xEDF2342F	enter_high_r_0-5m_00
0xEDEA7145	ep_7_rcm-5
0xED0E3C34	eps5_acap
0xEDC50485	es_4_rcm_p1-5
0xED65B860	es_4_rcm_p2_concat-4
0xEDF6EC13	event_shocking_parachuter_overhead
0xED6D4453	ex_p_ex_tumbler_02_s-17
0xEDD0E658	ex_prop_crate_expl_sc
0xED2FCB38	ex_prop_offchair_exec_04-24
0xEDF0CB32	exec1_start_car_steal
0xED5D0ADE	exit_playet_two
0xED40B4EE	exit_shell
0xEDDC9025	exl1_goaa
0xED83DC7D	exl3_dwaa
0xED6E85CD	exl_1_mcs_1_p3_b-0
0xED1C8205	exp_blimp3_12
0xED1E9893	explosion_shake
0xEDA63C67	ext1_draa
0xEDCE91B5	ext_t14_leaning_loop
0xEDF300FA	extreme_03_soundset
0xED9A38B0	facial_r_nasolabialbulge
0xED0119F3	fafm_ccaa
0xED2B9FD9	fam1_hlaa
0xED5968AF	fam3_caaf
0xEDBAB061	fam5_foaa
0xEDC0A27A	fam5_heaa
0xED45C1CD	fam6_avad
0xED340F7A	fam_6_mcs_6-18
0xED3DF338	famj_draa
0xED558BCD	fan1_chab
0xEDE22F02	fan3_bxaa
0xED12C7CD	fatj_cpaa
0xED10D478	fbi1_acao
0xEDC8C7A8	fbi2_etaa
0xED7505CD	fbi3_abay
0xED9F8BE9	fbi3_cdad
0xED95DB1F	fbi5a_dpaa
0xEDDDF414	fbi_3_mcs_8-2
0xED8F4A29	fbi_heist_h2_architect_grab_case
0xED456502	fbis4_faaa
0xED24470C	fbis4_izaa
0xEDE35775	fcfj_daaj
0xED7FE04A	fcfj_dbak
0xEDECC2F9	fcfj_dcae
0xED957666	fcftl_coai
0xEDD791A0	fcftl_daah
0xED39E427	fcftl_ddaa
0xEDF66EC9	fcma_ddae
0xED9B173A	fcmf_cuak
0xED2C24FD	fcmf_daaf
0xEDB2D7E4	fcmf_dlab
0xED4BF906	fcmft_ctac
0xEDC3D55F	fcmj_dbac
0xEDE08347	fctj_ahad
0xEDA9E6A7	feltzer2-26
0xED4C7BE7	female_b_idle_a
0xED0FCF9D	female_idle_single_p01
0xED06D360	female_pos_a_p1_enter_normal_weed_normal_weed
0xED61CB3E	female_pos_b1_p1_base
0xEDF3C9B7	female_pos_b_trans_p1_weed_to_p1_ashtray
0xED251546	female_pos_c_p1_base_lamar_strain
0xEDD7FF09	female_reaction_terrible_var_05_facial
0xED36E367	ffeqq
0xED0F975E	fh3a_gcaa
0xED00AB3F	fh3a_qhaa
0xED6C9357	fhf_bkab
0xEDE2300F	fhf_ddaa
0xEDFCD6B1	fill_ac5_mph_hum_fin_int_p2_003-2
0xED14712E	fill_ac8_mph_pac_fin_int_p1_t01_002-3
0xEDFFE7A8	finc1_ekab
0xED585E57	finc1_fhau
0xEDE9787C	finh1_caad
0xED5FCF25	finh1_cxaf
0xED138437	fix_trip1_int-50
0xED724EF3	fix_trip3_mcs1-9
0xEDD3A5EF	fix_wrms_ig7_fake_lamar_facial
0xED771E49	fixf_fin_mcs2-7
0xED6B65A0	fkn0_ciaj
0xEDBE0AF5	fkn0_ebac
0xED2DD080	fkn1_imai
0xED3943D7	flag_autostart_anim
0xEDDE8571	flag_has_front_spike_mod
0xED3DD9F9	floyd_dh1_afae_01_g2
0xED859F9A	flush
0xED66864D	flying_stop_quickly
0xED2C2E81	fm_1_dhac
0xED8EF6A8	fm_hip_f_tshirt_020
0xED139DB6	fmm_jpaa
0xEDFDD4D2	fmt_dbab
0xED771FB9	fos_ep_1_p7-14
0xED7FDC6B	fpfj_bnaa
0xED01A3B1	fptl
0xED82AC20	fra1_water_arrive
0xED67DD94	fra_0_int-16
0xED4EC0DE	franklin_1_shootout_police_arrive
0xEDD0EEB9	frlfb_bbal
0xED86E03F	frlfb_bfad
0xEDCBB1A0	frlfd_afae
0xED46714E	frogger-4
0xEDDAF8DE	front_long
0xED0A694D	front_loop_johnny
0xED8ABE04	fta--
0xED8837C7	fucking_bridge_clipboard
0xED8EA575	fufu
0xED8A4D8F	full_cycle_basicmould_v3_cocmold
0xEDEB3CF2	fullcut_cycle_v4_cokebowl
0xED93963C	fxfr_pmv_1_intro_male
0xED86EA3C	fxfr_ptj_1_cam
0xEDB2E753	g@
0xEDFA857B	g_f_m_fooliganz_01_dual-56
0xEDE30F40	g_m_y_mexgoon_01_p
0xEDFEE9A1	gauntlet-51
0xED0961E6	gburrito-29
0xEDEE2E1B	gen9_mig_int_p1_t00-7
0xEDCEE1A5	generic_insult_female_drunk
0xEDD6071D	geo_move
0xEDF83FCC	gesture_to_cam_prod
0xEDEEC24C	globalfade
0xED1EF6B2	golf_shot_good_hit_self
0xEDB35D9E	gr_buner_7_ramp
0xEDC3A53F	gr_prop_gr_crate_pistol_02a-2
0xED456730	gr_prop_gr_target_w_02a-4
0xED5EE9EE	granger-1
0xEDB9E5EC	great
0xEDD30AF5	grunt_climb_easy_up
0xED7E6E5B	gta_reflect_decal.sps
0xED833917	guided
0xEDBB9B36	gun_draw_22
0xED9B76D7	gunning
0xED1F9E50	gunsh_dbag
0xEDF874B9	gunsh_dcae
0xEDC41882	h264
0xEDA1FA86	h4_int_lev_sub_chair_02-18
0xED67EBB3	h4_prop_h4_camera_01-9
0xED87A057	h4_prop_h4_file_cylinder_01a-8
0xED6C2CB3	h4_prop_h4_files_paper_01a-46
0xEDF18F2D	h4_prop_h4_luggage_01a
0xED3F8EC4	h4_prop_h4_tool_box_01a-28
0xEDD14E4B	h4_prop_h4_wheel_nimbus_f-20
0xED705A15	hands_air_b_3rd_face
0xEDBC6858	handtasche
0xEDE31382	hang_int-19
0xED5DA44C	hangar_death
0xED1FEF90	hash_ed1fef90_izlhuik_collision
0xED2A38B5	hash_ed2a38b5_gmisfor_collision
0xED2B4DF6	hash_ed2b4df6_dvvepbca_collision
0xED470800	hash_ed470800_nynsuum_collision
0xED68E7EB	hash_ed68e7eb_dlvesmca_collision
0xED734D76	hash_ed734d76_dqwdwlq_collision
0xED7B520B	hash_ed7b520b_cyaohwp_collision
0xEDCC8E62	hash_edcc8e62_fuwbwey_collision
0xEDDE6124	hash_edde6124_ekplybv_collision
0xED462084	hausmeister
0xEDFD85C9	heat_gcaa
0xED9D4EE3	hei_dlc_casino_aircon
0xED665E27	hei_p_post_heist_weed_stash
0xEDB3A835	hei_prop_heist_docs_01-23
0xED57FEB4	hei_prop_heist_hose_01-2
0xED4E467D	hei_prop_heist_pic_03
0xED3BC9ED	hei_prop_hst_usb_drive-44
0xED6957A6	hei_v_ilev_fh_heistdoor1-12
0xED784854	hei_v_ilev_fh_heistdoor1-23
0xEDB62FA2	heightmeshes
0xEDE2618E	hermes-41
0xED5E9966	hi_idle_b_m04
0xEDC60A4B	hidden_radio_arcade_dance
0xEDAD4F57	high_r_walkstart
0xED110F62	hooded_jacket
0xED5A366C	hs3_int-13
0xED75F5D1	hs3_pln_int-6
0xEDED694B	hs4_cas_int-30
0xED7CB202	hs4_scp_bch-33
0xEDCC26F8	hs4f_ext-13
0xED5E8758	hs4f_tun_ent-4
0xED6A86A2	http/
0xEDDEBA85	i.e.
0xEDDA6536	i2
0xED673C86	idle_03_w_ar_carbineriflemk2
0xEDEA570F	idle_07_joint1
0xEDD8F2FD	idle_b_f2
0xED1613AC	idle_f_facial
0xED143A18	idle_glass_a
0xEDE91B8C	idle_k_a_m_y_vinewood_01
0xED67159B	idle_ped06
0xEDFFF84D	ig_7_left_shaft_draw_lazlow
0xED52E65A	ig_jewelass_p
0xEDA0082D	ig_jimmyboston
0xED9F646A	ig_jimmydisanto-11
0xEDF8BD86	ig_lamardavis-3
0xEDDCAB6D	ig_mrk
0xED1380F4	ig_zombie_dj_01_dual-2
0xED037B2C	imanactualized_1
0xED327848	imp_prop_impexp_rear_bumper_03a
0xED2ACC8F	indicator_lr
0xED671669	injured_putdown_plyr
0xED796248	input_veh_hydraulics_control_left
0xED994F85	inputid
0xED1400B6	insult_ped_bum_conv03_part1
0xEDE272CE	insult_ped_cop_conv06_part2
0xEDD8C779	intro_low_r_centre_long
0xED6EC745	iz_dlc_xm_int_sub_command_dial_ticks_02
0xED2E883B	jb700-1
0xED054EEB	jh2b_enter_tunnel_ma
0xEDCE1A8B	jh_bvaa
0xED08EF92	jh_roaf
0xED4B1008	jhp1a_aaaa
0xED7C5448	jhrs_4_int_p1-6
0xED14EA77	jhs1_axaq
0xED2C98CE	josh3_bdaa
0xEDCCE13C	jp0230-bljm61019_00-
0xEDB64AF5	jump_launch_long_high_r
0xEDCD5BD2	just_a_minute_cam
0xEDBAD243	klub
0xED9DD977	koriztempwalls
0xEDDF5A0A	lawn
0xED0C8CA8	layout_low_michelli
0xED2B3298	layout_plane_alpha
0xEDC7724E	ld_2g_decline_h_face
0xEDB33C05	lem1_epad
0xED31E3BF	lem2_dzad
0xEDE0D529	lem2_glaz
0xEDBB5D04	lem2_hfan
0xED09BDF9	lifeguard
0xED135D7E	loc_dwaa
0xEDB7A14F	local_plyr_cash_counter_increase
0xED2064B8	loftki
0xED50AEC3	logiledshutdown
0xEDF38BB1	look_around_left_02_gr_prop_gr_part_lathe_01a
0xED4EABE2	look_into_microscope_base_scientistb
0xED1F865C	low_l_unholster
0xEDDE56E2	low_tra_int-0
0xED6A5B31	lr_enter_des_radiomast_02
0xED2CAC88	lr_prop_carburettor_01-4
0xED8BCDC0	lsfl_adaf
0xED12BEEA	lsia_land_cinematic
0xEDA5D9F8	m23_1_prop_m31_facilitydoor_03a
0xEDBE1A5A	m23_2_prop_m32_door_ls_logo_01b-45
0xED206318	m24_1_mp2024_01_additions_carrmp_carriercontrol1lod
0xEDCA4259	m24_1_prop_m24_1_carrier_aerial_2
0xED419BA5	m24_1_prop_m41_blinds_closed_01a-33
0xED63724B	m24_1_prop_m41_blinds_open_01a-37
0xEDD4F43A	m24_1_prop_m41_blinds_open_01a-42
0xED35B279	m24_1_prop_m41_desk_drawer_01a-35
0xED7AFCAD	m24_2_int_01_3_proxy_fan
0xEDA117FA	m24_2_int_03_supports
0xED33ED22	m24_2_prop_m42_hacker_door_ent_02-23
0xED358096	m24_2_prop_m42_mast_base_01a
0xED4CADD8	m25_1_int_01_glass
0xEDBA8ED4	m25_2_int_01_c_mb_shell
0xED1CED24	m25_2_int_01_vase_011
0xED2F0C13	m25_2_prop_m52_c4_bomb_01a
0xEDFD4E72	m25_2_prop_m52_planter_02_tall
0xED6A8605	m25_2_prop_m52_plaque_12a
0xEDA7C2C4	m25_2_prop_m52_trpy_arcademaster
0xED747A6E	m_nearplane
0xED3744E0	main_menu
0xED7E4187	male_d_base
0xEDE01BD9	male_d_trans_b
0xEDA8FAB3	male_pos_b1_p1_idle_03
0xED73E8DE	male_pos_c_p2_enter_normal_weed_normal_weed
0xED7290BE	map_objects
0xED482652	mch1_aaat
0xEDF0EDF7	mch1_cgaq
0xEDBA56C2	mesa3-1
0xED5F7A70	meshblendmanagersmalltemp
0xED02BFD9	met1_diab
0xED78E7DD	mettre
0xEDED8C45	mgps_dqae
0xED660759	mh_l_wingrotator
0xED4F4CC1	mi_idle_b_f02
0xED7729AB	mic_4_int-167
0xED5327A9	mic_4_int-226
0xED9FFE5C	mic_chatter
0xED08F7C7	micro_neck_male
0xED56E095	min1_cjan
0xEDA6251D	min1_claa
0xEDE563CE	min1_dfaa
0xED49FF1D	min2
0xED526AC8	min3_beaf
0xED7EADA4	minivan
0xED7E6DA4	missheistpaletoscore1leadinout
0xED1CE756	moodm_dance_md_21_dancer_a
0xED7D84E2	moodm_mic_i_08_lp_left
0xED8BDBAF	moodm_trans_dance_to_deck_mb_03_tumbler
0xED604364	moodm_vinyl_right_ma_15_lp_right
0xED12BE79	move_action@p_m_one@holster
0xEDD3EE01	move_aim_strafe_crouch_2h
0xED848D53	move_ped_wpn_bucket
0xEDDB8C51	move_yacht
0xED8038D7	moyenne
0xEDBE7695	mp2023_02
0xED0B0CC5	mp_battle_clothing_043_f
0xED49C95F	mp_battle_clothing_054_f
0xED72C3AD	mp_biker_hair_002_m
0xED505221	mp_biker_tee_053_m
0xED9B6106	mp_dense_006_m
0xED5F2EBD	mp_g_m_pros_01_dual-30
0xEDEA5885	mp_gunrunning_tattoo_023_m
0xED2F86DA	mp_h_06
0xED7B5A94	mp_heist4_tee_003_f
0xEDDA4611	mp_heist4_tee_048_f
0xED99E4DA	mp_heist4_tee_055_f
0xEDEA1528	mp_job_preload
0xEDDC9ABE	mp_m_executive_01
0xEDB42F3F	mp_m_meth_01
0xEDB43716	mp_mc_start_heist_4
0xEDD493C0	mp_security_tat_020_f
0xEDFDFADC	mp_vinewood_tee_007_f
0xEDA249DC	mp_xmas2_m_tat_006
0xED48508A	mpcas6_int-4
0xED364ED4	mpct_ibaa
0xED34A6C1	mpct_mgac
0xEDCA7F4E	mph_pac_fin_mcs0-3
0xED219604	mpmst_bwab
0xEDA30675	mpsum_tee_027_m
0xEDA8B225	n_ac11_ep_5_rcm_010-4
0xED853AE2	n_ac11_trvram_3_02-1
0xED08E4B2	n_ac1_fin_c_ext_p2_01-4
0xED6317A9	n_ac1_fin_c_ext_p3_01-25
0xEDF804C7	n_ac1_fra_2_ext_p3_05-3
0xED29AE26	n_ac3_car_1_ext_p3_014-7
0xEDB305D2	n_ac3_hs4_scp_airs_p2_t07_01-26
0xEDEFAEC7	n_ac6_mic_2_int_p2_lamp002-11
0xED8BDCC8	n_ac6_mic_2_int_p2_lamp002-2
0xEDD3A93A	n_ragelight2_tale_intro_p1_003-3
0xED2CA098	navcapabilitiesname
0xED8CB141	navigate
0xED7C5357	netrelay
0xED7BA6ED	nhassstairs
0xED3B6428	nice_car_thanks
0xED3AD72D	nig1a_cwaa
0xED6C4F9E	nig1b_bzav
0xED9FCE8C	nig1b_ctac
0xED1BA03B	nig2_coaa
0xEDE0923A	nme_trans_away_to_offsetaway_a_3_hp_neck
0xEDA98A9A	nme_unq_sync2_a_42_facial
0xED74AC54	no_space_for_projects
0xED84C04A	normal_spec_detail_tnt_dpm.sps
0xEDFCFD08	normaloffset
0xED25F4B0	nozzles_r_l003
0xEDEB3CBE	oat_fos_ep_1_p1_038-20
0xEDF89E9A	ojbj_iaaa
0xED0A2EDE	ojda3_bomb_hit
0xED59702B	ojda_stop
0xED121254	osgn
0xED22A8B4	overcoat_accs
0xEDE07ED2	p_a4_sheets_s-8
0xEDDDA9AA	p_clothtarp_s_fall
0xED5F6F88	p_franklin_02_dual-1
0xED7EE1DA	p_franklin_02_dual-40
0xEDD85B0E	p_hw1_22_doors_s-2
0xEDD0636F	p_ilev_p_easychair_s-19
0xED7DD89D	p_ilev_p_easychair_s-22
0xED3C8516	p_ing_coffeecup_02-32
0xED7449AC	p_jimmy_necklace_s-32
0xED0C03CE	p_ld_heist_bag_s-1
0xED2A6F02	p_loose_rag_01_s-23
0xED4D99B5	p_parachute1_s
0xED7C2787	p_syringe_01_s-13
0xEDF29FB7	p_tumbler_01_s-51
0xED9493AE	p_tv_cam_02_s-5
0xED4EB4E0	p_v_med_p_sofa_s-53
0xEDFB6A5D	p_whiskey_bottle_s-24
0xED5B92F1	pad_dpad_right
0xEDEADAD3	pbsh_afaa
0xED78565E	pbsh_anab
0xEDB6BF52	pbzb_aqag
0xEDFE8962	ped_ac6_mph_hum_int_p4_001-7
0xED3D6872	pedlight.shadowfade
0xED4F3700	penumbra-60
0xEDB574D9	phantom2-1
0xED5A88F8	phone_conv2_chat3
0xEDB6E2AB	pinned_r_centre_outro
0xED8AA44D	piratage
0xED23F34D	pistol.
0xED658211	playerissametitleonline
0xEDD505E9	plough
0xED691B23	plyr_psycho_front_takedown_c
0xEDA1F237	podpalenie
0xEDF3006A	police_scanner_on_foot
0xED658C78	policeold1-8
0xED7B515D	pompiers
0xEDA001EA	port_of_ls_sniping
0xEDF84B7E	pose_a_idle_c_tumbler_cs2_s
0xEDA8127E	pose_b_trans_pose_c_headphones
0xED64AE4F	pose_c_trans_pose_e_blamadon_face
0xED65F47C	postfx_tonemap_filmic_d_bright
0xED651F28	pr_dlc_gr_bunker_portaloo_flies_night
0xEDD872F7	prezent
0xED79FDDC	prop_air_windsock
0xEDF952DF	prop_ashtray_01-66
0xEDD7C0D3	prop_bar_fridge_02
0xEDDEDC65	prop_beer_logopen-47
0xED1840D2	prop_bin_delpiero
0xED82C4FB	prop_bottle_cap_01-4
0xEDF5CD3C	prop_bush_lrg_04d
0xEDA770F8	prop_bush_med_07
0xEDF1B4E2	prop_chair_01b-5
0xEDD853D1	prop_chair_08-9
0xEDD6A568	prop_champ_01b-29
0xED9414DC	prop_champ_jer_01a-8
0xEDB278EF	prop_cigar_01-12
0xED457331	prop_cigar_03-7
0xED5803E0	prop_claw_grab
0xED649FED	prop_controller_01-8
0xED86070B	prop_cs_beer_bot_01-8
0xED0DB78F	prop_cs_champ_flute-20
0xED64A447	prop_cs_creeper_01-4
0xEDF838B6	prop_cs_film_reel_01-23
0xED2E79F0	prop_cs_ice_locker
0xED54C351	prop_cs_ironing_board-15
0xED008513	prop_cs_kitchen_cab_l2-62
0xEDF1B17F	prop_cs_kitchen_cab_ld-0
0xEDDD442B	prop_cs_planning_photo-8
0xEDAE0448	prop_cs_whiskey_bottle-9
0xEDEB881E	prop_dart_bd_01
0xEDA96F47	prop_distantcar_night
0xED2DE5E2	prop_dock_crane_02_ld-5
0xEDF175E9	prop_donut_02b
0xEDFCE290	prop_epsilon_door_r-0
0xED4DFCA2	prop_fnclink_10a
0xED3ACA09	prop_food_bs_bag_01-71
0xED92DB77	prop_freeweight_02
0xED94AF84	prop_hotdogstand_01-19
0xED9A6ED8	prop_ic_5_p
0xEDE36DC8	prop_ind_light_01b
0xEDB4EC63	prop_ind_light_02c
0xED49E154	prop_ing_camera_01-4
0xED1357F5	prop_j_disptray_01_dam
0xEDDB352A	prop_jewel_glass_root
0xED3750A3	prop_ld_cable_tie_01-23
0xED720AD5	prop_ld_crate_01-14
0xEDC51B28	prop_ld_crate_lid_01-0
0xEDCDBE97	prop_ld_rubble_02
0xED0D3951	prop_ld_shovel_dirt-7
0xED0EB5FE	prop_luggage_02a-24
0xED7FC747	prop_luggage_07a-63
0xED10FF9F	prop_mp_halo_rotate
0xEDD12045	prop_off_chair_04_s-32
0xED555CFA	prop_off_chair_04_s-53
0xEDABA59A	prop_pencil_01-28
0xEDE96D7A	prop_pencil_01-3
0xEDFBCDEC	prop_phone_ing_02-18
0xEDE3FA21	prop_phone_ing_03-16
0xED119005	prop_phone_overlay_anim-84
0xED82C057	prop_pipes_conc_02
0xED64F592	prop_plastic_cup_02-12
0xED09F928	prop_plastic_cup_02-40
0xEDB3D10A	prop_plate_01
0xED3F3AD6	prop_pooltable_3b
0xED25F13B	prop_rub_scrap_02
0xED0A985E	prop_scafold_05a
0xED822FAC	prop_screen_arena_giant
0xED820A1A	prop_suitcase_01-11
0xEDF4D8DD	prop_table_03_chr-0
0xEDDFFC15	prop_tool_broom-19
0xED35EDA5	prop_tool_sawhorse-32
0xEDC48F9F	prop_weed_02
0xED18C0DF	prop_wine_bot_01-27
0xED1914AC	proper
0xED643D72	proyectiles
0xED7D30FC	prs_ceaa
0xEDB9AD1E	prs_niab
0xED13AEE7	prs_pfaa
0xEDDB0B39	ptp_stop
0xEDEE6D9C	puissant
0xED5431E4	pull_tooth_intro_victim_facial
0xED0D8432	q5rfrpsrs
0xEDF7110C	qualcuno
0xED5D2E10	quel
0xED8A9C5A	radio_04_punk_djsolo
0xED9D5F6E	rampa_cue_idle_f_12_facial
0xEDC849D0	rampa_cuedance_idle_a_02_v2_s_glass_02
0xED8607F4	rampa_mix_sync_b_26_s_glass_03
0xEDB329C8	rampa_mixdance_sync_b_13_tumbler
0xED8AC0CB	rampa_mixsway_sync_a_08
0xED6D31AE	rampa_trans_mix_to_mixsway_a_02_v2_hp_table
0xED38196C	rampa_trans_mixdance_to_awayside_a_19_v2_s_glass_01
0xEDB07441	rampa_trans_mixdup_to_mixddown_a_06_s_glass_01
0xED7007C7	rampa_unq_chat3_d_6_hp_table
0xED4E6743	rampa_unq_sync2_f_50_v2_s_glass_01
0xEDDBE2F4	rampa_unq_sync_d_26
0xED056F94	rb_12_bwaa
0xED89765A	rb_12_bxaa
0xEDD49B57	rcmjosh
0xED35A7C8	react_win_club_02_michael_facial
0xED22856F	ready_position_idle_01
0xED92FEB9	rebth_aiaa
0xEDFD4122	rebth_btab
0xED2851E7	recomendada
0xED5D890C	reduz
0xED279C45	reh_prop_reh_folder_01b-58
0xED084214	rejig
0xEDD63B79	repap_coac
0xEDBB5278	repap_ecae
0xED6008E4	retrieve_win_b
0xED1F9F50	right_enter_barbell
0xED1A2761	riot-4
0xED75C330	roof_glass
0xED5C2A8D	rope_cut_soundset
0xEDD84512	ropedbodypart
0xEDFA74ED	run_from_trevor_b
0xEDF344B6	rurs1_eiaw
0xED77E493	s_f_y_shop_low_white_mini_01
0xED56AE18	s_f_y_sweatshop_01_dual-0
0xED08DA31	s_m_m_bouncer_02_dual-12
0xEDBC7546	s_m_m_fiboffice_01
0xEDD4B662	s_m_m_highsec_01_p
0xED0CE4C6	s_m_m_migrant_01
0xEDDC0940	s_m_m_migrant_01_p
0xED453813	s_m_m_studiosoueng_02_dual-45
0xEDA9FB89	s_m_y_baywatch_01-5
0xED4AC424	sandy_shores_cam
0xEDA79CB9	sas1_braa
0xED2DAE65	sc_warning_title
0xED193A87	scatterg_gsquared_phasemult_scale
0xED3759AB	scr_agency3b_sprinkler_on
0xEDEA9BF5	scr_bike_weed_fog_upgrade
0xED0BC7A3	scr_impexp_jug
0xED9636CC	scr_sol1_plane_elec_crackle
0xED762D49	seashark3
0xED143A66	seminole-73
0xEDBD6283	set_sign_up_submit_highlight
0xED33348B	set_welcome_title_text
0xED004B89	sf_mp_h_yacht_stool_01
0xED98FE1D	sf_prop_sf_door_cabinet_01a-20
0xED26378F	sf_prop_sf_door_stat_l_01a-65
0xEDE5BBED	sf_prop_sf_door_stud_01a-6
0xED7ED686	sf_prop_sf_drum_stick_01a
0xEDDBAE6D	sf_prop_sf_drum_stick_01a-7
0xED44FFA1	sf_prop_sf_glass_stu_01a
0xED3410BC	sf_prop_sf_golf_wood_02a-42
0xED43B8B7	sf_prop_sf_mic_rec_01a-60
0xED3E1B6D	sf_prop_sf_monitor_stu_01a-27
0xED366D54	sf_prop_sf_music_stand_01a-31
0xEDDAE7A9	sf_prop_sf_pallet_01a-8
0xEDE63119	sf_prop_sf_rotor_01a
0xED6418AB	shadowprocessing_softshadowblur_optimised2
0xED1E9E44	shootout_typing_mouse
0xEDE845B0	show_warning_message
0xED6C34D4	shower_enter_into_idle_door
0xEDB86E23	skillabove50maxammomp
0xED9F313C	sm_cowbell_root
0xEDFD59D5	sm_prop_smug_cctv_mon_01-64
0xED1E50E6	sm_prop_smug_crate_m_01a-4
0xEDF8E94C	sm_prop_smug_speaker-2
0xED304AA6	smc_safe
0xED325940	sol_idle_ctr_wide_a_sol
0xED9F4B2E	solution.
0xED62A2D0	sp_f_accs_0_12
0xED5BA63F	sp_f_accs_13_11
0xEDADF2C0	sp_f_accs_15_11
0xEDE1E305	sp_f_feet_13_11
0xEDC87E84	sp_f_feet_6_1
0xED340865	sp_f_jbib_10_0
0xED55DBCD	sp_f_jbib_10_14
0xEDF223C5	sp_f_jbib_4_0
0xED7B5F80	sp_f_lowr_6_9
0xEDECD626	sp_f_lowr_8_13
0xEDE59F67	sp_m_accs_11_14
0xED5FA6DA	sp_m_accs_6_3
0xEDCD7347	sp_m_eyes_0_4
0xEDA12003	sp_m_eyes_7_5
0xED851B04	sp_m_jbib_14_8
0xEDFF7FD0	sp_m_jbib_2_11
0xED509CB4	sp_m_jbib_2_6
0xED86862A	spec_reflect
0xED48F755	special_ped@andy_moon@monologue_12@monologue_12f
0xED60E8FB	special_ped@andy_moon@trevor_3@trevor_3b
0xED0ACC3E	special_ped@griff@monologue_4@monologue_4b
0xED2B70C5	special_ped@jessie@monologue_6@monologue_6d
0xEDBB90C9	special_ped@zombie@monologue_8@monologue_8f
0xED7B22A5	sperm_donor_daddy_tracey
0xED20384B	spike_2mod
0xEDB48315	spots_oatfos_ep_1_p1_003-15
0xEDF87D2A	spray_can_var_02_male
0xEDA385E7	staff_problems_v1_motor_cycle
0xED7C4147	stagd_epap
0xEDAF252A	stage_02_anim_03_monitor
0xED746033	stage_3_hit_line_1_trans_golf_club
0xEDD4FAFC	stand_to_sit_prop_cam
0xEDF54CE2	statupdate
0xEDBF0D14	std_get_out_flee_ps
0xED7ACD34	success_scan_phone_prop_phone_ing
0xED016ACC	sum25_lsia_int-34
0xEDFE5268	surge-27
0xED73BA97	swim_turn_r_circle
0xEDA14ADC	swimming@first_person@diving
0xED1141C2	table_var_01
0xED031790	talina
0xED861F4D	tanker2-8
0xED4E04FC	tck
0xED65B64D	terrain_cb_4lyr_2tex_pxm.sps
0xEDB1C264	terrain_cb_4lyr_lod
0xEDA5EEE1	text_idle_01_jimmy
0xEDCDC9A4	textrect
0xEDD11ADB	throw_h_fb_right
0xED0C8C46	timetable@denice@ig_3
0xED6506C7	timetable@michael@talk_phoneexit_b
0xEDB1BAFE	tmiuv
0xEDAB12AA	to.
0xED39A9EE	token
0xED913960	tou_sync_d_cc
0xEDCFA70D	tou_trans_pc_pc_to_open_a_headphonescc
0xEDF17D06	tou_trans_pc_to_mid_pc_to_open_cc_face
0xED7A6149	tow_kfae
0xEDBCE79C	tow_lkaa
0xED42B1CC	tow_mhaa
0xED6AE644	tr_prop_meth_openbag_01a
0xEDF99A31	tr_prop_tr_bag_djlp_01a-18
0xED5E0751	tr_prop_tr_car_lift_01a-17
0xED57B8B2	tr_prop_tr_files_paper_01b-3
0xED1AB844	tr_prop_tr_files_paper_01b-9
0xEDCFAF32	tr_prop_tr_mod_lframe_01a-9
0xEDDD3F66	tr_prop_tr_v_door_disp_01a-0
0xED108C81	tracy_jetski_d
0xED4AD360	trans_crouch_to_humanshield_captain_captain
0xEDE1C270	trans_to_rest_ch_prop_ch_sec_cabinet_01ghi
0xEDE03637	trevor_1_int-2
0xED106AAF	tribike-0
0xEDB272E5	trv3_gbab
0xEDC7B949	tun_meet_int-50
0xED426533	two_cam
0xEDEB7A7B	txm10_aaaa
0xEDAC3327	txm2_enad
0xEDD878F6	txm3_eraa
0xEDE2B407	txm4_ckaa
0xED35BDA5	txm8_dfaa
0xEDA94F1D	u_f_m_debbie_01_dual-11
0xED56C414	u_f_m_debbie_01_p
0xEDF4641A	u_m_m_promourn_01_dual-0
0xED0F37C1	ultra
0xEDEBC7D2	unload_rl_01_gr_prop_gr_drillcage_01a
0xEDF0424A	v_16_lng_mesh_blinds
0xED56B751	v_28_waste_refl
0xED0F14D6	v_34_wtyremks
0xED547A9F	v_61_hlw_mesh_delta
0xEDCD0D39	v_73_glass_5_deta2
0xED4FEA7C	v_74_hobar_debris016
0xEDA30921	v_8_baseoverlay
0xED15E0C3	v_club_vu_boa
0xEDA75712	v_corp_hicksdoor-15
0xED06ABC1	v_ilev_a_tissue-9
0xED6DBBBF	v_ilev_cd_door3
0xEDA9160C	v_ilev_fib_sprklr_on
0xED071D29	v_ilev_ml_door1-8
0xED7C43A6	v_ilev_mm_doorm_l-20
0xED83830D	v_ilev_mm_fridgeint
0xED911F4C	v_ilev_sol_off_door01-24
0xED6421C2	v_ilev_sol_off_door01-9
0xEDE01C9B	v_ind_cf_crate2
0xED918014	v_ind_ss_chair01-38
0xEDFF5FEA	v_ind_ss_chair2-1
0xEDC2B140	v_med_hospseating3
0xED7C46F7	v_serv_ct_monitor06
0xED0707AA	v_tre_sofa_mess_b_s-14
0xEDC4586D	veh@drivebybike@police@rear@grenade
0xEDE0888F	veh@golfcaddy@ds@base
0xED0BC15F	veh@plane@mammatus@front@ps@base
0xEDA4641C	veh@van@ps@idle_panic
0xEDEB9437	veh_exhaust_boat
0xEDBC397A	vehicle_basic
0xEDA3AD2E	vehicle_cloth.sps
0xED5D39C0	vehicle_mesh_enveff
0xEDE85B0B	vehicle_paint2
0xEDE9B30F	vfx_it2_11
0xED1D651D	vw_prop_vw_casino_door_01a-21
0xED963D34	vw_prop_vw_casino_door_02a-15
0xED1FD2E3	vw_prop_vw_door_bath_01a-18
0xED0BD7EA	vw_prop_vw_ice_bucket_01a-42
0xEDDBA7F5	vw_prop_vw_planter_01
0xED730F8B	vw_prop_vw_tray_01a-39
0xEDED8D1B	w_ar_assaultrifle-13
0xED0DD1CE	w_ar_assaultrifle_mag1-46
0xEDF2F12F	w_ar_carbinerifle-1
0xED0E527C	w_ar_carbinerifle-28
0xEDC75F3E	w_ar_specialcarbinemk2_camo_ind
0xEDF927E6	w_at_ar_barrel_1-4
0xEDCA9FD4	w_me_bat-15
0xED0DC048	w_pi_appistol_mag1-13
0xED68F8D0	w_pi_heavypistol_mag1-2
0xED6F00B7	w_pi_revolvermk2_camo1
0xED4E0DEA	w_pi_singleshoth4_shell
0xED5F225C	w_sb_assaultsmg_mag1
0xEDDA4A5B	water_amph_car_bow_mounted
0xED0D90C6	water_splash_bicycle_wade
0xED4D2EEE	wcd_rev_varg
0xED336159	wct_knuck_dmd
0xED7B8FAD	wct_var_etchm
0xED39F1C6	weapon_5q_rot
0xEDD629D8	weapons@first_person@aim_idle@p_m_two@pistol@shared@fidgets@b
0xED8CDFA3	weapons@first_person@aim_lt@generic@projectile@misc@molotov@
0xED597929	weapons@first_person@aim_rng@generic@sniper_rifle@marksman_rifle@
0xED7EBF12	weapons@first_person@aim_rng@p_m_zero@heavy@grenade_launcher@aim_trans@rng_to_stealth
0xED0056C2	weapons@first_person@aim_scope@p_m_zero@pistol@shared@aim_trans@unholster_to_scope
0xEDD57202	weed_aiaa
0xEDB5041A	weed_inspecting_high_idle_03_clipboard
0xED6914E8	weed_spraybottle_crouch_base_spraybottle
0xED51D04A	wheel_f
0xED241672	win_big
0xEDA946D0	win_race_michael_cam
0xED512395	windsor2-38
0xED1FA61C	windsor2-54
0xEDEA6A25	world_vehicle_construction_passengers
0xED71B76C	wstop_l_0
0xED916D08	x-upload-content-type
0xED497CA5	xm25_avi6_rescue_mcs1b-6
0xEDEDCB30	xm25_avi6_shutters_mcs2c-9
0xEDABC5D3	xm25_mansion_intb-99
0xEDD210A4	xm25_mansion_intc-107
0xED8F5379	xm25_mansion_intc-27
0xED4E7230	xm25_mansion_intc-68
0xED9122FF	xm3_des_xm3_velum2_crash_07
0xEDD3657F	xm3_mpchristmas3_additions_trainb6
0xED1A7599	xm3_prop_xm3_board_decal_01a
0xED213C98	xm3_prop_xm3_cem_bags_01a-34
0xED6EB66B	xm3_prop_xm3_pill_01a-23
0xED188E4C	xm3_prop_xm3_rub_matress_01a-75
0xED1840A1	xm3_prop_xm3_vape_01a-27
0xED11CEE6	xm4_rr_fin_mcs2-1
0xED0A2B36	xm4_yard_int-44
0xED24720F	xm_prop_base_blast_door_02_l-1
0xEDA755CE	xm_prop_facility_glass_01j
0xEDF46325	xm_prop_x17_corp_offchair-20
0xEDC31093	xqpm.xplj
0xED890691	xs_prop_arena_champ_closed-43
0xEDD6E52B	xs_prop_arena_jump_s_01a_sf
0xED8EDDE3	xs_prop_arena_jump_xxl_01a
0xEDB53F04	xs_prop_arena_torque_wrench_01a-13
0xEDE1E551	xs_propint3_waste_01_neon
