0xEF0EEE49	.cmd
0xEFDCA0A4	002057_03_trvs_27_flushes_foot_idle
0xEF3C0E60	0_hiend_modkit
0xEFCD15C9	345.5
0xEFB2DE03	63_entityxf_modkit
0xEFFA88BA	6drsd
0xEFE9CAF6	80_shamal_modkit
0xEFF17225	86v
0xEF4A5104	_react_ball_out_lt_cam
0xEFCD9B41	_rel
0xEFA1E4AA	_target
0xEFD98737	a15_tunf_iaa_mcs1_p1_t06_00-6
0xEF06982C	a_c_retriever-33
0xEF375951	a_f_m_bodybuild_01_r2pvg
0xEFD3F478	a_f_o_genstreet_01_dual-19
0xEF026D1E	a_f_y_bevhills_01-15
0xEFB565C0	a_f_y_bevhills_04-11
0xEFCB5206	a_f_y_carclub_01_dual-27
0xEF67D38B	a_f_y_carclub_01_dual-45
0xEF1028ED	a_f_y_runner_01_dual-56
0xEF7020F6	a_f_y_smartcaspat_01_dual-18
0xEF57566B	a_f_y_tourist_01-9
0xEFCCE903	a_f_y_tourist_01_dual-57
0xEF21D0FB	a_m_y_beachvesp_02-2
0xEF51835B	a_m_y_busicas_01_dual-13
0xEF395857	a_m_y_clubcust_02_p
0xEF4F7507	a_m_y_gay_02_dual-32
0xEFFF17F8	a_m_y_genstreet_01_dual-38
0xEF7A0E45	a_m_y_stbla_02_dual-31
0xEF5CD686	a_m_y_stwhi_02_dual-49
0xEF537496	ac12_fspot_fos_ep1_p1_01-21
0xEF6951CA	ac13_fspot_fos_ep1_p1_00-7
0xEF2BACE8	ac24_ah_1_ext_t6_01-1
0xEFB30F9E	ac2_fra_0_int_p2_00-3
0xEF4A96B7	ac2_ped_trevor_1_intp4_002-11
0xEF785EB2	ac33_bar_1_rcm_p2_00-12
0xEF2BE2A9	ac42_fam_6_int_p3_t7_00-19
0xEFF77D55	action_male_code_container
0xEFDCF97B	activity_leaving
0xEF79631D	adam_away_dance_i_14_hp_table
0xEF7C2898	adam_away_idle_j_05_v2_hp
0xEF6A9F5E	adam_bch_unq_sync3_d_43_v2_tumbler
0xEFC102EE	adam_cue_idle_k_04_hp_table
0xEF8667FE	adam_unq_sync_d_26_v2_tumbler
0xEF9A448A	agressive_a
0xEFAA2D6D	ah3b_ilaa
0xEFF30551	ah3b_jmab
0xEF824FF1	aiming.
0xEF42A90A	airmech_pvg
0xEFF04DFD	amb@code_human_in_car_mp_actions@dance@bodhi@ps@base
0xEF71BF94	amb@prop_human_seat_chair@male@generic@react_aggressive
0xEFFF9880	amb@world_human_cop_idles@male@idle_a
0xEF3AFBC5	amb@world_human_stand_guard@male@base
0xEF0DCC71	andy_ig_1_p1_andhisnameisdeath_0
0xEFC24E7B	angry_clap_b_player_b
0xEF36428F	anim@amb@carmeet@checkout_engine@drink@female_a@base
0xEF76CCE1	anim@amb@carmeet@checkout_engine@female_d@trans
0xEF17A2E7	anim@amb@casino@brawl@reacts@roulette@mpcas2_ig14_roulette_react_01@
0xEFDB5CFA	anim@mp_player_intcelebrationmale@mind_blown
0xEF9EE573	anim@mp_player_intupperphotography
0xEF3A7006	anim@scripted@freemode@lifeinvader_ig_keypad_hack@heeled@
0xEF8F32C4	anim@scripted@island@special_peds@dave@hs4_dave_stage2_ig6
0xEF44F92D	anim@scripted@ulp_missions@change_clothes@
0xEF1259B8	anim@scripted@ulp_missions@computerhack@heeled@
0xEFDBB4E0	anim@veh@std@draugur@ps@enter_exit
0xEFD7C2FA	anim_ac69_fos_ep1_p6_01-35
0xEF6BCCDF	anim_ac70_fos_ep1_p6_00-24
0xEF3DE1F3	anim_ac77_fos_ep1_p6_01-13
0xEFFA84E9	anim_ac77_fos_ep1_p6_02-30
0xEF6A805A	anim_ac82_fos_ep1_p6_01-21
0xEFF1BF79	anim_casino_a@amb@casino@games@spectate@slots@ped_female@stand@02b@reacts@v01
0xEF94D79A	anim_casino_b@amb@casino@games@roulette@ped_female@seat_1@regular@01a@play@v01
0xEFA0B9DE	anim_casino_b@amb@casino@games@roulette@ped_female@seat_3@regular@03b@trans
0xEFE303DF	anim_corona_oat_fos_ep1_p6_16-0
0xEFBF0139	anim_heist@arcade@love@male@left@
0xEF098F9D	anim_oat_fos_ep1_p6_045-11
0xEFF62C0B	anim_oat_fos_ep1_p6_046-7
0xEF07AF89	anim_oat_fos_ep1_p6_053-6
0xEF2CE758	anim_oat_fos_ep1_p6_055-30
0xEF309C0D	anim_oat_fos_ep1_p6_06-26
0xEF98D28D	anim_oat_fos_ep1_p6_08-32
0xEFD752D4	anim_oat_fos_ep1_p6_17-17
0xEF236DFD	anim_oat_fos_ep1_p6_21-15
0xEFF585E5	anim_oat_fos_ep1_p6_25-3
0xEFD685AB	anim_oat_fos_ep1_p6_25-5
0xEF33B0CB	anim_oat_fos_ep1_p6_31-17
0xEF591C94	anim_spots_oat_fos_ep1_p6_00-12
0xEFAE45EE	anim_spots_oat_fos_ep1_p6_04-28
0xEF8139D3	anim_spots_oat_fos_ep1_p6_05-7
0xEF73231F	animl_aeau
0xEF5826FC	animl_akac
0xEFC3A7D7	animl_akar
0xEFED794F	animl_axam
0xEFB73D2A	animl_bmal
0xEFF83BF5	animl_bqap
0xEFF81E56	animl_cvab
0xEFA092D9	animl_dmae
0xEFDD2E5F	animl_dsab
0xEF65AD26	animl_epag
0xEF109B52	animl_eyae
0xEFCEDB11	apa_ch2_04_man_1_generic_slod1
0xEF082160	ar2_hiaa
0xEFF6A0D4	ar_countryside_prison_announce_general
0xEF982715	ar_dlc_gr_bunker_gun_foley
0xEFC712B6	ar_dlc_gr_yacht_engine_room_2_steaming_01
0xEFFFB9D6	ar_dlc_hei4_int_sub_command_beeps_00
0xEFFEE830	ar_dlc_ie_wh_water_trickle_distant
0xEF57212A	ar_prison_screams_02
0xEF51DAC0	ar_prop_ar_tube_2x_speed
0xEF534B34	ar_xm_dlc_v_tower_v_25_controlrm_scanner
0xEF4BC2B3	ar_xm_int_facility_iaa_entry_aircon_large
0xEF283138	arena_int-3
0xEFB0CB12	arm1_cmaa
0xEFC499A3	arm1_dwaa
0xEF089755	arm2_10
0xEFBABDAE	arm3_cfaa
0xEF29EC29	arms_fsaa
0xEF4FEB17	armstiffnessstart
0xEF842366	ass5_top
0xEF81510D	assetpropflags
0xEF74167D	assortie
0xEF4EFA3D	az_dlc_gr_bunker_zone_02
0xEFB68189	az_music_industrial_04
0xEFC96073	az_walla_ls_eclipse_01
0xEF0BE05E	ba_prop_battle_dj_deck_01a-50
0xEF6C4F4F	ba_prop_battle_headphones_dj-58
0xEFE528FD	ba_prop_battle_mic-15
0xEFA5331E	ba_prop_battle_sniffing_pipe-19
0xEF128E15	ba_prop_club_dressing_sign_03
0xEF366977	ba_prop_door_club_entrance-1
0xEFFA3AA4	ba_prop_door_club_trad_generic-59
0xEFFB8358	ba_prop_door_elevator_1l-96
0xEF0AAA4C	ba_prop_door_elevator_1r-40
0xEFEB5AA6	ba_rig_dj_03_lights_02_c
0xEF1F4B7E	ba_rig_dj_04_lights_02_b
0xEF58334B	bag_grab_idle_female
0xEF83EBE0	baller2-1
0xEF91414F	baller2-22
0xEF75B09E	bar_peds_action_transl
0xEF75294E	baseperlinnoise3channel
0xEF3B6041	bb1_ayaf
0xEF774F1F	bb4_asas
0xEF411D33	beckon_a_josh
0xEF277A80	bellico
0xEF07CB88	bench_on_phone_idle
0xEF2D7CCD	bet_max_press_spin_v02
0xEFFB7599	bet_max_press_spin_var01
0xEFDE7204	betidle_press_betmax_b_facial
0xEF3A2E65	bigscorea22
0xEF7F42AB	biker_02_stickup_loop
0xEFF352E5	biker_draw_0
0xEF5D321E	bmad_start_bg_male5_face
0xEF6CEE5A	boatsearchlight
0xEFFA87F7	booty_blaa
0xEFC875F7	bs2b_ilaa
0xEF84B55D	bs_1_car_return_to_franklins
0xEFD1BB17	bs_2a_mcs_1-2
0xEF932A0A	bs_2a_mcs_8_p3
0xEFA7324B	bul_grass_heli
0xEFDA42D4	bunk_int-17
0xEFD8C1AD	bus_passenger
0xEFD56395	car3_escape_restart
0xEFFEFA82	car3_trailer
0xEFD73168	car_2_mcs_1-6
0xEFF44B69	carpark_mp_exit
0xEF7D1C4E	catch_object_largeweapon_fps_male
0xEF6E6D0B	cbrad_ecaf
0xEF692677	cerf
0xEFACEEB0	ch_p_ch_jimmy_necklace_2_s-32
0xEF981110	ch_prop_arcade_street_01a-7
0xEF9C556A	ch_prop_ch_boodyhand_01a
0xEF1CD827	ch_prop_ch_tray_01a-3
0xEFC41EA9	ch_prop_ch_vault_blue_03
0xEFA57D4D	ch_prop_vault_painting_01f
0xEF33E349	chain_002
0xEF5004FD	cham_spray_a_champagne
0xEF87A1FF	chatc_bgaa
0xEFBA025B	cheetah-1
0xEFA59974	chi2_ceac
0xEF9CF790	chn1_fail
0xEFCDC368	cm_hstkrm
0xEF43D221	cm_stomau
0xEF50CF65	cmod_pla_3
0xEF913722	cmovenetworkhelperfunctions
0xEF3D5B33	combat@aim_turns@pistol
0xEF783DCD	combat@combat_reactions@pistol_1h_hillbilly
0xEFF401FF	combat@reposition@cop@turn_left
0xEF2C78C1	component_assaultrifle_mk2_clip_tracer
0xEFFFDB5E	component_bullpuprifle_mk2_camo_07
0xEFB00628	component_bullpuprifle_mk2_clip_02
0xEF29BFCA	component_pumpshotgun_mk2_camo_09
0xEFCE97C1	convo_trevor_mybrother_8
0xEFB2F906	coquette4-15
0xEF6656D4	corona_fos_ep1_p1_00-18
0xEFEF0786	corona_fos_ep1_p1_08-3
0xEF7CA90A	cover@peek@ai@1h@high@_b
0xEF887FE5	cower_front_exit
0xEFBFBD43	cpacketinterior
0xEF6D43ED	cpacketpedsmokefx
0xEF314F6E	createfile2
0xEF11F0B4	crowddance_hi_06_base_laz
0xEF8E0892	crw_joinprimary_mp
0xEFA88986	cs_amandatownley_02_dual-39
0xEFEC007C	cs_amandatownley_02_dual-90
0xEFB25879	cs_amandatownley_dual-25
0xEFDB58C7	cs_amandatownley_dual-27
0xEFE5AFE6	cs_brad
0xEF2DC547	cs_cig_smoke_inhale-0
0xEFE9DFB9	cs_drfriedlander_02_dual-0
0xEFD9A761	cs_drfriedlander_dual-2
0xEFAE6F95	cs_drfriedlander_dual-64
0xEF22A17D	cs_dry_ice_freezer_door-4
0xEFFA1A69	cs_exile2_gas_liquid_pour-13
0xEF64B61F	cs_jimmydisanto2_dual-24
0xEF474A3D	cs_johnnyklebitz_dual-14
0xEF35ECE8	cs_lestercrest_3_dual-12
0xEF83014A	cs_lestercrest_3_dual-36
0xEF19FFA0	cs_lestercrest_3_dual-40
0xEFA36FC7	cs_manuel_dual-6
0xEF43A318	cs_nervousron_02_dual-44
0xEF580696	cs_pro_glass_smash
0xEF943001	cs_sv_yard_car_wheel_smoke-52
0xEF9BC9A5	csb_bogdan_dual-16
0xEFB079DC	csb_bryony_dual-17
0xEFEC83E4	csb_bryony_dual-25
0xEFF3DB32	csb_dax_dual-75
0xEFCDE2FA	csb_englishdave_dual-29
0xEFDE4FC7	csb_englishdave_dual-54
0xEF757248	csb_faber_02_dual-36
0xEF00276C	csb_helmsmanpavel_dual-14
0xEF399D93	csb_isldj_02_dual-23
0xEF8B796E	csb_jamalamir_dual-91
0xEFA0F4DE	csb_jodimarshall_dual-4
0xEF785A6A	csb_undercover
0xEFBF9DE0	csb_undercover_dual-6
0xEFB9A27D	csm_st_clouds_twotap
0xEF177011	cst2_ghaa
0xEF252B7E	cst3_bnab
0xEF9898AB	cst7_czap
0xEF294F05	curtain
0xEF727650	custom_golf_greet_franklin
0xEF6A5AC8	cut_hs4_champagne_pour-27
0xEF5BDF97	cut_hs4f_photo_burn-22
0xEF9055F6	cut_mpcas_champagne_spray-26
0xEF169E02	cut_sec_golfcart_wheel_debris-7
0xEF6D74C0	cut_sec_veh_tire_smoke-40
0xEFFB374E	cut_sec_weed_van_smoke-36
0xEFEFB293	cut_xm3_journey_wheel_dirt-23
0xEF1F5436	cut_xm3_rpg_trail_smoke-25
0xEFF5CD4E	czerwona
0xEFB741DF	d_ac11_ep_5_rcm_014-1
0xEF8C7BFB	d_ac16_bar_5_rcm_p2_101-4
0xEFE178C5	d_ac1_fra_2_ext_p3_00-13
0xEF36A24D	d_ac2_ep_8_rcm_00201-7
0xEFA1D2AB	dance_a_loop_blamadon
0xEFB7381C	dancecrowd_li_06_base_laz
0xEF40535A	dancecrowd_trans_07_mi_to_li_laz
0xEF9ADE95	darts_ig_intro_alt1_guy2
0xEFE79E0E	dc-
0xEFE39706	defaultdashboardcolor
0xEF281A4A	defaultstandard
0xEF40FC22	devem
0xEFACB78D	dgcrew0entry
0xEFDB11A3	dh1_ezah
0xEF9D6978	dh2a_eead
0xEFDA7101	diffusionradius
0xEFFD5E9B	dilettante-4
0xEF8305B3	dixn_idle_cntr_a_dix
0xEF28BBB2	dixn_idle_trns_hp_nk_hd_dix_face
0xEFBA709D	djsolohistorywriteindex
0xEF92169E	dlc_23_2/dlc_23_2_drag_race
0xEF0CD62F	dlc_exec1/sell_air_drop
0xEFC23A17	dlc_mp_apa_m_jbib_14_0
0xEFA130A5	dlc_mp_apa_m_jbib_1_2
0xEF7DE3FF	dlc_mp_ar_f_legs_1_14
0xEF9BA91A	dlc_mp_arena_f_decl_0_0
0xEF6F9A0D	dlc_mp_arena_f_legs_8_10
0xEF10AED4	dlc_mp_arena_m_feet_10_11
0xEF9D321A	dlc_mp_arena_m_feet_8_2
0xEF79DF30	dlc_mp_arena_m_jbib_1_1
0xEF4BF4AD	dlc_mp_arena_m_jbib_9_1
0xEF4132E4	dlc_mp_arena_m_phead_3_2
0xEFEBC351	dlc_mp_arena_m_special_1_18
0xEF0A38FD	dlc_mp_arena_m_torso_1_6
0xEF2EBCF3	dlc_mp_bh_f_jbib_17_4
0xEFB37726	dlc_mp_bh_m_jbib_16_18
0xEFDCC789	dlc_mp_bh_m_jbib_9_3
0xEF4C6784	dlc_mp_biker_f_hand_2_5
0xEFFF62E3	dlc_mp_biker_f_jbib_26_4
0xEF220E00	dlc_mp_biker_f_jbib_29_1
0xEFB1A138	dlc_mp_biker_m_torso_4_1
0xEFD5ED54	dlc_mp_busi_m_accs0_0
0xEF9FDEA2	dlc_mp_busi_m_berd2_6
0xEF0CD739	dlc_mp_business_f_glasses1_10
0xEFB836BD	dlc_mp_exec_m_jbib_14_5
0xEFF4C56C	dlc_mp_fixer_f_jbib_4_9
0xEFF001E1	dlc_mp_fixer_f_peyes_1_3
0xEF4EE7AC	dlc_mp_fixer_m_peyes_0_4
0xEFB01B3A	dlc_mp_fixer_m_phead_0_12
0xEFA961CD	dlc_mp_fixer_m_phead_1_0
0xEFDFE9F3	dlc_mp_fixer_m_phead_2_12
0xEF2E6880	dlc_mp_fixer_m_phead_2_19
0xEF437728	dlc_mp_gr_f_berd_2_17
0xEF40D5F7	dlc_mp_gr_f_hair_14_0
0xEF3D3F7B	dlc_mp_gr_f_jbib_19_1
0xEF5C8DFE	dlc_mp_gr_f_jbib_1_0
0xEF4380B0	dlc_mp_gr_f_jbib_8_7
0xEF4D7711	dlc_mp_gr_f_special_0_6
0xEF6C1564	dlc_mp_gr_f_special_22_13
0xEF2997C5	dlc_mp_gr_m_berd_2_22
0xEFF7BDBE	dlc_mp_gr_m_berd_4_1
0xEF1980ED	dlc_mp_gr_m_decl_3_0
0xEF531506	dlc_mp_gr_m_jbib_16_6
0xEFDDA4A4	dlc_mp_gr_m_jbib_3_1
0xEF6A568C	dlc_mp_gr_m_legs_0_17
0xEF5E98AD	dlc_mp_gr_m_legs_1_9
0xEF0A60DF	dlc_mp_gr_m_legs_3_5
0xEFFA779E	dlc_mp_gr_m_phead_0_15
0xEF5BE6FA	dlc_mp_gr_m_special_3_13
0xEF2D6022	dlc_mp_gr_m_torso_12_15
0xEF8D0D01	dlc_mp_gr_m_torso_26_17
0xEF02852E	dlc_mp_gr_m_torso_3_2
0xEF8F1138	dlc_mp_gr_m_torso_4_6
0xEFBE0137	dlc_mp_h3_f_berd_14_13
0xEFD2ED1A	dlc_mp_h3_f_hand_3_7
0xEFBE1494	dlc_mp_h3_f_phead_6_4
0xEFB674FD	dlc_mp_h3_m_berd_9_15
0xEF11F58B	dlc_mp_h3_m_jbib_10_3
0xEF1F1D1A	dlc_mp_h3_m_legs_4_1
0xEFB5B06A	dlc_mp_h4_f_berd_4_12
0xEF1E90F8	dlc_mp_h4_m_berd_4_17
0xEF67214C	dlc_mp_h4_m_hand_1_6
0xEF80F797	dlc_mp_hal_f_berd_0_0
0xEF21DDC4	dlc_mp_heist_f_teeth_3_5
0xEFFB72DA	dlc_mp_heist_f_torso_22_0
0xEF770E87	dlc_mp_heist_m_feet_0_0
0xEFB02753	dlc_mp_heist_m_jbib_6_2
0xEF7AB44A	dlc_mp_heist_m_torso_5_1
0xEFA19390	dlc_mp_hips_m_feet0_0
0xEF7354DA	dlc_mp_ie_f_torso_7_0
0xEF953CEF	dlc_mp_jan_f_uppr_4_3
0xEFC34D46	dlc_mp_jan_m_hand_8_1
0xEFD0FAF7	dlc_mp_jan_m_phead_4_8
0xEFACDB4E	dlc_mp_low2_f_jbib_7_2
0xEFA131E1	dlc_mp_low2_f_jbib_9_1
0xEF5F9975	dlc_mp_low_f_jbib_5_4
0xEF78DFB9	dlc_mp_low_f_phead_0_19
0xEF27477B	dlc_mp_lts_f_hand_7_6
0xEF033A46	dlc_mp_lts_f_jbib_0_0
0xEF5C23C6	dlc_mp_luxe_m_jbib_5_3
0xEFDECAE1	dlc_mp_pilot_f_hand_2_9
0xEF638016	dlc_mp_smug_f_berd_6_24
0xEF02B98D	dlc_mp_smug_f_phead_5_21
0xEF1CF1DA	dlc_mp_smug_m_berd_1_15
0xEFC5E488	dlc_mp_smug_m_berd_5_23
0xEFBEF3A6	dlc_mp_smug_m_phead_7_17
0xEF88CE3A	dlc_mp_smug_m_special_11_0
0xEF819DE7	dlc_mp_stunt_f_feet_0_1
0xEF66C55B	dlc_mp_stunt_f_feet_2_1
0xEF712685	dlc_mp_stunt_m_legs_2_1
0xEF38F35C	dlc_mp_stunt_m_legs_3_8
0xEF6F947C	dlc_mp_sum2_f_jbib_22_10
0xEF86E442	dlc_mp_sum_f_jbib_0_18
0xEF41C045	dlc_mp_sum_f_special_4_18
0xEFDE1906	dlc_mp_sum_m_jbib_7_21
0xEFEE0F9B	dlc_mp_sum_m_torso_11_2
0xEFB9E529	dlc_mp_tuner_f_decl_36_0
0xEFC03247	dlc_mp_tuner_f_teeth_0_0
0xEFB6DD6D	dlc_mp_val2_m_jbib_0_1
0xEFCAF955	dlc_mp_vwd_f_jbib_4_8
0xEFF410C0	dlc_mp_vwd_f_pleft_wrist_4_0
0xEFAB75BC	dlc_mp_vwd_m_jbib_18_10
0xEF949430	dlc_mp_vwd_m_legs_3_13
0xEF992672	dlc_mp_vwd_m_phead_0_1
0xEF2A3D64	dlc_mp_x17_f_berd_3_0
0xEFE25E53	dlc_mp_x17_f_jbib_7_0
0xEFFF64E5	dlc_mp_x17_m_berd_4_16
0xEF032B13	dlc_mp_x17_m_jbib_10_8
0xEF72A8FB	dlc_mp_x22_f_feet_10_0
0xEFFFC7CD	dlc_mp_x22_f_jbib_1_11
0xEFF86CCA	dlc_mp_x22_f_jbib_30_22
0xEF503111	dlc_mp_x22_f_jbib_8_4
0xEF475F85	dlc_mp_x22_f_pright_wrist_0_0
0xEF536BE8	dlc_mp_x22_m_feet_12_7
0xEF20C594	dlc_mp_x22_m_jbib_1_17
0xEF019212	dlc_mp_x22_m_legs_0_8
0xEFAC1CA7	dlc_mp_x22_m_legs_5_7
0xEFE04A07	dlc_mp_x22_m_legs_7_24
0xEF2BA254	dlc_mp_x22_m_special_1_15
0xEF6B621D	dlc_mp_xmas2_m_hand_3_0
0xEF7632DF	dlc_mp_xmas2_m_hand_8_2
0xEF5F1C6D	dlc_vw_hidden_collectible_sounds
0xEFFFDFA7	dolch
0xEF8B343D	dont_worry_babe_a_f_y_beach_facial
0xEF9BC5E5	drey1_auaa
0xEFF2CF36	drf_mic_2_cs_1-97
0xEF0F41B1	drf_mic_3_cs_2-68
0xEFCF7A99	drink_wine_loop_glass
0xEF0D6205	duas.
0xEFE27CEA	ef_1_rcm-0
0xEF32FA2C	eject_xm_khanjali_mg
0xEFD304FF	electrocute_spark_hand_l
0xEFD75500	ent_amb_fly_swarm
0xEF88956F	ent_anim_blown_radiator
0xEF0D9CCE	enter_grill_tunnel
0xEF4C9AAE	enter_high_r_faceright
0xEF6F0950	enter_low_l_0-5m_-180
0xEF483981	entityxf-1
0xEF4AC0AD	eps5_acaj
0xEF115F93	eps6_biaa
0xEFFF65EE	event_help_ambient_friend
0xEFBAEE79	ex_cash_roll_01
0xEFE47A5D	ex_prop_crate_clothing_sc
0xEFF4FA8E	ex_prop_offchair_exec_03-10
0xEF2A8A31	exemplar-47
0xEF3314B8	exit_33_ball
0xEF2D2707	exit_glass_heeled
0xEF3DF3D9	exit_player2_facial
0xEFF602DC	exl1_cmas
0xEF20B038	exl3_aeaa
0xEFE88678	exp_grd_rpg
0xEF004581	ext1helipilot
0xEFCC1783	extra1
0xEF45A16B	facial_l_tonguea
0xEFBE2A52	facial_r_eyelidupperoutersdk
0xEF8FF454	facials@mime@variations@normal
0xEF4DE64C	fafm_bwaa
0xEFA8E399	fallingtypesupport
0xEF3B5102	fam1_fuab
0xEFCA12D5	fam2_bmar
0xEFB09342	fam2_bmbh
0xEF178720	fam2_chase_rt
0xEF2743A0	fam4_bhay
0xEFFA94E6	fam5_ecac
0xEF80FACC	fam_4_int_alt1-38
0xEF3EF8A9	famf_cuaa
0xEF0C5943	fan1_byaa
0xEFEF84DD	fan2_avaa
0xEF060368	fan2_bjab
0xEF88C487	fastreload
0xEF344ABA	fatl_aeaa
0xEF95F9A8	fauxbold
0xEF910DBC	fb_jaw_003
0xEF95EEA2	fbi2_gyal
0xEF3F96EF	fbi5a_agaa
0xEFB999AD	fbi5a_loal
0xEFE7CE0E	fbis4_euaa
0xEFC727A5	fcfl_efah
0xEFF027F3	fcfl_efan
0xEFCAAC1B	fcft_csad
0xEF72F540	fcft_dhab
0xEFE09173	fcft_diam
0xEF30798A	fcft_dpac
0xEFB33EB7	fcma_dwad
0xEF172F66	fcmf_cpal
0xEF67BC71	fcmft_cral
0xEF0D8A3C	fcmft_dhah
0xEF6A58A8	fcmj_dbae
0xEFFFF8D2	felon2-22
0xEFBCD04D	feltzer2-15
0xEF8F02C6	female_acknowledge_p01_facial
0xEFC21B10	female_pos_b_p2_idle_03_normal_weed
0xEF685ABA	female_pos_d_trans_p1_to_p2
0xEF68C8D8	fh3a_gwab
0xEF7F0216	fill_ac5_mph_nar_mid_p2_006-16
0xEF83412D	fin1
0xEFE07048	fin_c_ext-17
0xEF3F49AB	fin_c_ext-4
0xEF23CF97	fin_c_mcs_1-2
0xEF123FDD	finc1_hnaa
0xEFAB25B1	finger_guns_a_1st
0xEF5628AA	fire_med_var3
0xEF233852	fix_agy_int1-39
0xEF43AD9B	flag_cannot_be_modded
0xEF5F4A6E	flag_use_higher_door_torque
0xEF41353D	fm_hip_f_tshirt_003
0xEFE21872	fm_hip_m_tat_002
0xEFB35BD5	fmm_baaa
0xEF1E6D21	fnfl_axah
0xEF812CFE	fog_shape_weight_2
0xEF7234B4	font-weight
0xEF310B1A	fos_ep_1_p2-10
0xEFAF8C0B	fos_ep_1_p2-12
0xEFB8F218	fos_ep_1_p6-23
0xEF60A343	fos_ep_2_p2-3
0xEFE27F06	fpsonlyexitfireanimafterrecoilends
0xEFD112B6	fr_019
0xEF37E134	fra_0_int-17
0xEF937651	franklin_1_intp1-6
0xEF996868	franklin_bss_1_mcs_1
0xEFD78706	franklinonbonnet_landoncar
0xEFF1DC95	frlfb_alac
0xEFAF8A62	fullcut_cycle_v6_creditcard
0xEF752EBA	futo-35
0xEFA1E09A	fx_cloth
0xEF16EEA3	g_m_y_salvagoon_01_p
0xEF37613D	gestures@m@car@van@casual@ps
0xEF5DCA80	get_on_bottom_right_stand_high
0xEFC7A800	gfximageloader
0xEF3F121B	glance_board_01_left_v_ilev_chair02_ped
0xEF894EB8	glass_pv.sps
0xEF5DB058	goal
0xEF650831	gr_prop_gr_crates_rifles_02a
0xEFED66B1	gr_prop_gr_rsply_crate04b-8
0xEF530252	gradientfiltercoltop
0xEFCC70AC	gta_spec_reflect_screendooralpha.sps
0xEF92FCB4	guard_mop_kill
0xEFC0E260	gunsh_bhaa
0xEF53B576	h4_des_hs4_gate_exp_01-4
0xEFDD7467	h4_prop_h4_cutter_01a
0xEF40E55E	h4_prop_h4_file_cylinder_01a-19
0xEFFD30F5	h4_prop_h4_files_paper_01a-32
0xEFF4A88D	h4_prop_h4_files_paper_01b-20
0xEF747E83	h4_prop_h4_photo_fire_01a-15
0xEF4FEC0B	h4_prop_h4_tray_01a-2
0xEFEC54C5	haird_awaa
0xEF8B989F	hang_int-37
0xEF1A3D7C	hash_ef1a3d7c_unfjpux_collision
0xEF75D593	hash_ef75d593_cvommuja_collision
0xEF7C4FD0	hash_ef7c4fd0_dqywgry_collision
0xEF8C29C6	hash_ef8c29c6_mukqbxia_collision
0xEFA5B1FB	hash_efa5b1fb_lgsbdhh_collision
0xEF16F355	hei_ch1_06e_mansion_5_slod1
0xEF57EDAF	hei_heist_acc_artgolddisc_02
0xEF77D760	hei_kt1_08_slod_shell_emissive
0xEF9AF6A3	hei_prop_hei_bankdoor_new-1
0xEF851D7E	hei_prop_hei_cs_stape_01-3
0xEFFBC049	hei_prop_heist_deposit_box-8
0xEFD0D440	hei_prop_heist_magnet-2
0xEFE3F014	hei_prop_heist_trevor_case-11
0xEFA6E61F	hermes-52
0xEFC93F48	hi_r_throw_long
0xEFB5D5F4	high_idle_l_peek
0xEF255762	hit_react_outro_ped_f
0xEF21B42A	hit_woman
0xEFF2FBA5	hostsession
0xEF7F577F	however
0xEF801DF6	hs3_pln_int-43
0xEF697680	hs3f_all_esc_b-3
0xEFB2FCF7	hs3f_int1-2
0xEFA43168	hunt2_cvaa
0xEFD4F071	hw_tee_005_m
0xEF0BF8C1	i.ec0
0xEF5DD699	iaa_int-17
0xEF094386	idle_a_remote
0xEFBB133C	idle_after_cs_chair
0xEF70BC9A	idle_cardgames_var_10
0xEF836E14	idle_e_prop_cam
0xEF49CEE3	idle_player_03
0xEFFE1BBC	ig_1_lamar_drive_female_lamar
0xEF795D1B	ig_1_nose_michael
0xEFFCB834	ig_3_switch_trev_to_fra_and_oneills_mic
0xEF4180D1	ig_acidlabcook_dual-34
0xEFD49FDC	ig_benny_02_dual-43
0xEFF55149	ig_benny_02_dual-9
0xEF57A0DC	ig_dreyfuss-3
0xEF8CCF38	ig_fooliganz_02_dual-44
0xEF4BAB2F	ig_georginacheng
0xEF2141B6	ig_jackie_dual-20
0xEF1B4062	ig_jackie_dual-36
0xEFFAE370	ig_kaylee_dual-27
0xEF6A12E8	ig_mrs_thornhill-2
0xEF154C47	ig_old_man2
0xEF479D37	ig_roccopelosi-0
0xEF937BE0	ig_sacha_dual-30
0xEF7EA04F	ig_sessanta_dual-0
0xEF035DBA	imp_prop_impact_driver_01a
0xEFF25F3B	imp_prop_impexp_clamp_02
0xEFDC670A	imp_prop_impexp_spoiler_04a
0xEFB2C00B	implementation
0xEF9C0743	input_veh_parachute
0xEFDA8CD0	inspecting_low_idle_01_clipboard
0xEFEB2054	insult_ped_fat_conv01_part3
0xEF7A434D	int64
0xEF39CF61	int_carrier_control_2
0xEF1AD626	int_tattoo_b
0xEFCD993D	intensity
0xEFC483D2	interactive
0xEFDA4C5E	intinfo_portal_allowclosing
0xEFB2D4BF	invader
0xEF24B009	isgn
0xEFF058C9	jh_cvaa
0xEFACEF0E	jh_int_outro_exit_c
0xEF94228E	jh_psaa
0xEF4AB143	jh_rcaa
0xEFE5FCD6	jh_sjaa
0xEF43C935	jhs1_dhaf
0xEF71240D	jhs1_eqab
0xEF192411	jimmy@_smoking_idle_03_p_cs_ciggy_01b_s
0xEF58B6C1	josh3_bhaa
0xEF0A3C1F	josh_1_int-9
0xEFDEAEF2	josiah
0xEF9FAF74	journey2-29
0xEF8DB686	kaylee_base_h4_prop_h4_t_bottle_01a
0xEFB452FA	lastchild
0xEF95B6BF	layout_plane_cuban
0xEF237B2F	layout_plane_jet
0xEF4E5E35	layout_std_highwindow
0xEF08F589	layout_veto
0xEFCA02FC	leadin_action_b_trevor
0xEF2C0D61	left_breakout
0xEFE8A42A	left_peek_a
0xEF42322C	left_wide
0xEFE06E5F	leg_left
0xEF174C2F	leicht
0xEFAEBA22	lem1_aaaa
0xEF14E694	lem2_bdaa
0xEFB5A32E	lem2_faaa
0xEF7B0628	les_1a_mcs_2
0xEF83FA6B	lester_leadin_action_reentry
0xEF3D37FA	lguard-31
0xEF62DB14	libjpeg
0xEF207611	linearwraptexture3
0xEF664545	liquor_front
0xEFBDD8C0	look_around_right_01_gr_prop_gr_vertmill_01c
0xEFCCEE30	low_l_corner_throw
0xEFA450C6	lsdh_int-10
0xEFC917D7	lux_p_champ_flute_s-9
0xEF0FE88B	luxor-36
0xEF3DDFAA	luxor2-34
0xEF84A3A5	m23_1_m231_3_weapons_plinth
0xEF0366E9	m23_1_prop_m31_track_stop_01a
0xEF4BB9C9	m23_2_prop_m23_2_machinery
0xEFCDE08D	m23_2_prop_m32_cabinet_01a
0xEF33B2B4	m23_2_prop_m32_sec_cabinet_01h
0xEF4010EA	m23_2_prop_m32_tyre_wall_u_r
0xEF5C33A7	m24_1_mph_hang2_lamps005
0xEF28AB9F	m24_1_prop_m41_exerciseball_01a-38
0xEF01EABA	m24_1_prop_m41_notebook_01a-40
0xEFB5AD5C	m24_1_prop_m41_smallbag_01a
0xEF046E1B	m24_2_int_01_bench_01b
0xEF88F406	m24_2_prop_m42_filebox_01a-19
0xEF653F5B	m24_2_prop_m42_filebox_01a-8
0xEFDBD17A	m24_2_prop_m42_hacker_door_ent_02-14
0xEF68E452	m24_2_prop_m42_hacker_door_tall-11
0xEFFA1012	m24_2_prop_m42_idol_01a
0xEFE535C5	m24_2_prop_m42_train_cargo_01a
0xEFADD9DD	m25_1_int_02_03_smoke_wall_leaf
0xEFBE321A	m25_1_int_05_mid_hall_spots
0xEFA49F12	m25_1_prop_cs_script_dlc_vehlp-61
0xEFE2E047	m25_1_prop_m51_arcade_safe_door
0xEF3F1E51	m25_1_prop_m51_cash_trolly_03b
0xEF43DB44	m25_2_int_01_ceiling_speaker_031
0xEF757CFF	m25_2_int_01_fireplace_det
0xEFC4E837	m25_2_int_01_l_tro_pendant
0xEFE3334F	m25_2_prop_m52_business_card_01a-34
0xEF2B1F71	m25_2_prop_m52_candles_01
0xEF1CAFE7	m25_2_prop_m52_door_msn_pool_01a-3
0xEF4C0A78	m25_2_prop_m52_door_msn_pool_01a-32
0xEF263929	m_e_jimmy_focus_cam
0xEF83CF6D	m_sleep_r_loop_cam
0xEF4006C5	mainlightinfo.coronazbias
0xEFAE4C0C	male_f_trans_e
0xEF60A167	male_jewish_r2pvg
0xEFB316FC	male_pos_a_p1_enter_normal_weed_normal_weed
0xEFDF6945	male_pos_c_p1_idle_01_normal_weed
0xEFFA53DB	male_pos_c_trans_p2_weed_to_lamar
0xEF2EF5D6	martin_1_int-7
0xEF4C5CBE	mary
0xEF4DE4B6	maxangvel
0xEFA26A23	maxarmour
0xEFA5CDAD	maxfilestoresize
0xEFBF024F	mea1_bkab
0xEF53C781	mej1_ciae
0xEFC10990	menu_unique_id_team_select
0xEF54339F	met1_djaa
0xEF6B33C1	met1_djac
0xEF230F29	met1_eyan
0xEF858A6E	met1_fjac
0xEFD01A28	mgps_crai
0xEFE18F75	mgps_duai
0xEF99D3F9	mi_idle_b_f1
0xEF3F8DF1	micro_chin_out
0xEFD5715B	miguel_breakout_02_miguel
0xEFF7EE83	min1_crad
0xEF3D0CF8	min2_bike02
0xEF0A2A41	minigame:
0xEF7BE67F	minlength
0xEFE54F14	minutes
0xEF26C1F4	misc.crosspmultiplier.skymultiplier
0xEF09D1A0	missfbi3_wrench
0xEF175D47	missmic1
0xEF4BD7D0	missprologuemcs_2_walkout_vault
0xEF73C4E3	mk_018
0xEFB9EF60	mkahyk
0xEF3B7ADA	mood_normal_3
0xEFEC3B2D	moodm_dance_ha_49_dancer_a
0xEF4F7FA4	moodm_deck_ld_08_turntable_left
0xEFBC6AC7	moodm_idle_mb_07_dancer_b
0xEF9F1E04	mop_idle
0xEFD70EF4	morningwood
0xEF2834BE	mouvement.
0xEF938D57	move_action@p_m_two@holster
0xEFB7F8EA	mp0_tupstat_bool7
0xEFCBB1F2	mp_biker_tee_017_m
0xEFD37CEA	mp_deathfail_night
0xEF23AA43	mp_fake_dis_001_m
0xEFB5B05F	mp_lr_tat_009_f
0xEF35D1E9	mp_player_int_peace_sign
0xEF789C7E	mp_player_int_up_yours_enter
0xEF23AC59	mp_pol_bust_out
0xEF813116	mp_vinewood_tat_012_m
0xEFBA7D95	mpcas2_int-12
0xEFFFC447	mpct_exaa
0xEF5BBE95	mpct_jnaa
0xEFADE9D4	mph_nar_met_ext-1
0xEFA0675C	mph_tut_ext-0
0xEF4C2689	mpheist3_tat_039_m
0xEFAB8D2A	mule-1
0xEFF739F8	murri
0xEF4EA568	n_ac12_hs4f_main_ent_p1_t00_01-6
0xEFFB38E1	n_ac1_armenian_2_mcs_6_70705-0
0xEF7A0CC4	neck_left_full
0xEF80CFF3	newtrailerparkwaypt
0xEF8D2570	ng_proc_paper_mag_1a
0xEFBFAFB0	nig1d_bqaa
0xEF1E3977	nigel_1a_soundset
0xEF68400D	nme_away_idle_l_10_facial
0xEFD42DD2	nme_bch_unq_crwd_f_78_hp
0xEF1B1C11	nme_cue_idle_e_15_hp_head
0xEF69107A	nme_trans_cue_to_mix_a_34_v2
0xEF9E41C3	nme_unq_sync_b_27_t_bottle
0xEF1816AA	node.
0xEF232CD1	nt_inv_join_queue
0xEFC05489	oat_fos_ep_1_p1_23-30
0xEF36B90E	odrzutowiec
0xEFD492FE	onalt_ton_mcs_1_00-2
0xEFC75A1B	oom
0xEF9461CA	or
0xEF890C42	orr_race1_post_rank5
0xEFD15585	outro_low_l_direct_0
0xEF5CEAAD	owns_modshop_nobike_cam
0xEFA7EEEB	p7_p2_watch_trevor_solomun
0xEFDE1398	p_bison_winch_s-5
0xEF0CF98E	p_champ_flute_s-11
0xEFAFD92A	p_cs_beachtowel_01_s-45
0xEF93C80F	p_cs_lighter_01-13
0xEF0F1EBD	p_cs_newspaper_s-16
0xEF11B611	p_cs_sack_01_s-41
0xEF0DB631	p_cs_sack_01_s-42
0xEFC9A552	p_cs_shot_glass_s-34
0xEF2C4A66	p_cs_shot_glass_s-8
0xEF2F7674	p_csh_strap_01_s-6
0xEFC19484	p_folding_chair_01_s-26
0xEF9E2BEF	p_laptop_02_s-6
0xEFC78F00	p_michael_02_dual-47
0xEF8D6A3F	p_tumbler_cs2_s-3
0xEFF16349	p_v_med_p_sofa_s-72
0xEF8AFDC9	packing_clone_create
0xEFEED7B4	pacow_agaa
0xEF080B68	pad_rstick_all
0xEF44713E	pal_enter_ptrax_facial
0xEFA70CA8	paleto_bay_score_chicken_factory_alarm
0xEFC2ACBD	pap3a_ataa
0xEF861C3F	pare-balles.
0xEF813606	patrolboat
0xEF5CC76E	pbbb_akah
0xEFD3ACC3	pbcl_ajab
0xEF4507D9	pbmn_aeac1
0xEF27D782	pbsh_adaa
0xEF8AC91B	pbzb_abad
0xEFE38DCF	pd/u0x
0xEF3053DE	ped_blood_drips
0xEF8B6B65	ped_rant_resp
0xEF476D19	phone_conv7_chat3
0xEF2B7390	pickup_weapon_smg_mk2
0xEF0EA0CA	pil_prop_fs_safedoor
0xEFDED6FC	player_enter_l_door
0xEF434263	playercharacterindex
0xEF8AD589	playwatch_loop_var_02
0xEF478EF1	pm_incar_illsueyou
0xEF567B47	polyvalent
0xEF1DA4D0	pose_b_long_trans_pose_a_tumbler_cs2_s
0xEF6702BC	pr_dlc_gr_bunker_high_tech_cnc
0xEF526984	predictedtimetoorientatebodytofalldirection
0xEF8112DB	pri1_baab
0xEF49A5CC	pro_bjab
0xEFD929CD	pro_flad
0xEFAAE110	prop_air_cargo_02a
0xEF8C03F1	prop_barrier_work06a-24
0xEFE88382	prop_barrier_work06a-32
0xEFA36026	prop_beer_logger-29
0xEFEEEBF5	prop_beer_logopen-28
0xEFB86502	prop_binoc_01-47
0xEFB5364B	prop_bmu_track02
0xEF4B77DE	prop_cardbordbox_03a-24
0xEF973242	prop_chair_01a-7
0xEFA0E487	prop_cigar_02-4
0xEF8C8A8B	prop_com_gar_door_01-40
0xEF6E4362	prop_conslift_base
0xEFA64001	prop_coral_pillar_02
0xEF3D62AA	prop_cs_box_clothes-17
0xEFFADB70	prop_cs_ciggy_01b-57
0xEF5C39A1	prop_cs_gravyard_gate_r-21
0xEFEBE25F	prop_cs_ice_locker_door_l-1
0xEFD97F0A	prop_cs_keyboard_01-22
0xEFB70268	prop_cs_kitchen_cab_ld-22
0xEF57DA2F	prop_cs_kitchen_cab_rd-53
0xEFCF6FC7	prop_cs_mouse_01-12
0xEF4B5CD0	prop_cs_package_01
0xEF5394D7	prop_cs_paper_cup-57
0xEF1A23AE	prop_cs_valve-2
0xEF323DF0	prop_drug_package_02-0
0xEFC14B75	prop_employee_month_02-41
0xEFC4165A	prop_food_van_01
0xEF79FEC8	prop_franklin_dl-6
0xEF4FCFB5	prop_glass_suck_holder
0xEF9877A6	prop_gold_vault_gate_01
0xEF97EC60	prop_irish_sign_08
0xEF5B2099	prop_ld_shovel-9
0xEF541728	prop_log_af
0xEF24A38A	prop_mk_lines
0xEFCC7BBF	prop_npc_phone-24
0xEF87532A	prop_oilcan_01a
0xEF343CDF	prop_phone_cs_frank-56
0xEF0C76E2	prop_phone_ing_03-22
0xEF366503	prop_poolball_12
0xEF252C3F	prop_rag_01-35
0xEFB6165B	prop_rub_carwreck_5
0xEF7F1DFB	prop_sandwich_01-25
0xEF2B088B	prop_scourer_01-28
0xEF6D0839	prop_sh_beer_pissh_01
0xEF84572C	prop_sign_prologue_06e
0xEFE996BE	prop_sign_road_05w
0xEFA5C750	prop_still
0xEFA5A787	prop_tool_box_04-55
0xEF438C15	prop_tool_broom-8
0xEF0B6E0D	prop_tool_drill-10
0xEFB591FE	prop_v_cam_01-21
0xEF018314	prop_wine_bot_02
0xEF0E7CB0	prs_cjaa
0xEF400120	prs_hcaa
0xEF7902A6	prs_jyaa
0xEF12B51A	ptrx_idle_aa_mix_19_hp_head
0xEFE40681	ptrx_idle_m_q_l_21_headphones_hp_head
0xEF79C650	ptrx_trans_a_q_l_to_q_r_16_headphones_dj_ptrax
0xEF139225	ptrx_trans_g_mix_to_q_l_07_dj_ptrax_facial
0xEF500A62	ptxu_light:m_intensitykfp
0xEF9EBDD1	punta
0xEF7DC5FB	putt_react_good_01_face_player2
0xEF6F752A	race_nearly_win_out_of_breath
0xEF1508AE	racing_h_facial
0xEFA30D0E	radialwaveparam
0xEF521755	rage::pharchetype::release
0xEFEA4690	rampa_away_idle_a_02_tumbler
0xEF76D6FF	rampa_cuedance_idle_g_08_v2_hp_head
0xEF01C71F	rampa_mixdance_idle_c_04_v2_hp_head
0xEFEBF13D	rampa_trans_away_to_cuedance_a_04_facial
0xEFBCF1CA	rampa_trans_cue_to_cuedance_a_03_v2_s_glass_03
0xEFF2BBD2	rampa_unq_shots_a_191_t_bottle
0xEF89051A	rampa_unq_shots_b_66_s_glass_02
0xEF2C817A	rancho
0xEF4BB30F	random@bicycle_thief@get_off_bike
0xEFAB48A0	rapido.
0xEF11D814	rappel_idle_prop
0xEF33F213	rappel_land
0xEF57B2ED	rb_12_claa
0xEF7813F8	rbh2a_glaa
0xEF84FAE2	rbh2a_kqaa
0xEF9A3FBD	rbh_2a_ext1_a1_p1-0
0xEFEC29EF	rbhmaid
0xEFF33904	re_ye_afaa
0xEF4F716B	reachout_amy_skater_01
0xEFE9DBA5	react_win_club_02_cam
0xEF6F5B9A	reaction_bad_var01
0xEFD309ED	really_very_unhappy_2
0xEF74E9E2	rear2_aeaa
0xEFC6D740	rebu2_aeaa
0xEF477577	rebu2_ayaa
0xEFB9F02F	rebu2_bzaa
0xEF785DD4	recsb_bdac
0xEFB7BB36	redo2_akaa
0xEF5C3B94	redo2_cgaa
0xEF67FB79	reducedrawdistance
0xEFDE4A40	reflection_tweak_exterior_amb
0xEF10A39B	reh_prop_reh_folder_01b-48
0xEF699D65	reh_prop_reh_folder_01b-64
0xEF15C786	repap_cmac
0xEF8D2888	repap_eaaa
0xEFCABE07	request-----
0xEF0258F1	resistentes
0xEF8B4602	rqrev
0xEF3B4369	run_over_player
0xEF64D66D	ryb0
0xEF6CB865	s_f_m_sweatshop_01_dual-45
0xEF7E80BD	s_f_y_clubbar_01_dual-1
0xEFB0FA91	s_f_y_cop_01_black_full_01
0xEFEA16CB	s_f_y_cop_01_p
0xEF8CEBAA	s_f_y_sweatshop_01_dual-31
0xEFD7856B	s_m_m_gentransport_dual-28
0xEF4263A3	s_m_m_highsec_03_dual-17
0xEFA43710	s_m_m_marine_02_dual-11
0xEFD24DC8	s_m_m_paramedic_01_dual-8
0xEF3D6502	s_m_m_security_01_dual-46
0xEFAABDFE	s_m_m_studiosoueng_02_dual-37
0xEF2409AE	s_m_y_cop_01_black_mini_01
0xEF5EFC51	s_m_y_cop_01_white_mini_04
0xEF7135AE	s_m_y_ranger_01
0xEFFA72D3	sacudo
0xEF98A77A	scr_ojbusass_bus_impact
0xEF605404	scr_trev3_c4_explosion
0xEF225F3F	scversion
0xEF859255	se_dlc25-2_mansion_office_loc_3
0xEF8D37DA	seated_drink_cup_male_a_idle_a
0xEF8DB9E9	seminole-22
0xEF25B539	sensation
0xEFAE1AF1	sets
0xEFF9F632	sf_prop_sf_apple_01b-42
0xEF0EF201	sf_prop_sf_bag_weed_open_01a-26
0xEFC4EC2D	sf_prop_sf_door_glass_01a-65
0xEF6FFB3B	sf_prop_sf_drum_kit_01a-17
0xEF80CACF	sf_prop_sf_filter_handle_01a-13
0xEF906977	sf_prop_sf_golf_wood_02a-1
0xEFBDFAB3	sf_prop_sf_heli_blade_b_03a-0
0xEF8E20ED	sf_prop_sf_monitor_stu_01a-32
0xEFF83DC2	sf_prop_sf_mug_01a-12
0xEFCBFF1B	sf_prop_sf_ps_mixer_01a-17
0xEF5A9903	sf_prop_sf_ps_mixer_01a-2
0xEF66FF65	sf_prop_sf_sofa_chefield_01a-3
0xEF4500DE	shake_cam_light
0xEF29B23B	shake_can_idle_female
0xEFB140A7	sink
0xEFEA851E	sit_phone_phoneputdown_nowork
0xEFDF0C6F	slmn1_aqab
0xEF57EC06	sm_prop_smug_havok-62
0xEFA0B424	sm_prop_smug_offchair_01a-64
0xEFB6EFF6	snow
0xEF93F955	sol1_cvaa
0xEF984055	sol2_agaa
0xEF2CB042	sol5_caaa
0xEFD6E7B9	sol_idle_ctr_wide_a_sol_face
0xEF4C9000	sol_sync_a_sol
0xEF87624F	soldix_out_bmad_in_bg_male1_face
0xEF144BA4	solomon
0xEFEF7C0F	sp_f_accs_13_0
0xEF27BCF2	sp_f_accs_5_11
0xEF601606	sp_f_eyes_6_7
0xEF80330B	sp_f_jbib_3_0
0xEF03AE29	sp_f_lowr_9_8
0xEF9ADA66	sp_m_eyes_14_1
0xEF3E5C96	sp_m_feet_2_0
0xEFF84DFA	sp_m_jbib_1_7
0xEF7DA76D	special_ped@griff@monologue_7@monologue_7a
0xEF6F0798	special_ped@jerome@monologue_1@monologue_1c
0xEFE1289D	special_ped@jerome@monologue_6@monologue_6f
0xEF720CC8	special_ped@jessie@monologue_12@monologue_12a
0xEF2C0654	special_ped@pamela@monologue_2@monologue_2d
0xEFB24C42	special_ped@pamela@monologue_7@monologue_7d
0xEF8B2FAE	special_ped@zombie@michael_1@michael_1f
0xEF1C0789	spike_3ped_col
0xEF06D539	spr_r_dgowncuff
0xEF6C5DCA	ss
0xEF86C558	stagd_epab
0xEFDC13B2	stage_2_no_hit_line_4
0xEFE61987	stand_base_jimmy_facial
0xEFA90A90	stand_off_passenger
0xEFC7811C	stat_unknown
0xEF7AB7EA	steer_left_idle
0xEF455144	streamed_male
0xEFD49BA8	streaming/slowdown/framerate
0xEF4AF528	struggles
0xEF2D2D28	stt_prop_flagpole_2d
0xEFA2443E	stt_prop_ramp_spiral_l_xxl
0xEF675E51	stt_prop_stunt_bblock_xl3
0xEF1D64A5	stt_prop_track_funnel_ads_01b
0xEF3AA68D	stt_prop_wallride_01
0xEF1C4D1C	sum23_cm6_ext_p1-22
0xEF490F21	sum_yacht_bridge_glass14
0xEF2295C9	suntrap
0xEF8B9C0D	survival
0xEFBDAF6D	t1m1_goag
0xEFFA5780	t8t.t5t6t
0xEFD8CDCE	tank_engine_loop
0xEF186639	target_smoke_lh_female_b
0xEF77FD30	targets
0xEFDA933B	terrain_cb_w_4lyr_pxm.sps
0xEF08BCF4	test_tree_forest_trunk_04
0xEFF40E34	throw_ranged_g
0xEFFF630E	thruster-13
0xEF45AC33	thruster-28
0xEFEF7D07	timetable@tracy@ig_5@idle_b
0xEFA490A1	tir
0xEF82C319	tmom_1_rcm-5
0xEF43388A	tou_idle_open_c_old_glass
0xEFB97A09	tow_mbai
0xEFA2086C	tow_mcad
0xEF4757C4	tp
0xEFE57B27	tr2_aiab
0xEF8BD5CE	tr2_ciab
0xEF6F074B	trailer3_door_open
0xEF3BA9F2	trattorino
0xEF8E7DD0	trevor_drive_int-16
0xEF89CFDB	triathlon_outro_michael
0xEFBBED3E	trv2_race_restart
0xEF675611	trv3_coac
0xEFFF1353	tun_shop_int-10
0xEF7F90EC	turret_b1base
0xEF72EB66	tux_tie_alt
0xEF85BE93	txm1_abaa
0xEF8523B0	txm4_ekaa
0xEFFF233C	txm8_blab
0xEF3EFE61	txm9_bhaa
0xEF773E56	u89
0xEFD9337D	u_m_y_smugmech_01_dual-2
0xEFEA8962	unordered
0xEFBF5E79	upperbodyfeathered_nolefttarm_filter
0xEF15BB94	usjs_total_completed
0xEFC77516	v_28_hazmat1_deta
0xEF0DB186	v_28_pr2_deca
0xEF75EA22	v_31_newtun_mech_05c
0xEF9B8817	v_31_tun07b
0xEF2338EA	v_44_1_mast_washel_m
0xEF0EBC65	v_73_cur_of1_blin
0xEFAAA131	v_74_it2_stai_deca
0xEFA04C50	v_corp_bk_chair2
0xEF9E154E	v_fib01_v_fib01_cur_secur
0xEFE5A60F	v_fib_it3_alt5
0xEF1900B0	v_ilev_cor_doorlift02
0xEFA73101	v_ilev_mldoor02-69
0xEF5CA293	v_ilev_ss_door04-8
0xEF9FF694	v_ilev_ss_door8-9
0xEF211EAF	v_ilev_trev_doorfront-22
0xEFAB6EDD	v_ilev_trevtraildr-23
0xEFD19FEC	v_ind_ss_materialb
0xEF6E7903	v_med_cor_medstool-24
0xEFC80DCC	v_recycle_door
0xEF460416	v_res_lest_bigscreen-14
0xEFCF4500	v_res_m_horsefig-6
0xEFDE7302	v_res_mbtowel
0xEF7F920D	v_res_mddresser
0xEF615237	v_ret_gc_ammo2
0xEF088C3C	v_ret_gc_bullet
0xEFD719D0	v_ret_ml_cigs4
0xEF4C93A9	v_ret_ml_fridge02_dr-0
0xEFCD831B	v_serv_ct_striplight
0xEFF5A9F7	v_serv_metroelecpolestation
0xEF67928F	v_tre_sofa_mess_b_s-20
0xEF0CEE4D	vader-2
0xEFD1EFDE	veh@drivebyboat@jetski@ps_throw
0xEF6FFB61	veh@std@rds@base
0xEF4052E8	veh_air_turbulance_default
0xEF259928	veh_xm_vent_plane_avenger
0xEFFD014B	vehicle_weapon_player_laser
0xEF254CF4	velum-3
0xEF3D2DB7	ver_01_cutting_top_right_idle_ch_prop_vault_painting_01a
0xEF338BA9	veui_is_anchor
0xEF1C652D	vip
0xEF791A3C	visited
0xEF98E63D	vw_prop_casino_art_pill_01a
0xEF787891	vw_prop_casino_wine_glass_01b-24
0xEFC1F8AF	vw_prop_vw_door_ddl_01a-22
0xEFAEF0D8	vw_prop_vw_ice_bucket_01a-16
0xEFDFC626	vw_prop_vw_offchair_03-48
0xEF3589E7	w_aim_trans_med
0xEF9A30EA	w_ar_bp_mk2_barrel2
0xEFAE2A61	w_ar_bullpuprifle_luxe_mag1
0xEFF0938C	w_ar_carbinerifle-66
0xEF6AD11E	w_me_knife_01-10
0xEF75D701	w_pi_appistol-7
0xEF02DDCD	w_pi_pistol_mag1-20
0xEF22830F	w_pi_pistolmk2-10
0xEF778DBF	w_pi_revolvermk2_mag4
0xEF00D9D1	w_sb_microsmg_luxe-65
0xEFC78C78	w_sb_microsmg_mag2
0xEFC31A74	w_sb_smg-36
0xEFC15148	wagonik
0xEF64B33D	wait_idle_c
0xEF39F025	weapon_5d_rot
0xEFE7E2DF	weapon_assaultsmg
0xEF951FBB	weapon_dbshotgun
0xEF375BD7	weapons@first_person@aim_lt@p_m_zero@pistol@shared@fidgets@c
0xEF6098DA	weapons@first_person@aim_rng@p_m_zero@light_machine_gun@combat_mg@fidgets@c
0xEFF501C7	weapons@first_person@aim_scope@generic@pistol@shared@core
0xEFF7D924	weapons@pistol_1h@
0xEF11F29C	wedge_2_wood_low
0xEF062AD5	were_you_gone_prop_camera
0xEF161C04	wheel_fric_hard_dusty
0xEFCFAC4D	whisky_window_part_two_cam
0xEF23D189	whosayscosplayisa_3
0xEFF74BA2	win_race_trevor
0xEFB126FD	windsor2-27
0xEF5858A3	woosh_02
0xEF882436	work2_out
0xEFE5E9C7	world_human_smoking_pot
0xEF62A2FD	xm25_avi6_extc-8
0xEFB48FF2	xm3_drg2_pln_mcs3-5
0xEF8A88D6	xm3_int4_tomd_mesh_delta
0xEF18C123	xm3_int4_tort_mesh_frames
0xEF41526C	xm3_prop_xm3_bottle_pills_01a-55
0xEF76A924	xm3_prop_xm3_box_pharma_01a-9
0xEF700971	xm3_prop_xm3_glasses_ron_01a-12
0xEFA4E6A1	xm3_prop_xm3_hat_ron_01a-63
0xEFD27857	xm3_prop_xm3_helmet_01a-26
0xEF86B2F4	xm3_prop_xm3_pola_m8_corkb
0xEF1E94EC	xm3_prop_xm3_rub_matress_01a-15
0xEF46BDD4	xm_prop_silo_elev_door01_r-5
0xEF4EC583	xm_prop_x17_laptop_mrsr-34
0xEF848780	xm_prop_x17_lectern_01-1
0xEFDACE16	xs_arenalights_track_dyst05
0xEFBF0014	xs_combined_dystopian_14_brdg01
0xEF24FB43	xs_prop_arena_whiteboard_eraser-22
0xEF047A53	xs_prop_scifi_12_lights_set
0xEFA390FE	xs_prop_x18_garagedoor02
0xEF9E9832	xs_prop_x18_tool_draw_01x
0xEF902199	yt_video_channel_quota_second_fail
0xEF06E355	yy77tt
0xEF0587BF	zion2-1
0xEF0D208A	zuschaltbarer
