0xF233AF48	./ypxx
0xF2402C67	/ppai
0xF24BAEB3	093.1
0xF2E2B1F1	1st_person_additive_walk
0xF2661756	439_verus_modkit
0xF240F9B4	567_driftnebula_modkit
0xF2E1A0CB	74_vacca_modkit
0xF2D3A79C	7c
0xF24E90A4	_ngdlcpstat_int
0xF2E1D09D	_unk_10
0xF2482D9A	a_c_chop_02_dual-16
0xF28FE795	a_c_chop_02_dual-22
0xF252B564	a_c_chop_dual-10
0xF2F3A26E	a_c_retriever-19
0xF2AA8259	a_f_m_fatwhite_01_dual-58
0xF27CEF94	a_f_o_soucent_02_black_full_01
0xF2A78A6A	a_f_y_bevhills_03-10
0xF2B761BD	a_f_y_bevhills_03-8
0xF2DB3C1F	a_f_y_business_02-0
0xF2C1B273	a_f_y_clubcust_02_dual-50
0xF275B3D9	a_f_y_clubcust_04_dual-8
0xF2DD6D84	a_f_y_genhot_01_dual-6
0xF261ED0A	a_f_y_hipster_02-9
0xF25BE778	a_f_y_studioparty_02_dual-1
0xF238EBAB	a_f_y_tourist_01_dual-32
0xF2239B3D	a_f_y_tourist_02_dual-10
0xF2E5A7BF	a_f_y_vinewood_02_dual-1
0xF2640986	a_m_m_afriamer_01_dual-10
0xF27AC56A	a_m_m_polynesian_01_dual-51
0xF25E7AC1	a_m_o_acult_02_dual-8
0xF2E787D5	a_m_o_ktown_01_dual-4
0xF217CE1A	a_m_y_beachvesp_01-24
0xF2456FD6	a_m_y_beachvesp_02_p
0xF267BA3C	a_m_y_busicas_01-18
0xF2AAF4E6	a_m_y_busicas_01_dual-35
0xF2B296B9	a_m_y_business_01_dual-10
0xF2E2EA27	a_m_y_runner_01-42
0xF2A99494	a_m_y_stbla_02_dual-33
0xF2190BB3	a_m_y_stbla_02_dual-41
0xF281059F	a_m_y_stbla_02_dual-69
0xF274DCC6	a_m_y_stwhi_02_dual-40
0xF270D682	ac12_fspot_fos_ep1_p1_00-17
0xF2137FD0	ac13_fspot_fos_ep1_p1_00-26
0xF29746F3	ac1_family_2_intp1_a_1_01-3
0xF27C46C1	ac1_family_2_intp1_a_1_01-5
0xF20EB84B	ac2_fspot_fos_ep1_p1_01-18
0xF2889E53	ac2_ped_trevor_1_intp4_002-23
0xF2A369A6	action_01_npc
0xF247B36B	action_player_facial
0xF257B418	activation_signed_out
0xF2C49B8B	adam_away_dance_l_10_v2_hp_table
0xF297AECA	adam_mix_sync_b_37_tumbler
0xF2F2D35F	adam_trans_sidemix_to_mix_b_08_bottle
0xF287354D	adam_unq_sync_e_22
0xF2AD0071	afterburner_4
0xF2F3D342	ah3b_ikaa
0xF262EFAD	aima_to_aimb
0xF2A16894	air_strike
0xF2CDFA04	amb@code_human_wander_idles_cop@male@static
0xF202F95D	amb@prop_human_seat_chair@female@legs_crossed@react_coward
0xF24868B2	amb@world_human_prostitute@cokehead@idle_a
0xF281E149	amb@world_human_push_ups@male@base
0xF22A1C19	amb_world_human_mobile_film_shocking_male_idle_b
0xF287C66F	and_there_you_are_med_male_facial
0xF2DFBD14	anim@amb@carmeet@take_photos@male_g@idles
0xF25B9F88	anim@amb@clubhouse@bar@drink@three
0xF285EF83	anim@amb@vip_bar@bar_drink@female_b@base
0xF2AB5B47	anim@mini@yacht@bar@drink@one
0xF23D0FC1	anim@mp_player_intcelebrationmale@take_selfie
0xF25456EA	anim@mp_player_intincarv_signstd@ds@
0xF20117B3	anim@mp_player_intupperrespect
0xF27F0511	anim@scripted@freemode_npc@fix_astu_ig3_pooh_jimmy@pooh@
0xF2D1E2EF	anim@scripted@payphone_hits@gone_golfing@
0xF285F1B1	anim@veh@helicopter@akula@front@dsbase
0xF29A1FDB	anim_ac53_fos_ep1_p6_01-21
0xF2E38D4E	anim_ac54_fos_ep1_p6_01-17
0xF251470B	anim_ac69_fos_ep1_p6_00-16
0xF2FB7DAB	anim_ac76_fos_ep1_p6_02-28
0xF2C35242	anim_ac77_fos_ep1_p6_01-9
0xF22190B0	anim_ac82_fos_ep1_p6_00-7
0xF2241283	anim_ac83_fos_ep1_p6_00-30
0xF29661CA	anim_casino_a@amb@casino@games@insidetrack@ped_female@slouchy@01b@base
0xF279FEF8	anim_casino_a@amb@casino@games@insidetrack@ped_female@slouchy_withdrink@01a@base
0xF233419C	anim_casino_a@amb@casino@games@slots@ped_male@regular@01a@base@
0xF2712B0C	anim_casino_a@amb@casino@games@slots@ped_male@regular@02b@play@v01
0xF20EEF86	anim_casino_b@amb@casino@games@blackjack@ped_female@slouchy_withdrink@01a@play@v02
0xF29E3B6B	anim_casino_b@amb@casino@games@blackjack@ped_female@slouchy_withdrink@01a@trans
0xF2F9EF9D	anim_casino_b@amb@casino@games@threecardpoker@ped_female@engaged@01a@play@v01
0xF2723DB9	anim_corona_oat_fos_ep1_p6_019-6
0xF28A8577	anim_corona_oat_fos_ep1_p6_12-8
0xF28C17D6	anim_corona_oat_fos_ep1_p6_14-9
0xF2E604D2	anim_oat_fos_ep1_p6_09-28
0xF26EFAB0	anim_oat_fos_ep1_p6_18-9
0xF2D56C2F	anim_oat_fos_ep1_p6_24-9
0xF29CE5BF	animl_auah
0xF2F5393C	animl_ciae
0xF26E194C	animl_clac
0xF22D5555	animl_edad
0xF24257F0	animl_fbak
0xF2A73517	animl_gvag
0xF2D75D79	apa_ch2_04_man_1_gen_pillars_l2
0xF202F093	apa_mp_h_stn_chairarm_09
0xF297DBF9	apa_pri_int-36
0xF21B8915	appdata:/videos/rendered/
0xF2A4FD91	ar2_exab
0xF2B1F3E6	ar_dlc_biker_cash_warehouse_normal_hum
0xF26025CF	ar_dlc_h4_ih_birds_parakeet
0xF2B19E6C	ar_prop_ar_tube_2x_xs
0xF27EF072	ar_vw_dlc_casino_terrace_pool_lapping
0xF27ECE2A	ar_xm_int_lab_aircon_06
0xF23435EB	arm1_int_leadout_loop_2_lam
0xF268F66E	arm3_ctaf
0xF26BF6B7	arm_right_tricep
0xF252F097	armenian_3_mcs_8-0
0xF2928A0E	avenger-3
0xF27D4548	az_car_park_reflections_00
0xF2DA28A9	az_ch_dlc_arcade_stairs_and_basement
0xF2C9E4C6	az_dlc_fixer_agency_boardroom_03
0xF2620198	az_music_hills_02
0xF2BE40E0	az_reflections_tunnel_01
0xF2698582	ba_prop_battle_decanter_01_s
0xF2366B13	ba_prop_battle_headphones_dj-18
0xF2214686	ba_prop_battle_sniffing_pipe-48
0xF2C9504A	ba_prop_club_water_bottle-5
0xF2B55DA4	ba_prop_door_club_entrance-34
0xF2C1E28A	backbendamount
0xF2BC64AD	baller-45
0xF2894DC2	baller8-0
0xF277A445	bar_3_rcm-1
0xF2AD4418	bartender_intro
0xF20EA3B1	barwy
0xF2BD1D20	bb2_axab
0xF2DCE99A	bb4_arah
0xF2C6A57C	beast_transform_cam
0xF2CC57A0	bill_ig_1_c_03_ilikesharinginformation_5
0xF2A87601	bkr_prop_weed_bigbag_02a
0xF2CB95DC	blockingbound
0xF2C2930A	blood_wheel
0xF24B138F	blunt_exit_joint
0xF249E8A4	boardroom_intro_m_e
0xF21B33BE	boxville2
0xF2F80D27	brnksmu2vr
0xF2E45EAA	bs2b_ekaa
0xF2E28E1F	bs2b_gnaa
0xF2A8FCCF	bs_2b_ext_alt2-3
0xF21B0183	bullet_tracer_turret_gr_tampa
0xF2D0739F	bunk_int_p4_t04
0xF244DD7C	buse
0xF2E69A7F	bystander_pointlow
0xF250C8AB	caddy3-32
0xF2648B61	car3_deliver_restart
0xF2E06BC6	car_1_devin_drives_away
0xF2ECF301	car_steal_3_mcs_3-6
0xF225A922	cargo
0xF288B3B0	casera
0xF21606FC	catalog_inventory
0xF2C0E588	cavalcade-12
0xF261A9BA	cbank_front
0xF2780562	cbrad_crac
0xF24BFFBB	cbrad_dtaf
0xF2E328C9	cellphone@first_person
0xF24650C8	ch_prop_ch_casino_door_01c-3
0xF295177C	ch_prop_ch_tunnel_worklight-1
0xF2EA3369	ch_prop_ch_vault_slide_door_lrg
0xF26B7DAD	change_fire_female
0xF2A5B0BC	chaparral
0xF2014901	chatc_ahaa
0xF2D4687C	chatc_bsac
0xF24739E5	cheapshadowmesh
0xF2A8BF57	chemical_pour_long_pencil
0xF27CDF9F	clean_mop_back_mop
0xF2D4537C	close_inspection_scalpel
0xF295EF13	cloth_byad
0xF280E2D6	club_open_p1_t01_clip2_001-28
0xF201121E	clubvip_dlg_tonymctony_laz
0xF2FA67C9	cm_hsttal
0xF2CA3040	codename_u
0xF23596A3	coke_cut_v2_coccutter
0xF21A81A8	common:/data/watertune.xml
0xF2685C72	component_pistol_mk2_camo_05
0xF2EACF0A	component_precisionrifle_clip_01
0xF2BEC6F0	component_pumpshotgun_mk2_camo_04
0xF2E24289	component_revolver_mk2_camo_04
0xF22C0512	contentid
0xF243BCE1	conversation2_peda
0xF28B5E7E	corona_fos_ep1_p1_00-26
0xF2B7F37B	corona_oatfos_ep_1_p1_020-18
0xF230AB36	corona_oatfos_ep_1_p1_023-15
0xF208E1CB	could
0xF258EFE0	creatures@cougar@melee@streamed_core_fps@
0xF237F743	creatures@coyote@amb@world_coyote_howl@enter
0xF21E1411	cs_amandatownley_02_dual-29
0xF2170296	cs_amandatownley_02_dual-71
0xF236ABF6	cs_arena_car_exhaust-11
0xF21CC717	cs_devin_dual-20
0xF2C82BD1	cs_fam4_fridge_door-38
0xF24276D0	cs_fam5_ped_water_drips-0
0xF2D522BA	cs_joeminuteman_dual-17
0xF268CACC	cs_karen_daniels_dual-7
0xF281E15E	cs_marnie_dual-13
0xF20C0430	cs_marnie_dual-8
0xF21CFFC4	cs_martin1_wheel_dust-10
0xF26DE667	cs_mich1_lighter_flame-3
0xF271BB5F	cs_nervousron_dual-76
0xF2901C58	cs_nigel_dual-9
0xF2936954	cs_old_man2_dual-8
0xF259469C	cs_russiandrunk_dual-3
0xF20DB650	cs_sv_yard_car_wheel_smoke-86
0xF25983E9	cs_taocheng2_dual-15
0xF2834007	cs_xm_lighter_flame-26
0xF2E67A04	cs_xm_pred_minigun_muz_flash
0xF29C1339	csb_anton_dual-20
0xF2CF77AD	csb_chef_03_dual-31
0xF27984A2	csb_golfer_a_dual-4
0xF2A8CDC7	csb_imani_dual-24
0xF2BB4BA4	csb_imani_dual-44
0xF2FB1619	csb_jamalamir_dual-69
0xF230ACDC	csb_jodimarshall_dual-22
0xF20ACE41	csb_johnny_guns_dual-39
0xF24A6E17	csb_luchadora_dual-27
0xF2C91D5C	csb_mp_agent14_dual-13
0xF2A67BD3	csb_security_a_dual-33
0xF2D060B4	csb_sol_dual-21
0xF2791B9A	csb_thornton_dual-34
0xF2F4AA47	csb_undercover_dual-17
0xF2F99FBD	csb_undercover_p
0xF2DD538D	cst2_aoac
0xF28E7FF9	cst2_hraa
0xF29629FB	cst3_cyaa
0xF299177D	cst3_daaj
0xF2672838	cst4_cxab
0xF252E718	cult_p4_trv
0xF2E664F8	cut_hs4_champagne_pour-18
0xF253BFA4	cut_hs4_cig_smoke-18
0xF20C4A76	cut_sec_cig_lighter_flame-37
0xF2A6C40F	cut_sec_cig_lighter_flame-64
0xF2B16386	cut_sec_cig_weed_smoke-12
0xF25C1746	cut_sec_golf_grass_drop-4
0xF2CBF897	cut_sec_veh_exhaust_car-25
0xF2007A10	cut_xm3_vehicle_exhaust-2
0xF273FFED	cutting_loop_down_left_corner_grill
0xF2AADAAB	d_ac12_fin_a_int_01-4
0xF280D642	d_ac1_fra_2_ext_p3_01-0
0xF2A25128	d_ac2_fin_c_ext_p5_01-4
0xF2CC5184	d_ac2_fin_c_ext_p5_01-8
0xF2965B92	d_ac3_hs4_scp_airs_p2_t07_03-11
0xF26B0FD7	d_ac6_mic_2_int_p2_frank_bounce002-3
0xF2514857	d_ac6_mic_2_int_p2_frank_bounce002-37
0xF2A0287B	d_ac6_mic_2_int_p2_trevor_bounce002-13
0xF2D82713	d_ac6_mic_2_int_p2_trevor_bounce002-34
0xF226FA50	des_fib_ceil2_root
0xF23D9B83	dh1_cyad
0xF2B054F9	dh1_dmaa
0xF2602883	dh1_doai
0xF283485A	dh1_dvab
0xF2EB936D	dh1_ehaa
0xF2042BA8	dh2a_ggaa
0xF2DD81DF	dh2b_flaf
0xF2B2818D	dh2b_flah
0xF2CCB6F5	dlc_biker_dl_sounds
0xF2AC2F75	dlc_gr_disruption_logistics_sounds
0xF26D3A98	dlc_gr_pm_general_scene
0xF229994E	dlc_importexport/ie_jn_01
0xF2FC2099	dlc_mp2023_1_small_and_agile_sounds
0xF20AACB2	dlc_mp_apa_m_jbib_20_1
0xF288BB9F	dlc_mp_ar_f_jbib_2_7
0xF27B5EE1	dlc_mp_ar_m_decl_0_8
0xF2E94909	dlc_mp_arena_f_berd_0_3
0xF27C21DA	dlc_mp_arena_f_jbib_16_5
0xF23C1971	dlc_mp_arena_f_special_3_0
0xF26BAF98	dlc_mp_arena_m_berd_2_9
0xF2073592	dlc_mp_arena_m_jbib_11_6
0xF2B65688	dlc_mp_arena_m_jbib_17_5
0xF239391C	dlc_mp_arena_m_legs_4_8
0xF2DF38DD	dlc_mp_beach_f_feet004
0xF288A0EF	dlc_mp_bh_f_jbib_9_13
0xF27DF39A	dlc_mp_bh_f_special_4_13
0xF212D940	dlc_mp_bh_f_special_6_2
0xF2EBBC4D	dlc_mp_bh_f_special_8_2
0xF2BA2BFD	dlc_mp_bh_m_feet_0_1
0xF214B6D8	dlc_mp_bh_m_jbib_10_4
0xF2FA17C2	dlc_mp_bh_m_jbib_14_2
0xF253E148	dlc_mp_biker_f_feet_5_1
0xF267D649	dlc_mp_biker_f_legs_2_1
0xF2F62A66	dlc_mp_biker_f_special_0_20
0xF269BF6D	dlc_mp_biker_m_phead_12_9
0xF28E345D	dlc_mp_biker_m_special_1_14
0xF2C73189	dlc_mp_bus2_f_jbib0_0
0xF23B0C53	dlc_mp_busi2_m_accs3_0
0xF2E705A8	dlc_mp_busi2_m_task0_1
0xF2B17673	dlc_mp_exec_f_jbib_11_6
0xF2D417B3	dlc_mp_exec_m_jbib_16_6
0xF23FA3F0	dlc_mp_fixer_f_jbib_9_12
0xF209360C	dlc_mp_fixer_f_peyes_2_11
0xF2143E25	dlc_mp_fixer_f_phead_1_11
0xF2EAC15A	dlc_mp_fixer_m_jbib_8_22
0xF202CA5A	dlc_mp_fixer_m_legs_1_11
0xF29CA831	dlc_mp_gr_f_berd_0_12
0xF246EBC9	dlc_mp_gr_f_berd_3_13
0xF2257F40	dlc_mp_gr_f_jbib_9_18
0xF2270D2D	dlc_mp_gr_f_phead_2_1
0xF2D0D5E5	dlc_mp_gr_f_special_13_14
0xF2D39891	dlc_mp_gr_f_torso_0_12
0xF21CFB9A	dlc_mp_gr_f_torso_19_2
0xF2F80077	dlc_mp_gr_f_torso_24_17
0xF21798C6	dlc_mp_gr_f_torso_34_14
0xF24E881D	dlc_mp_gr_m_berd_2_5
0xF233ED7A	dlc_mp_gr_m_berd_3_20
0xF2A6E34A	dlc_mp_gr_m_berd_5_1
0xF27C9B1C	dlc_mp_gr_m_phead_5_5
0xF2A805C5	dlc_mp_gr_m_torso_11_13
0xF27E5261	dlc_mp_gr_m_torso_13_12
0xF2A9E3A0	dlc_mp_gr_m_torso_15_18
0xF21E2EEA	dlc_mp_gr_m_torso_17_5
0xF2AB69F9	dlc_mp_gr_m_torso_7_19
0xF2A254CA	dlc_mp_h3_f_hand_2_16
0xF2DB2327	dlc_mp_h3_f_jbib_9_6
0xF247103B	dlc_mp_h3_f_special_11_1
0xF29B7DEE	dlc_mp_h3_f_special_13_0
0xF2F42EB5	dlc_mp_h3_f_teeth_0_6
0xF23D3609	dlc_mp_h3_m_berd_18_12
0xF2422360	dlc_mp_h3_m_legs_4_4
0xF2BE3815	dlc_mp_h4_f_jbib_3_11
0xF25F86A4	dlc_mp_h4_f_legs_0_0
0xF292F934	dlc_mp_h4_f_teeth_11_12
0xF201700B	dlc_mp_h4_f_teeth_7_2
0xF23336DE	dlc_mp_h4_m_peyes_2_3
0xF2B7F868	dlc_mp_heist_f_jbib_11_3
0xF26D91DC	dlc_mp_heist_f_torso_7_1
0xF206C8D3	dlc_mp_heist_f_torso_87_0
0xF25A5156	dlc_mp_heist_m_berd_22_9
0xF23895E5	dlc_mp_heist_m_feet_1_7
0xF2F7DBDA	dlc_mp_heist_m_phead_8_0
0xF2E792E1	dlc_mp_heist_m_special_0_0
0xF21ACBAB	dlc_mp_heist_m_torso_52_0
0xF2DD6F67	dlc_mp_hips_f_jbib1_0
0xF2AD69A3	dlc_mp_hips_f_jbib6_1
0xF263F2C8	dlc_mp_hips_m_legs0_9
0xF2A585F0	dlc_mp_ie_f_legs_4_2
0xF2C08216	dlc_mp_ie_f_special_0_9
0xF22AFE95	dlc_mp_ie_f_special_8_0
0xF2BFC28A	dlc_mp_ie_m_feet_0_8
0xF284AD17	dlc_mp_ind_m_jbib_1_2
0xF2D7E62A	dlc_mp_jan_m_hand_7_2
0xF2AD6DB9	dlc_mp_low2_m_jbib_1_5
0xF2BE6C0D	dlc_mp_lts_f_hand_4_17
0xF2B08DF2	dlc_mp_lts_f_hand_4_2
0xF24DD498	dlc_mp_lts_f_hand_6_10
0xF2E98E3A	dlc_mp_lts_f_hand_7_18
0xF2264D81	dlc_mp_lts_f_hand_7_3
0xF2D717D4	dlc_mp_lts_m_berd_0_3
0xF285EE58	dlc_mp_lts_m_hand_8_23
0xF2641D46	dlc_mp_luxe2_f_teeth_4_1
0xF2F6D6FF	dlc_mp_luxe2_m_pears_10_1
0xF2F04A80	dlc_mp_luxe2_m_teeth_8_0
0xF21181DB	dlc_mp_luxe_f_special_1_15
0xF2259826	dlc_mp_luxe_m_jbib_4_2
0xF20C5F18	dlc_mp_luxe_m_pears_0_2
0xF26636F3	dlc_mp_pilot_f_hand_1_4
0xF20589C9	dlc_mp_pilot_f_hand_7_16
0xF226376B	dlc_mp_pilot_m_hand_2_21
0xF20048D5	dlc_mp_smug_f_berd_9_9
0xF2ED5EBF	dlc_mp_smug_f_jbib_2_20
0xF23296AD	dlc_mp_smug_m_berd_2_15
0xF20EF90D	dlc_mp_smug_m_berd_3_16
0xF228FD4D	dlc_mp_smug_m_berd_7_9
0xF21AFB48	dlc_mp_smug_m_jbib_3_5
0xF2D42252	dlc_mp_smug_m_special_12_2
0xF229837A	dlc_mp_stunt_f_jbib_0_5
0xF2B3E079	dlc_mp_stunt_f_phead_10_13
0xF23E207E	dlc_mp_sum2_f_berd_10_15
0xF2989933	dlc_mp_sum2_f_berd_10_22
0xF2F2495B	dlc_mp_sum2_m_berd_10_7
0xF2174CCC	dlc_mp_sum_f_berd_1_1
0xF204553B	dlc_mp_sum_f_jbib_15_5
0xF240270F	dlc_mp_sum_f_jbib_5_2
0xF2EC3741	dlc_mp_sum_f_special_0_22
0xF277FFA2	dlc_mp_sum_f_torso_10_0
0xF295D256	dlc_mp_sum_m_jbib_10_2
0xF2760B18	dlc_mp_tuner_f_phead_1_13
0xF27826D0	dlc_mp_tuner_m_jbib_10_1
0xF2B94B19	dlc_mp_tuner_m_jbib_15_11
0xF2287BAA	dlc_mp_tuner_m_jbib_9_2
0xF260081C	dlc_mp_tuner_m_special_5_5
0xF2003023	dlc_mp_val_f_jbib0_2
0xF24F6FE6	dlc_mp_vwd_f_jbib_7_22
0xF258E69E	dlc_mp_vwd_f_pears_3_1
0xF2E132F7	dlc_mp_vwd_f_phead_0_17
0xF21D0EE6	dlc_mp_vwd_m_jbib_14_8
0xF2362AA5	dlc_mp_x17_f_feet_1_4
0xF2DC4183	dlc_mp_x17_f_jbib_13_16
0xF28ECBA5	dlc_mp_x17_m_legs_1_6
0xF24864D1	dlc_mp_x17_m_phead_2_1
0xF2A61CCD	dlc_mp_x22_f_feet_13_1
0xF2ED3A62	dlc_mp_x22_f_feet_4_22
0xF2EEBE19	dlc_mp_x22_f_feet_5_1
0xF2DF6585	dlc_mp_x22_f_phead_8_0
0xF23A3899	dlc_mp_x22_m_feet_14_7
0xF2D04CE3	dlc_mp_x22_m_jbib_1_11
0xF235B83B	dlc_mp_x22_m_jbib_22_0
0xF25FDF19	dlc_mp_x22_m_peyes_3_22
0xF284C542	dlc_mp_x22_m_phead_0_9
0xF2CA6805	dlc_mp_x22_m_torso_9_13
0xF2CFF22D	dlc_mp_xmas3_f_berd_3_1
0xF2EDAB56	dlc_xm_orbital_cannon_remote_sounds
0xF29231C6	doc_inspection_v1_chair
0xF2C6719B	door_sweep_r_hand_medium
0xF2EE7A3C	draw_screen
0xF2984232	drf_dpam
0xF2D95C67	drf_gsab
0xF28CCADC	drf_mic_3_cs_2-48
0xF27A45BD	drinking_wine_exit_cam
0xF267950C	earned
0xF2580E5D	elegy-36
0xF208F1E5	ent_amb_vent_haze_lg
0xF213BF62	ent_ray_shipwreck_sparks
0xF2C7A833	enter_fwd
0xF2DDE66C	enter_player3
0xF24AD603	enter_wire
0xF2A25283	env_fog
0xF267807F	envefffatsweatscale0
0xF24897DA	ep_4_rcm_concat-3
0xF289BEAE	eps4_awaa
0xF226D466	eps8_auab
0xF2BDB4D3	event_friendly_aimed_at
0xF235438B	event_voice_session_ended
0xF27EF493	ex_prop_exec_lighter_01-13
0xF2BF6C35	ex_sm_13_office_01a
0xF280897F	exec1_exit_office_to_roof_scene
0xF2A8D14C	executable
0xF2448D7F	exile32
0xF2926E5F	exit_08_player_facial
0xF247D33D	exit_2_bottle
0xF2484E2D	exit_a_m_y_vinewood_01
0xF282FBC4	ext1_cqak
0xF23A9BF2	ext1_crad
0xF2DCC0DA	ext2_bgaa
0xF2201715	facial_l_lipcornerthicknesslower
0xF293358B	facial_r_cheekouter
0xF2AF0075	fafm_buaa
0xF2AB4DC5	faft_ccaa
0xF2118BF2	fall_and_impact
0xF2343E94	fam1_dfac
0xF2A79A4E	fam1_ekak
0xF21A2AF8	fam3_erab
0xF2ACC6E1	fam5_dfaa
0xF27CD42F	fam6_arad
0xF21B54FD	fam6_btba
0xF20C219B	fam_6_mcs_6-7
0xF2C60A85	fatf_agaa
0xF23789C0	fbi3_torture_start
0xF22D0F36	fbi5a_paab
0xF29CD1BD	fbis1_cqai
0xF26886BE	fcfj_cxad
0xF230DC23	fcmf_cral
0xF21FD858	fcmft_coae
0xF230DF38	fcmt_eeab
0xF2DCD9E3	fem4
0xF2164617	female_indian_r2pvg
0xF2EB4DAC	female_pos_b_p1_idle_01_lighter
0xF2A85013	fh3a_cgaa
0xF2073F12	fh3a_emaa
0xF2D5AA23	fh3a_jfaa
0xF2464FB9	fidget_rub_hands
0xF2A365BE	film_idle_pedb
0xF27DC157	fin2_aqah
0xF21E6140	fin2_bdah
0xF2818D30	fin_a_ext-4
0xF22473FD	finh1_brag
0xF21D35C6	fix_agy_int2-39
0xF296CDAF	fix_pro_ig3_pro_elevator_action_promotor_facial
0xF2AFD82B	fix_trip3_ext-19
0xF27C0A93	fix_wrms_ig2_weak_action_lamarweed
0xF24372C6	fixf_fin_mcs2-16
0xF245012E	fkn0_ecac
0xF23F352E	fkn1_hdaa
0xF228781B	fm_ind_f_tshirt_015
0xF28900E3	fm_ind_m_tshirt_006
0xF2CED322	fm_tat_m_040
0xF2632FC1	fmf_1_cdab
0xF2A2F1D6	fog_horizon_tint_scale
0xF2087B41	fos_ep_1_p2-8
0xF2593549	fos_tvstage
0xF27B90D2	four_glass
0xF281A438	freed
0xF23B25A0	frlfb_bpab
0xF2A125F5	frogger2-6
0xF2F414D7	fucking_bridge_pencil
0xF266110E	g_f_m_fooliganz_01_dual-31
0xF2E7B284	g_m_importexport_01_dual-10
0xF24C3318	gang_chatting_idle01_a
0xF2EF676A	garage_open
0xF2BCA349	getmoduleinformation
0xF2197DDE	graph
0xF29672E3	grdlc_int_02
0xF2CE8A4B	greet_across_sreet
0xF21BCF1D	guard_idle_b_earpiece
0xF23F855D	guardaspiaggia
0xF2A6A74C	gunman_bike_crash
0xF2AF2059	h4_int_lev_sub_doorl-8
0xF2DB8BB9	h4_islandx_terrain_props_06_c
0xF2E33DE6	h4_prop_h4_casino_button_01a-5
0xF2889A7D	h4_prop_h4_lime_01a-2
0xF229F3EF	h4_prop_h4_lrggate_01_r-2
0xF2E0B092	h4_se_ipl_00
0xF295CE55	hakuchou2-0
0xF2611EAE	hang_int-30
0xF2993B2A	hang_int-64
0xF2303A3F	hash_f2303a3f_pumargm_collision
0xF27AB051	hash_f27ab051_zuszogda_collision
0xF24C9155	hc_driver-8
0xF21BE55A	hc_driver_dual-24
0xF246D3AB	hei_prop_crate_stack_01
0xF2CA37A4	hei_prop_heist_docs_01-2
0xF20B1BDD	hei_prop_heist_tug
0xF2FAD1E3	hei_prop_hst_usb_drive-31
0xF203A584	hei_prop_hst_usb_drive-52
0xF29B0FB6	hei_prop_server_piece_01-0
0xF2FC74D4	hei_shadowsunmesh_kt1_08
0xF2C06AFF	hei_v_ilev_bk_gate_pris
0xF28CF2E2	hi_idle_a_f02
0xF25B436C	hi_loop_m01
0xF22A72FE	high_turn_l_step_facecover
0xF28B3AF6	high_wstop_l_lfp
0xF20C8A34	highfall_vault
0xF2251DCF	hmjz
0xF2EB18F8	hooker_loop_a_biker_d
0xF240AEB3	hs3_pln_int-50
0xF2BE0A52	hs4_sub_int-13
0xF2F1EBAC	hunt1_cdaa
0xF262F2C1	hunt2_clac
0xF25BC75D	idle_02_lamar
0xF2183532	idle_c_a_m_y_vinewood_01
0xF20EBE8A	idle_cardgames_var_07
0xF2497047	idle_f_prop_cam
0xF2E49132	idle_heeled_player_facial
0xF2951FDF	idle_ped03
0xF2EFB2CB	idle_var_02_facial
0xF2179A2C	ie_countdown_30s_kill
0xF29E6E6B	ig_benny_dual-4
0xF2BCBCFF	ig_entourage_a_dual-31
0xF2E46F76	ig_furry_dual-0
0xF2380B6D	ig_jaywalker_dual-13
0xF2F6224E	ig_kaylee_dual-5
0xF2BE4395	ig_martinmadrazo_02
0xF293173B	ig_mjo_p
0xF2305526	ig_pilot_dual-17
0xF212D0DE	imp_prop_impexp_radiator_03
0xF2C57DB6	imp_prop_impexp_tyre_01c
0xF297385C	inactive_fire_fail
0xF2045A0E	inchorange
0xF22FCFA1	inputgroup_veh_move_all
0xF2A47EE1	insult_ped_old_conv12_part3
0xF2062762	insurgent2-7
0xF2B2EC73	int_fullambientmult_both
0xF24DA9C1	invalidstate
0xF21E979D	iom_axis_lx
0xF2F5CAF5	iom_axis_undefined
0xF2D7D62D	iub
0xF26B4E31	iz_v_fib01_v_fib01_jan_offc2
0xF22DA258	jessie_ig_1_p2_gottahavefaith_5
0xF2EE118F	jh_pqac
0xF28AFEA9	jhf_awai
0xF26BA3E1	jhp1a_radio_2
0xF28E8AD1	jogger
0xF215F27F	josh4_ataa
0xF283FD21	journey2-9
0xF2EABA98	key_tab
0xF2192C52	ktz@
0xF25C72A5	lamar_1_shootout_cover_lamar
0xF2DAEBBB	ld
0xF29691D8	lean_female_a_idle_a
0xF2876740	lean_wall_idle_03_joint
0xF2636537	leanindirmaxf
0xF2C9BBAD	lem1_ebaf
0xF28CBB37	lem1_ebap
0xF2F9595D	lem2_aqaa
0xF27B9E36	lem2_dran
0xF2842B2E	lem2_flaa
0xF2D637D7	les1a_alam
0xF2B0466A	let_me_be_clear_9
0xF25FC8EE	libre
0xF2B8CBB5	life_saver_v1_prop
0xF246F3D4	light_car_rig
0xF23D281A	load_rh_02_gr_prop_gr_part_drill_01a
0xF22BF030	localtoglobal
0xF22BAEBD	logiledsetlightingforkeywithscancode
0xF2310DD1	look_around_01_left_prop_pencil_01
0xF23CA066	look_around_v2_cooker
0xF27A6E0F	look_to_right_gr_prop_gr_3s_drillcrate_01a
0xF23EF37D	low-end
0xF297517D	lsfl_acad
0xF2BBE988	m23_1_m231_3_v_med_examlight
0xF2485203	m23_1_prop_m31_radar_01a
0xF218E7B1	m23_2_mp2023_02_additions_cargoship_anchor_lod
0xF24D19EE	m23_2_prop_m32_bucket_mop_01b
0xF232E2D8	m24_1_mph_hang2_lamps2
0xF200343E	m24_1_prop_m41_blinds_closed_01a-47
0xF2923431	m24_1_prop_m41_candypile_01a-14
0xF23379A8	m24_1_prop_m41_curb_5_01c
0xF22A3013	m24_1_prop_m41_leaf_01a-32
0xF211AAC0	m24_1_prop_m41_officechair_01a-56
0xF2E8A0AC	m24_2_prop_m42_gantry_01a
0xF2238ADE	m25_2_int_01_gb_coffee_table_001
0xF2D2F726	m25_2_int_03_ring_lights2a
0xF21B5016	m25_2_prop_m52_keyboard_01a-6
0xF2272954	male_pos_c_p2_idle_03
0xF2B2FB8B	male_pos_c_trans_p1_weed_to_p1_normal_weed
0xF2F1E15F	mapped
0xF27C8A6E	mapport
0xF21DA8B2	master
0xF2B53FC7	maude_mcs_1-5
0xF2290C53	may
0xF2470C57	mefl_auab
0xF2148221	mej1_biac
0xF2D3D010	mej1_cmac
0xF21B4A96	menumgheistin
0xF250AA77	met1_efab
0xF2CC381E	mfmxmwmym
0xF21CFA18	mh_bangle_2
0xF2EF226D	mh_hair_scale
0xF28694AD	mi_to_li_f01
0xF29F32BF	mic_4_int-112
0xF2542ED9	mic_4_int-127
0xF2823181	mic_4_int-149
0xF2A2498A	michael_action
0xF2FD13C1	missbigscore1mcs_2_p2_switch
0xF2877477	missfam6ig_7_tattoo
0xF25EAB91	missfbi5ig_23
0xF280B47B	missheistdockssetup1ig_4@main_action
0xF220800C	missheistpaletoscore1rbhs_mcs_2
0xF2081D8A	modella
0xF25C3D64	moo_end_ptrax
0xF26CAF74	moodm_deck_hc_13_lp_right
0xF233969E	moodm_idle_mh_08_dancer_a_facial
0xF2ABC73C	moodm_mic_q_v3_05
0xF22A1638	moodm_trans_deck_to_dance_mb_02_lp_left
0xF23CAAED	moodm_vinyl_left_mb_25_tumbler
0xF29B4355	move_stealth@p_m_one@unarmed@idle@b
0xF28A0D1F	move_strafe_melee_unarmed
0xF25D2783	mp_2023_02_tat_007_f
0xF269B3DB	mp_bank_heist_1
0xF28A7A22	mp_battle_clothing_004_m
0xF22F15EC	mp_battle_clothing_038_f
0xF2CA4758	mp_bea_m_neck_000
0xF268EF63	mp_f_smuggler_01
0xF2BB634F	mp_int_mcs_15_a3-0
0xF248E614	mp_m_freemode_01_dual-49
0xF2C9B9C2	mp_mp_biker_tat_045_m
0xF2B404C2	mp_player_apartment
0xF27AFC4F	mp_player_int_wank_02_exit_fp
0xF21789BF	mp_vinewood_tee_009_f
0xF2C18D00	mpct_ipaa
0xF24BE88D	mph_nar_fin_ext-6
0xF21129B4	mph_pac_int-4
0xF2074913	mpheist4
0xF2129205	n_ac1_josh_3_intp1_023-7
0xF2F2BC19	n_ac1_josh_3_intp1_024-3
0xF2227AA6	n_ac1_lam_1_mcs_2_003-1
0xF28A8445	n_ac2_trvram_5_p2_00-4
0xF21F0B5F	n_ac31_fbi_1_ext_t9_00-13
0xF282BDAB	n_ac3_car_1_ext_p3_016-2
0xF25836D2	n_ac59_mic_2_mcs_3_02-12
0xF2C97CD1	nerfed
0xF2DBB2C2	nethttpsnoproxy
0xF2A7A77F	ng_proc_leaves03
0xF2ED5861	nhh1b_agent_3
0xF2D2FE44	nhh2a_ciaa
0xF2C48F72	nig1a_cxaa
0xF2C8858B	nige3_braa
0xF2D2399F	nme_away_idle_f_15_hp_head
0xF243352E	nme_trans_cue_to_mix_a_34_v2_coconutdrink
0xF2FCFB28	nme_unq_chat_f_41_hp_table
0xF2B25428	nnnngggg
0xF2F77518	noddingoff_sleep_phone
0xF218ACCA	npir
0xF25B573E	oat_fos_ep_1_p1_045-17
0xF2DBEDCB	observe_03_lo_bkr_prop_fakeid_clipboard_01a
0xF2836FC7	ojas_jdaa
0xF2804482	on_clubchair_e
0xF2268547	operate_03_hi_amy_skater_01
0xF2BF3A0B	p_arm_bind_cut_s-13
0xF242D908	p_cs_beachtowel_01_s-30
0xF2AB4175	p_cs_coke_line_s-8
0xF21FDBC1	p_cs_joint_01-10
0xF289592C	p_cs_joint_01-67
0xF2BB5620	p_cs_joint_01-78
0xF258D12D	p_cs_lighter_01-40
0xF219A8C6	p_franklin_02_dual-10
0xF244E117	p_ilev_p_easychair_s-36
0xF2BD0DBF	p_ing_coffeecup_02-53
0xF2851160	p_ing_microphonel_01-14
0xF21C4522	p_lestersbed_s-2
0xF23D91AC	p_michael_02_dual-68
0xF2120D4D	p_pharm_unit_01
0xF2BC2C88	p_res_sofa_l_s-15
0xF2B7326A	p_v_med_p_sofa_s-109
0xF2C28063	p_whiskey_bottle_s-38
0xF2830F42	para_alt10
0xF27BC564	passport_josef
0xF2D639CF	path.
0xF278D180	pbam_akae
0xF2CF040D	pbam_aqaa
0xF22BB570	pbgr_agaa3
0xF27A7E93	pbpd_agaf
0xF21E6744	pbsh_alaa
0xF2CC3832	ped_a_pour_one_drunk_male_b_glass
0xF26DA952	ped_ac24_mph_nar_int_p1_002-29
0xF29D2545	ped_b_drink_drunk_male_c_glass
0xF2202155	ped_foot_sand_wet_deep
0xF273DD82	perdigones
0xF21E0C54	perfect_better_facial
0xF2CC1165	pevent
0xF25A01B9	pickup_ammo_minigun
0xF24ACA5C	pill_fp
0xF2AE3F81	pipistrello
0xF2FC00A0	place_bet_request_facial
0xF290C529	player_zero_dual-93
0xF23A008F	playidle_var_02
0xF2C1614B	please.
0xF2B22EFD	pm_inf_unlb
0xF2630373	police_scanner_colour_white
0xF2DD70D1	pose_a_trans_pose_e_blamadon
0xF2CD339F	pose_b_idle_c_tumbler_cs2_s
0xF2EA7797	pose_e_idle_d_headphones
0xF2E0BF0B	poseunusedsupportarm
0xF2A994E0	pov_steer_duck
0xF2B45C00	pr_ch_dlc_casino_back_security_rm_computers_02
0xF2A11372	pr_dlc_biker_meth_lab_sparging_tank_01
0xF2F62E3E	pr_m24_2_int_hacker_basement_neon_sign
0xF2F750F8	pr_xm_x17dlc_int_lab_extra_ambience_05_server
0xF216854A	prologue_test_kill_oneshot
0xF2AF2A74	prop_air_cargo_04a-18
0xF2B2E482	prop_aircon_s_01a
0xF203D660	prop_ashtray_01-23
0xF2A672C8	prop_beer_logger-58
0xF25FE3FD	prop_bin_07a
0xF27C4B96	prop_buck_spade_09
0xF2F14412	prop_chair_01b-25
0xF2F238C8	prop_champ_jer_01a-91
0xF2BDE7DE	prop_cigar_pack_01
0xF2C60004	prop_crate_11e-51
0xF2BB70BB	prop_cs_beer_bot_01-12
0xF2BD3A72	prop_cs_credit_card-10
0xF2BE7D80	prop_cs_folding_chair_01
0xF2DDF45F	prop_cs_fridge-19
0xF25FFB47	prop_cs_hotdog_01-1
0xF261FED2	prop_cs_hotdog_01-42
0xF2EBA345	prop_cs_milk_01-0
0xF2EA0C7D	prop_cs_sm_27_gate-4
0xF28C6485	prop_flagpole_2c
0xF2E78A52	prop_fnc_farm_01a
0xF284C472	prop_fncply_01b
0xF2775005	prop_hospital_door_r
0xF2B39A74	prop_huf_rag_01-69
0xF20ADF80	prop_human_seat_computer@_male@_idle_a
0xF2DF4D37	prop_ld_cable_tie_01-17
0xF23D6019	prop_luggage_08a
0xF2E7CE11	prop_luggage_08a-12
0xF22F4EFC	prop_luggage_08a-31
0xF2BD35BB	prop_mb_cargo_03a
0xF2ED64E6	prop_med_bag_01b-11
0xF243AB0D	prop_micro_cs_01-7
0xF216BE4E	prop_mk_transform_thruster
0xF2D26897	prop_mug_04-35
0xF2B6A2E4	prop_paints_can01-20
0xF25922B5	prop_paints_can01-42
0xF201CFB2	prop_pallettruck_01-0
0xF22A4CE0	prop_ped_pic_07
0xF2E7A17E	prop_protest_table_01-14
0xF2B12646	prop_roadpole_01b
0xF249C94A	prop_skid_trolley_2
0xF2C8216A	prop_start_grid_01
0xF21C2B43	prop_syringe_01-6
0xF21EAE39	prop_table_08_chr
0xF2E9805B	prop_table_mic_01
0xF2221D55	prop_taxi_meter_2
0xF2F63068	prop_tool_box_04-32
0xF2B6839A	prop_tool_broom-33
0xF222C55F	prop_weed_tub_01
0xF22B9BDA	prop_yoga_mat_01
0xF2C10F04	propr_aiad
0xF215C49A	prs_acaa
0xF2452214	prs_aiab
0xF2B57750	prs_osaf
0xF2E067B8	prs_qeaa2
0xF2FFE667	prs_skaa
0xF29A7120	ptrx_idle_b_q_l_base_05_beer_can
0xF280336E	ptrx_idle_k_q_r_base_05_dj_ptrax
0xF2D34AC6	ptrx_idle_q_mix_23_headphones_pd_hp
0xF256E579	ptxu_noise:m_velnoiseminkfp
0xF28D7FCA	pu_hlp
0xF2945378	pull_tooth_ready_loop_pliers
0xF2C0E4EA	qhvc
0xF22005F7	radar_pointer
0xF2BC7C80	radio_genre_punk
0xF2F9056C	rage_fastmipmap
0xF2F98A32	ramp_fall
0xF2CC4BD0	rampa_cue_idle_a_01_v2_s_glass_01
0xF278058E	rampa_cue_idle_j_18_s_glass_03
0xF26FBEC6	rampa_cuedance_idle_a_02_s_glass_03
0xF288C7E5	rampa_cuedance_sync_a_09_v2_tumbler
0xF28E27FF	rampa_cuelean_idle_f_08_facial
0xF23CF4E2	rampa_mix_idle_d_04_s_glass_03
0xF2220D8F	rampa_mix_idle_f_06_v2_s_glass_02
0xF2D02BD9	rampa_mix_idle_i_10_v2_s_glass_03
0xF284F778	rampa_mixdance_idle_b_04_v2_hp_table
0xF22F37B1	rampa_trans_away_to_awayside_a_08_v2_tumbler
0xF2047460	rampa_trans_awayside_to_cuedgrab_a_02_v2_hp_table
0xF2502C25	rampa_trans_awayside_to_cuehpgrab_a_04_v2_tumbler
0xF2265733	rampa_trans_cueddown_to_away_a_07_v2_s_glass_02
0xF2293CDF	rampa_unq_shots_c_100_hp_table
0xF29D4411	rbh2a_gdaa
0xF2D9957F	rbh2a_hpaa
0xF23A2467	rbh2a_hrab
0xF203AA69	rbh2a_moac
0xF26C1C05	reaction_good_var01
0xF21BD381	reaction_no_bet_var02_seat1_facial
0xF2745D3F	reaction_no_bet_var02_seat2
0xF2BDC30A	rear2_bfaa
0xF231CBAA	rearr_biaa
0xF2D48FB9	reawa_dbaa
0xF212A35F	recra_beab
0xF2C67FEB	recra_cfaa
0xF2425D89	redo2_cfaa
0xF2567DEF	reh_prop_reh_sp_stock_01a
0xF24FC15B	rehh2_agaa
0xF26A4D06	rehh5_bsaa
0xF27AB949	reload_loop
0xF2E6992C	resna_cfaa
0xF27EFC2E	rhf_araa
0xF27319CE	right_exit_player
0xF283E51D	rooftop
0xF26CEFF9	ruiner
0xF284AD6D	run_bwd_180_loop
0xF2290986	run_fwd_90_start
0xF290D84A	s_m_m_bouncer_01_dual-1
0xF2BB71DA	s_m_m_bouncer_01_dual-31
0xF2DAA2ED	s_m_m_marine_01
0xF2AE02EA	s_m_y_construct_02_dual-20
0xF2AB2BD9	s_m_y_construct_02_dual-6
0xF2A76BEF	s_m_y_cop_01_dual-33
0xF219689B	s_m_y_cop_01_dual-53
0xF2FCDD02	s_m_y_cop_01_dual-9
0xF2B0E620	s_m_y_dwservice_02-3
0xF29EE5C4	s_m_y_dwservice_02-7
0xF22DD109	sas1_bfac
0xF2A98B5A	savemigration.asmx/cancelsavemigration
0xF2336334	sb
0xF2D9D322	scissors_idle_c
0xF2FF62F1	sclub_dxaa
0xF277B208	scr_adversary_ped_glow
0xF281FD52	scr_agency3b_heli_exp_trail
0xF2E60305	scr_indep_firework_fountain
0xF2E3CB6E	scratch_leg_01_left_v_ilev_chair02_ped
0xF23013CB	scripted_scanner_report_jsh_2a_01
0xF251C176	se_dlc_fixer_data_leak_mansion_speaker_01
0xF2FE9F1E	semi-automatiques
0xF2635DDA	serve_idle_04
0xF2F814E1	set_hud_component_range
0xF2F89380	sf_prop_sf_door_cabinet_01a-58
0xF26350C4	sf_prop_sf_door_com_l_06a-10
0xF25BA937	sf_prop_sf_door_com_l_06a-40
0xF254FF8F	sf_prop_sf_door_office_r_01a-35
0xF244355D	sf_prop_sf_door_stat_r_01a-28
0xF25EE4BE	sf_prop_sf_door_stud_01a-42
0xF21C8153	sf_prop_sf_mug_01a-8
0xF2F75EA6	sf_prop_tool_draw_01d
0xF20416E2	shop_cutting_hair
0xF24AA531	shortly.
0xF275EB6F	shr_int
0xF2A5DFC5	skel_r_finger51
0xF242374F	skel_spine2
0xF20D492A	skull
0xF2D33535	sky_cloud_shadow_col_r
0xF273D5CD	slmn1_bqaa
0xF21F2661	sm_prop_smug_flask-40
0xF22CE50C	sm_prop_smug_mic-27
0xF2793421	sm_prop_smug_offchair_01a-30
0xF2B97DC6	sol1_cbad
0xF287DE33	sol2_aaaa
0xF295E49F	sol5_agaa
0xF2926DF9	sol_idle_left_hp_a_sol_face
0xF21E748C	soldix_switch_dix
0xF2E568EF	sp_cs_xm24_titan_console_sparks
0xF2A49350	sp_f_berd_6_1
0xF27C26C9	sp_f_feet_1_15
0xF2648D85	sp_f_feet_2_2
0xF231A2AC	sp_f_jbib_7_13
0xF2B1DA7D	sp_m_accs_1_1
0xF23FB2EA	sp_m_eyes_1_2
0xF24E26A7	sp_m_eyes_3_3
0xF2B7A2EB	sp_m_feet_10_5
0xF2277C85	sp_m_feet_13_7
0xF2310365	sp_m_feet_1_1
0xF2895E89	sp_m_head_13_4
0xF25E94CD	sp_m_task_6_2
0xF26E6CFF	sp_m_teef_5_4
0xF2F27C96	special_ped@andy_moon@trevor_2@trevor_2c
0xF211795F	special_ped@bill@monologue_1
0xF20E94E5	special_ped@clinton@monologue_9@monologue_9e
0xF2658B65	special_ped@griff@monologue_5@monologue_5c
0xF2AFA91C	special_ped@impotent_rage@monologue_10@monologue_10b
0xF279447C	special_ped@jerome@monologue_8@monologue_8a
0xF22FAEDB	special_ped@jessie@monologue_5@monologue_5f
0xF25B4A4D	special_ped@pamela@monologue_4@monologue_4g
0xF2FCBD9E	special_ped@tonya@monologue_6@monologue_6d
0xF2A0A7AC	special_ped@zombie@trevor_1@trevor_1r
0xF232D089	spike_3mod
0xF2F29A11	spinreadyidle_to_spinningidle_low_facial
0xF2732287	sprint_turn_r2
0xF20FDE48	stand_low_180_r
0xF271E813	strawberryclub_34_vagos
0xF218788A	strip
0xF275DF37	stt_prop_hoop_tyre_01a
0xF2099C08	stt_prop_race_start_line_02b
0xF2515F80	stt_prop_stunt_track_dwslope15
0xF2740D0C	stt_prop_track_slowdown
0xF256C556	stun
0xF256CACC	stx
0xF2DD92C0	subj_mcs1-33
0xF25A2B3C	sum23_cm1_int_p1-0
0xF2B6EB52	sum_prop_ac_wall_sign_04
0xF2B3EEDB	sum_ych_mod_glass9
0xF25DBCFE	surge-8
0xF2D33018	tanker-62
0xF2AD4BC6	tatto_agad
0xF2400300	taxi-44
0xF2292358	technical-31
0xF24E913D	tej
0xF2EE8C02	tennis_npc_backslice_master
0xF29D63A7	thmnk
0xF20F1522	ti.
0xF2F9EDB8	time_12_00
0xF26D4DB1	timetable@amanda@facemask@base
0xF2B1008D	tinted
0xF2AB88C6	tinyracerpinkout
0xF21435E1	tm44_etaa
0xF2D9A1A0	tm44_fvaa
0xF20FE35B	tomorrow.
0xF2798C03	toque
0xF2ECB932	tou_trans_mid_to_open_b_headphonescc
0xF257EBAC	tout
0xF2577F29	tr2_cyam
0xF2F6F091	tr2_hgab
0xF2F4A906	tr_prop_tr_coke_powder_01a-3
0xF2F9BCCA	trash-7
0xF27A2895	trv3_ajaa
0xF29E5613	trv3_ckaj
0xF291DCA2	trv3_coae
0xF28798DE	trv3_dibg
0xF279EBF0	tszj
0xF2C4AF78	tudo
0xF22917BF	tun_shop_int-14
0xF2805BC0	turismo2-0
0xF218A61D	txm3_eiac
0xF2049DFB	txm3_elab
0xF2BE33AF	under_int_1-0
0xF2D1FB63	under_jacket
0xF2EF154E	user:/settings.xml
0xF28BEA7D	ussrnyg1fh
0xF2562A2F	uuuuuuuuuuuu
0xF2CDE8FB	v6dtgk
0xF2822165	v_11_abbslaughtdrains
0xF2745AE6	v_16_low_bed_over_decal
0xF235D67C	v_19_strpprvrmcrt008
0xF22B8B9C	v_28_lab1_glas
0xF29B1EA3	v_73_p_ap_banourinal_aa003
0xF2400123	v_74_atr_hall_deta004
0xF2EB291F	v_8_spare1stuff
0xF2387F42	v_corp_offshelf
0xF2E6B3F5	v_ilev_cd_door2-29
0xF27D053E	v_ilev_fos_mic-33
0xF2EBF978	v_ilev_gcshape_asssnip_25
0xF25D31F6	v_ilev_ra_door3
0xF233932E	v_res_cd-17
0xF240DD77	v_res_keyboard
0xF24003A9	v_res_tre_stool_leather-10
0xF2B348DE	v_res_tt_litter1-4
0xF2DF798F	v_ret_247shelves02
0xF22C1A97	v_ret_gc_plant1-2
0xF2C30D3A	v_tre_sofa_mess_b_s-9
0xF24A0EC7	va_surano
0xF2974DF2	var_02_pose_02
0xF2410A47	veh@driveby@first_person@passenger_left_handed@throw
0xF29E0087	veh@van@ds@idle_agitated
0xF20D8C1B	veh_downwash_water
0xF2858B10	veh_panel_shut_car-2
0xF24E5176	veh_tula_turbulance_water
0xF2BD04EF	vehicle_track_siren.sps
0xF2CD46B6	ver_02_top_right_exit_hei_p_m_bag_var22_arm_s
0xF2270601	veui_aud_mic_tar_hlp
0xF22F9DC2	veui_focus_manh
0xF22D7E0E	vfx_it3_18
0xF2825B45	vw_prop_cas_card_club_02
0xF2A24398	vw_prop_vw_lrggate_05a-1
0xF2D04251	w_ar_assaultrifle-61
0xF252B855	w_cover_grip_l
0xF2F47DA7	w_lr_rpg
0xF24DB7E1	w_pi_revolvermk2
0xF24F6414	w_sb_smg-2
0xF2D89B51	walk_in_bank_gunman_bag
0xF264F4C6	wanted_music_disabled
0xF247FE52	water_riverlod.sps
0xF28EE6C4	waterboard_outro_steve
0xF2A9A441	way
0xF2C8AE36	wct_knuck_ht
0xF20DECFE	weapon_4a
0xF2AF95F3	weapons@first_person@aim_idle@p_m_zero@melee@large_wpn@bat@aim_trans@unholster_to_idle
0xF2B96F24	weapons@first_person@aim_idle@p_m_zero@projectile@ball@fidgets@a
0xF241DD65	wh_basement4
0xF23042F6	wheel_decal_blood
0xF253D7C5	wheelmeshbk_r_ng
0xF2D97922	window_rf3
0xF204AEB2	windsor2-41
0xF2653E0B	world_human_musician
0xF2F9DD4F	wt_gl
0xF25BB76C	xm24_mfh_int-13
0xF2E46535	xm25_mansion_inta-109
0xF24899F0	xm3_drg2_cook_mcs1-7
0xF2C4B91F	xm3_prop_xm3_balloon_01a-0
0xF27EB3FC	xm3_prop_xm3_coke_spoon_01a-61
0xF2AA5EE8	xm3_prop_xm3_glass_door_02a
0xF2BC100D	xm3_prop_xm3_glasses_ron_01a-15
0xF2424012	xm3_prop_xm3_pill_01a-22
0xF2783F5E	xm3_prop_xm3_pill_01a-31
0xF2465FFA	xm3_prop_xm3_pouch_01a-17
0xF2F2617B	xm3_prop_xm3_toy_dog_01a-48
0xF253DF5E	xm3_prop_xm3_toy_dog_01a-55
0xF2D60F4B	xm4_yard_int
0xF2C3E977	xm_prop_iaa_base_door_01-19
0xF247E71F	xm_prop_iaa_base_door_01-29
0xF2D84B58	xm_prop_x17_clicker_01-30
0xF2901CEA	xm_prop_x17_coffee_jug-35
0xF2B6C77C	xm_prop_x17_laptop_lester_01-49
0xF2FE9B29	xm_prop_x17_tv_flat_02
0xF2B9C6CE	xm_x17dlc_int_bse_tun
0xF222F0C0	xs_combined2_dyst_longbuild_b_09
0xF21EA8EF	xs_prop_arena_arrow_01a_wl
0xF274C684	xs_prop_arena_pipe_straight_02c
0xF20F1C1F	xs_prop_track_slowdown_t2
0xF2535D31	xs_prop_x18_garagedoor01-0
0xF234B614	xs_prop_x18_transmission_lift_01a
0xF29C9AF6	yankton.
0xF2F2611C	you_dont_like_movies_you_dont_like_stars_1
0xF2C63E83	youga4-20
0xF2FCD511	znjznqyx
