0xFB814311	/mz
0xFBDDCB1E	000606_02_mics1_5_amanda_exits_car_exit_mic
0xFB1EE39A	001895_02_mics3_17_opens_door_for_ama_idle_car
0xFB1AD93A	002291_02_fbi_3_coffee_w_dave_exit_cam
0xFB9CAE4A	0_defaultspraypatch
0xFB8F3FC3	1s
0xFB911ED3	1st_person_med
0xFB8FC1B9	215_voltic2_modkit
0xFB86C187	89u99
0xFBE8C148	_leadin_fra_facial
0xFB92965E	_popup
0xFBAD45AF	a_c_chop_dual-9
0xFBEBD64A	a_c_rabbit_01-26
0xFBAA5987	a_f_y_beach_02_dual-7
0xFB258448	a_f_y_bevhills_01_dual-4
0xFB1C575E	a_f_y_bevhills_02_dual-15
0xFB0E5452	a_f_y_fitness_02_dual-36
0xFB6539E4	a_f_y_smartcaspat_01_dual-24
0xFBB73D1B	a_f_y_studioparty_01_dual-9
0xFBCF8358	a_f_y_tourist_01_dual-72
0xFB444157	a_m_m_beach_01_latino_mini_01
0xFB8F3E45	a_m_y_beach_04_dual-16
0xFB3EF62E	a_m_y_beach_04_dual-3
0xFBF34319	a_m_y_bevhills_01_white_full_01
0xFBC5E65E	a_m_y_breakdance_01_p
0xFB222EA4	a_m_y_carclub_01_dual-35
0xFBD60609	a_m_y_genstreet_01_chinese_full_01
0xFBD17522	a_m_y_hipster_01-7
0xFB000F1B	a_m_y_soucent_02_dual-10
0xFB7AF94C	a_m_y_stbla_01_dual-27
0xFB2753F2	a_m_y_vinewood_01_dual-26
0xFB540966	ac10_chi_1_mcs_1p3_00-0
0xFB6D2507	ac24_mph_nar_int_p1_cyan_lamp003-16
0xFB5EAA7D	ac6_car_5_ext_004-7
0xFBC79301	action_07_player
0xFB80AD53	action_female_cut_lock_cut
0xFB8E9A63	action_h4_prop_h4_key_desk_01
0xFB6A3EAA	acult_apac
0xFB6B6B1D	adam_away_idle_m_15_v2_facial
0xFB93CE10	adam_away_idle_y_01_facial
0xFB5AED75	adam_bch_unq_sync_b_99_hp_table
0xFB11E9F0	adam_mix_idle_q_02_bottle
0xFB43394C	adam_trans_cue_to_away_d_08_v2
0xFBCD5407	adam_unq_chat_e_10_facial
0xFB19D626	adam_unq_sync2_g_27_facial
0xFB31A2F9	adding
0xFBD512B4	af_disable_forced_physics_update
0xFBE43BB7	ah3b_quaa
0xFB9540B7	ah3b_slaa
0xFB58BE5D	air_synth
0xFBAF504C	amb@code_human_cower@female@exit
0xFBADBB51	amb@code_human_cross_road@female@base
0xFB0D9FE6	amb@code_human_in_car_mp_actions@dance@bodhi@ds@base
0xFB9B0CE2	amb@code_human_in_car_mp_actions@nod@std@ds@base
0xFB733D65	amb@code_human_wander_drinking@female@base
0xFBAC4468	amb@code_human_wander_drinking_fat@female@base
0xFB40EFE6	amb@incar@male@smoking_low@base
0xFB2F52FD	amb@world_human_cheering@female_b
0xFBD3C3A2	amb@world_human_maid_clean@base
0xFB8767C7	amb@world_vehicle_police_carbase
0xFB650A00	ametralladora
0xFBBD57BD	angvelgain
0xFB0CFEBC	anim@amb@clubhouse@boardroom@crew@female@var_c@base_l@
0xFB4A290D	anim@mp_apt_ext@exit_safe_two
0xFB553F48	anim@mp_bedmid@left_var_04
0xFBAC2A4E	anim@mp_player_intcelebrationmale@karate_chops
0xFBD8ECBC	anim@mp_player_intincarthumbs_uplow@ps@
0xFB893D86	anim@mp_player_intupperrunner
0xFBC667EE	anim@scripted@bty2@ig1_hiding_target@male@
0xFBDE4326	anim@scripted@charlie_missions@mission_6@ig1_button_press@male@
0xFB888187	anim@veh@helicopter@seasparrow2@ds@
0xFBB8E59A	anim@veh@lowrider@std@ds@arm@music@mexicanidle_c
0xFB9C73E4	anim@veh@plane@avenger@lhs@common@enter_exit
0xFB69FB36	anim@veh@plane@tula@rhs@rps@enter_exit
0xFB76120B	anim_ac54_fos_ep1_p6_01-26
0xFBA599E1	anim_ac54_fos_ep1_p6_02-9
0xFB19FFE0	anim_ac69_fos_ep1_p6_02-33
0xFB54801C	anim_ac70_fos_ep1_p6_01-33
0xFB12FAE6	anim_ac74_fos_ep1_p6_00-10
0xFB2C8F19	anim_ac74_fos_ep1_p6_01-27
0xFB179694	anim_ac82_fos_ep1_p6_01-31
0xFB06A1F3	anim_ac83_fos_ep1_p6_01-5
0xFB8E8347	anim_ac83_fos_ep1_p6_02-27
0xFBADFE29	anim_casino_a@amb@casino@games@insidetrack@ped_male@slouchy_withdrink@01a@base_big_screen
0xFB393D85	anim_casino_a@amb@casino@games@slots@ped_female@slouchy_withdrink@01b@reacts@v01
0xFB31AE74	anim_casino_a@amb@casino@games@slots@ped_male@regular@01b@base
0xFB743FF0	anim_casino_a@amb@casino@games@slots@ped_male@regular_withdrink@01a@play@v01
0xFBD0FE66	anim_casino_a@amb@casino@games@spectate@slots@ped_male@sit_withdrink@01a@base
0xFBBD2A7F	anim_casino_b@amb@casino@games@threecardpoker@ped_male@regular@02a@play@v02
0xFB7BFB82	anim_corona_oat_fos_ep1_p6_019-31
0xFB4BAD0D	anim_corona_oat_fos_ep1_p6_11-19
0xFB4F36BB	anim_oat_fos_ep1_p6_036-4
0xFB8E82CD	anim_oat_fos_ep1_p6_04-1
0xFBFDE84C	anim_oat_fos_ep1_p6_053-20
0xFB12F80C	anim_oat_fos_ep1_p6_055-17
0xFBA5D80B	anim_oat_fos_ep1_p6_07-14
0xFBC191B3	anim_oat_fos_ep1_p6_08-7
0xFB301459	anim_oat_fos_ep1_p6_17-4
0xFB5F9A1C	anim_oat_fos_ep1_p6_21-2
0xFBBC81F8	anim_oat_fos_ep1_p6_23-26
0xFBD2B3F6	anim_oat_fos_ep1_p6_29-7
0xFBB5B3C8	anim_oat_fos_ep1_p6_29-9
0xFB217FC4	animl_amao
0xFBB36817	animl_boab
0xFB2D9C07	animl_dbaf
0xFBAABA13	animl_glae
0xFB6078EE	animl_graj
0xFB2F1A49	animl_gtae
0xFB221FEB	ansph_axaa
0xFB3A169B	ansph_bqaa
0xFB351AF2	apa_ch2_04_mansion_1_slod1
0xFBE07052	apa_mp_h_lit_lamptable_005
0xFBCF93C4	apa_p_apa_champ_flute_s-1
0xFB8D33A8	apa_p_mp_door_mpa2_frnt-33
0xFB0CF1A4	apa_pri_int-3
0xFB9C0608	apa_yacht_grp04_2
0xFBB0592E	ar2_fuai
0xFB16F929	ar_dlc_h4_ih_birds_crow_warm_distant
0xFB4E6F2D	ar_fib_muffled_toilet
0xFB3C2945	ar_prop_ar_tube_2x_crn
0xFB1BC2EB	ar_prop_ar_tube_cross
0xFB36410D	ar_vehicles_ambulance_24hr
0xFB666E8E	arena_int2-1
0xFB20AAA4	arena_int2-21
0xFB445BD1	arm1_ciac
0xFB08ABA0	arm3_acae
0xFB3588B6	arm_left_elbow
0xFB38F951	arm_taunt_prelim_rematch
0xFB4BA208	armamplitude
0xFB26C297	armenian_2_mcs_6
0xFBF740F8	ass_int_2_alt1-12
0xFB173F38	ass_int_2_alt1-15
0xFB5A7993	audparametertransformsound::audioupdate
0xFBDEAC32	avenger4
0xFBF2F196	average_better_facial
0xFBAC4AEB	avi3bike04
0xFBE361EE	avoidsavoids_f_v02
0xFBD0C73B	az_dlc_h4_ih_substation_00
0xFB2B07C7	b0
0xFB68FC80	ba_prop_battle_dj_deck_01a-41
0xFBFEE87C	ba_prop_battle_headphones_dj-53
0xFB2B2227	ba_prop_battle_ice_bucket-47
0xFB7AAA4C	ba_prop_battle_mic-27
0xFB611E29	ba_prop_battle_mic-31
0xFBF768EC	ba_prop_club_emis_rig_01
0xFBE4C3CC	ba_prop_door_elevator_1r-45
0xFB7127DF	bag_grab
0xFB7439EA	bar_peds_action_janet
0xFB29CD3D	basetonemapping
0xFBF3F1B3	basiert
0xFB8095B7	bb1_baaa
0xFBB03FBC	bb1_bdaa
0xFBCFEFE1	beat_pulse_default
0xFBD3CFD2	bet_one_press_spin
0xFBFED2D9	bill_ig_1_b_01_imofferingironclad_6
0xFB015F02	bot_01b_bit_01-2
0xFBD2BD8C	bountyicon
0xFB7EB85B	break_weigh_v3_methbag01
0xFBA0C40A	brickade2-2
0xFB246EEE	bs2b_gqaa
0xFB600E80	bul_water
0xFBEFAB7B	bulletproof
0xFBF2DFC7	bustelbowlift
0xFB6D3278	car_1_int_concat-13
0xFB4941C0	cards_pickup_card_c
0xFB3E3E22	cbrad_anad
0xFB1DE3A7	cf_gearbox_full_auto
0xFBC7EBA2	ch_prop_arcade_space_01a_scrn_uv
0xFB7F5948	ch_prop_arcade_street_01c_off-42
0xFBA09B27	ch_prop_arcade_street_01d-42
0xFB88F66C	ch_prop_ch_hole_01a-2
0xFB7548C4	ch_prop_ch_liftdoor_l_01a-6
0xFB1382A9	charslot
0xFBFD5B62	chavos
0xFB6FA405	chem_heist2_swim
0xFB915DF7	chinese_1_int-3
0xFB94C96B	cigar_idle_a_michael_facial
0xFBAD0096	close_bh_bs_md
0xFBBD263D	clothes_off
0xFB2D3A94	club_open-11
0xFB1FC7DD	club_open-51
0xFB0C98F4	clubhouse_enter_cam
0xFB231DF5	cm_hstche
0xFBB702B1	cognoscenti-8
0xFB70D853	component_assaultrifle_mk2_clip_incendiary
0xFB0A7B82	console_get_along_cam
0xFB1749EB	constraintthresh
0xFBE1700D	content-transfer-encoding:
0xFB81CC1F	coquette-43
0xFB8B4D7A	coquette-59
0xFBD3DD79	coquette-9
0xFB635922	coquette4-4
0xFB72FCF2	corona_fos_ep1_p1_01-21
0xFBE4876A	cover@stand@ai@1h
0xFB6EB202	cpacketaddsnowballdecal
0xFBB6E84F	cpacketpedpetrolcansound
0xFB5AB257	crawl_ped
0xFB820F4C	creatures@pigeon@amb@world_pigeon_feeding@enter
0xFB94D43E	crplane
0xFBB3A84C	cs_amandatownley_02_dual-54
0xFB46D9B9	cs_barry_dual-10
0xFBA6A0FD	cs_cig_exhale_nose-2
0xFB149F25	cs_clay_dual-2
0xFBBB6CA9	cs_davenorton_dual-23
0xFB8101C9	cs_dom_dual-5
0xFBF54C50	cs_drfriedlander_02_dual-23
0xFB88C0AA	cs_fam4_fridge_door-46
0xFB802EEA	cs_fam4_whiskey_splash-6
0xFB87F64A	cs_fib3_syringe-16
0xFBCE167B	cs_fin_car_radiator_smoke-0
0xFB150BA3	cs_jewelass_p
0xFB650D6D	cs_jimmyboston_dual-1
0xFBB109C4	cs_lamardavis_02_dual-14
0xFBA8CE98	cs_lazlow-8
0xFB048DB8	cs_lazlow_2_dual-8
0xFBC0DE63	cs_lestercrest_2_dual-34
0xFBDF19EC	cs_lestercrest_dual-29
0xFBB374CA	cs_manuel
0xFB0A8875	cs_movpremmale_dual-1
0xFB5460C3	cs_mrk_dual-2
0xFB2DDAF7	cs_old_man1a_dual-5
0xFB9CC47A	cs_sv_yard_car_wheel_smoke-30
0xFB1DCA18	cs_sv_yard_car_wheel_smoke-91
0xFBE1E3C1	cs_taostranslator_dual-6
0xFB89F44C	csb_agent14_02_dual-36
0xFB82FADE	csb_agent14_02_dual-56
0xFBF54BC2	csb_callgirl_02_dual-31
0xFBF77801	csb_dax_dual-37
0xFB3E5DDA	csb_imani_dual-32
0xFB089712	csb_isldj_00_dual-7
0xFBE6457A	csb_jackhowitzer_dual-0
0xFBF5BB16	csb_jodimarshall_dual-19
0xFB3285EF	csb_luchadora_dual-33
0xFBADB990	csb_mimi_dual-26
0xFB2BF1B8	csb_mjo_02_dual-2
0xFB943652	csb_rafdeangelis_dual-66
0xFB41C034	csb_talcc_dual-7
0xFB157487	csfl_abac
0xFB27A534	csm_st_box3x3
0xFB451A09	cst2_graa
0xFB983402	cst7_czbm
0xFB21FDD6	csx_searocks_04
0xFBCB68F4	cut_hs4_champagne_pour-6
0xFB7BECC5	cut_hs4_plane_exhaust-15
0xFB489268	cut_hs4_plane_land_wheel_skid
0xFB976610	cut_mpcas_champagne_spray-12
0xFB427054	cut_sec_cig_weed_smoke-58
0xFB036988	cut_sec_golf_grass_drop-10
0xFB7B8C1B	cut_tn_meet_burnout_smoke-35
0xFBB9E6C1	cut_tn_swat_van_skid_smoke-17
0xFB78C601	cut_xm3_journey_wheel_dirt-11
0xFB75E3D9	cut_xm3_plane_disturb_dust-8
0xFB86C2DC	cutting_loop_upper_left_corner_grill
0xFB0B8A7A	cvehicledeformation::applydamagetobound
0xFBE50E06	d_ac1_fin_c_ext_p2_01-35
0xFBB4A5F7	d_ac1_josh_3_intp1_033-1
0xFB19F948	d_ac2_ep_8_rcm_002-2
0xFBEFF7F1	d_ac3_car_1_ext_p3_077-3
0xFB7FEE61	d_ac5_es_1_rcm_p1_008-4
0xFBD3F608	danceidle_hi_13_flyingv_laz
0xFB6988D8	darts_ig_intro_alt1_cam
0xFB6FFDD1	decline_card
0xFB5119D3	definitely_not_getting_male_facial
0xFBE15262	des_smash2_root4
0xFB8CA5F2	dh1_bxad
0xFBD119DC	dh2a_byab
0xFB1A9261	dh2b_flaz
0xFBA10395	dial_and_remote_ring
0xFBBEC605	dilettante-31
0xFB6D1492	display_confirm_page
0xFB077E6E	dix_end_bg_male2
0xFBFAF0AA	dixn_trns_cntr_to_lft_glass
0xFB6DFB67	dlc_gunrunning/gr_ot
0xFB5180B7	dlc_ie_steal_pool_party_lake_vine_radio_emitter
0xFB10D020	dlc_mp_apa_m_berd_0_0
0xFB942663	dlc_mp_ar_f_jbib_3_5
0xFB1FD3FA	dlc_mp_ar_m_berd_0_11
0xFBFC74F8	dlc_mp_ar_m_jbib_3_0
0xFBADCC8B	dlc_mp_ar_m_legs_1_14
0xFB62BAFC	dlc_mp_arena_f_feet_9_7
0xFB8BB023	dlc_mp_arena_f_phead_0_7
0xFB8A3D5F	dlc_mp_arena_m_feet_11_2
0xFB3C812D	dlc_mp_arena_m_jbib_1_11
0xFBA84A6F	dlc_mp_beach_f_feet001
0xFB3730DC	dlc_mp_beach_f_jbib2_1
0xFB7D6DA8	dlc_mp_beach_m_head0_1
0xFB943881	dlc_mp_bh_f_jbib_9_6
0xFB6E6591	dlc_mp_bh_m_feet_1_21
0xFBA241E6	dlc_mp_bh_m_jbib_5_4
0xFBC15DEF	dlc_mp_bh_m_jbib_7_2
0xFB75F33E	dlc_mp_biker_f_jbib_15_4
0xFB6B2D01	dlc_mp_biker_f_legs_1_5
0xFB0AA8CF	dlc_mp_biker_f_peyes_0_1
0xFB974743	dlc_mp_biker_f_special_4_10
0xFBA8122E	dlc_mp_biker_m_hand_2_19
0xFB1859BD	dlc_mp_biker_m_phead_9_10
0xFBDE36C8	dlc_mp_biker_m_special_5_15
0xFBF8E63C	dlc_mp_exec_f_jbib_13_3
0xFB52FBBE	dlc_mp_exec_m_special_2_0
0xFBABA045	dlc_mp_exec_m_teeth_0_1
0xFB0C2C49	dlc_mp_fixer_f_jbib_7_11
0xFBFD0204	dlc_mp_fixer_f_peyes_0_4
0xFB1034AC	dlc_mp_fixer_f_phead_0_22
0xFBFE9043	dlc_mp_fixer_f_special_6_0
0xFB018EA4	dlc_mp_gr_f_berd_2_12
0xFBE1E171	dlc_mp_gr_f_berd_3_1
0xFB0E0057	dlc_mp_gr_f_feet_0_21
0xFBCAB1E8	dlc_mp_gr_f_feet_0_8
0xFB686B27	dlc_mp_gr_f_jbib_10_21
0xFB9C39E4	dlc_mp_gr_f_phead_6_0
0xFBD35678	dlc_mp_gr_f_special_12_3
0xFB084D2F	dlc_mp_gr_f_special_18_1
0xFB2F1409	dlc_mp_gr_f_special_1_0
0xFB1ED29C	dlc_mp_gr_f_special_20_4
0xFBB37A60	dlc_mp_gr_f_special_2_17
0xFB5DE49D	dlc_mp_gr_f_torso_11_13
0xFBCE807A	dlc_mp_gr_f_torso_19_14
0xFBFA7297	dlc_mp_gr_f_torso_23_13
0xFB2795F9	dlc_mp_gr_f_torso_25_12
0xFBE94A81	dlc_mp_gr_f_torso_2_2
0xFB42FF94	dlc_mp_gr_f_torso_3_13
0xFB2369E7	dlc_mp_gr_m_feet_0_11
0xFB4954D8	dlc_mp_gr_m_legs_1_16
0xFBECD5FA	dlc_mp_gr_m_phead_3_10
0xFB44FDB0	dlc_mp_gr_m_torso_0_7
0xFB03DDF1	dlc_mp_gr_m_torso_5_18
0xFBD1DCA9	dlc_mp_h3_f_hand_3_11
0xFBFDB924	dlc_mp_h3_m_decl_3_4
0xFB237CA7	dlc_mp_h3_m_phead_5_5
0xFB869DE6	dlc_mp_h3_m_special_1_3
0xFBE8F7DA	dlc_mp_h4_f_hand_3_15
0xFBF9EF6B	dlc_mp_h4_f_special_0_12
0xFB4791FC	dlc_mp_h4_m_jbib_3_1
0xFBAE76D5	dlc_mp_heist_f_teeth_3_0
0xFBD4F62C	dlc_mp_heist_f_torso_31_0
0xFB98801B	dlc_mp_heist_m_berd_19_10
0xFB1E7D2C	dlc_mp_heist_m_torso_65_0
0xFB192DEF	dlc_mp_hips_f_hat_0_4
0xFB471B34	dlc_mp_ie_f_feet_0_11
0xFB5A6D59	dlc_mp_ie_f_special_2_16
0xFBE49785	dlc_mp_ie_f_torso_2_1
0xFB07E118	dlc_mp_ie_m_berd_4_4
0xFB1259D8	dlc_mp_ie_m_jbib_17_5
0xFB13ADAD	dlc_mp_jan_f_peyes_0_3
0xFBFF220B	dlc_mp_jan_m_hand_3_5
0xFB36D0C5	dlc_mp_jan_m_uppr_2_6
0xFB58736A	dlc_mp_low_2_f_jbib_6_5
0xFB49B72B	dlc_mp_low_f_jbib_3_4
0xFB10698B	dlc_mp_low_m_jbib_2_13
0xFB33BECF	dlc_mp_lts_f_berd_2_0
0xFBDFD4FF	dlc_mp_lts_f_hand_3_2
0xFB202D55	dlc_mp_lts_f_hand_8_6
0xFBECEC88	dlc_mp_lts_f_legs_0_3
0xFB2B10D1	dlc_mp_lts_m_hand_6_25
0xFB65DCEE	dlc_mp_lts_m_uppr_1_0
0xFB0B433B	dlc_mp_luxe_f_pears_4_2
0xFB29C7A5	dlc_mp_luxe_f_teeth_3_1
0xFB9755FF	dlc_mp_luxe_m_teeth_15_1
0xFB40B8BA	dlc_mp_luxe_m_teeth_3_1
0xFB6DA210	dlc_mp_pilot_m_hand_8_14
0xFB5047E4	dlc_mp_smug_f_jbib_5_11
0xFB44D451	dlc_mp_smug_f_jbib_5_20
0xFB629193	dlc_mp_smug_m_berd_0_22
0xFB8D0ABE	dlc_mp_smug_m_berd_1_12
0xFB3CB589	dlc_mp_sum2_f_berd_10_0
0xFB54957C	dlc_mp_sum2_f_jbib_13_20
0xFBA0D22A	dlc_mp_sum2_f_jbib_17_1
0xFB32D7B0	dlc_mp_sum2_m_jbib_11_9
0xFB6823FA	dlc_mp_sum2_m_legs_0_21
0xFB3EB430	dlc_mp_sum_m_torso_10_3
0xFB98F459	dlc_mp_sum_m_torso_7_2
0xFB589F9B	dlc_mp_tuner_f_legs_2_0
0xFB578373	dlc_mp_tuner_f_legs_3_0
0xFBA13A50	dlc_mp_val2_m_teeth_0_0
0xFB490FF9	dlc_mp_val_f_accs1_2
0xFB31C286	dlc_mp_val_f_jbib0_3
0xFB348775	dlc_mp_val_m_feet1_0
0xFBB697DD	dlc_mp_vwd_f_jbib_8_19
0xFB13915C	dlc_mp_vwd_m_berd_9_1
0xFBA3C28B	dlc_mp_vwd_m_phead_0_6
0xFB6EA5E0	dlc_mp_x17_f_legs_0_4
0xFB2FCE75	dlc_mp_x17_f_phead_2_15
0xFB3BECFC	dlc_mp_x17_f_phead_4_19
0xFBDE265E	dlc_mp_x17_m_feet_5_2
0xFBCA7CA8	dlc_mp_x17_m_legs_4_3
0xFBB2597D	dlc_mp_x17_m_peyes_0_25
0xFB6CB368	dlc_mp_x17_m_special_6_2
0xFBB12755	dlc_mp_x22_f_decl_13_0
0xFB8D4D02	dlc_mp_x22_f_feet_4_15
0xFB28EC62	dlc_mp_x22_f_feet_4_2
0xFB3C4FED	dlc_mp_x22_f_jbib_30_6
0xFB42B4F2	dlc_mp_x22_m_feet_1_9
0xFB72E275	dlc_mp_x22_m_jbib_21_2
0xFBA2618B	dlc_mp_x22_m_legs_7_23
0xFB2C6987	dlc_mp_x22_m_phead_0_13
0xFB475E18	dn_ac5_scrap_2rcm_p2_alt1_02-2
0xFB3CA584	do_you_want_happiness_3
0xFB64C06A	dontplaydryfireanim
0xFB182075	dp2b_caac
0xFBA7D6F6	dq-
0xFB5E9E64	drf_fdac
0xFB63B19F	drf_hgad
0xFB313CD5	drf_mic_1_cs_1-32
0xFB3F2682	drf_mic_2_cs_2-36
0xFB9258CB	drf_mic_3_cs_2-86
0xFBAA6BE2	drink_idle_02_jimmy
0xFB6DEA98	drink_idle_03_pooh_facial
0xFB549044	drop_loop
0xFB99F145	dropweaponifnecessary
0xFB4ADCC4	dt1_02_carpark
0xFB216570	dumpstersdt_side_20mph
0xFB778ADF	dustoff_leg_a_m_y_vinewood_01
0xFB9CD1A8	ecola
0xFB2E98E6	eficazes
0xFB881AC2	enable_light_volume
0xFB7647D6	enfrente.
0xFB92910F	ent_anim_fish_breath_bubbles
0xFB800912	ent_brk_champagne_case
0xFBE279AB	ent_ray_hospital_glass
0xFB7A55D2	ent_sht_feathers
0xFB65C3F3	enter_trevor
0xFB0723CA	enter_var01_mp_m_lr_prop_carkey_fob
0xFB0EE500	entitlementcode
0xFB277E4D	env_smoke_grenade
0xFB238475	eps4_stop
0xFB1CC5BF	eps8traffic01
0xFB83527B	epsw_agaa
0xFBB7F135	es_1_rcm_concat-8
0xFB1C53C9	es_4_rcm_p2_concat-8
0xFB8F7E43	et_display_config
0xFBE1BD43	event_leader_exited_car_as_driver
0xFBDF3810	event_network_transition_gamer_instruction
0xFB50C2FB	ex_int_office_02b_dlc_office_front_rm
0xFB7131B2	ex_office_swag_furcoats2
0xFB763C8C	ex_prop_crate_jewels_bc
0xFB31584B	ex_prop_crate_money_bc
0xFB9332BB	ex_prop_offchair_exec_03-3
0xFB03EAA4	ex_prop_offchair_exec_04-50
0xFBAEDE26	exile_2_kill_enemy_franklin
0xFB26F26E	exit_02_paleto_bay_ped_b
0xFB0A9EB0	exit_3_cap
0xFB003ECA	exit_bag
0xFB5053C6	exit_left_face
0xFB6C11E7	exl1_jumped
0xFB7D996B	exportinfo:
0xFB2C07DD	extramultistat
0xFBA7363C	extreme2_restart1
0xFBFB3A1A	f_wing_l
0xFB225DF7	facial_r_chinskintop
0xFB02B258	facials@p_m_one@variations@talking
0xFB4CC3C0	fam1_bhau
0xFBBBCD32	fam2_fiab
0xFB992FC1	fam3_cgas
0xFB05AD51	fam5_efaa
0xFBDB5BEF	fam6_aian
0xFBE6350C	fama_dcaa
0xFB621795	famt_ckaa
0xFB882832	fan1_chaa
0xFBE12571	fast_pedal_left_char
0xFBBF0556	fb_r_lip_bot_006
0xFBA3BFA0	fbi-8
0xFB240516	fbi2_alaa
0xFBC09ED3	fbi3_draa
0xFBE266FA	fbi3_eraa
0xFBF16342	fbi5a_jcaa
0xFB5A257D	fbi5a_kiai
0xFBE2D716	fbi5a_pgaf
0xFBA9A321	fbi_1_ext-9
0xFB69665A	fbi_5_intro_idle_one
0xFBDE3C43	fbis4_itah
0xFBA8E749	fbis4_jdae
0xFBE5E7C7	fbis4_jdag
0xFBDBF366	fcfj_daai
0xFB61BB49	fcft_cwal
0xFB841A04	fcft_czaf
0xFBBB5ADD	fcft_dmal
0xFBEA22F7	fcma_csac
0xFB3368E0	fcmf_dgaa
0xFB657345	fcmf_dlam
0xFB222846	fcmft_cqak
0xFB2F14C8	fcmft_ctan
0xFB90FBA1	fcmft_cvad
0xFB4C29A9	fcmj_coal
0xFBC44ECA	fcmj_dlaa
0xFB58DEE3	fcmt_edah
0xFB8CFD3D	fctj_adab
0xFB9D4A99	fctl_cpap
0xFBAB9418	fctl_dcan
0xFB451A80	felon2-1
0xFB60178B	felon2-38
0xFBCC00B0	female_apt01
0xFBEA2151	female_pos_a_trans_p2_weed_to_p2
0xFBD92403	female_pos_b_trans_p1_weed_to_lamar_lamar_strain
0xFB39FAE5	festas.
0xFB5D8DD4	fh3a_ikaa
0xFB6AB9FA	fidget_rub_face
0xFBD9726A	fill_ac5_mph_hum_fin_int_p2_003-1
0xFBF51F42	fill_ac5_mph_nar_mid_p2_004-7
0xFB0AA3D3	fin1_prep
0xFB88157C	finc29
0xFBE0561F	finh1_ayaa
0xFB846BF5	finh1_chac
0xFB072E31	firetruck_rear_ps_idle
0xFB59EA6E	first_shot_glass
0xFB5520BA	fix_trip1_int-51
0xFB1570BA	fix_trip3_ext-24
0xFBED06CB	fix_wrms_ig3_simeon_action_franklin
0xFB96EE55	fixe.
0xFBEE82C8	fixf_fin_mcs2-24
0xFB3FB5AA	fkn0_azaa
0xFB1B3386	fkn0_cmao
0xFBC3F5FE	fkn0_fyaa
0xFB53675B	fkn1_cwaa
0xFBE5468D	fkn1_dtaa
0xFB765556	fkn1_knab
0xFBADBD8B	flag_boot_in_front
0xFBA27823	flag_has_heli_strafe_mode
0xFBA7B880	flatbed-7
0xFBD2E2B9	fm_event_beast_fade_white_scene
0xFB9A2C10	fmm_ccab
0xFBBA0CB5	fmm_gaaa
0xFBB12081	fog_shadow_amount
0xFBAF8EBE	forcedefinedinpartspace
0xFB57CA66	forge
0xFB228A80	forklift_superviseb_right_b
0xFB9077C7	four_cocktail_bartender_heeled_facial
0xFB86AB50	fptj_bkaa
0xFB88065C	franklin_wallcrash
0xFB42F8F4	frogger-12
0xFBA4F611	g_m_m_cartelgoons_01_dual-5
0xFB1D578C	g_m_y_salvaboss_01_salvadorian_mini_02
0xFBAB5776	gadget_parachute
0xFB6879BB	get_current_start_index
0xFBE6FAAE	get_out_of_here
0xFB57FB5D	gettimeformatex
0xFB1FA4E7	gfxvalue::objectinterface::popback
0xFBDE6187	glass_side_window
0xFB182BFA	gpositionscale
0xFBABEAA6	gr_prop_gr_jailer_keys_01a-8
0xFB0B054A	granger-2
0xFB79E1C0	groundfriction
0xFB54C4F8	gta5mkt_pt
0xFB8AB286	h4_airstrip_hanger
0xFB2F0741	h4_prop_h4_camera_01-6
0xFBAF65F5	h4_prop_h4_casino_button_01a-37
0xFB8E57BF	h4_prop_h4_exp_device_01a
0xFBDBF973	h4_prop_h4_tool_box_02
0xFB208E76	h4_prop_h4_tray_01a-34
0xFBB00074	h4_prop_tree_umbrella_sml_01
0xFBF011CF	hafenarbeiter
0xFB11D25C	hair.
0xFB1F80FF	handling
0xFB017D97	hash_fb017d97_jimofni_collision
0xFB30410E	hash_fb30410e_tihegnh_collision
0xFB320602	hash_fb320602_gjqcsh_collision
0xFB78CEE7	hash_fb78cee7_tbcxhng_collision
0xFBE1B9FC	hash_fbe1b9fc_tkwqhla_collision
0xFBF9A7BA	hash_fbf9a7ba_ftujrop_collision
0xFBA4C99A	heat_ghaa
0xFBFF2EFC	hei_heist_stn_sofa2seat_03
0xFBE63BCA	hei_prop_hei_pic_pb_break-6
0xFB120943	hei_prop_heist_apecrate
0xFB4652C9	hei_prop_heist_off_chair-56
0xFB32F339	hei_v_ilev_fh_heistdoor1-15
0xFBCE7BA0	here.
0xFB03861B	hey_one_time_stretch
0xFB1C946F	hi_l_cook
0xFB1B0564	hi_to_si_f01
0xFBDF3747	hidden_radio_ambient_tv_bright
0xFB836BB6	hold_up_head_additive_pistol
0xFB80E184	hs4_nimb_lsa_isd-46
0xFB89134E	hunt2_dcaa
0xFBA635C4	id1_11_tunnel7_int
0xFBB61996	idle_02_left_gr_prop_gr_laptop_01a
0xFB1A246C	idle_loop_devin
0xFBEE8CEE	idlekicked
0xFB1BF483	ie_start_music
0xFBDD22A5	ig_ahronward_dual-32
0xFBB85E7E	ig_beverly-8
0xFB7C0C65	ig_djblamadon
0xFB9CF1BE	ig_djdixmanager
0xFB52BC39	ig_djgeneric_01_dual-3
0xFB650073	ig_furry_dual-8
0xFBF98469	ig_mp_agent14
0xFBB3D469	ig_tracydisanto-14
0xFB6ABC26	inbox
0xFBDA179F	incorrect
0xFB56DD5B	input_frontend_axis_x
0xFB9A6AC1	instructional_buttons
0xFB2B59CF	int_hanger_none
0xFB35B188	iom_axis_rdr
0xFB13D927	iom_joystick_button26
0xFB290BFA	ioms_pad_analogbutton
0xFBA882BA	ioq
0xFB5C38CD	isprofane
0xFBF0BF5C	italigtb2-25
0xFBC963FA	iz_dlc_xm_int_sub_command_dial_ticks_01
0xFBCA5D71	jacked_fight
0xFB3612F1	jester4-21
0xFBD4CCAC	jh_2b_endloop_female2
0xFB1762D8	jh_dgaa
0xFB28CB86	jhf_byae
0xFBF84DB6	jhf_ctae
0xFB0C16F0	jhp1a_bqaa
0xFBFC7012	jhs1_aaaa
0xFB52E693	jmyj
0xFBA4D0E0	killing
0xFB4754C5	kowg
0xFB7AC959	kuruma2-9
0xFB6728E8	lamar1_bustdooropen1
0xFB26CDFA	laststandsinkrate
0xFBF2DB50	leadin_loop_exit_idle_floyd
0xFB0C5AA7	leadin_pap_3_rcm_dumpster
0xFB8BAC76	lean1mult
0xFBE047E4	legalpolicies.asmx/acceptversion
0xFBEA54D7	lem1_cvac
0xFB0D56B5	lem1_epaq
0xFB05D989	lem2_ddaa
0xFB8A436E	lem2_dgab
0xFBFCFB37	lem2_ffag
0xFBD1D3E1	lem2_ghaa
0xFBAA78C6	lem2_hfac
0xFBBBF74E	les1a_cnae
0xFB9E4F18	lf_house_20_
0xFB3B849F	line_3_cargo
0xFBEB56AE	load_ll_01_gr_prop_gr_part_drill_01a
0xFB43FD1F	loc_lkaa
0xFBC129D2	location
0xFB92A7FB	look_around_left_02_gr_prop_gr_speeddrill_01c
0xFB632A1A	look_around_v5_monitor
0xFB6C4F3A	look_behind_l_vw_prop_vw_valet_01a
0xFB83DC14	look_left_02_bkr_prop_fakeid_clipboard_01a
0xFB7851C5	lookat_upprpistontgt_boom
0xFB699238	lose_big
0xFB03BEDA	lowbar_dlg_leavemealone_r_p_ex_tumbler_01_s
0xFB3A22FF	lowrider_to_steer_lowdoor
0xFBDD8E0F	m23_1_m231_3_sqr_pills
0xFB1C574F	m23_2_int5_m232_bin
0xFB337945	m23_2_int5_m232_door
0xFB18E729	m23_2_int5_m232_notebook
0xFB800FE1	m23_2_prop_m32_sub_doorr
0xFBA690E8	m24_1_mp2024_01_additions_carrmp_flight_deck_lod
0xFBF0EC87	m24_1_mph_int_spwn_cbd_005
0xFB489A2D	m24_1_prop_m41_blinds_open_01a-19
0xFB01FC2F	m24_1_prop_m41_drug_pkg_01a
0xFB35BD25	m24_1_prop_m41_exerciseball_01a-19
0xFB4B0C58	m24_1_prop_m41_nameplate_01a-8
0xFB4BFCE9	m24_1_prop_m41_plant_01a-12
0xFB1FE8B3	m24_2_int_01_ws_ac_01
0xFB1C67FB	m24_2_prop_m42_hacker_door_ent_02-17
0xFB1586A1	m24_2_prop_m42_hacker_door_ent_02-40
0xFB255124	m24_2_prop_m42_hangerdoorr_01a
0xFB1A728F	m24_2_prop_m42_lunar_sign_06
0xFBD0FDA3	m24_2_prop_m42_shipdebris_02a
0xFB7B7B13	m25_1_int_04_shade_night_em02
0xFB5863EA	m25_2_int_01_l_shell_gal
0xFB5FA1B7	m25_2_prop_m52_door_msn_pool_01a-65
0xFB116F6D	male_pos_a_p1_weed_idle_02_ashtray
0xFBA320D1	male_pos_a_p2_idle_03_facial
0xFBF9616F	male_pos_b_trans_p1_weed_to_p2_normal_weed
0xFBA101AB	male_pos_c_p1_idle_01
0xFBE18A41	male_pos_c_p1_idle_02_lamar_strain
0xFB55FB62	male_pos_c_p2_weed_idle_03_lamar_strain
0xFBBB7211	male_shower_exit_to_idle_cam
0xFB4F1421	male_xmas
0xFBB50EE6	martin_1_int-0
0xFBF4EE18	match_earnings
0xFB400061	mch2_djam
0xFB278774	mcs_2_b_takeout_phone_peda
0xFB88E361	mediaplayer
0xFB578EFB	mefl_avaa
0xFB3BDFE4	melt_int_8_p3
0xFBB20B2E	menu_section_jump
0xFB7FE5DA	merge_test_crowd1-2
0xFB27CB81	methl_abaf
0xFB4A9A89	mgps_djaa
0xFB1AB38B	mgtr_bcaa
0xFBB05BCE	mi_to_ti_m04
0xFB5D2F0E	mic_4_int-2
0xFBB1D6D6	mifl_aeah
0xFBC559C1	milton_heli_intro
0xFB3C0EC6	mini_holster_mini
0xFBA5AF30	miranda_pvg
0xFB0D5A21	mood_drivefast_1
0xFB1CF4F2	moodm_mic_u_06
0xFB2B069C	mostrare
0xFBE89223	motorcycle_knockout_franklin
0xFB6F60EE	move_jump@weapons@1h_meleehatchet
0xFB9F6C9B	move_stealth@p_m_two@unarmed@core
0xFB512B9B	mp_battle_clothing_042_m
0xFB28E47C	mp_christmas3_tat_017_f
0xFBEAC486	mp_dlc_luxe_m_pleft_wrist_2_0
0xFB67E882	mp_exec_teams_001_f
0xFBB4AB6D	mp_heist4_tee_002_f
0xFB086479	mp_heist4_tee_008_m
0xFBD602D1	mp_intro_mcs_8_a1_cc-0
0xFB5EF601	mp_m_weapwork_01_dual-32
0xFB59B02F	mp_trickster_005_m
0xFB6B1725	mp_vinewood_tee_017_m
0xFB7FE745	mp_vinewood_tee_019_f
0xFB614F3F	mpcas3_mcs1-12
0xFB146C22	mpcas6_int-3
0xFBA272B8	mpdlc_bfaa
0xFBAF0009	mph_hum_key_ext-0
0xFB9E1CB2	mpheist3_tee_013_f
0xFB340066	mpsum_tee_009_f
0xFB33E677	n_ac18_ep_4_rcm_00602-6
0xFB3F88FF	n_ac3_es_4_rcm_p2_00-0
0xFBFD88F2	n_ac3_hs4_scp_airs_p2_t07_00-33
0xFB26F276	n_ac3_hs4f_drp_off_p1_t02_03-0
0xFB2DFA83	n_ac3_tonya_mcs_2_02-5
0xFB36A78F	natives
0xFBB25831	navajas
0xFBE8A25C	nfffn
0xFB042B40	ng_filmic10
0xFB00D71A	ng_proc_sodacan_02a
0xFBCDBD6E	nh1a
0xFBB8F97E	nhassbedroom
0xFB9A1A25	nig1d_bgaa
0xFB597C07	nig2_bnan
0xFB15CDE1	nigel_1c_scene
0xFB138A1B	niynrceja
0xFB7FE293	nme_bch_unq_shots_a_35_hp_table
0xFBDAB6D5	nme_mix_idle_a_14_bottle
0xFB7BC724	nme_mix_idle_e_base_01_facial
0xFB4C4F0B	nme_unq_chat2_b_43_facial
0xFB9B700A	nme_unq_sync3_f_20
0xFBF761B4	nmt_2_rcm
0xFBF21798	note_counting_counter
0xFB36E75A	npc_kill
0xFB12BB8A	oat_fos_ep_1_p1_047-2
0xFBED58F5	oat_fos_ep_1_p1_36-20
0xFB3949DD	oceanparams1
0xFBC93357	oddjobs@taxi@gyn@
0xFB45AF02	ojas_mqaa
0xFB1B7217	old
0xFBC7D729	on_clubchair_f
0xFB32EB7C	onfire
0xFB4A6519	onyacht_getonboom_thug
0xFB0C50FE	owns_gunshop_nobike_cam
0xFBC5D920	p_ashley_neck_01_s-15
0xFB135B15	p_champ_flute_s-2
0xFBE3FFC8	p_champ_flute_s-22
0xFB555AD6	p_cs_leaf_s-1
0xFB546024	p_cs_lighter_01-21
0xFB40619C	p_cs_lighter_01-30
0xFBBBFE5C	p_franklin_02_dual-44
0xFB1A7996	p_ilev_p_easychair_s-53
0xFB1052C6	p_laptop_02_s-14
0xFB4AA1BE	p_large_gold_s-24
0xFB569863	p_michael_scuba_tank_s-35
0xFBFCF31A	p_omega_neck_01_s-5
0xFB562B3E	packer-20
0xFBF4D264	pamela_ig_1_p4_whathappenstothelonelyones_11
0xFB46AAFF	pap_2_rcm_p2-7
0xFBCA8878	patricia_breakout_02_tray
0xFB114677	pbam_acae
0xFB7B79D1	pbam_aead
0xFBE54C29	pbbb_alae
0xFBC579D2	pbby_aaaa3
0xFBDC6E5C	pbby_acad3
0xFBAD8CC0	pbby_agac1
0xFB88859B	pbby_anal
0xFB04FE77	pbjs_abaf
0xFB938167	pbpd_adak
0xFBA73B02	pbpd_aoaa
0xFB5DC3FA	pbzb_arab
0xFB12C358	pbzb_arap
0xFBAE04FE	pen_tick
0xFB52D677	penumbra-37
0xFB4850BE	penumbra-49
0xFB040EE2	pgta5
0xFB3B46CA	photograph_v1_camera
0xFB2E483B	pitchincontact
0xFB609427	player_champagne_bepassed_tray_facial
0xFB69C6B2	player_riding
0xFB64A569	pool_play_again
0xFB9623E5	pop_schedule:
0xFB009285	pose_b_idle_i_headphones
0xFBC898FC	positive_react_02_cam
0xFB8E4720	premier-6
0xFBCEA1B7	principe
0xFB770936	pro_emaa
0xFB74D039	prop_air_bench_01
0xFBEA27B3	prop_air_stair_04b_cr
0xFBA21596	prop_aloevera_01
0xFB8EF5DE	prop_amb_phone-7
0xFBBCF75D	prop_beer_logger-11
0xFBBE41FB	prop_bench_07
0xFB6EDFE0	prop_binoc_01-8
0xFBBDE07E	prop_binoc_01-9
0xFB454066	prop_bollard_01a
0xFB035746	prop_bong_01-60
0xFBD40CB7	prop_box_wood04a-8
0xFB63E89F	prop_boxpile_06a
0xFB631122	prop_bumper_car_01
0xFBD02FA9	prop_burto_gate_01-37
0xFB3C2DBE	prop_car_win
0xFBBB5075	prop_chair_01b-8
0xFB2DC310	prop_champ_flute-43
0xFB62DE07	prop_cherenkov_04
0xFBBC939D	prop_coffin_02-23
0xFB21D224	prop_crisp-7
0xFB58A130	prop_cs_abattoir_switch-2
0xFBD94130	prop_cs_creeper_01-3
0xFB2A5DE8	prop_cs_ironing_board-28
0xFB15154B	prop_cs_ironing_board-5
0xFB63267C	prop_cs_kitchen_cab_l2-22
0xFBB9A3CD	prop_cs_kitchen_cab_l2-39
0xFBD76C52	prop_cs_kitchen_cab_rd-31
0xFB3A2DFC	prop_cs_paper_cup-41
0xFBF1E054	prop_cs_planning_photo-9
0xFB9DAECF	prop_cs_rage_statue_p2-10
0xFBFDA0E7	prop_cs_whiskey_bottle-8
0xFB461D6E	prop_ear_defenders_01-5
0xFBCA504F	prop_fib_3b_bench
0xFB96E2D7	prop_flattruck_01a-10
0xFBA231AD	prop_fncres_05a
0xFBC92EE9	prop_glass_suck_holder-4
0xFB99048D	prop_ic_non_hrocket_bl
0xFB964E73	prop_j_neck_disp_02
0xFBDD1813	prop_keyboard_01b
0xFBE3E3CC	prop_ld_cable_tie_01-54
0xFBCEC6CE	prop_lrggate_01c_l-15
0xFBD05BB9	prop_luggage_07a-5
0xFBC163CA	prop_luggage_07a-62
0xFBB76430	prop_luggage_08a-52
0xFB77E347	prop_megaphone_01-3
0xFB47DF4E	prop_mug_01-10
0xFB504157	prop_phonebox_03
0xFBF3D581	prop_plant_int_03c
0xFB21155E	prop_plastic_cup_02-41
0xFB4B9BB7	prop_printer_02
0xFB50D934	prop_prop_tree_01
0xFB0DC660	prop_rag_01-14
0xFB834B8F	prop_rag_01-56
0xFBA10656	prop_roadcone01c
0xFB6B8A4F	prop_rock_3_j
0xFB9E3661	prop_sandwich_01-12
0xFBFD003A	prop_sandwich_01-41
0xFB77FF2C	prop_sandwich_01-42
0xFB7D90CD	prop_tool_drill-44
0xFBB39AD2	prop_torture_ch_01-2
0xFB9D3051	prop_tree_olive_cr2
0xFB09046A	prop_veg_crop_05
0xFBFD18CE	prop_venice_sign_08
0xFB81F85C	prs_poaa
0xFB9E8021	prs_quaa
0xFB4E00A6	przeciwnika.
0xFB8EB4E6	ptxu_decal:m_dimensionskfp
0xFB0E9874	push_car_intro_a_player
0xFBAFD697	putt_react_bad_02_face
0xFB354AA2	putt_shuffle
0xFB04EB76	qif
0xFB3E5854	railing_start
0xFB1D09BD	rampa_bch_unq_sync3_b_29_s_glass_02
0xFB3764AE	rampa_cuedance_idle_a_02_v2_s_glass_01
0xFBA4B020	rampa_cuedance_idle_c_04_v2
0xFB82BEBC	rampa_mix_idle_j_11_s_glass_02
0xFB408ACA	rampa_mixdance_idle_i_11_hp_table
0xFB670288	rampa_mixsway_idle_b_02_v2_hp_head
0xFBD03AD5	rampa_mixsway_sync_c_13_v2
0xFB006637	rampa_mixsway_sync_f_22_s_glass_02
0xFBD4533C	rampa_trans_away_to_awayside_a_08_v2_hp_table
0xFB1212B5	rampa_trans_cue_to_cuedance_a_03_end_s_glass_01
0xFBF48CCD	rampa_trans_cue_to_cuehpdown_a_03_hp_head
0xFB14C7B2	rampa_trans_mix_to_mixdance_b_05_v2_s_glass_03
0xFB23BB23	rampa_trans_mix_to_mixsway_a_02_facial
0xFBE22967	rampa_trans_mixsway_to_mixdance_a_04_t_bottle
0xFBCD5122	rampa_unq_shots_d_38_v2_tumbler
0xFBEA509E	rampa_unq_sync2_f_50_hp
0xFBA60080	rampa_unq_sync_f_67_v2
0xFB419E65	rappel_dismount_alt_michael_prop
0xFB7B163B	rb_12_daaa
0xFB5B2B09	rbh2a_bqaa
0xFB67FF0A	rbh2a_dqaa
0xFBBF4AC6	rbh2a_goaa
0xFB5CA661	rbh2a_lraa
0xFB3B0D90	rbh_2a_mcs_2_p3
0xFB0BE7A8	react_win_putter_02_cam
0xFB2ED4FB	reaction_backward_big_intro_b
0xFB437604	reawa_bqaa
0xFB025813	recharge
0xFB05B482	redr2_ciaa
0xFBD5F06E	regin_beab
0xFB0DD074	rehh1_diaa
0xFB155B2B	rehh2_awaa
0xFBB6B735	rehh2_bqaa
0xFBA08780	repap_egaf
0xFB583C02	replace_fuse_03_broken_fuse_3
0xFB87D7CF	reveal_played_p02_card_c
0xFB088703	rh2a_fence
0xFB3D3F6C	rocking_chair_base
0xFB3AE384	rolled
0xFBB54295	route
0xFB48DB02	run_stretch
0xFBD6E0E1	rurs1_eiag
0xFBADE02B	rurs1_eiax
0xFB7BCA17	s_f_y_airhostess_01_dual-15
0xFB903460	s_f_y_ranger_01_r2pvg
0xFB42BE1F	s_m_m_autoshop_01_dual-16
0xFB4ECC90	s_m_m_fiboffice_02_dual-17
0xFBF07F77	s_m_m_highsec_03_dual-37
0xFBF18ABB	s_m_m_studiosoueng_02_dual-9
0xFB540655	s_m_y_casino_01_dual-20
0xFB1D81B7	s_m_y_doorman_01_dual-1
0xFB477BDA	s_m_y_waretech_01_dual-46
0xFB0A95F8	sarcastic_left_facial
0xFB210D41	sas_1_rcm_concat-4
0xFB133A17	savage
0xFB328E2A	sclub_craa
0xFB3034D2	scr_josh3
0xFB113DB4	script:
0xFBBF6F4D	script_task_put_ped_directly_into_melee
0xFB09390A	scripttextlineszerooronenumbers
0xFB1A0F3A	se_mp_apt_new_1_3
0xFB6C9A4C	se_restaurants_hollywood_04
0xFB2FA75A	se_vw_dlc_casino_main_rm_toilet_01_radio
0xFB7CEC92	seated_male_a_base
0xFB5F4ACC	seminole-44
0xFB20A22E	seminole-6
0xFB49AA32	sentinel-24
0xFBB12CC7	set_column_highlight
0xFBD8F980	set_help_text_style
0xFBECF2D4	sf_mp_apa_y2_l1b
0xFB4E34DF	sf_prop_sf_bag_weed_open_01a-68
0xFB1BB690	sf_prop_sf_cash_roll_01a-47
0xFB26B9A0	sf_prop_sf_door_cabinet_01a-6
0xFB2B678D	sf_prop_sf_door_com_r_06a-42
0xFB00805C	sf_prop_sf_door_glass_01a-45
0xFBAD946C	sf_prop_sf_door_office_r_01a-14
0xFB9D5F0E	sf_prop_sf_door_stat_r_01a-1
0xFBD3D5D7	sf_prop_sf_mic_rec_01a-63
0xFB9AB826	sf_prop_sf_monitor_stu_01a-26
0xFBBD31C8	sf_prop_sf_ps_mixer_01a-3
0xFBE60373	sf_prop_sf_s_mixer_01a-26
0xFB1CED20	sf_prop_sf_s_mixer_01b-59
0xFB1DDB57	sf_prop_sf_s_mixer_02a-18
0xFB5409FD	sf_prop_sf_s_mixer_02b-21
0xFBD41663	sg_hdng
0xFB9B6A60	shop_goodbye
0xFB421539	shop_no_weapon
0xFBB04779	shout_perv_at_woman_aggressive
0xFB61FBB5	skel_l_clavicle
0xFB6C221C	sky_cloud_gen_softness
0xFB70681C	skydive@freefall@first_person
0xFB2A488D	sm_prop_smug_mic-7
0xFB750448	sm_prop_smug_speaker-1
0xFB7AFD2A	sm_prop_smug_speaker-56
0xFB8CC5BA	smoke_idle
0xFBA7F628	sol1_bmab
0xFB671299	sol1_bsaa
0xFBDD976E	sol5_more_merry
0xFB4AF790	sol_1_rocco_arrives_cutscene
0xFB6789CE	sol_dance_f_headphones_neck
0xFB292FCA	sol_idle_rt_c_headphones_table
0xFB6C33F1	sol_trans_lft_to_lfthp_a_headphones_neck
0xFB63B03A	soldix_switch_sol
0xFBF0431F	sorter_right_sort_v2_weedbagpile01a
0xFB840DE5	sp_f_feet_4_3
0xFB81352E	sp_f_head_13_5
0xFB02DB77	sp_f_jbib_12_12
0xFB780EA8	sp_m_accs_4_11
0xFB5F7C95	sp_m_feet_7_10
0xFBF0B3B3	sp_m_lowr_0_9
0xFB97100C	sp_m_lowr_6_9
0xFB6FD501	special_ped@clinton@monologue_10@monologue_10a
0xFB3DF75F	special_ped@jessie@monologue_1@monologue_1c
0xFBB941F2	special_ped@jessie@monologue_5@monologue_5b
0xFBBCB5B6	special_ped@mani@intro
0xFBCEF66D	special_ped@zombie@monologue_4@monologue_4h
0xFB93942E	spectator1
0xFB4EFA14	spend_fail
0xFBCBBCEA	spinning_camera_cam
0xFB6F444F	sprint_turn_l2_old_1
0xFBC0EA31	stancing
0xFBA5013F	stand_male_a_idle_b
0xFB1ABB0E	standclimbup_180_low
0xFBD720F8	standclimbup_220_angled_20
0xFB3CFB54	stream
0xFB124705	sub_int-42
0xFB2D3213	subj_mcs1-27
0xFBEE24DD	subj_mcs1-34
0xFB191518	subsystem:
0xFB008537	successful_counters
0xFBD096C3	sum25_lsia_int-60
0xFBA384D2	switch@michael@on_set_w_jmy
0xFBB60BD3	syncingstats
0xFB00C08D	t1m1_gxac
0xFBAA572A	tailgater-13
0xFBB3F226	tailgater2-18
0xFBF1D7A4	tale_intro-12
0xFB47BAD0	tanker2-9
0xFBF44AD3	task_aim_gun_at_coord
0xFB1D0DBC	tattico.
0xFB1EC8B8	taxi_display
0xFBBF0093	tennis_outro_win_cam
0xFB9ABC3E	think_02_amy_skater_01
0xFBEF2A0B	timetable@denice@ig_2
0xFBD38C9A	timetable@ron@ronex_ig_5
0xFB58A337	titan2-9
0xFB5F1DB1	torsoikforweaponblock
0xFB076492	tow_fjad
0xFB55558B	tow_gdaa
0xFB1C8151	tow_ktah
0xFB928680	tow_lzad
0xFB33701B	tr2_deaa
0xFB81D506	tr_prop_tr_files_paper_01b-4
0xFBC5902D	tr_prop_tr_note_rolled_01a-10
0xFB628AD9	transmission_m
0xFB956B76	trevor_2_drive_atv
0xFB2234CB	trevoryouarereallygonnawant
0xFBB54B78	trimmed_id_foiltipper
0xFB2D75E9	truck_victim_ds_a
0xFB2E7F8D	trv_5_ext
0xFB49ED37	turismo2-7
0xFBB71EE8	turret_2base
0xFBE5795D	turret_b4barrel
0xFB607FA0	typing_idle_02_chair
0xFB228D54	u_m_y_smugmech_01_dual-19
0xFB6C0B97	u_m_y_ushi
0xFBF5AC64	unloading
0xFBB5E9F7	v_16_lgb_mesh_lngprop
0xFB80B0F5	v_28_pra_refl
0xFB5F6B0C	v_31_tun05_reflect
0xFBEA5BE0	v_31_tun06_olay
0xFBEA2936	v_44_cablemesh3833165_tstd028
0xFB5FB79B	v_61_hlw_over_decal
0xFBFBA996	v_73_glass_5_deta1
0xFBBDDB9F	v_74_it2_cor2_deta
0xFB4964CD	v_74_it3_cor1_mnds
0xFBB5C1DE	v_74_v_fib03_it3_cor002
0xFB997699	v_8_bed3ovrly
0xFBCDC28F	v_ilev_cd_door2-57
0xFB876389	v_ilev_fa_frontdoor-18
0xFB163CB2	v_ilev_fib_btrmdr-22
0xFB822666	v_ilev_gunsign_bull
0xFBB15D62	v_ilev_ra_door4l-14
0xFB6EC257	v_ilev_rc_door2-13
0xFB53B9B1	v_ilev_sol_off_door01-10
0xFB736D6A	v_ilev_ss_door02-5
0xFB31953A	v_ind_cf_meatbox-6
0xFB1A2DDD	v_ind_ss_chair01-24
0xFB34C940	v_lirg_michael_ward_main
0xFB90636E	v_med_cor_photocopy
0xFBA5CEBD	v_mp_apt_h_01
0xFB49C624	v_office_lobby
0xFB4E26DB	v_res_cd-22
0xFB18A284	v_res_cd-38
0xFBB55D07	v_res_fa_shoebox3
0xFB4676C1	v_res_mmug
0xFBA5B1C1	v_res_r_figpillar
0xFB247A35	v_res_tre_stool_leather-9
0xFB1C7D44	v_res_tt_fridgedoor-14
0xFBB108D5	v_ret_hd_hooks_
0xFB3BA124	v_serv_firbel
0xFB379AF9	v_tre_sofa_mess_a_s-0
0xFBC3517B	van_ds_open_door_for_chop
0xFBE7C263	veh@boat@predator@ds@base
0xFB50D204	veh@boat@speed@fps@
0xFB94E24B	veh@bus@bus@rps2@enter_exit
0xFB8F2A61	veh@van@ds@idle_d
0xFB682A79	ver_01_with_painting_exit_hei_p_m_bag_var22_arm_s
0xFB156C3B	ver_02_top_right_exit_ch_prop_vault_painting_01a
0xFBEFDC12	versuchen
0xFB9FDB57	verwandle
0xFB844F27	veui_dof_noneh
0xFBF32DC8	volte
0xFBF8D015	vw_prop_casino_art_head_01d
0xFB1B7FB8	vw_prop_casino_water_bottle_01a-4
0xFBE10580	vw_prop_chip_10dollar_st-20
0xFB84CD88	vw_prop_vw_barrier_rope_01c-7
0xFB2AAD48	vw_prop_vw_headset_01a-1
0xFB6F8497	vw_prop_vw_hrt_char_a_a
0xFB62BAC8	vw_prop_vw_offchair_03-11
0xFB022845	vw_prop_vw_tray_01a-13
0xFB52BAE0	vw_prop_vw_wallart_125a
0xFBFF527B	w_ar_assaultrifle-42
0xFBED41D8	w_ar_bullpupriflemk2_camo_ind1
0xFBB51443	w_pi_pistol-98
0xFBA55721	w_pi_sns_pistolmk2
0xFB0C84BE	wake_var_05
0xFBB43968	walking_punch_no_target
0xFB146D75	water_align_90l
0xFB0DCC8B	wdrop_l_small
0xFB71855D	weapon_5d
0xFBBD077E	weaponfx
0xFBB0E7B8	weapons@first_person@aim_lt@p_m_zero@projectile@misc@flare@fidgets@c
0xFBC979B8	weapons@first_person@aim_rng@p_m_zero@assault_rifle@special_carbine@fidgets@b
0xFB917357	weapons@first_person@aim_rng@p_m_zero@heavy@grenade_launcher@aim_trans@rng_to_idle
0xFB20B71D	weapons@first_person@aim_scope@p_m_zero@heavy@grenade_launcher@aim_trans@scope_to_rng
0xFB833807	weapons@rifle@lo@shotgun_bullpup
0xFB3EE0BD	wedge_swing_outro
0xFB1DCC84	what_chu_doin_0
0xFBB61EF1	wheel_fric_grass_tank
0xFBF00B83	worth
0xFB99A708	xm24_mfh6_gun_drp_mcs2-1
0xFBF77784	xm3_drg1_bmx_int-45
0xFB30F985	xm3_drg2_rhb_mcs1
0xFBE62B1C	xm3_prop_xm3_box_pile_tq_01b
0xFBC9BAB3	xm3_prop_xm3_cemtrolly-40
0xFBA11533	xm3_prop_xm3_code_01_23_45
0xFBE8B7F8	xm3_prop_xm3_coke_spoon_01a-52
0xFBFF4DC2	xm3_prop_xm3_folding_chair_01a-53
0xFBDCA702	xm3_prop_xm3_glasses_ron_01a-59
0xFBD07ED8	xm3_prop_xm3_product_tabs_single
0xFB389DDF	xm_prop_base_doorlamp_unlock
0xFB1D9694	xm_prop_base_slide_door-19
0xFB54C05A	xm_prop_iaa_base_door_01-3
0xFBA2C0FE	xm_prop_iaa_base_door_01-7
0xFB28C14F	xm_prop_lab_partition01
0xFB0D85DA	xm_prop_x17_flight_rec_01a
0xFBB31C07	xm_prop_x17_harddisk_01a-12
0xFBBB58A1	xm_prop_x17_laptop_lester_01-14
0xFB153CD5	xm_prop_x17_silo_01_col
0xFBB42D15	xs_prop_arena_clipboard_paper-23
0xFB3592A5	xs_prop_x18_garagedoor02-21
0xFBF21132	xs_propintarena_structure_c_01a
0xFB5B8040	xs_propintarena_structure_f_03b
0xFB4E78E7	xtra_task001_chain_00
0xFBA8D5BC	yt_upload_need_sc
0xFB0CAFFA	zapomina.
0xFB43544E	zion2-47
