0xFCF4C6EE	-i
0xFC1E4E35	-uu
0xFC0742B7	/a
0xFCA1F8B4	0123456789abcdefghijklmnopqrstuvwxyz
0xFC07B8E3	07_ok_if_you_cant_let_me_nas
0xFC6E9487	07u
0xFC0B2635	262_comet4_modkit
0xFC90C15A	4dysys
0xFCB808B0	509_conada_modkit
0xFCAC7D8A	5rbjpbmlc
0xFCEB3005	603_driftchavosv6_modkit
0xFCFA9E1E	a_c_cow
0xFCBC6F1F	a_f_o_salton_01_white_mini_01
0xFC1C0CB2	a_f_y_beach_01_dual-6
0xFC6087DA	a_f_y_bevhills_01-16
0xFC2E01CD	a_f_y_runner_01_dual-44
0xFCB5BB51	a_f_y_smartcaspat_01_dual-11
0xFC2CB503	a_f_y_tourist_02_dual-61
0xFCAD0A4E	a_m_y_busicas_01_dual-21
0xFC90005C	a_m_y_gay_02_dual-9
0xFCB21E5F	a_m_y_runner_01_dual-0
0xFCDDBBCF	a_m_y_soucent_02_dual-8
0xFC3699FE	a_m_y_stbla_02_dual-73
0xFCEC2F76	aaaaoooogggg
0xFC0360ED	ac12_fspot_fos_ep1_p1_00-2
0xFCF4E602	ac12_fspot_fos_ep1_p1_00-21
0xFC4351F5	ac13_fspot_fos_ep1_p1_01-1
0xFC76621E	ac15_fam_6_mcs_5_00-5
0xFC80508E	ac2_fspot_fos_ep1_p1_01-28
0xFCF6C867	ac3_fra_2_int_p2_b_03-3
0xFCC03A96	ac42_fam_6_int_p3_t7_01-10
0xFCACD874	ac5_mph_nar_mid_p2_white_wall_bounce001-18
0xFC538C23	accompagner
0xFCAF8B23	accounts.svc/getscauthlinktoken
0xFCB45997	action_b_facial
0xFC4A80F5	action_lockpick_left
0xFCD71D3B	action_player
0xFCA0AE68	action_player_02
0xFC8699BA	adam_away_dance_m_12_facial
0xFC55EEA8	adam_away_sync_b_11_v2
0xFC2FE533	adam_mixdance_idle_f_06_bottle
0xFC085845	adam_trans_away_to_cue_c_10_hp
0xFCFD8C80	ah
0xFCB8C8C3	ah3b_csao
0xFCAAAFF8	ah3b_hnaa
0xFC969D38	ah3b_sbaa
0xFC8D1ACA	ah3b_sfad
0xFCE82ED0	ah3b_syah
0xFC6964E8	ah_1_mcs_1-0
0xFC33C923	aimc_dodgy_bwd
0xFCFCB86A	amb@code_human_in_car_idles@generic@rps@idle_a
0xFCBA5FA7	amb_medic_standing_timeofdeath_base
0xFC5D9D73	ambclub_to_clubvip_laz
0xFCDBA081	americano.
0xFCBCD238	anchorpoint
0xFC365143	andy_ig_2_whenwillistrike_0
0xFCCA0240	anim@amb@board_room@stenographer@computer@
0xFC4E12D7	anim@amb@casino@hangout@ped_male@stand@03b@base
0xFC1E456B	anim@amb@casino@shop@ped_female@01a@idles
0xFC4B44AD	anim@amb@nightclub@dancers@crowddance_facedj@hi_intensity
0xFCF512D1	anim@amb@nightclub_island@dancers@crowddance_single_props_transitions@
0xFC73434B	anim@amb@yacht@jacuzzi@standing@female@variation_02@
0xFCEC9FF6	anim@gangops@facility@servers@
0xFC7B3EFF	anim@move_action@generic@space_cannontrans@p_m_two
0xFCC4C622	anim@mp_player_intincarwankbodhi@ds@
0xFC968136	anim@scripted@avi5@ig4_wake@heeled@
0xFCEC0212	anim@scripted@freemode@ig6_office_cell_sleep@heeled@
0xFC5733AA	anim@scripted@npc@mission@rhb_ig1_mon3@
0xFCDBB7EC	anim@scripted@player@mission@trn_ig1_loot_v2@male@
0xFC772A64	anim@scripted@player@mission@tunf_conv_ig1_monyplate@heeled@
0xFCFC81CF	anim@veh@technical@turret@base
0xFC359B6A	anim_ac53_fos_ep1_p6_02-32
0xFCF8B4AF	anim_ac61_fos_ep1_p6_00-13
0xFC93B9DB	anim_ac61_fos_ep1_p6_01-25
0xFC1B8078	anim_ac69_fos_ep1_p6_01-2
0xFC896DD4	anim_ac72_fos_ep1_p6_01-20
0xFC7C4E80	anim_ac74_fos_ep1_p6_02-30
0xFC110ECE	anim_ac76_fos_ep1_p6_02-16
0xFC69108E	anim_ac76_fos_ep1_p6_02-20
0xFC790C10	anim_ac82_fos_ep1_p6_00-20
0xFC111728	anim_casino_b@amb@casino@games@blackjack@ped_male@regular@01b@idles
0xFC7DE1CF	anim_casino_b@amb@casino@games@blackjack@ped_male@slouchy_withdrink@01a@base
0xFC90C411	anim_casino_b@amb@casino@games@roulette@ped_female@seat_2@regular@02b@ready_up
0xFCE36534	anim_casino_b@amb@casino@games@threecardpoker@ped_male@regular@02b@trans
0xFC2BA0C9	anim_casino_b@amb@casino@games@threecardpoker@ped_male@slouchy@01b@idles
0xFC18FB78	anim_corona_oat_fos_ep1_p6_019-20
0xFC107308	anim_oat_fos_ep1_p6_035-0
0xFC724503	anim_oat_fos_ep1_p6_046-2
0xFCCA75C2	anim_oat_fos_ep1_p6_05-8
0xFCDA949F	anim_oat_fos_ep1_p6_054-1
0xFCDFC20B	animl_akab
0xFC01885E	animl_azaa
0xFC9E0499	animl_baam
0xFC809E53	animl_bbal
0xFC51F57A	animl_bsab
0xFC12A24C	animl_btaj
0xFC1F2DEA	animl_cpad
0xFC1F8ACE	animl_ctab
0xFC66C628	animl_cwab
0xFC961687	animl_dnah
0xFC497351	animl_draa
0xFC708090	animl_eraj
0xFC530A16	animl_fdal
0xFC606164	ap1_02_door_r-2
0xFC00C13F	apa_mp_h_stn_chairstrip_01
0xFCF1BF52	apokalypse
0xFC4E52F5	apt_exit_left_alt4_side_fincam_2ped
0xFC440759	ar2_cmaa
0xFCFC7285	ar2_dfac
0xFC246524	ar_vehicles_truck_horns_24hr
0xFCA30B5F	arena_int-36
0xFCF94C51	arm1_05
0xFC5B2816	arm2
0xFC7A36BE	arm3_dcac
0xFC937214	arms_exab
0xFC828E04	around_the_table_selfish_exit_loop_jimmy
0xFC5097AD	asfl_abab
0xFC71935F	ass5_restart1
0xFC356993	audsched
0xFCB0EB3B	autoclip1_fbi_4_mcs_2_a1_p3_01-4
0xFC4E9F5B	avoids
0xFCDF0061	az_los_santos_centre_highway_02
0xFCD492E5	b38b
0xFCB7B320	ba_prop_battle_cuffs-13
0xFC34E8E0	ba_prop_battle_headphones_dj-57
0xFC87E903	ba_prop_battle_sniffing_pipe-90
0xFCB59B5F	ba_prop_battle_whiskey_bottle_2_s-32
0xFC691979	ba_prop_door_elevator_1r-0
0xFC853FBD	ba_prop_door_elevator_1r-70
0xFC86F2B2	baller-73
0xFC4FCA46	bar_drink_male_b_idle_c
0xFCC7166A	base_4_trevor
0xFC5C969E	base_idle_prop_pap_camera_01
0xFC0630F3	baseidle_variation_01
0xFCFE1EDE	batalla
0xFC0DDFFD	batte
0xFC73626B	bb2_ahaa
0xFCEBE027	beastintro02
0xFCD5B27F	become_target
0xFCC37C4D	bets
0xFC29FABE	bfinjection-15
0xFC6939D5	bh1_36
0xFC84B1EE	biker_draw_33
0xFC30B81D	biker_mourns
0xFC374B02	bkr_prop_coke_spatula_04
0xFCF6107D	bkr_rescue_contact_police_stop
0xFCB0FAB9	blazer5-2
0xFCCF5EA0	blindfire_low_l_aim_med_edge
0xFC333FEA	block_scarfs
0xFC8F1497	bmad_out_soldix_in_a_bg_female1_face
0xFC7EB906	bmad_out_tale_in_a_mm
0xFCE545B8	bokeh.brightnessexposuremin
0xFC7E9239	bong_cam
0xFC72156A	boom_girl
0xFCE9D959	breathe_walking_add
0xFC3C7F9C	bs2b_bdaa
0xFCF75D8B	bs2b_cyaa
0xFC48699E	bs2b_hjaa
0xFC53B979	bs_2a_mcs_11
0xFC6389A0	bs_2a_mcs_4-1
0xFCE0140B	busto_bcaj
0xFC132C47	busto_beaf
0xFC0CCD0E	cabilderos
0xFC6DF57D	cards_collect_p04
0xFCFCB68B	cargobob
0xFC158D39	caring
0xFCA8BBA2	catch_object_smallweapon_fps_male
0xFCFF74A2	cbrad_diak
0xFC94E605	cbrad_edaa
0xFC9179D3	ch3_11_whirly_parent
0xFCAA6400	ch_chint10_liftmachine_1
0xFC468AAC	ch_prop_arcade_fortune_door_01a-21
0xFCC8A57D	ch_prop_arcade_street_01d_off-5
0xFCABDCD1	ch_prop_casino_slot_04b
0xFCB84D08	ch_prop_ch_arcade_gun
0xFCECA704	ch_prop_ch_sec_cabinet_03a
0xFC438AFC	ch_prop_ch_tray_01a-15
0xFC729FA9	chatc_cgac
0xFCD02CEE	checking_finetune_handle_singlemoneystrip
0xFC96F5D8	chi2_bxaa
0xFCC597A3	chi_2_mcs_5-1
0xFC3F6DCB	chinese_2_int-1
0xFC757254	chip_steal_loop_chip_06
0xFC4A827C	cloth_byab
0xFC9A797A	cm_aniwes
0xFCAA83C5	cm_emedoa
0xFCE167A0	cm_stowad
0xFC1517A2	cognoscenti-28
0xFCB72CDC	combat_sweat
0xFCA83B00	compare
0xFC674D54	component_assaultrifle_mk2_camo_08
0xFC8BFE4E	contentar
0xFC1CAC20	control_panel_disabled
0xFCFE1A08	convo_michael_let_me_ask_you_somthing_3
0xFC7319C6	cops_response_outro_car
0xFC6316EE	corona_fos_ep1_p1_00-6
0xFCA7AE51	corona_fos_ep1_p1_07-11
0xFCD13114	corona_fos_ep1_p1_07-30
0xFCEBA17F	corona_fos_ep1_p1_08-6
0xFCBB66BD	corona_oatfos_ep_1_p1_017-13
0xFCCB0193	corona_oatfos_ep_1_p1_025-27
0xFCD6F18B	country_adverts
0xFC82B3A8	countryside_banks
0xFC6F7E9D	cover@move@base@2h
0xFC2D4B36	cpacketfootstepsound
0xFC05F0D4	cpacketptexmtlscrape_playerveh
0xFC349753	createplayerappearance
0xFC764275	createsemaphoreexw
0xFC85D1EE	creatures@pug@amb@world_dog_sitting@idle_a
0xFCB10481	creatures@rat@amb@world_rats_eating@enter
0xFC996A8F	crew_logo_x22_7
0xFC600FB8	crowd_invitation
0xFCF737F2	crw_color
0xFCCC09EF	cs_dreyfuss_dual-4
0xFC54C9B7	cs_drfriedlander_02_dual-13
0xFCAA87B5	cs_drfriedlander_dual-39
0xFCDC8DD6	cs_fabien_dual-26
0xFC007F6D	cs_fridge_door_cold_mist-9
0xFC749AF4	cs_lestercrest_dual-8
0xFCDDBBF7	cs_mrsphillips_dual-15
0xFC0560E1	cs_omega2_ufo-1
0xFC67B352	cs_priest_dual-3
0xFCB6C6A6	cs_sv_yard_car_wheel_smoke-34
0xFC7E022A	cs_taostranslator2_dual-36
0xFC22D21E	cs_xm_lighter_flame-31
0xFC45DF1D	csb_bogdan_dual-9
0xFC6B78A9	csb_callgirl_01_dual-79
0xFC8B652B	csb_car3guy1_p
0xFC8966DD	csb_englishdave_dual-79
0xFC65FC11	csb_golfer_b_dual-45
0xFC143D54	csb_grove_str_dlr_dual-10
0xFCD36EB5	csb_helmsmanpavel_02_dual-16
0xFCC4C2F5	csb_helmsmanpavel_dual-11
0xFCB0C069	csb_helmsmanpavel_dual-33
0xFCFF391E	csb_isldj_02_dual-24
0xFC7D1101	csb_jamalamir_dual-71
0xFCAADD51	csb_jenettee_dual-0
0xFCC30673	csb_jenettee_dual-18
0xFCBE8B4F	csb_luchadora_dual-15
0xFCEFE55D	csb_maude_02_dual-26
0xFCFC717F	csb_sessanta_dual-34
0xFCDC7628	csb_sol_dual-31
0xFCA8A414	csb_tonyprince_dual-50
0xFCCF4154	csb_undercover_dual-20
0xFCCB6DF1	cst2_hfad
0xFCA356B5	cst2_htaa
0xFC8A85CC	cst3_cbaa
0xFC041705	cst7_bbaa
0xFCB84F75	csx_seabed_bldr2_
0xFC8B0221	cut_cough_coccutter
0xFC9A2791	cut_guilotine_v1_singlemoneypage
0xFCF9914C	cut_hs4f_flipper_bubbles-0
0xFCD1791E	cut_hs4f_photo_burn-15
0xFC1F09FB	cut_sec_cig_lighter_flame-40
0xFC6F4B92	cut_xm3_journey_wheel_dirt-21
0xFC75BA41	cut_xm3_vehicle_exhaust-25
0xFCB1B0F0	cyclone-25
0xFC96BFEA	d_ac1_fin_c_ext_p4_03-30
0xFC1BC71A	d_ac1_fra_2_ext_p3_01-16
0xFC7351E1	d_ac24_bar_3_rcm_00602-9
0xFCFD834A	d_ac3_hs4_scp_airs_p2_t07_00-29
0xFC68ED1B	d_ac3_hs4_scp_airs_p2_t07_03-33
0xFCA0BC74	d_ac6_mic_2_int_p2_trevor_bounce002-10
0xFCDD37AD	d_ac6_mic_2_int_p2_trevor_bounce002-25
0xFC83CC48	dadwhatthefuck_10
0xFCFDE9F3	dampingrightarm
0xFC49CE99	deactivates
0xFC8D1966	defuse_loop
0xFC315E4B	des_ranchsafe003_skin_root
0xFC275653	dh1_eaaa
0xFC0B2A03	dh1_ezai
0xFC3115E8	dh2a_diac
0xFC7AD425	dh2a_dxaa
0xFC3B197C	dh2b_get_surface_rt
0xFC1F6487	dhf_ayac
0xFCB94972	dilettante-45
0xFCAECA41	dixn_idle_open_a_headphones
0xFCF3028E	dixn_start_glass
0xFC42A9DE	dl_gbuf
0xFC37C21E	dlc_biker/bkr_kq_02
0xFCE09DDB	dlc_mp2023_01_import_warehouse
0xFCF7BCBF	dlc_mp_apa_f_legs_2_0
0xFC19C0D0	dlc_mp_apa_m_jbib_20_4
0xFC06C385	dlc_mp_arena_f_berd_1_5
0xFC7E107C	dlc_mp_arena_f_feet_0_7
0xFC044201	dlc_mp_arena_f_legs_3_5
0xFCAD69A7	dlc_mp_arena_f_legs_6_0
0xFCF364F1	dlc_mp_arena_f_phead_0_16
0xFC3B4DA5	dlc_mp_arena_f_special_0_8
0xFC1F7C54	dlc_mp_arena_f_special_3_19
0xFC57BD07	dlc_mp_arena_m_feet_7_1
0xFC8A4A98	dlc_mp_arena_m_jbib_11_9
0xFC9EFAB9	dlc_mp_arena_m_phead_0_11
0xFCD61F66	dlc_mp_arena_m_special_0_10
0xFC3085FB	dlc_mp_beach_f_accs2_1
0xFCD85846	dlc_mp_bh_f_jbib_17_3
0xFC89F163	dlc_mp_bh_m_phead_0_0
0xFC515E59	dlc_mp_biker_f_phead_12_1
0xFCB46F80	dlc_mp_biker_f_special_11_0
0xFC8A3230	dlc_mp_biker_f_special_2_5
0xFCF54008	dlc_mp_biker_f_torso_12_0
0xFCE2A758	dlc_mp_biker_m_hand_5_6
0xFC512912	dlc_mp_biker_m_jbib_10_7
0xFC738F50	dlc_mp_biker_m_special_10_18
0xFCFBB3AC	dlc_mp_busi2_m_accs1_9
0xFC40C5F0	dlc_mp_busi_f_accs0_7
0xFC4E7EEC	dlc_mp_busi_f_jbib5_9
0xFC1EFA5C	dlc_mp_business_f_hat0_10
0xFC0FE66E	dlc_mp_exec_f_jbib_13_1
0xFCD212F3	dlc_mp_fixer_f_legs_5_19
0xFC2D3F32	dlc_mp_fixer_m_jbib_8_9
0xFCF2E4A0	dlc_mp_fixer_m_legs_4_20
0xFC33E163	dlc_mp_gr_f_jbib_0_5
0xFCE6BCFA	dlc_mp_gr_f_jbib_11_23
0xFCEC7F35	dlc_mp_gr_f_jbib_15_5
0xFC891139	dlc_mp_gr_f_jbib_20_2
0xFC8A9148	dlc_mp_gr_f_jbib_20_9
0xFCB224BA	dlc_mp_gr_f_jbib_21_13
0xFC999576	dlc_mp_gr_f_jbib_6_17
0xFC16507C	dlc_mp_gr_f_special_10_14
0xFC088818	dlc_mp_gr_f_special_11_19
0xFCD8BE9E	dlc_mp_gr_f_special_18_10
0xFC1F4DB7	dlc_mp_gr_f_torso_12_12
0xFC5BA6B3	dlc_mp_gr_f_torso_25_7
0xFCD40400	dlc_mp_gr_f_torso_35_18
0xFCEF129D	dlc_mp_gr_m_berd_1_14
0xFCC32ABB	dlc_mp_gr_m_berd_1_8
0xFCEB3348	dlc_mp_gr_m_berd_2_23
0xFCD54772	dlc_mp_gr_m_feet_3_7
0xFC035BB9	dlc_mp_gr_m_jbib_13_18
0xFC229E54	dlc_mp_gr_m_phead_2_13
0xFCAFE61E	dlc_mp_gr_m_torso_19_8
0xFCFF291D	dlc_mp_gr_m_torso_5_6
0xFCA41105	dlc_mp_h3_f_jbib_11_18
0xFCB6A6F7	dlc_mp_h3_f_jbib_12_7
0xFCB59983	dlc_mp_h3_f_jbib_4_7
0xFC5A4EED	dlc_mp_h3_f_jbib_9_21
0xFC72B1DA	dlc_mp_h3_m_legs_5_14
0xFC4FA01B	dlc_mp_h3_m_phead_10_5
0xFC23EE57	dlc_mp_h4_f_hand_0_0
0xFC28F14E	dlc_mp_h4_f_pleft_wrist_0_10
0xFC20EFBD	dlc_mp_h4_f_special_0_18
0xFCAE6A08	dlc_mp_h4_f_teeth_11_2
0xFC9310DC	dlc_mp_h4_m_berd_0_8
0xFCA1085A	dlc_mp_h4_m_special_0_14
0xFCA23B91	dlc_mp_heist_f_hand_10_17
0xFCDC7939	dlc_mp_heist_f_teeth_3_4
0xFCE3AFC6	dlc_mp_heist_f_torso_43_1
0xFC653428	dlc_mp_hips_f_jbib2_1
0xFCC434E2	dlc_mp_hips_f_jbib2_7
0xFC02E2B1	dlc_mp_hips_f_legs2_13
0xFCCB2811	dlc_mp_ie_f_jbib_20_14
0xFC8C242E	dlc_mp_ie_f_special_11_8
0xFC6B21A9	dlc_mp_ie_m_jbib_2_4
0xFCB098DD	dlc_mp_ie_m_legs_4_9
0xFC1F56E5	dlc_mp_ie_m_legs_6_6
0xFC63EDC4	dlc_mp_jan_f_hand_4_4
0xFC0E2382	dlc_mp_jan_f_special2_0_3
0xFC0C5B37	dlc_mp_jan_f_special2_6_6
0xFCF0E731	dlc_mp_jan_m_hand_8_8
0xFC0C7945	dlc_mp_jan_m_special2_1_0
0xFC9237DA	dlc_mp_jan_m_special2_5_7
0xFC05E7F4	dlc_mp_lts_f_hand_6_16
0xFC597F5F	dlc_mp_lts_m_hand_2_13
0xFC5911F5	dlc_mp_luxe2_f_jbib_2_9
0xFCE0E477	dlc_mp_smug_m_berd_5_9
0xFC76BF0B	dlc_mp_smug_m_phead_4_19
0xFCC4D5F4	dlc_mp_smug_m_phead_6_15
0xFC5C10BF	dlc_mp_stunt_f_jbib_3_0
0xFCEE00B4	dlc_mp_stunt_m_jbib_0_9
0xFC093A19	dlc_mp_stunt_m_jbib_6_0
0xFCEA2A2F	dlc_mp_stunt_m_phead_7_12
0xFCF35D3E	dlc_mp_sum2_f_feet_5_0
0xFC0E19CC	dlc_mp_sum2_f_jbib_14_7
0xFC3F00CD	dlc_mp_sum2_f_legs_4_18
0xFC396110	dlc_mp_sum_f_berd_1_2
0xFC847039	dlc_mp_sum_f_berd_3_9
0xFC886738	dlc_mp_sum_f_jbib_14_6
0xFCE1D0E7	dlc_mp_sum_f_jbib_17_4
0xFC36CF08	dlc_mp_sum_f_jbib_20_17
0xFC84DC68	dlc_mp_sum_f_jbib_8_7
0xFC92631A	dlc_mp_sum_f_special_2_0
0xFC4C3579	dlc_mp_sum_f_special_4_2
0xFC48FBEA	dlc_mp_sum_m_jbib_2_11
0xFCA8220B	dlc_mp_sum_m_legs_3_0
0xFC8EAD2D	dlc_mp_sum_m_special_2_10
0xFCBE2DFC	dlc_mp_sum_m_special_2_18
0xFC8152C4	dlc_mp_sum_m_torso_12_4
0xFC45201A	dlc_mp_sum_m_torso_5_0
0xFC7217FA	dlc_mp_tuner_f_hand_1_1
0xFC7344E0	dlc_mp_tuner_f_jbib_12_16
0xFCEB44A8	dlc_mp_tuner_f_jbib_6_7
0xFCFA8763	dlc_mp_tuner_f_phead_2_8
0xFCD4982D	dlc_mp_tuner_f_special_1_18
0xFCC68354	dlc_mp_tuner_m_berd_0_3
0xFC2DAD76	dlc_mp_tuner_m_jbib_11_9
0xFC7C9795	dlc_mp_tuner_m_jbib_17_11
0xFC4D3CF1	dlc_mp_tuner_m_jbib_7_11
0xFC9A27E4	dlc_mp_tuner_m_phead_2_9
0xFCD4A371	dlc_mp_vwd_f_jbib_10_2
0xFCBE2343	dlc_mp_vwd_f_jbib_12_1
0xFC5DA0D3	dlc_mp_vwd_f_jbib_20_13
0xFC27FBE1	dlc_mp_vwd_f_jbib_2_2
0xFC10DB56	dlc_mp_vwd_m_feet_2_5
0xFC9EB23C	dlc_mp_vwd_m_jbib_15_4
0xFCDEE5B9	dlc_mp_vwd_m_jbib_7_1
0xFCBCE619	dlc_mp_vwd_m_legs_1_6
0xFCC899A3	dlc_mp_vwd_m_pears_3_1
0xFC022490	dlc_mp_x17_f_decl_10_0
0xFC620D14	dlc_mp_x17_f_legs_3_2
0xFCF69E22	dlc_mp_x17_f_peyes_0_6
0xFC105B2E	dlc_mp_x17_f_special_6_3
0xFC25AC4B	dlc_mp_x17_m_jbib_10_24
0xFC93B74B	dlc_mp_x17_m_phead_2_13
0xFCD5861E	dlc_mp_x17_m_phead_4_7
0xFC4BDEA7	dlc_mp_x22_f_jbib_22_16
0xFC61E579	dlc_mp_x22_f_phead_1_25
0xFC90FA18	dlc_mp_x22_f_pright_wrist_0_1
0xFCEE5654	dlc_mp_x22_m_feet_10_4
0xFC5F27A1	dlc_mp_x22_m_feet_12_20
0xFC33FE48	dlc_mp_x22_m_feet_3_21
0xFCE42977	dlc_mp_x22_m_jbib_18_7
0xFCBC8EB3	dlc_mp_x22_m_jbib_6_0
0xFC7DD63A	dlc_mp_x22_m_phead_8_25
0xFC7ADB8A	dlc_mp_x22_m_torso_10_3
0xFC1FAEBF	dlc_mp_xmas2_f_hand_3_3
0xFC770CD8	dlc_mp_xmas3_f_legs_1_11
0xFCCE5D5B	dlc_mp_xmas3_m_berd_12_1
0xFCA35C7B	dlc_mp_xmas3_m_berd_8_1
0xFC12F8AB	dmrrj
0xFC3882B4	dodge
0xFCB085EC	dp2b_cdab
0xFC7CB755	drag_into_van_burr
0xFCABEDBE	drey1_awam
0xFCC6FC8D	driversettings_rpfconfig
0xFC145521	dtk4
0xFCE6DAB3	dubsta-9
0xFC331837	dukes_roof24
0xFC3D8ACD	eat_peyote_cam3
0xFC565CE6	eating_1
0xFC4D089C	efficace
0xFC9DA789	einen
0xFC0115E2	emperor2-15
0xFC01DB2C	empty_table_idle_var02_facial
0xFC81CD70	end_loop_f
0xFC41D76E	enemy_spotted_left
0xFC04C4D3	engineexplosion
0xFC679ED3	enough
0xFC8272B9	enter_cash_a
0xFC743C33	entercar_lamar
0xFC56E9FB	eps6_agaa
0xFCFAC993	eps8traffic04
0xFCFD6D7F	ex_prop_offchair_exec_04-44
0xFC287F3D	exec1_under_attack_fail
0xFCC1D99C	exhaust_17
0xFC074BA0	exil_aoab
0xFC0C03B5	exit_heeled_player
0xFC9117FE	exl1_deac
0xFC2BE564	exp_tag_script_missile_large
0xFCF67652	ext1_cyaa
0xFCB402B7	f_cellphone_call_listen_f
0xFC680311	fafm_bfaa
0xFC88956D	fam3_baaa
0xFC905EF6	fam5_axaa
0xFC7225FC	fam5_dzaf
0xFCA4DCB3	fam6_avbg
0xFC41D274	fam_6_mcs_2_concat
0xFCB2607B	famt_claa
0xFC4B042E	fan1_bsad
0xFC371B20	fan2_biad
0xFCAC79C7	fan3_baddriver
0xFC0754D7	fan3_ddaa
0xFC7B695D	fast_pedal_char
0xFC7E7D7E	fatf_ahaa
0xFC436DA0	fatf_aqaa
0xFCDBDC7A	fb_brow_centre_004
0xFCFFF456	fbi1_acaj
0xFC444041	fbi2_cuab
0xFCA0E6C5	fbi_1_stealth_kill_agent
0xFC469968	fbi_3_michael_vantage_point_1
0xFCEC7B74	fbis4_fdaa
0xFC1FD6AE	fcft_crag
0xFCBAF462	fcftl_craa
0xFC178995	fcma_deaa
0xFC2B17D8	fcma_dnan
0xFC0F8999	fcmf_csac
0xFC2D7C19	fcmf_dhac
0xFC800667	fcmf_eaaa
0xFC82621C	fcmft_cpaf
0xFC59E970	fcmj_cuak
0xFC6B4949	fcmt_dmab
0xFC991350	fcmt_dqas
0xFC60EA16	fcmt_dsah
0xFC87DA2E	fctj_akar
0xFC9E07DE	fctj_alai
0xFCB9DB78	female_pos_b_p1_idle_02_normal_weed
0xFC25B7A4	female_pos_b_p2_exit
0xFCFCADF2	female_pos_c_p2_enter_lamar_strain_ashtray
0xFCBD3A1A	fh3a_gvay
0xFC77FEC1	fhf_adaa
0xFC835FE6	fib_group_1
0xFC343E1F	fillstyle
0xFCEC6505	fin_c_ext-1
0xFC26068F	fin_c_ext-31
0xFCD6BB0A	finale_save_trevor
0xFC80FF13	finh1_ajad
0xFCAD9346	finh1_cpaq
0xFC606D26	finh1_cxai
0xFC2CA767	fireman
0xFC85BD23	fireweapon
0xFC106B38	first_action_vcam
0xFC7E04C7	fix_agy_int1-18
0xFC628234	fix_stu_ext-11
0xFC17BE3B	fix_trip3_ext-35
0xFCC9EDA2	fix_trip3_mcs1-6
0xFC54C4E6	fix_wrms_ig10_tonya_franklin_facial
0xFC1B6983	fkn1_dvac
0xFC41EEA8	fkn1_imah
0xFCC0F644	flag_dont_render_in_mirror_reflections
0xFC6D13A7	flag_parking_sensors
0xFCEF9DD6	flag_police
0xFC3C68DD	fm_1_evaa
0xFCE40196	fm_1_fkac
0xFC30CD21	fm_hip_f_tat_004
0xFC750CB0	fm_ind_f_tshirt_010
0xFC15F2B5	fmamb_apaa
0xFCD0D4AE	fmm_bzaa
0xFCAAD6CD	fmm_edad
0xFC183889	fmm_lgaa
0xFC68688D	forceleanrandom
0xFC393E7C	fortuneteller_door_mesmorized
0xFC7D8B41	fos_ep_1_p5-5
0xFCFEF619	fowardoffsetoflegik
0xFC5C2D7E	fra_2_ext-3
0xFCC2F483	freecrawler
0xFCCBE7A5	freightcar-1
0xFCC3F639	frlfb_alad
0xFC4A0973	frlfd_aaaf
0xFC73CEF0	frlfd_afad
0xFC5A4217	frlfe_ccaa
0xFCA99E85	front_2
0xFC79EE13	frontier
0xFC2535C0	frontiera
0xFC2EBF05	frtmc_afab
0xFC2BBC78	g_m_m_fooliganz_01_dual-52
0xFCB3B4DF	g_m_m_mexboss_02_latino_mini_01
0xFC067803	g_m_y_famfor_01_dual-13
0xFCB3FEC1	g_m_y_mexgoon_02_dual-27
0xFC733C5E	g_m_y_salvagoon_01_dual-5
0xFC9D926E	gdob
0xFC543874	getupsethash
0xFC8ECA63	getuserdefaultlocalename
0xFCEFA1A2	ginvc
0xFC8CDEEA	glass_breakable_screendooralpha.sps
0xFCCFE37F	gr_dlc_gr_yacht_props_glass_10
0xFC6F8105	granger2-14
0xFC9375C9	granger2-56
0xFCB6ADA6	greet_junkie
0xFC4ADDB2	grenade_explosion_shake
0xFC7AE795	gunsh_daah
0xFCD1926C	h4_islandx_placement_03
0xFCA077E7	h4_prop_h4_lrggate_01_l-0
0xFC05EAB4	h4_prop_h4_wheel_nimbus_f-21
0xFCA56A6C	has_alt_version
0xFC9C64E2	hash_4d0d54cf
0xFC827709	hash_fc827709_krbhphx_collision
0xFC8FFC5C	hash_fc8ffc5c_pexrfnba_collision
0xFCDCBF86	hash_fcdcbf86_mkhxpme_collision
0xFCEE0F8C	hash_fcee0f8c_bpwffrx_collision
0xFC55124C	heat_fjaa
0xFC589B2A	hei_ch1_09_mansion_1_glass
0xFCF3E3E5	hei_gta_milo_bedrm
0xFCC6B2BA	hei_prison_heist_clothes
0xFCDD5492	hei_prop_hei_pic_ub_prep02-11
0xFC36768D	hei_prop_heist_sec_door
0xFCC16AA4	hei_prop_heist_weed_block_01
0xFC436C21	hh_tex2uamplitude
0xFC5EC3FA	hiddenfromweaponwheel
0xFCDB475B	hier
0xFCAA0707	high_l_settle_facecover
0xFC51950A	hippitchback
0xFCB456B6	honk_loop
0xFC98E232	hotwire
0xFC19D19B	hs3_int-37
0xFC79F59F	hs4f_drp_off-0
0xFCFFF36A	hunt1_akaa
0xFC2657F9	hunt1_byab
0xFC893D25	hunt2_cpaa
0xFC5F3B3C	hw_tee_001_f
0xFCAB93A3	hydra-6
0xFC4555C9	iamtheundead_10
0xFC24DDCF	idle_01_mug
0xFCE9B384	idle_a_control
0xFC0C5335	idle_b_prop_cs_ciggy_01
0xFCD8DD01	idle_safedoor_male
0xFCDD0C77	idle_tequila_mariachi_02
0xFC901F13	idle_turn_l_-90
0xFC210727	ie_end_music
0xFC6078C7	ig_1_alt1_girl_in_van_loop
0xFCCE5EEF	ig_7_head_draw_lazlow
0xFC46A093	ig_acidlabcook_dual-52
0xFCE99C11	ig_ahronward_p
0xFCE270C2	ig_avon
0xFC0E402F	ig_benny_02_dual-30
0xFCBE707F	ig_djsolmanager_dual-59
0xFC79758D	ig_fooliganz_01_dual-27
0xFC5A48BF	ig_isldj_04_e_01_p
0xFC1DAD48	ig_jaywalker_dual-43
0xFC75FB46	ig_kaylee_dual-35
0xFCDC910A	ig_magenta
0xFC311824	ijkmkkk
0xFCE3AF81	images.meta
0xFCA454B2	imp_prop_impexp_front_bars_01a
0xFCF48236	imp_prop_impexp_spoiler_01a
0xFC78824A	impulsedelay
0xFC850175	int_cluckinfactory_small
0xFC3C94C5	integrated
0xFC74F5B1	intro_loop_ped_f
0xFCA95EB4	invisible
0xFC288EEE	iom_axis_lul
0xFCE00A74	iom_joystick_button6
0xFCDA6E92	ist
0xFCC065B9	its_all_good_my_dads_really_happy_with_me_15
0xFCA4F555	iz_ch_dlc_casino_back_laundry_rm
0xFCDACE70	jh_bmaa
0xFC244CE3	jh_lraj
0xFC193805	jh_pjaa
0xFCDD4775	jhrs_2_int_p6
0xFCE12EA3	jhs1_alau
0xFCCF9E0C	jhs1_ewaj
0xFC370BF2	jhs1_feaa
0xFC962C4F	josh4_asac
0xFCAC69B9	jump_launch_l_arms
0xFC2E479A	kanjosj
0xFC526169	kaufen.
0xFC97A913	kick_door
0xFC90DB1C	knife_long_range_0
0xFCA69A08	lamar_car_drive_10
0xFCC5AA50	launch_l_bike
0xFC4934FE	lcmapstringex
0xFCDD5B31	leanright_outro
0xFC23D02F	leantowards
0xFC04704F	lem1_cnaa
0xFC407F8D	lem1_dlaa
0xFCCDE579	lem1_ixaj
0xFC9BD458	lem2_dhac
0xFC33E040	les1a_cqaa
0xFCA93CB6	lester_get_in_car_cardoor
0xFCF89980	li_loop_m04
0xFC33F86A	lift_posh_door_open
0xFC0D4F83	load_box_3
0xFCB133F5	loc_caaa
0xFC9F0B72	logiledsavecurrentlighting
0xFCE8FE3A	lom
0xFC6519C4	look_low_gr_prop_gr_vertmill_01b
0xFCFB9437	look_to_left_gr_prop_gr_3s_millcrate_01a
0xFC62C3E2	loop_90_r
0xFCD7A32A	low_car_prop_to_sit_female
0xFC53F94B	lowconfsegment
0xFC0661F5	lsdhs_mcs_2-5
0xFC5B6B5F	lsfl_adag
0xFC316A65	lunge_fh_hi
0xFCAD7505	lux_p_champ_flute_s-43
0xFC988488	luxor-66
0xFCC77FB2	m23_1_m231_1_thruster_led_trim
0xFC028A28	m23_2_int6_m232_vents_1
0xFC2745B6	m23_2_prop_m32_folder_01b
0xFC4389E1	m23_2_prop_m32_mazebankcard_01a
0xFCB4A7C2	m24_1_int_01_m241_lp_entrance
0xFCDF76DD	m24_1_mp2024_01_additions_carrmp_opaquewins
0xFC0DF756	m24_1_prop_m24_1_carrier_crate_01a_s
0xFCCC97C6	m24_1_prop_m24_1_carrier_stair_01b
0xFCAC9CED	m24_1_prop_m41_bounty_door_01a-22
0xFCA0BF15	m24_1_prop_m41_nameplate_01a-33
0xFCFE0FD5	m24_2_prop_m42_hatch_01a
0xFCAE301C	m25_2_dog_house
0xFC981D64	m25_2_int_01_l_mb_decal
0xFC90319C	m25_2_int_01_lp_cinema
0xFC179A97	m25_2_int_01_lp_corridor
0xFCE357C2	m25_2_int_01_spa_det05
0xFC02B538	m25_2_prop_m52_door_msn_sliding_01c-53
0xFCC3FD7B	male_h_trans_g
0xFCF916C1	male_pos_a_p2_weed_base_ashtray
0xFCC5FF60	male_pos_b_p2_weed_idle_02_lamar_strain
0xFCA1398D	male_pos_b_p2_weed_idle_03_lighter
0xFC810685	mapping_defaults
0xFC17008B	marombeira
0xFC0A2332	mch1_bgaa
0xFC80DE57	mej1_ceae
0xFCDB7930	memberships
0xFCADD3ED	memory.
0xFC364DA3	menu_unique_id_betting_infolist
0xFC6735AC	met1_ezab
0xFCBD0736	metro_map_join_1
0xFC2C7950	mgps_cmal
0xFCA729B8	mgps_dqad
0xFCEF2990	mgps_duap
0xFC5051DD	mh_r_trap
0xFC772046	mic_1_mcs_2-23
0xFC534E6E	mic_2_mcs_1-3
0xFCC14703	mic_4_int-110
0xFC7CE4EA	mic_4_int-13
0xFC176CEC	mifl_agae
0xFC79E4A6	min1_beaa
0xFC8C92C2	min2_cbaa
0xFCC153A0	min2_cmac
0xFCAE41B6	misc.damageoverlay.anglescalingmult
0xFC651AFF	misc_wr
0xFC64184E	missfam5_blackout
0xFC19874B	misslester1aig_3main
0xFC33D041	missprologueig_6@first_person
0xFC6CDD61	mk_002
0xFC5A2DD3	molotov
0xFC8FDECB	moodm_deck_he_22_bag
0xFC8C1822	moodm_deck_hh_15_tumbler
0xFC658CC7	moodm_deck_la_30_facial
0xFC6EF3C3	moodm_idle_lb_01_dancer_a
0xFCF563B4	moodm_trans_deck_to_dance_ma_04_facial
0xFCA5C68E	morire.
0xFC892524	move_action@p_m_two@armed@2h@idle@low_energy@a
0xFC97DD17	move_jump@weapons@projectile@flare
0xFC6D909B	move_m@business@c
0xFC2D74AE	mp_dense_007_m
0xFC9DE8E1	mp_exec_teams_003_m
0xFCC42375	mp_gunrunning_tattoo_017_m
0xFC1C20D3	mp_heist4_tat_027_f
0xFC559346	mp_job_load_02
0xFCAE4A9A	mp_lose_reaction_right
0xFC25864B	mp_luxe_tat_026_f
0xFCE85B47	mp_m_weed_01_p
0xFC184065	mp_sum2_tat_044_f
0xFC70074E	mp_vinewood_tee_014_m
0xFC84B288	mp_win_reaction_left
0xFCB2341D	mpcas1_int-10
0xFCB3978F	mpcas2_int-11
0xFCFF8C34	mpct_gsaa
0xFCCCFF5A	mpct_kiaa
0xFCC20820	mpct_lnaa
0xFCB9BEE1	mph_pac_int-6
0xFC42F14E	mph_pri_fin_int-2
0xFC864FDC	mph_pri_mid-1
0xFCA72738	mule5-6
0xFC1C8726	n_ac1_fra_2_ext_p3_02-25
0xFC1FEAA6	n_ac2_fin_c_ext_p5_01-21
0xFC1979E3	n_ac6_mic_2_int_p2_lamp002-5
0xFC15E0D7	n_ragelight16_tale_intro_p1_001-9
0xFC4914A3	nerveux
0xFCD86B1B	newspaper_dialogue_idle_dave
0xFC2ABB90	nhs1b_ctad
0xFCEECDC4	nig1b_byac
0xFC2A603A	nig1b_cjac
0xFC7EE784	nig1c_bdaf
0xFC7A7E4D	nig2_bnad
0xFCF9872B	nig2_bwaa
0xFC2B9082	nigel1dtrans
0xFC4D20E5	nme_away_idle_d_base_04_hp_neck
0xFCE7746C	nme_away_sync_g_27_facial
0xFC79A669	nme_mix_sync_a_35
0xFC733E0A	nme_trans_mix_to_away_a_23_coconutdrink
0xFC0AF812	nme_unq_sync2_d_20
0xFC64670A	normal_pxm_tnt
0xFC95694D	normal_spec_screendooralpha.sps
0xFCC7A1EA	note_counting_moneywrap
0xFC5AC14E	npis
0xFC3D5043	nt_inv_party_invite
0xFC2D742D	object.
0xFC519A08	object014
0xFCBAB75A	observe_01_hi_amy_skater_01
0xFC1E44E0	occhiali
0xFC9871A3	oddjobs@assassinate@multi@
0xFCDD4F29	oddjobs@assassinate@vice@dealer
0xFCA1A7E8	oddjobs@basejump@
0xFC67E31B	ojas_lsaa
0xFC315A95	ojas_miag
0xFC78F8D6	ojbj_gyaa
0xFC145AE8	ojbj_hxaa
0xFC6EC3AD	one_tray
0xFC2FA787	onlyapplyhelperforces
0xFC1AD617	operate_01_hi_gr_prop_gr_speeddrill_01c
0xFC7943AD	outro_hi_l_direct_100
0xFC867570	overflow:
0xFC639006	p_cash_envelope_01_s-36
0xFC837DD7	p_champ_flute_s-52
0xFC7D3B5E	p_cigar_pack_02_s-38
0xFCBEC175	p_cigar_pack_02_s-46
0xFCAC4F3A	p_cs_bowl_01b_s
0xFC2DCB5A	p_cs_shot_glass_2_s-21
0xFCA9C65E	p_cs_shot_glass_2_s-36
0xFC4BB676	p_ld_crocclips01_s-19
0xFC1CF256	p_ld_crocclips02_s-4
0xFC6C3986	p_lestersbed_s-27
0xFC9A5A46	p_lestersbed_s-6
0xFC14F416	p_michael_scuba_mask_s-32
0xFC06A4EC	p_rail_controller_s-1
0xFC1AA909	p_tourist_map_01_s-10
0xFC867EB3	p_v_med_p_sofa_s-93
0xFC9C08C2	p_whiskey_bottle_s-13
0xFCA60843	p_whiskey_notop-0
0xFC0C4C3F	pain_high_weak
0xFCD5A0EC	partie
0xFCE208CD	pbby_bye
0xFC3FA455	pbgr_aaab1
0xFCE30CAE	pbje_aead
0xFCCBACDE	pbsh_arac
0xFC5A54E8	pedvarietymultiplier
0xFCFCFAA7	phcollider::setcollidermatrixfrominstancerigid
0xFC483845	pickup_placement
0xFCD91C22	pimenu
0xFC41FBE2	plane_door_open
0xFC2B59C7	plane_landing_plane
0xFC715A0B	platform:/data/icon.png
0xFC3B7773	pnvz
0xFCFFCDFF	police3-19
0xFC552A4F	policeold1-3
0xFCEC393A	policeold2-0
0xFC147167	pool_my_break
0xFC97DD9C	pr_xm_x17dlc_int_02_base_hangar_screen_01
0xFCC2B464	prekolumbijski
0xFC039EE3	pri1_bnac
0xFC2A1C15	prop_air_trailer_4a
0xFCA7DDE7	prop_bong_01-75
0xFCBD6370	prop_bottle_cap_01-7
0xFC47691E	prop_bottle_cognac-35
0xFC7F7348	prop_box_wood03a-11
0xFC612F85	prop_car_exhaust_01
0xFCE50F18	prop_chair_04a-53
0xFCD6C50D	prop_champ_jer_01a-14
0xFCA44C2C	prop_champ_jer_01a-97
0xFC1C3DCB	prop_couch_lg_07
0xFCADC14A	prop_cs_bin_01_skinned-8
0xFC6CF222	prop_cs_crackpipe-4
0xFC0243F5	prop_cs_dog_lead_a
0xFC645A6C	prop_cs_frank_photo-1
0xFC6F998A	prop_cs_keyboard_01-32
0xFC6C6C94	prop_cs_kitchen_cab_rd-43
0xFC27B091	prop_cs_lazlow_shirt_01
0xFC4D821B	prop_cs_planning_photo-11
0xFC15D51B	prop_cs_silver_tray-6
0xFC43B487	prop_dock_sign_01
0xFC8394AC	prop_dumpster_02b
0xFCD74CA1	prop_flatscreen_overlay-1
0xFCEC31A2	prop_fncwood_08c
0xFC96F411	prop_generator_03b
0xFC527B91	prop_ice_cube_01-2
0xFCE3FCA6	prop_microphone_02-24
0xFCA7308A	prop_mk_num_1
0xFCDFA130	prop_mp3_dock-5
0xFCEF5842	prop_mp_placement_med
0xFC60677A	prop_parasol_04
0xFCE1E2B7	prop_ped_pic_05
0xFCBBAF59	prop_phone_overlay_anim-85
0xFCB60416	prop_phonebox_05a
0xFCA6E4DD	prop_pint_glass_tall-0
0xFC46A0BB	prop_pint_glass_tall-16
0xFC9CCAAF	prop_prlg_gravestone_03a
0xFCFFFB94	prop_protest_table_01-4
0xFC818F56	prop_range_target_02
0xFCDB5E71	prop_rub_boxpile_06
0xFCDCCC46	prop_rub_carwreck_17
0xFC022E61	prop_scn_police_torch
0xFC7459F0	prop_sign_gas_02
0xFC4E7715	prop_syringe_01
0xFC3967DF	prop_t_shirt_row_03
0xFCCCBF75	prop_table_01_chr_a-4
0xFC26F541	prop_table_03_chr-1
0xFC03A729	prop_target_comp_wood
0xFCD01492	prop_tool_drill-37
0xFCD5C8DE	prop_tumbler_01-2
0xFC8FC916	prop_tyre_spike_01
0xFC46EFE9	prop_veg_grass_01_a
0xFCDFBA7F	prop_wheelchair_01_s-20
0xFCD96E47	prop_win_trailer_ld
0xFCA0513E	proximidade
0xFCCA1827	prs_cjab
0xFCFA315B	prs_csac
0xFC5462B8	prs_ivaa
0xFC865472	ps_2a_train_arrives
0xFC78FEE8	ps_air_support_refuelling
0xFCE025A7	ptrx_idle_e_q_r_37_headphones_beer_can
0xFC5F209B	ptrx_idle_h_q_l_26_headphones_hp_head
0xFC434E41	ptrx_idle_p_q_r_05_dj_ptrax
0xFCFA9F59	ptrx_idle_v_mix_12_dj_ptrax
0xFC02A5B1	ptrx_trans_a_q_l_to_mix_12_headphones_dj_ptrax
0xFCA14E89	quickstart
0xFC7D14A4	racetest
0xFC72B63F	rampa_away_idle_j_12_tumbler
0xFCAFD8B0	rampa_awayside_idle_d_13_facial
0xFCDE3732	rampa_bch_unq_crwd_b_103_s_glass_01
0xFC6EB7BE	rampa_mix_idle_j_11_v2_hp_head
0xFCC495F9	rampa_trans_away_to_hpgrab_sync_a_05_hp_head
0xFCA50654	rampa_unq_chat_a_22_tumbler
0xFC69340C	rampa_unq_sync2_a_42_s_glass_01
0xFC1B7FC1	rbh2a_keaf
0xFC670058	rbh2a_keat
0xFC3EE24A	rbh2a_nsab
0xFC1415F4	rcmnigel1aig_1
0xFCE10F48	react_win_putter_03_cam
0xFC362199	reaction_great
0xFC8DCF49	reawa_cqaa
0xFCD1259C	rebu2_coae
0xFC7E325C	recha_cfab
0xFC9FCEA7	redgw_araa
0xFCF4276E	redr1_braf
0xFCACA39E	regal
0xFCA30798	rehh2_aiaa
0xFC1C39DC	rehh2_bbal
0xFC19DE7C	rehh5_azaa
0xFC04AF15	rehh5_caaa
0xFCFD6355	repap_cmab
0xFC2ABABA	resna_bfaa
0xFCF67129	resulting
0xFCF824B7	runstop_cw_0
0xFC93D2B3	s_f_m_sweatshop_01_dual-44
0xFC9145A3	s_m_m_armoured_01_dual-4
0xFC16A2A9	s_m_m_genericpostworker_01_black_mini_02
0xFC6D5E47	s_m_m_studiosoueng_02_dual-54
0xFC1897CF	s_m_y_autopsy_01_dual-1
0xFC026182	s_m_y_westsec_01_dual-18
0xFC6FAD76	s_m_y_westsec_01_dual-9
0xFCF56690	sas1_bfaf
0xFC8995F8	sc1_07_clinical_bin
0xFCF33E30	sc1_15
0xFC9C080D	sc1_30_keep_closed
0xFC00B8D0	schafter3-9
0xFC2C1122	sclub_doaa
0xFC52A596	scpdurl
0xFCD5E47A	scr_bigscore_tyre_spiked
0xFC4B3DC2	screech
0xFC0874CD	scriptsavedata
0xFC93AAC0	seethrough.pedquadenddistance
0xFCCBF8C5	segment
0xFC1F51CF	seis
0xFC1725BC	select_live_stream
0xFCCF70F1	sf_mp_apa_y2_l2c
0xFC4BB242	sf_prop_ap_starb_text
0xFC368EA7	sf_prop_sf_apple_01b-48
0xFC331F51	sf_prop_sf_door_cabinet_01a-39
0xFC879A2E	sf_prop_sf_door_cabinet_01a-49
0xFC4CE2E8	sf_prop_sf_door_com_r_06a-61
0xFC2D1922	sf_prop_sf_door_office_l_01a-10
0xFCED15DB	sf_prop_sf_door_office_r_01a-20
0xFCE9A643	sf_prop_sf_door_rec_01a-44
0xFC7FD4F5	sf_prop_sf_door_stat_l_01a-4
0xFC56463F	sf_prop_sf_keyboard_01a-22
0xFC1EB9E4	sf_prop_sf_music_stand_01a-1
0xFC20E468	sf_prop_sf_music_stand_01a-43
0xFC52E4D4	sf_prop_sf_music_stand_01a-47
0xFCFD997E	sf_prop_sf_ps_mixer_01a-16
0xFC4EC0C3	sf_prop_sf_sofa_chefield_02a
0xFCE5FC88	sgherro
0xFCB06758	shovel_lean_front_idle_michael
0xFC9100D1	show
0xFCAD70CF	sich
0xFCAEE654	sit_phone_idle_03_phone01
0xFC2168C8	slmn1_aiab
0xFC6987BD	slmn1_bvao
0xFCA2B155	sm_prop_smug_crate_m_01a-76
0xFCE5BD06	sm_prop_smug_flask-32
0xFC6B718E	smartblittexture
0xFCB05D9A	smug_draw_5
0xFC73FAEC	sogni
0xFC5CB294	sol1_daaa
0xFC8E68C9	sol5_ccad
0xFCA323AE	sol_idle_left_e_wineglass
0xFCB27D5E	sol_idle_left_hp_a_headphones_table
0xFCDC44C8	sol_trans_ctrnrw_to_nrw_a_wineglass
0xFC5B94DB	sp_f_accs_1_13
0xFCD15845	sp_f_accs_5_10
0xFCCBE730	sp_f_eyes_5_0
0xFC14CEBE	sp_f_eyes_8_2
0xFCB1A21F	sp_f_feet_2_3
0xFC4D7655	sp_f_head_18_0
0xFCD97E36	sp_f_teef_5_2
0xFCC731E2	sp_m_accs_2_8
0xFC3B8FBB	sp_m_accs_9_13
0xFC07BE19	sp_m_eyes_2_3
0xFC004329	sp_m_head_15_5
0xFCCF6001	sp_m_jbib_7_3
0xFC5777F4	sp_m_jbib_9_2
0xFCD7B82F	sp_m_lowr_12_1
0xFCCC5BC6	sp_m_lowr_1_12
0xFCFCE1DD	sp_m_lowr_8_13
0xFC70A624	special_ped@baygor@michael_1@michael_1c
0xFC747F9F	special_ped@baygor@trevor_1@trevor_1e
0xFCC03EA7	special_ped@bill@monologue_5@monologue_5b
0xFCE0C6E9	special_ped@bill@monologue_6@monologue_6c
0xFC090CE3	special_ped@clinton@monologue_1@monologue_1c
0xFC43C16C	special_ped@jerome@monologue_3@monologue_3e
0xFCA3FBB4	special_ped@jerome@monologue_4@monologue_4g
0xFCC5A466	special_ped@jessie@monologue_4@monologue_4d
0xFC3BE9F1	special_ped@mani@trevor_1@trevor_1h
0xFC70557D	special_ped@pamela@monologue_13@monologue_13c
0xFC9C331E	specjalna
0xFC70D476	spinningwheel_low_effort_13_facial
0xFCBFDC6C	spiral_smoke_07
0xFCE063A3	spr_scubatank
0xFC6C3ABF	sr_prop_special_bblock_sml2
0xFC3836A7	sr_prop_sr_target_small_05a
0xFC1182A3	stagd_cpab
0xFC6976FE	stagd_cwah
0xFC327544	stand_talk_loop_a_female
0xFCC740B4	startrappel_elev_rt
0xFC076959	startrappel_fra_rope
0xFC72DF5B	strengthkneetostandup
0xFCAD85E0	stt_prop_race_start_line_02
0xFC0D2F15	stt_prop_track_speedup_t2
0xFCA1249D	stt_prop_tyre_wall_07
0xFC3C064C	sub_fast_travel_end
0xFC0E01AE	sum23_cm6_ext_p1_t00-8
0xFCD82B24	sum24_btw_dead_ext
0xFC8B2BA4	sum_yacht_bar_ref_blocker
0xFC0841A6	t1m1_cnah
0xFCDA5F89	t_getout_veniceb
0xFC65DBE9	tailgater-24
0xFC06C3A7	tanker-57
0xFCF70938	tanker2-44
0xFC4A09E3	tankercar-5
0xFC4DD359	tanque
0xFC2DCF47	task_scripted_animation
0xFCB3CFDB	telescope
0xFCDACC40	tennis_start_early_story_with_amanda
0xFC2A64A2	test_circuit
0xFCC86E48	thanksdad_bag_02
0xFC43C73F	thrax-24
0xFCB68B9D	through.
0xFCA6B95A	thumbnail_clip
0xFCAB63F0	tmom_2_rcm-2
0xFCB43161	tonya
0xFCCEBF96	toreador_enter_hatch_02l
0xFCB04DAA	tow_ctaa
0xFC711FB9	tow_eeae
0xFCC19540	tow_jpaa
0xFCE4B484	tow_lgah
0xFC7DAC35	tr2_ckab
0xFC187462	tr2_fraa
0xFC8B015E	tr_prop_tr_chair_01a-17
0xFC7B7934	tr_prop_tr_scrn_phone_01b
0xFC277362	transactionnonceseed
0xFC7C7A53	transferred
0xFCE61E38	trev_scares_tramp_idle_tramp
0xFC1269A0	trevor_dh1_afad_01_g1
0xFCD0F120	trv3_coaf
0xFC20F658	trv3_dgae
0xFCFC3BA6	trv3_fxaa
0xFCDA95AE	tug-17
0xFCC8257A	turn_left_slow
0xFC17A648	txm1_dxab
0xFC70F5D8	txm3_ekac
0xFC33C96A	txm6_dnab
0xFC54C9B8	txm6_dnad
0xFC762416	txm9_dxaa
0xFC84E093	unarmed_holster_mini
0xFC1A70A6	unload_weapon_wheel
0xFC34CFF1	v077.2
0xFCA239B8	v_11_midrackingsection
0xFC4EEA1E	v_16_high_bath_mesh_mirror
0xFC5CB5DF	v_24_knt_mesh_blindl
0xFC3F1401	v_31_newtun2_mech_05a
0xFCCA4A08	v_34_corrdirt4
0xFC17CDF1	v_34_waredamp
0xFC3818C4	v_8_livstuff
0xFCE76625	v_ilev_fa_frontdoor-14
0xFC3B2CAB	v_ilev_fh_bedrmdoor-8
0xFC205949	v_ilev_fh_door02
0xFC32CB06	v_ilev_fh_door4-2
0xFC913A3C	v_ilev_fib_btrmdr-17
0xFC95E000	v_ilev_ml_door1-26
0xFCDEB211	v_ilev_mm_doordaughter-2
0xFCD45AC9	v_ilev_mm_fridge_l-1
0xFC89DA48	v_ilev_mm_fridge_l-8
0xFCDDC435	v_ilev_ra_door1_r
0xFCD856B8	v_ilev_tort_door-19
0xFC8CFD05	v_ind_ss_chair2-4
0xFCDBE127	v_janitor
0xFC4D8385	v_res_m_horsefig-26
0xFCD2370D	v_res_rosevasedead
0xFC9A4532	v_res_tre_sofa_s-14
0xFCBD0D4E	v_ret_247shelves01
0xFCCD5B08	v_ret_ml_beeram
0xFC11E083	v_ret_ps_box_03
0xFC8BA240	veh@bus@passenger@rps@idle_panic
0xFC40BDAE	veh@drivebybike@chopper@front@grenade
0xFCA21FE9	veh_exhaust_car-10
0xFC5FBB4A	vehicles_jugular_w_interior
0xFCF35EE9	velum2-7
0xFC86CEB7	vids
0xFC143820	viewinverse
0xFC6DE651	vpos
0xFCC1F8F9	vraie
0xFCD77243	vw_prop_art_resin_balls_01a
0xFCA66582	vw_prop_vw_box_empty_01a-23
0xFCF25B0C	vw_prop_vw_casino_door_02a-26
0xFC080FDB	vw_prop_vw_door_ddl_01a-32
0xFC51FB5A	vw_prop_vw_spd_char_08a
0xFCC93F52	vw_prop_vw_wallart_61a
0xFC283A67	vw_prop_vw_wallart_79a
0xFC3E3CBB	w_me_bat-16
0xFCFC6AFD	w_me_knife_01-20
0xFC6AF6D9	w_pi_pistol_mag1-40
0xFC03EE88	wait_idle_ch_prop_ch_usb_drive01x
0xFCC683B2	water_reflection_lod_range_slod2_end
0xFC63E1FC	water_shallow.sps
0xFC166E34	waypoint_b_exit
0xFC5892CB	weapon_purchase
0xFC70D314	weapons@first_person@aim_idle@p_m_zero@pistol@shared@fidgets@a
0xFC2068FD	weapons@first_person@aim_idle@p_m_zero@projectile@misc@sticky_bomb@fidgets@b
0xFCD954E1	weapons@first_person@aim_lt@p_m_zero@projectile@misc@sticky_bomb@fidgets@b
0xFC168679	weapons@first_person@aim_rng@p_m_zero@pistol@shared@aim_trans@rng_to_scope
0xFCC8A599	weapons@pistol@
0xFC273157	weed_beab
0xFC88F0A3	weed_crouch_checkingleaves_idle_04_inspector
0xFCEB38C1	wissenschaftler
0xFCE3D124	world_human_yoga_male_lo_res_base
0xFC0423DF	wstop_r_-180_facial
0xFC209596	wtd_cerpst
0xFC44EFC4	x17_cloth
0xFCA4BCDC	xm24_mfh6_fin_ext-6
0xFCAE68B1	xm25_avi6_shutters_mcs2c-6
0xFCEF08F0	xm3_des_xm3_velum2_crash_04-0
0xFC6BBCD9	xm3_mpchristmas3_additions_doc_slod
0xFC9A7EF8	xm3_prop_xm3_bag_coke_01a-21
0xFCB36E70	xm3_prop_xm3_bottle_pills_01a-68
0xFC2BC7B2	xm3_prop_xm3_coke_spoon_01a-34
0xFC79792A	xm3_prop_xm3_hat_ron_01a-19
0xFC638186	xm3_prop_xm3_hat_ron_01a-72
0xFCDD7C46	xm3_prop_xm3_rub_matress_01a-38
0xFCD8CAD3	xm4_yard_int-45
0xFCA1D28E	xm_bunkerentrance_door
0xFC988B18	xm_prop_int_avenger_door_01a
0xFCA6486E	xm_prop_x17_clicker_01-8
0xFCB47F59	xm_prop_x17_coffee_jug-6
0xFC7E2AC5	xm_prop_x17_harddisk_01a-53
0xFC812AD3	xm_prop_x17_harddisk_01a-59
0xFC1FEF15	xm_prop_x17_laptop_mrsr-19
0xFCDBAB63	xm_prop_x17_lectern_01-34
0xFC6C6962	xm_prop_x17_sec_panel_01
0xFCCEA51C	xs_prop_arena_champ_closed-42
0xFC1471E5	xs_prop_arena_track_lights_01
0xFCCB4671	xs_prop_trophy_bandito_01a
0xFC95843F	xs_propint5_waste_05_ground_d
0xFC647DD2	yosemite2-10
0xFCE3BED5	yplsb
0xFC13A719	yt_unlisted_not_good_standing
0xFC4550F2	zion2-10
0xFC933E2B	zretv
