0xFDEEC8BC	-kif
0xFDD6884B	.wy@k
0xFDDD6643	2handed_react_messy_-180
0xFDC5B1BA	345.6
0xFDEB6057	459_remus_modkit
0xFD06E982	9v1duv
0xFD894CDD	:decal
0xFD51E982	_af_traction_control
0xFD466139	a_c_fish_dual-13
0xFD27B46E	a_c_retriever-30
0xFD02317A	a_f_m_tourist_01_dual-17
0xFDC292AD	a_f_o_genstreet_01_dual-39
0xFD991133	a_f_o_salton_01_r2pvg
0xFD08C54B	a_f_y_carclub_01
0xFD5A1FD5	a_f_y_clubcust_02_dual-6
0xFDCD20BB	a_f_y_clubcust_02_dual-7
0xFDFCE255	a_f_y_hipster_02-41
0xFD94826A	a_f_y_runner_01_dual-22
0xFD48455D	a_f_y_runner_01_dual-59
0xFD623CFA	a_m_m_bevhills_01-1
0xFD0AB0B4	a_m_m_genericmale_01_white_mini_04
0xFDC653C7	a_m_y_cyclist_01
0xFD8C23C5	a_m_y_stbla_02_dual-59
0xFD13D73B	a_m_y_vinewood_01_dual-59
0xFD377E5E	a_m_y_vinewood_03_dual-15
0xFD599426	ac16_mph_tut_mid_p1_white_wall_bounce001-10
0xFD807641	ac18_car_2_mcs_1_merged_05-7
0xFDD30693	ac1_arm_1_mcs_303-7
0xFD86499D	ac24_ah_1_ext_t6_01-0
0xFDB1DAD9	ac3_fspot_fos_ep1_p1_00-28
0xFD7B57DF	ac6_mph_hum_int_p4_white_wall_bounce001-7
0xFD25130E	adam_away_dance_l_10_v2
0xFD440034	adam_mix_idle_h_02_facial
0xFD23A64A	adam_mix_sync_a_09_hp_table
0xFDCFA160	adam_trans_away_to_mix_a_09_tumbler
0xFD4A31E1	adam_unq_chat2_a_33_tumbler
0xFDE890AF	adam_unq_chat2_a_33_v2_bottle
0xFDB4822F	adam_unq_chat3_a_37_hp_table
0xFDAF553F	agents_idle_b_steve
0xFD409FD7	ah3b_qxac
0xFD4AD809	aktualizacji
0xFD586335	albedo_alpha.sps
0xFDAEBF27	aleutian
0xFD8CD704	amb@code_human_in_car_mp_actions@drink_bottle@std@rps@base
0xFDC979E8	amb@world_human_muscle_flex@arms_at_side@idle_a
0xFD044EB7	america_is_not_1
0xFD2DD39F	anciens
0xFD7C4DDB	and_silent_cam
0xFD650AD7	anim@amb@drug_processors@coke@female_a@react_shock
0xFD82E3B7	anim@mp_corona_idles@female_a@idle_c
0xFDA0E90B	anim@mp_player_intcelebrationpaired@m_m_manly_handshake
0xFD8EE949	anim@mp_player_intin_carshadow_boxingstd@ds@
0xFD0AAC78	anim@mp_player_intincarblow_kissbodhi@rds@
0xFDFD7D73	anim@weapons@switchblade@
0xFD8083AC	anim_ac69_fos_ep1_p6_01-13
0xFDCC69A0	anim_ac70_fos_ep1_p6_00-25
0xFD215BA8	anim_ac82_fos_ep1_p6_01-14
0xFD7ADA97	anim_casino_a@amb@casino@games@insidetrack@ped_female@regular@01b@base_big_screen
0xFD274356	anim_casino_a@amb@casino@games@slots@ped_male@regular_withdrink@01a@play@v02
0xFD1B3FF7	anim_corona_oat_fos_ep1_p6_10-17
0xFDBD38B9	anim_heist@hs3f@ig10_lockbox_drill@pattern_01@lockbox_03@male@
0xFDC1AB7F	anim_oat_fos_ep1_p6_051-9
0xFD004B7A	anim_oat_fos_ep1_p6_053-5
0xFD17FE01	anim_oat_fos_ep1_p6_055-9
0xFDBE0B36	anim_oat_fos_ep1_p6_21-18
0xFDEA7A55	anim_oat_fos_ep1_p6_22-24
0xFDB72168	anim_oat_fos_ep1_p6_25-2
0xFDAC2156	anim_oat_fos_ep1_p6_25-4
0xFDD6609B	anim_oat_fos_ep1_p6_30-28
0xFD24B82B	anim_spots_oat_fos_ep1_p6_00-13
0xFD69E165	anim_spots_oat_fos_ep1_p6_04-25
0xFDDB3E41	animl_acaf
0xFDA16C52	animl_apar
0xFDFBD7F0	animl_bqac
0xFD7FBAD5	animl_dcae
0xFD19F4E2	animl_drah
0xFDEAD6E6	animl_dual
0xFD24A612	animl_ecam
0xFDB7A9C4	animl_esal
0xFDE650E9	animl_fhaa
0xFDC0F1C3	animl_fual
0xFDF69FD4	animl_gtab
0xFDA9733D	animl_gwab
0xFD8C7D7E	ansph_cjab
0xFDE2D7D1	anti-lock
0xFD504044	apa_ch2_04_armco02_lod
0xFD2244AF	apa_mp_h_tab_sidelrg_07
0xFD3064A2	apa_pri_int-42
0xFD5B72C6	apa_yacht_grp05_2
0xFD50D1F2	applyvehicledamagetoengine
0xFD40904E	ar2_czaa
0xFD9CEC40	ar2_fraa
0xFDACBB94	ar_dlc_h4_hanging_cage_metal_squeal
0xFD6ED4B4	ar_dlc_hei4_int_sub_command_beeps_03
0xFDE81647	ar_prop_ar_hoop_med_01
0xFD0415E0	ar_prop_ar_tube_4x_m
0xFDD5395E	areas
0xFD6C3EC3	arena_vehicle_mod_shop_sounds
0xFDAA3498	arm2_11
0xFDF9BB79	arm3_adad
0xFDC82F94	arm3_arab
0xFDC264DE	arm3_clab
0xFD210BE6	arm3_ctaa
0xFD93F2F6	artiste
0xFD05B1C7	ass_multi_target_call_phone
0xFD83FAF4	audiocolorhash
0xFD5A5197	avisa_exit_hatch_01r
0xFD66437B	az_dlc_h4_ih_pier_08
0xFD7DCBA4	az_dlc_xm_heist_aql_barge_paleto
0xFD0994CC	az_music_hollywood_18
0xFDA87323	az_music_korea_02
0xFD124778	ba_prop_battle_club_computer_01-18
0xFD4871AA	ba_prop_door_club_entrance-22
0xFD55ABD5	backdamping
0xFD8506AE	backup
0xFDBF5475	barr3_aoaa
0xFD172217	base_2_shotglass
0xFD7A7CD3	bb1_ayao
0xFDE733A8	bb2_axag
0xFD06A1D6	beep_to_you_too_clipboard
0xFD84CD9C	benchmarkframetimes
0xFD6D4BE3	bigscorea32
0xFD87D0D3	bikerformationout
0xFD3FAD94	bison-0
0xFD3A1616	bkr_prop_biker_tube_xs
0xFDB8A439	bkr_prop_biker_tube_xxs
0xFD6C9465	blanco
0xFD231729	blazer2
0xFD8F6AB3	bodyguard_breakout_01_bodyguard_facial
0xFD43F70F	bot_01b_bit_02-27
0xFDCD7790	bs_2b_int-4
0xFD6B8A28	c1_b
0xFDA4DFD4	cam_blowtorch_intro
0xFDEED7F2	car_1_race_cars_focus_cam
0xFDFD863D	car_2_mcs_1_merged-1
0xFD0925D6	cargoplane2-0
0xFD523375	cbdr
0xFD35B741	cbrad_dwab
0xFD1E6205	celebration_idle_m_b
0xFD1107FC	ch_p_ch_jimmy_necklace_2_s-40
0xFDB1A433	ch_prop_arcade_race_01a_screen_p1
0xFDB45EE2	ch_prop_arcade_street_01c_off-32
0xFDA12E32	ch_prop_arcade_street_01c_off-9
0xFD12B7FE	ch_prop_arcade_street_01d-1
0xFDE0A0B8	ch_prop_ch_service_door_01a
0xFDD6F59B	ch_prop_ch_tray_01a-2
0xFD2A580A	ch_prop_ch_unplugged_01a-22
0xFD07A233	ch_prop_fingerprint_scanner_01a-20
0xFDF3B9FC	ch_prop_laserdrill_01a-1
0xFDFB19F8	ch_prop_vault_painting_01g
0xFD664D5F	cham_b_player_b_face
0xFDB8F53A	chatc_abag
0xFD45E37A	chatc_boaf
0xFD50B4CA	chi2_cead
0xFD34305B	chi_1_enemies_escape
0xFD81531E	choice_int-6
0xFD065B5E	cigar_exit_cigar
0xFDF6D81D	clip_list
0xFD0522A2	cloudhat_altitude_heavy_b
0xFD0246C1	clown
0xFD91D902	club_open_p1_t01_clip2_003-52
0xFD099928	cm_trapo4
0xFDDA4B85	contro
0xFD3DF9B2	cops_response_outro_bank_clerk3
0xFDA80F7C	coquette4-41
0xFDAC3E3D	corona_oatfos_ep_1_p1_021-23
0xFD3FBFC9	cover@weapon@reloads@machinegun@mg
0xFD22E44D	cpacketsetgfxalign
0xFD2A3542	creator
0xFD6CA26E	creatures@cat@step
0xFDD07E58	creatures@chickenhawk@amb@world_chickenhawk_feeding@enter
0xFDF20936	creatures@chickenhawk@amb@world_chickenhawk_standing@enter
0xFD8F94CD	creatures@hen@amb@world_hen_pecking@enter
0xFDAF94B6	crook_p3
0xFD5DD2C0	cs3_lod_water_slod3_02
0xFD8372E7	cs_amandatownley_dual-55
0xFDC00565	cs_bradcadaver-8
0xFD8A1C48	cs_cig_smoke-28
0xFD4AC877	cs_drfriedlander_02_dual-46
0xFD025579	cs_ex3_wheel_spin-17
0xFD63C464	cs_fam4_fridge_door-44
0xFD5FB9DF	cs_franklin0_dog_drool
0xFDA1CCCB	cs_gurk_dual-10
0xFD970EB0	cs_lamardavis_02_dual-40
0xFD7FAFF3	cs_molly_dual-29
0xFDDB903C	cs_movpremf_01_dual-24
0xFDD5D3D8	cs_mrk_dual-10
0xFD7D2A5B	cs_mrs_thornhill_dual-2
0xFD2941FE	cs_nervousron_dual-50
0xFD9766F4	cs_russiandrunk_dual-64
0xFD7EE58A	cs_sol1_plane_wreck_smoke-3
0xFD5AC52A	cs_sv_yard_car_exhaust
0xFD91D31E	cs_tanisha_dual-3
0xFDE2F8B8	cs_taostranslator2_dual-44
0xFD24B766	cs_tomepsilon_dual-10
0xFDD1BEAC	csb_anita_dual-1
0xFDF4010B	csb_ary_02_dual-23
0xFDC9F3DA	csb_ary_dual-23
0xFD294A40	csb_callgirl_01_dual-0
0xFD0E910F	csb_callgirl_01_dual-31
0xFD659065	csb_chef_03_dual-43
0xFDA390D9	csb_chef_03_dual-47
0xFDCAFD06	csb_englishdave_02_dual-35
0xFDF014DD	csb_faber_02_dual-64
0xFDFB6E91	csb_helmsmanpavel_02_dual-37
0xFD1763DB	csb_jamalamir_dual-0
0xFD209EEC	csb_jamalamir_dual-40
0xFD1D2B6D	csb_jamalamir_dual-53
0xFD775AEA	csb_jio_dual-12
0xFD2D4829	csb_jodimarshall_dual-33
0xFD0D7F3F	csb_labrat_dual-3
0xFD405952	csb_mjo_02_dual-25
0xFD26E3C2	csb_moodyman_02_dual-53
0xFDD8872D	csb_mp_agent14_dual-6
0xFD81BB4A	csb_soundeng_00_dual-9
0xFD4211FA	csb_sss_dual-6
0xFD4F1AC9	csb_weiss_dual-37
0xFD9C1732	cst2_aeae
0xFDAAF2FC	cst3_araa
0xFDEEBA76	cst4_cdaa
0xFDCD579D	cst4_ebaf
0xFD3CB150	cst7_apaa
0xFD2B86F7	cst7_doar
0xFDF72D9C	customer_tutorial
0xFDD4FD78	cut_g9_mig_veh_exhaust-4
0xFDE87F76	cut_hs4f_photo_burn-0
0xFD157B0A	cut_hs4f_photo_burn-21
0xFD1CC924	cut_sec_chop_weed_drool-13
0xFD92ECC3	cut_tn_swat_van_skid_smoke-39
0xFDC087FB	cutting_loop_upper_right_corner_gascutter
0xFDFC600D	d_30_nmt_1_rcm_pt2_002-8
0xFDCA7728	d_ac11_ep_5_rcm_016-8
0xFD70AEE0	d_ac3_car_1_ext_p3_076-1
0xFDADE5E4	d_ac6_mic_2_int_p2_frank_bounce002-15
0xFD423D88	d_ac7_tunf_uni_swat_p1_t00_01-2
0xFDFCA7C5	d_to_b
0xFD864FA0	dancecrowd_li_11_hu_shimmy_laz
0xFD3CED2B	dev_network
0xFDA81922	df_go_off_road_when_avoiding
0xFD5D6D87	dh1_enac
0xFDCCE662	dh2a_djab
0xFDA050C1	dh2a_fkab
0xFD795A66	dh2b_egah
0xFDBED0E0	dixn_trns_cntr_to_lft_c_glass
0xFD67C374	dlc_mp_apa_m_jbib_20_0
0xFDEF9588	dlc_mp_apa_m_legs_12_3
0xFD35FA6B	dlc_mp_arena_f_jbib_17_10
0xFD7BFFEF	dlc_mp_arena_f_legs_7_13
0xFD7087C6	dlc_mp_arena_f_legs_8_6
0xFDE51380	dlc_mp_arena_m_berd_2_12
0xFDA57422	dlc_mp_arena_m_berd_8_11
0xFD41CD63	dlc_mp_arena_m_feet_8_0
0xFDAAD884	dlc_mp_arena_m_jbib_8_1
0xFD0656FC	dlc_mp_arena_m_legs_0_8
0xFDA86670	dlc_mp_arena_m_legs_5_14
0xFDBBA389	dlc_mp_arena_m_special_0_6
0xFDB62C60	dlc_mp_ass_m_jbib_0_1
0xFD5C8547	dlc_mp_beach_m_lowr0_1
0xFD397413	dlc_mp_bh_f_jbib_3_9
0xFD87171C	dlc_mp_bh_f_jbib_5_7
0xFDFABFF0	dlc_mp_bh_f_special_2_7
0xFD2AF67D	dlc_mp_bh_f_special_3_15
0xFD40D0F7	dlc_mp_bh_f_special_8_3
0xFD39F48D	dlc_mp_bh_m_jbib_0_10
0xFD5A3FD2	dlc_mp_biker_f_feet_3_4
0xFD81AABF	dlc_mp_biker_f_jbib_29_0
0xFD401D7E	dlc_mp_biker_f_phead_11_6
0xFD27BB61	dlc_mp_biker_f_special_0_10
0xFD5D5A76	dlc_mp_biker_f_special_16_5
0xFD0D4958	dlc_mp_biker_f_special_8_2
0xFD7210D3	dlc_mp_biker_m_berd_0_0
0xFD3617E4	dlc_mp_biker_m_special_2_16
0xFDB0F4A0	dlc_mp_biker_m_torso_20_1
0xFD3A4A9D	dlc_mp_busi2_m_legs1_0
0xFDFCCC53	dlc_mp_busi2_m_teeth2_3
0xFD4629DF	dlc_mp_busi_f_berd1_2
0xFD23771E	dlc_mp_busi_m_teeth0_6
0xFD9A7BB3	dlc_mp_exec_m_feet_1_0
0xFDFE2382	dlc_mp_fixer_f_peyes_2_7
0xFD8841E8	dlc_mp_fixer_m_jbib_8_4
0xFD776B16	dlc_mp_fixer_m_legs_0_4
0xFDDD432E	dlc_mp_fixer_m_legs_3_17
0xFDF92A57	dlc_mp_gr_f_berd_5_20
0xFDA20C94	dlc_mp_gr_f_berd_5_5
0xFD69B18F	dlc_mp_gr_f_hair_21_0
0xFD1B08E0	dlc_mp_gr_f_jbib_10_10
0xFD83B206	dlc_mp_gr_f_jbib_23_15
0xFDF0F0E2	dlc_mp_gr_f_jbib_2_5
0xFD8B9FE1	dlc_mp_gr_f_jbib_4_18
0xFD5E9C08	dlc_mp_gr_f_special_20_13
0xFDB6B1F9	dlc_mp_gr_f_special_22_14
0xFD2CED96	dlc_mp_gr_f_special_23_9
0xFDBFE378	dlc_mp_gr_f_torso_12_0
0xFDA09C97	dlc_mp_gr_f_torso_18_18
0xFD429BDF	dlc_mp_gr_f_torso_2_15
0xFDB8BFE7	dlc_mp_gr_f_torso_33_14
0xFD509E50	dlc_mp_gr_f_torso_34_1
0xFDB812C1	dlc_mp_gr_f_torso_5_19
0xFD5D0447	dlc_mp_gr_f_torso_6_5
0xFDA25654	dlc_mp_gr_m_jbib_10_14
0xFDAB634E	dlc_mp_gr_m_jbib_12_13
0xFDF65E37	dlc_mp_gr_m_jbib_13_24
0xFD25F6E9	dlc_mp_gr_m_jbib_4_7
0xFD3CF231	dlc_mp_gr_m_legs_0_18
0xFD9E5E74	dlc_mp_gr_m_legs_3_18
0xFDCCC17A	dlc_mp_gr_m_phead_0_1
0xFD270B87	dlc_mp_gr_m_special_4_15
0xFD7AE469	dlc_mp_h3_f_hand_2_6
0xFD97E035	dlc_mp_h3_f_hand_3_12
0xFDF70503	dlc_mp_h3_f_jbib_12_10
0xFDFF5C7D	dlc_mp_h3_f_jbib_3_2
0xFDC94B14	dlc_mp_h3_m_berd_0_0
0xFD4F2ED8	dlc_mp_h3_m_berd_19_3
0xFD918965	dlc_mp_h3_m_berd_1_0
0xFD1F9133	dlc_mp_h3_m_berd_9_21
0xFDD2BCD2	dlc_mp_h3_m_decl_3_2
0xFDD3576C	dlc_mp_h3_m_hand_0_10
0xFD41577F	dlc_mp_h3_m_phead_6_5
0xFD47A168	dlc_mp_h3_m_special_1_2
0xFDA59D35	dlc_mp_h4_f_hand_1_16
0xFD32DA3B	dlc_mp_h4_f_special_0_2
0xFDA8D7F5	dlc_mp_h4_f_torso_0_0
0xFDD740E9	dlc_mp_h4_m_peyes_1_0
0xFDA18641	dlc_mp_h4_m_pleft_wrist_0_1
0xFDF6FE24	dlc_mp_h4_m_teeth_14_6
0xFDB0D658	dlc_mp_heist_m_berd_17_3
0xFD40498C	dlc_mp_ie_f_jbib_10_1
0xFDE11600	dlc_mp_ie_f_jbib_10_13
0xFD52F099	dlc_mp_ie_f_torso_7_1
0xFD588E24	dlc_mp_ie_m_berd_10_10
0xFD4997C3	dlc_mp_ind_f_berd_4_1
0xFD6DB285	dlc_mp_ind_m_phead_3_0
0xFDAA0874	dlc_mp_jan_f_phead_2_7
0xFD185755	dlc_mp_jan_m_special2_10_9
0xFDBC8B56	dlc_mp_jan_m_special2_7_1
0xFDD58B6C	dlc_mp_jan_m_special2_7_7
0xFDB11879	dlc_mp_jan_m_uppr_7_4
0xFD3205CC	dlc_mp_low2_f_special_2_2
0xFD853FC4	dlc_mp_low2_m_hair1_0
0xFD94EC3B	dlc_mp_low2_m_hair2_0
0xFDB6FFA1	dlc_mp_low_m_jbib_2_0
0xFDD30252	dlc_mp_lts_m_hand_2_11
0xFD75D0B1	dlc_mp_lts_m_hand_3_4
0xFD73F618	dlc_mp_lts_m_hand_6_6
0xFD058A1E	dlc_mp_luxe2_m_teeth_20_1
0xFD886343	dlc_mp_luxe_f_teeth_21_0
0xFD803C88	dlc_mp_pilot_f_hand_5_14
0xFDE36E96	dlc_mp_pilot_m_hand_1_15
0xFD4DB5C1	dlc_mp_smug_m_phead_0_11
0xFDF427BD	dlc_mp_smug_m_phead_0_7
0xFD83C3D9	dlc_mp_smug_m_special_8_1
0xFD7BCF0E	dlc_mp_stunt_f_jbib_7_5
0xFDFC7A0E	dlc_mp_stunt_f_phead_12_0
0xFDE95419	dlc_mp_stunt_m_legs_3_14
0xFDDC17E8	dlc_mp_sum2_f_feet_3_19
0xFD6C3069	dlc_mp_sum2_f_jbib_22_17
0xFDE6825A	dlc_mp_sum2_f_legs_2_16
0xFD88D8D2	dlc_mp_sum2_f_pears_0_3
0xFD3CA52C	dlc_mp_sum2_m_hand_2_0
0xFD2BBCDA	dlc_mp_sum_f_jbib_5_4
0xFD8BBA77	dlc_mp_sum_f_jbib_7_11
0xFD9F9228	dlc_mp_sum_f_legs_1_22
0xFD02E3CB	dlc_mp_sum_f_special_2_8
0xFD129BE4	dlc_mp_sum_f_torso_0_0
0xFDD47A41	dlc_mp_sum_m_jbib_17_5
0xFDB708EC	dlc_mp_sum_m_special_1_19
0xFDA2AB04	dlc_mp_sum_m_torso_11_5
0xFDCF8B7E	dlc_mp_tuner_f_jbib_14_6
0xFD99DC23	dlc_mp_tuner_f_jbib_5_7
0xFD8AD42A	dlc_mp_tuner_m_hand_3_0
0xFD8F2E8F	dlc_mp_val2_f_legs_0_4
0xFD417730	dlc_mp_val2_m_jbib_1_5
0xFDE65CDA	dlc_mp_val2_m_phead_0_7
0xFDA96F49	dlc_mp_vwd_f_decl_1_8
0xFD5A50F8	dlc_mp_vwd_f_jbib_21_11
0xFD9573F5	dlc_mp_vwd_f_jbib_4_23
0xFDF88968	dlc_mp_vwd_f_legs_3_9
0xFDFC5EB6	dlc_mp_vwd_f_pleft_wrist_2_1
0xFDA94040	dlc_mp_vwd_m_decl_1_12
0xFDB83606	dlc_mp_vwd_m_jbib_3_22
0xFD51602F	dlc_mp_vwd_m_jbib_6_12
0xFD733DD7	dlc_mp_vwd_m_jbib_9_18
0xFD52C1E5	dlc_mp_vwd_m_phead_0_0
0xFD164065	dlc_mp_x17_f_feet_1_1
0xFD87A75F	dlc_mp_x17_f_jbib_2_0
0xFD420BBF	dlc_mp_x17_f_peyes_0_11
0xFD790CFE	dlc_mp_x17_m_berd_3_9
0xFD4705D7	dlc_mp_x17_m_jbib_8_0
0xFDA270A7	dlc_mp_x17_m_legs_2_0
0xFDE13EC4	dlc_mp_x22_f_legs_7_11
0xFD165240	dlc_mp_x22_f_peyes_3_16
0xFD232373	dlc_mp_x22_f_peyes_3_7
0xFD80694B	dlc_mp_x22_f_teeth_7_4
0xFD187D9F	dlc_mp_x22_m_berd_2_16
0xFDCF7F80	dlc_mp_x22_m_feet_10_16
0xFD7F14B0	dlc_mp_x22_m_feet_4_23
0xFD2E619F	dlc_mp_x22_m_jbib_1_12
0xFD6DB82A	dlc_mp_x22_m_legs_5_8
0xFDD7606F	dlc_mp_x22_m_phead_6_0
0xFDE95E8B	dlc_mp_x22_m_torso_8_16
0xFD307CD5	dlc_mp_x22_m_torso_9_11
0xFD4FF71F	dlc_mp_xmas2_f_phead_0_3
0xFD3B5D56	dlc_mp_xmas3_f_jbib_1_9
0xFD833F22	dlc_mpheist_lobby_fade_in_radio_scene
0xFD0F4C40	dn_ac10_maude_mcs_5_003_test-2
0xFD002926	drf_fhab
0xFDB9F1E0	drf_mic_2_cs_1-70
0xFD4F5F81	drf_mic_3_cs_2-97
0xFD0CBB9B	drinking_wine_cam
0xFDC93F24	drugs_vomit
0xFD8E4869	dt1_tc_ufo_pivot
0xFDC7DCAF	ecologico
0xFDEC39D8	elevator_descend_loop
0xFD70BE15	energia
0xFD254DD9	ent_ray_prologue_elec_crackle_sp
0xFD1B1945	ent_ray_shipwreck_wood_debris
0xFDC35F8C	enter_grill
0xFDACADB4	enus
0xFD86BF3A	eps8_ajad
0xFDC4EE2F	eps8_ayaa
0xFD24A344	es_4_rcm_p1-8
0xFD287B29	ex_p_h_acc_artwallm_03
0xFDFAFA46	exactfit
0xFD96BD9C	exil_amab
0xFD6B881D	exit_16_ball
0xFDD6E5A4	exit_1_wheel
0xFD996288	exit_ch_prop_ch_casino_button_01a
0xFD77542F	exl3_fhac
0xFDF11CD9	exp_tag_scarab_kinetic
0xFD6E2C7C	ext1_bhaa
0xFDA1FF1D	facial_r_eyesackupperinnerbulge
0xFD3DDAC7	fadealphalod2distfar0
0xFDF00B17	fam2_euac
0xFD70B89E	fam4_bjaa
0xFDFF5FE9	fam5_dwab
0xFD4E08FD	fam5_fqaa
0xFD4261C6	fam6_avac
0xFDCB9515	fam_4_int_alt1-53
0xFDCB4D29	fam_6_int_p3_t7-5
0xFD5DE934	family4_1
0xFD15F70E	family_5_yoga_mg
0xFDC60FCB	fb2_aiaa4
0xFD5AA94F	fb_jaw_002
0xFD99B611	fbi2_bmab
0xFD2044AA	fbi2_guag
0xFDF29101	fbi3_dhat
0xFD6DE823	fbi3a_bdaa
0xFD7E44D2	fbis4_apaa
0xFD703CF6	fbis4_esaa
0xFD446FFA	fbis4_gjaa
0xFD017981	fbis4_ixaa
0xFD8FEAD2	fcfj_cyaa
0xFD846E05	fcft_ctag
0xFD54FD7E	fcft_emaa
0xFD1CF51E	fcftl_crae
0xFDA36BEB	fcmf_ctad
0xFD75A74D	fcmft_cuac
0xFD799376	fcmj_cqad
0xFD4F398F	fcmj_csaf
0xFD869DB2	fctj_amal
0xFD4BB076	fd84r
0xFD7F0B32	female_dealer_reaction_good_var02_facial
0xFDA9E7ED	female_pos_b_p1_enter_lamar_strain_lighter
0xFDFE91DD	female_pos_c_lamar_strain_normal_weed
0xFD57BB9B	ff05::c
0xFD086232	fh2b_drill_start
0xFDE181DE	fh2b_explode
0xFDE8B910	fh3a_gcad
0xFDAFE566	fh3a_gwac
0xFD1A5039	fhf_csab
0xFDBC6258	fib_group_2
0xFD3D64E0	fibp2_asaa
0xFDDAAF7B	fin_c2_mcs_1
0xFD656C1A	fin_c_mcs_1-3
0xFD953E20	finc1_eqaa
0xFD0909BA	finh1_brao
0xFDE8E25C	fist_pump_a_3rd
0xFD51F8E4	fix_agy_int3-4
0xFDD1DEC2	flag_poor_car
0xFD57A904	fly
0xFD6612F7	fm_hip_m_tshirt_007
0xFD8617FD	fm_ind_m_tshirt_019
0xFDCC2E62	fmm_fkab
0xFD9E3455	fmm_kuaa
0xFD3728FB	fnfl_aiaa
0xFD132785	forcetimeout
0xFD2CCBD0	forma
0xFDD112D6	fos_ep_1_p2-2
0xFDA84362	fpmj_bsaa
0xFD478F47	fptf_acaa
0xFD4158AE	fq2-15
0xFD4D5307	freakout
0xFDC530D0	frlfe_bmaa
0xFDB719CE	frlfe_cmac
0xFDFBC811	fugitive-43
0xFDF76FB7	full_cycle_v1_foldedbox
0xFDE77F77	fullcut_cycle_v4_cokescoop
0xFDEB16ED	fusilade-22
0xFD5537DE	g_f_y_lost_01
0xFDA94268	g_m_m_armgoon_01
0xFD2B8068	g_m_m_chiboss_01_chinese_mini_01
0xFDB5D6FF	g_m_m_chicold_01_dual-1
0xFD3D69C0	g_m_m_fooliganz_01_dual-28
0xFD42B11B	g_m_y_ballasout_01_dual-3
0xFD1C49BB	g_m_y_strpunk_01
0xFDC482AA	gassed_npc_guard
0xFDD13028	gfxloader
0xFD5B95C6	grab_parachute
0xFDC002BE	granger2-28
0xFD7F775D	granger2-53
0xFDB7BBA5	grass_fur_mask.sps
0xFDBF656C	group_fireextinguisher
0xFD3D498C	gscalerange
0xFD906B85	guard_standup_gaurd
0xFD16F90D	gun_collect
0xFDB14B8E	h4_mp_h_acc_vase_flowers_04
0xFDFA7FB7	h4_p_cs_rope05x_01a-2
0xFD154673	h4_p_h4_champ_flute_s-13
0xFDDC46E1	h4_p_h4_champ_flute_s-24
0xFD2BAE57	h4_prop_club_water_bottle-9
0xFD704E41	h4_prop_h4_big_bag_02a-0
0xFD25E6A2	h4_prop_h4_casino_button_01a-13
0xFD951CEC	h4_prop_h4_door_01a-0
0xFD22B31E	h4_prop_h4_files_paper_01a-0
0xFDA44B7B	h4_prop_h4_files_paper_01a-67
0xFDEEC499	h4_prop_h4_files_paper_01b-21
0xFD5900F5	h4_prop_h4_ld_keypad_01c-2
0xFDE976BB	h4_prop_h4_t_bottle_01a-14
0xFD6D2F09	h4_prop_h4_weed_bud_02b
0xFD2A4082	h4_rig_dj_01_lights_01_c
0xFDEB454B	h4_rig_dj_04_lights_04_a_scr
0xFD790B61	harmo
0xFD88F14C	hash_a7951df1
0xFD2BEB2F	hash_fd2beb2f_bwyetadx_collision
0xFD5026E3	hash_fd5026e3_aeklfhva_collision
0xFD8BEC07	hash_fd8bec07_abqqila_collision
0xFDAE2A55	hash_fdae2a55_jmgpvqd_collision
0xFDC63627	hash_fdc63627_ccggumx_collision
0xFD037D35	hc_gunman-8
0xFDF349A0	hc_hacker_dual-16
0xFD97DBDD	hei_gta_milo_bridge
0xFDDF36DC	hei_prop_drug_statue_01-9
0xFD5FFC7E	hei_prop_heist_cash_bag_01-19
0xFDD8807C	hei_prop_heist_hook_01-9
0xFDA9BADE	hidereticule
0xFD0DC7B2	hit_loop_cashier_b
0xFDC4D54B	hold_michael_loop_fra_facial
0xFD828CAC	hood5
0xFDB55BEC	hs4f_int-42
0xFD5DA255	hud_def_desatcrunch
0xFD447F31	hunt1_bqab
0xFDD22409	hunt1_coaf
0xFD707EDE	hunter
0xFD836158	i_kill_for_you_1
0xFD86616E	iaa_int-5
0xFDD43830	idle_02_mouse
0xFD33C37C	idle_e_cigar
0xFD04FD26	ig_2_gen_warmup_01
0xFD4492DD	ig_7_right_shaft_draw_michael
0xFD9E3AB8	ig_djblamadon_p
0xFDCCF284	ig_djgeneric_01_dual-21
0xFDF6562E	ig_isldj_04_d_02
0xFDAE44FE	ig_joeminuteman_p
0xFD6A0AD7	ig_lamardavis_dual-17
0xFD418E10	ig_manuel
0xFDB071B5	ig_tracydisanto-7
0xFD7D8611	impulseairmax
0xFDCA8722	incar_phonetalk_exit_lem
0xFD6FAC3F	inidcator_rr
0xFDB4FA7E	injured_pickup_side_right_ped
0xFDA83190	input_move_ud
0xFD0F0C2C	input_next_weapon
0xFD8D64A7	input_veh_pushbike_pedal
0xFD57069D	insult_dead_ped
0xFDAD16EE	insult_ped_cop_conv07_part2
0xFD7C64AF	intro_female
0xFD6771CE	intro_shotglass
0xFD1C618E	ipqspys54c
0xFDA98320	italigtb2-8
0xFDA71054	jcu
0xFD39FABF	jh_aeaa
0xFDCDBC5C	jh_kgaa
0xFDA73F3C	jh_klaf
0xFD841B2D	jh_poaa
0xFDD36D49	jhrs_5_int_p2-1
0xFD8C0B65	jhs1_axap
0xFD20F681	jhs1_fcab
0xFDFA5404	josh3_bhab
0xFD578552	key_rbracket
0xFD35040C	lamar_1_int-5
0xFDB5DC9C	layout_low_entityxf
0xFD08CD42	leadout_franklin
0xFD42843E	lguard-6
0xFDB33159	li_dance_crowd_15_v1_vape_heel
0xFD707C4E	life_saver_v1_heeled_facial
0xFD5B6A02	light_amb_occ_mult_prop
0xFDD6ADEB	light_directional_amb_col_g
0xFD1ADE8A	loadingscreen_startup
0xFD07380D	loc_iuaa
0xFDA1BAC6	loc_jdaa
0xFD1000D2	look_ahead_vw_prop_vw_valet_01a
0xFDC022F8	look_to_left_amy_skater_01
0xFDCF403E	low_car_prop_loop_player
0xFD84E736	low_victim_ps_a
0xFDB2C93F	lowrider_to_steer
0xFD8AB35A	lux_p_champ_flute_s-8
0xFDAFF7D3	m23_1_prop_m31_crate_medical
0xFD934DE8	m23_2_int1_m232_storage_slats
0xFD129FAE	m24_1_mp2024_01_additions_carrmp_reflect_dmmy
0xFDE7962D	m24_1_prop_m41_blinds_open_01a-6
0xFDE7635B	m24_1_prop_m41_candypile_01a-41
0xFD2A8642	m24_1_prop_m41_plant_01a-45
0xFD193F8B	m25_1_prop_cs_script_dlc_vehlp-35
0xFD7FB5A6	m25_2_int_01_r_cig_shelving_02
0xFD92CB62	m25_2_int_01_vent_011
0xFDEFB80E	m25_2_prop_m52_diningchair_01a
0xFDCC6841	m25_2_prop_m52_door_front_door-48
0xFDFF1D0D	m25_2_prop_m52_sofa_round_01a
0xFDC5F747	male_eastsa_r2pvg
0xFDD0D0CA	male_pos_a_trans_p1_weed_to_p1_lighter
0xFD1F5CA5	male_pos_b_trans_p1_weed_to_p1_normal_weed
0xFDDF30B5	maquinaria
0xFDA46E94	marina
0xFD29A494	match
0xFDB5FECC	mch3_dgab
0xFD5A244A	melee@unarmed@streamed_core
0xFD12C2F4	met1_cuaa
0xFD03108E	met1_deab
0xFD4AE069	met1_diac
0xFD4880D3	met1_dzab
0xFD116B9A	metal_detector_small_guns
0xFDF6E1CB	metro_tsidex
0xFD00CC4B	mgps_elae
0xFD868007	mgsr_stop
0xFD1F0E59	mh_l_shortsback
0xFD6D5C42	mi_2_spline_2
0xFD3256DC	mi_to_hi_m04
0xFD92BD01	mic3_steve_shot
0xFDA30A8A	mifl_akaf
0xFD508ABA	military_convoy_hijack_sounds
0xFD2AFFB7	min2_ahaa
0xFDD8AFA0	min2_axaa
0xFD488EE8	min2_bpac
0xFDD814FF	min2_bwae
0xFD306DF8	minigameendmichael
0xFD90E687	missmartin1@switch
0xFD6A60D0	mk_019
0xFD12CAAD	mmb_1_rcm-20
0xFD21842F	mo_gfx_5o4
0xFDCF0D67	moodm_deck_mg_23_bag
0xFD8C2CA8	moodm_mic_u_06_bag
0xFD5D5870	moodm_trans_dance_to_deck_mb_03_lp_right
0xFD54257D	move_m@bail_bond
0xFDDF4D09	mp_biker_tee_028_f
0xFD0B9BEB	mp_biker_tee_031_m
0xFDE9AC37	mp_celeb_win_out
0xFD3A2233	mp_exec_prizes_015_f
0xFD133A5A	mp_f_bikerdlc_01
0xFD7A6A69	mp_fm_branding_015
0xFDF0FADA	mp_gunrunning_award_017_f
0xFD3E1F63	mp_gunrunning_tattoo_022_m
0xFD28A7D6	mp_heist4_tee_031_m
0xFD39DE23	mp_heist4_tee_063_f
0xFD25A925	mp_luxe_tat_009_f
0xFD40902A	mp_m_freemode_01/uppr_diff_015_c_uni
0xFDCF5701	mp_m_waremech_01_dual-11
0xFDD1CCA3	mp_m_weapwork_01_dual-15
0xFDA4FE2D	mp_m_weapwork_01_dual-29
0xFD0A9BB5	mp_mp_biker_tat_050_f
0xFD930DA3	mp_security_tat_024_f
0xFD99E95D	mp_sum2_tat_036_f
0xFD101FD4	mp_tuner_hair_000_f
0xFD44AFEB	mp_vinewood_tat_010_f
0xFDB7EA07	mp_xmas2_m_tat_007
0xFD23E7FF	mp_xmas2_m_tat_017
0xFD3E5539	mpcas3_mcs1-34
0xFD3666E8	mpct_awaa
0xFDCC024B	mpct_jeaa
0xFD4764B8	mpct_leaa
0xFD68EA8C	mpct_mnaa
0xFDF1DF68	mpdlc_anab
0xFD2683B3	mph_tut_int-9
0xFD39B4ED	mpsubmarinesonarstation
0xFDAB5DE4	mpsum_tee_021_f
0xFDE22997	mule-2
0xFD6E7A6B	mutes_radio_scene
0xFD8EB611	muz_minigun
0xFD3628FE	n_20_trvram_1_0003-4
0xFD9DB5AE	n_ac11_ep_5_rcm_007-4
0xFD0FDEB3	n_ac18_ep_6_rcm_005-1
0xFD501502	n_ac1_fra_2_ext_p3_04-22
0xFDAEBF5F	n_ac2_ep_8_rcm_203-2
0xFDE093D7	n_ac2_tunf_drp_bag_p1a1_t00_01-3
0xFDFF555F	n_ac3_hs4f_drp_off_p1_t02_01-0
0xFDC00303	n_ac3_ped_hs4_scp_airs_p2_t07_00-29
0xFD88B7D4	n_ac4_arm_1_mcs_2_1-0
0xFDC5B40B	n_ac7_jh2_fina_mcs4_a1a2_01-2
0xFDFD69A7	naoliwionego
0xFD456786	new_type2_02
0xFDED3007	nme_away_sync_b_20_hp_neck
0xFD96EE0C	nme_unq_chat_d_11_hp_table
0xFD592939	nmt_1_rcm-0
0xFD16E519	normal_spec_detail_dpm_vertdecal_tnt.sps
0xFD4F24E9	nv_colorhighlum_b
0xFD851D9E	oat_fos_ep_1_p1_039-26
0xFDF97330	oddjobs@assassinate@vice@park
0xFD759C89	ojas_mfaa
0xFD347300	operate_01_gr_prop_gr_vertmill_01c
0xFDAAAA73	operate_04_amy_skater_01
0xFDA9EEC6	oristiff
0xFD267CCE	outcome_chillin
0xFDE71294	p/9sth
0xFD4EF468	p_cs_beachtowel_01_s-42
0xFDCC29DA	p_cs_pour_tube_s-15
0xFDA2D1E3	p_cs_sack_01_s-29
0xFD4CFF17	p_cs_sack_01_s-9
0xFD020275	p_ilev_p_easychair_s-105
0xFD8318A7	p_ilev_p_easychair_s-63
0xFD441EB9	p_ing_coffeecup_02-16
0xFDEDBFB0	p_ing_microphonel_01-4
0xFDC19E59	p_michael_scuba_tank_s-29
0xFD113B10	p_stinger_s_idle_undeployed
0xFD641C0D	p_syringe_01_s-4
0xFD273E20	p_tumbler_01_s-56
0xFD9D79E4	p_tumbler_01_trev_s-28
0xFD1D45F9	p_whiskey_notop_empty-37
0xFDDF9429	p_wine_glass_s
0xFD93EB15	pad_start
0xFD266788	pamela_ig_1_p14_yourheretoseestars_4
0xFD37FE3C	pap4_avaj
0xFD9CB947	patriot-limousine
0xFDF2BBF5	ped.lod.distance.high
0xFDE7F2F9	ped_wade_sand_wet
0xFDA76A88	phone_conv3_chat1
0xFD558046	pickup_90_l_bin_bag
0xFDEE8368	pickup_vehicle_health_standard_low_glow
0xFD9CAEDE	pickup_weapon_knuckle
0xFD16169E	pickup_weapon_stungun
0xFD5D462E	pilota
0xFD91D2D9	place_object
0xFD1A41CC	player_zero_dual-39
0xFDFD31EB	plyr_rear_takedown_bat_r_facehit
0xFD5F59F4	pm_pane_news
0xFD2974E7	pmpla_agab
0xFDEFAEC3	policeb
0xFDAAC68A	pool_your_break
0xFD4B311A	poor
0xFD040FA1	pose_e_idle_e_headphones
0xFDD3E800	pose_sulk_1
0xFDFF66ED	postfx_tonemap_filmic_exposure_dark
0xFD011DA6	precisione
0xFD0F0D85	prendre
0xFDDC9FDD	privilege
0xFD99426B	pro_bjac
0xFDC2C9F4	proj_indep_firework
0xFDF60C96	proj_xm_thruster_rpg_trail
0xFD6C9F0F	prop_barbell_60kg
0xFD33272B	prop_burto_gate_01-12
0xFD0751E4	prop_casey_sec_id-0
0xFD8DC6E8	prop_cctv_cont_05
0xFD9E361C	prop_ceramic_jug_01-17
0xFD595B36	prop_ch1_07_door_01l
0xFDB6D2BD	prop_champ_jer_01a-51
0xFD237D32	prop_cs_box_clothes-20
0xFDD00A53	prop_cs_fridge-12
0xFDB8595B	prop_cs_milk_01-17
0xFD1CE943	prop_cs_pebble_02-1
0xFD588E67	prop_cs_trowel-15
0xFDA917FC	prop_curl_bar_01-2
0xFD531F0C	prop_dock_woodpole4
0xFD26B232	prop_dress_disp_04
0xFD7A813A	prop_epsilon_door_r
0xFD693FFE	prop_facgate_05_r
0xFDBEB5B0	prop_fnccorgm_05a
0xFD8A3806	prop_fridge_01
0xFD3D779F	prop_gas_tank_02a
0xFD39F1EF	prop_golf_bag_01b-17
0xFDBEA6E8	prop_golf_bag_01c
0xFD4B5CEE	prop_golf_ball_tee-20
0xFD17C503	prop_headset_01-1
0xFDCC6B19	prop_idol_case_02
0xFD3A6691	prop_jewel_02a
0xFD69624B	prop_ld_cable_tie_01-16
0xFD0D0427	prop_ld_dstpillar_05
0xFDEB82CF	prop_ld_purse_01
0xFD8BB397	prop_log_ae
0xFDC8BCF7	prop_logpile_01
0xFDE66EA8	prop_monitor_w_large-16
0xFD710BE1	prop_paint_brush02
0xFD8C02BA	prop_pap_camera_01-11
0xFD0C5F03	prop_phone_cs_frank-35
0xFD759944	prop_phone_ing_03-17
0xFDFDC725	prop_phone_overlay_anim-70
0xFD6166A5	prop_plant_paradise_b
0xFD17BD49	prop_pylon_01
0xFD692507	prop_scourer_01-27
0xFD21DCEF	prop_skunk_bush_01
0xFD165557	prop_sm_locker_door
0xFD743843	prop_table_07-3
0xFD389C44	prop_table_08_side
0xFD9297BC	prop_table_para_comb_03
0xFD8E9B72	prop_tool_broom-18
0xFD2BA956	prop_tool_screwdvr01-40
0xFDFA5462	prop_torture_01-14
0xFDE7F582	prop_tumbler_01_empty-9
0xFD0B2398	propr_aiae
0xFDC1626A	prs_jsaa
0xFD2FF759	prs_kdaa
0xFD0D91D3	prs_qsaa
0xFD091B73	ptrx_idle_d_q_l_05_beer_can
0xFDBEFCCF	ptrx_idle_d_q_r_18_headphones_hp_head
0xFD3B9200	ptrx_idle_f_q_r_27_headphones_hp_table
0xFDF288CA	ptrx_trans_h_mix_to_q_l_08_headphones_pu_beer_can
0xFDFF23B0	pull_spin_a
0xFD294C10	queste
0xFD8575E8	rampa_away_idle_d_07_s_glass_02
0xFD69673D	rampa_away_sync_b_22_v2_s_glass_03
0xFD4E745C	rampa_mixsway_idle_a_01_s_glass_01
0xFDB891BB	rampa_mixsway_idle_d_04_s_glass_03
0xFD234A4C	rampa_mixsway_sync_b_11_s_glass_01
0xFDD09A4B	rampa_mixsway_sync_c_13_hp_table
0xFDF89C9B	rampa_trans_away_to_cuedgrab_a_05_v2_t_bottle
0xFD4A5612	rampa_trans_cue_to_mixsway_a_12_s_glass_03
0xFDC3DCF4	rampa_trans_cuedance_to_cuehpgrab_b_04_facial
0xFDD382C1	rampa_trans_cuehpgrab_to_cue_a_11_hp_head
0xFDD1D9FD	rampa_trans_mix_to_mixhpdown_a_05_v2_s_glass_03
0xFDBFA187	rampa_unq_shots_b_66_s_glass_03
0xFD6B17F0	rampa_unq_sync_d_26_hp_head
0xFDACEF68	rampa_unq_sync_f_67_s_glass_01
0xFD4BEB00	random@atm_robbery@return_wallet_female
0xFD789D08	rapide
0xFD70FB60	rbh2a_mqac
0xFDA1FF7E	react_big_variations_j
0xFDE8D6D9	reaction@flee@walk@m@intro
0xFDB88CE9	reaction@male_stand@big_variations@exit
0xFDC418DA	ready_up_no_bet_loop_seat2_facial
0xFD5520AC	really
0xFD18ED58	receive
0xFDA06E65	recover_down_to_idle
0xFD1E146C	redr2_craa
0xFD888D27	reh_int3_shell_warehouse_l
0xFDB339F8	reh_prop_reh_folder_01b-63
0xFDAAA694	rehh2_beaa
0xFD661BD5	reject_02_amy_skater_01
0xFD39CB9D	reject_02_gr_prop_gr_lathe_01a
0xFD72BE20	reload_aim_l
0xFD3C9685	removefromstore
0xFDA4AD1D	repap_fiaa
0xFD268FF9	rohrbombe
0xFDAC8E75	round_passed
0xFDD1679E	rurs1_cnas
0xFD978051	s_f_y_airhostess_01-1
0xFDB51C2A	s_m_m_janitor-0
0xFD7A0911	s_m_m_studioassist_02_dual-28
0xFDE81A4B	s_m_y_baywatch_01-18
0xFD341AA5	s_m_y_baywatch_01-8
0xFD62FE2C	salvation_comes_at_a_price_2
0xFDBFA777	scr_agency3b_elec_box
0xFD28328F	scr_as_trap_zone_rectangle
0xFD066119	scr_fbi3_elec_sparks
0xFDA04D8A	scr_fbi_shaft_falling_debris
0xFD66C132	scr_finale_michael_face
0xFD42CCC6	scr_man_surv_food_impact
0xFD19CCFD	scr_pts_flush
0xFD4D7E96	scr_sm_trans_smoke
0xFD433834	scr_xt_trip_rabbit_death
0xFDB43265	sdddrh
0xFD2A8934	se_ba_dlc_int_01_main_area_2
0xFDDACB17	seen.
0xFDA353B8	semtex_c_ig8_vault_explosive_enter
0xFDF2AE35	seoul
0xFDBD7492	serve_idle_01
0xFD07FFB3	services
0xFD24C071	set_sign_up_submit_disabled
0xFD37AA35	set_welcome_tab
0xFD81D8E3	setinvisibleafterfadeout
0xFDCCA197	sf_mp_h_acc_vase_flowers_03
0xFDFE90CC	sf_prop_sf_bag_weed_open_01a-30
0xFDC05AC1	sf_prop_sf_door_stat_r_01a-39
0xFD4F66A7	sf_prop_sf_golf_bag_01b-0
0xFD00F336	sf_prop_sf_golf_bag_01b-39
0xFDBEC394	sf_prop_sf_keyboard_01a-58
0xFDE53B4B	sf_prop_sf_laptop_01a-20
0xFDBEE925	sf_prop_sf_mic_rec_01a-19
0xFDCF6A24	sf_prop_sf_monitor_stu_01a-0
0xFDE56221	sf_prop_sf_music_stand_01a-19
0xFD89A9F7	sf_prop_sf_offchair_exec_01a-13
0xFD8B206F	sf_prop_sf_phone_01a-69
0xFDE4C557	sf_prop_sf_s_scrn_01a-26
0xFD0B35B5	sf_prop_sf_track_mouse_01a-19
0xFD18E05C	shapetestasyncsched
0xFD30C907	shit_where_was_it_v2_cam
0xFDF15255	shop_steal
0xFD9B064A	shower_towel_dry_to_get_dressed_door
0xFDA4344B	signedhash
0xFDB872A1	sit_sofa_d
0xFDCFDB21	sitting_on_car_bonnet_exit_car
0xFD1CAC3B	skejter
0xFD9927E3	slmn1_aqaa
0xFDE0E628	sm_prop_smug_cctv_mon_01-38
0xFD0CDFAE	sm_prop_smug_crate_s_bones
0xFD780364	sm_prop_smug_speaker-70
0xFD7E122B	snajperski
0xFD5D8BA6	soft_two
0xFDC4F432	sol1_bbaa
0xFD9CE774	sol_dance_d_headphones
0xFDFDA87D	sol_idle_rt_a_sol_face
0xFD3263AF	soldix_out_bmad_in_bg_female3
0xFDF8947A	sp_f_eyes_3_6
0xFD48DCBE	sp_f_jbib_14_1
0xFDADC33C	sp_f_jbib_4_5
0xFD1E5A28	sp_f_lowr_8_7
0xFDB0BEFD	sp_m_accs_11_11
0xFDCE64CF	sp_m_accs_5_3
0xFD0BBC32	sp_m_eyes_3_5
0xFDB69203	sp_m_hair_10_1
0xFDE89944	sp_m_head_35_0
0xFDC3A0E1	sp_m_head_7_1
0xFDAEE967	sp_m_jbib_1_8
0xFD3EE001	sp_m_jbib_5_10
0xFDAD818A	sp_sum2_hal_rider_death_trail_orange
0xFD2E833B	special_ped@clinton@monologue_2@monologue_2b
0xFD1C1AA3	special_ped@mani@monologue_2@monologue_2f
0xFDFDD69C	spectatingbit
0xFD546A18	speedo5
0xFD73E796	spinedamping
0xFD10A1CD	spots_oatfos_ep_1_p1_003-18
0xFD8730B5	spray_left_mid
0xFD10DB3C	stand_male_b_idle_d
0xFDB05B98	statenumvalue
0xFDE167BA	static_react_right
0xFD1BA14C	steer_no_lean_low_lowdoor
0xFD900447	strip_announce_infernus
0xFD6AD311	submarine_enter_cam
0xFDCA61FE	sum24_office_int-45
0xFD1FF885	sum24_office_int-53
0xFD8EE731	surge-18
0xFDCFC671	suspension_rm
0xFD3A6C8E	suspensionforce
0xFD8FCE09	switch@michael@cafe
0xFD45D9E3	switch@michael@ronex_ig_5_p2
0xFDE28BA1	t1m4_beaa
0xFDD39DB8	taking_a_hit
0xFD1D42EF	tale_out_bmad_in_mm_face
0xFDE594A4	tale_out_soldix_in_bg_male1
0xFD517CE3	task_aim_gun_scripted_with_target
0xFDD9E00A	tblr
0xFD51E359	terrain_cb_w_4lyr_spec_int
0xFDDB4D13	the_woogie_facial
0xFD81455B	timetable@reunited@ig_10
0xFDD796CF	tintpaletteselector
0xFD122591	tm44_euaa
0xFD3063AF	tornado-0
0xFD03135A	tou_idle_open_c_headphonescc
0xFDA71ACB	tow_arm_mesh
0xFDABFB66	tr2_adab
0xFD153D3F	tr_prop_tr_coke_powder_01a-6
0xFD36AD85	trail_splash_petrol
0xFD1A7BB2	traje
0xFD6644E2	trevor_1_drive_to_bikers
0xFD49DB29	trevor_2_shootout
0xFD511955	trevor_drive_int-17
0xFDC8955E	tribike-14
0xFDA9BE8B	trv3_dhab
0xFD0A58E6	tun_meet_int-46
0xFD67E2C2	tunf_uni_vlt
0xFDAC7AC9	tut_cam
0xFDABC37F	txm1_flab
0xFDCF78B1	txm1_gaaa
0xFD3C1A55	txm2_evaa
0xFDAA3698	txm6_cuaa
0xFD746397	u_f_m_debbie_01_dual-5
0xFDEA3EBD	u_m_y_tattoo_01_dual-4
0xFD54D872	uiwidget
0xFD9319D1	unload_rh_02_gr_prop_gr_drillcage_01a
0xFDD9EEE4	uuzlrx
0xFDD98302	v4pmoo
0xFD4F2E66	v_11_abbdoorstop
0xFD811CA5	v_16_mid_bed_delta
0xFD78EBCE	v_34_proclights2
0xFD84BE7E	v_73_ao_5_a
0xFD7C748D	v_74_fib_embb030
0xFD6AB5D4	v_74_vfx_it3_010
0xFD61AECA	v_ilev_fh_bedrmdoor-36
0xFDEE33DF	v_ilev_mm_fridge_l-34
0xFDE3B8EA	v_ilev_mm_screen2-12
0xFDC7BA1D	v_ilev_rc_door2-69
0xFD9EC237	v_ilev_sol_off_door01-8
0xFDF4DEAF	v_ind_ss_chair2-29
0xFD143A71	v_ind_ss_materiala
0xFDFD0D39	v_med_cor_medstool-3
0xFDE2D663	v_res_fridgemoda
0xFDB000EC	v_ret_247_lotterysign
0xFD10F578	v_ret_fh_dryer
0xFD52410C	v_ret_gc_bin
0xFD128DFD	vamos
0xFD68C4DA	veh@bicycle@bmx@front@ps
0xFD29DD9A	veh@boat@marquis@ds@enter_exit
0xFDA98FC7	veh@bus@passenger@common@base
0xFD2CBC04	veh@bus@pbus@rps1@enter_exit
0xFD7C7289	veh@drivebyheli@frogger@rear_ps
0xFDA21389	veh@drivebyvan_ps_restricted
0xFDA1B129	veh@std@rds@music@motownbase
0xFDD9FB14	veh_xm_strom_underwater_trail-1
0xFD939D57	vehicle.lights.sunrise
0xFDC68CCE	velocitybased
0xFD9AE467	vergoldeten
0xFD2AD96B	vertically
0xFD21DCD8	veui_fps_sixty
0xFD9B23E2	vfx_it2_30
0xFD3BAD2B	vw_prop_cas_card_dia_02
0xFDDD1EEF	vw_prop_casino_slot_06b_reels
0xFD59F465	vw_prop_miniature_yacht_01c
0xFDDAEBBA	vw_prop_vw_coin_01a-42
0xFDFA7565	vw_prop_vw_player_01a-8
0xFD6DE562	vw_prop_vw_wallart_174a
0xFDECAF1D	vw_prop_vw_wallart_19a
0xFDAAFA00	vw_prop_vw_wallart_35a
0xFDB784D6	w_ar_carbinerifle-35
0xFDF90841	w_ar_carbinerifle_mag1-76
0xFD39EE06	w_at_muzzle_5
0xFD3D1A4F	w_at_smgmk2_camo10
0xFDB58FA7	w_me_switchblade-57
0xFD58B2B0	w_sr_heavysniper-29
0xFD772E59	wade_sit_couch
0xFDDF46FB	wait_in_elevator_cam
0xFDC292EE	waive_b_lamar
0xFDBD41A6	walk_cam
0xFD16441E	water_reflection_lod_range_slod1_end
0xFD8DDA81	water_refmap_verylow
0xFDF86EB8	waterboard_idle_hand_r
0xFDBADCED	weapon_digiscanner
0xFDBC8A50	weapon_smokegrenade
0xFD36D4FE	weapons@first_person@aim_rng@generic@sniper_rifle@heavy_sniper@
0xFDDF102F	weapons@first_person@aim_scope@p_m_zero@pistol@shared@aim_trans@scope_to_rng
0xFD646B5E	weed_bfae
0xFDE1122A	weed_stand_checkingleaves_idle_03_inspector
0xFD408D92	wheeltype
0xFDE32711	window_lm4
0xFD61C25E	windsor2-28
0xFDC3D00B	wine_window_part_one_facial
0xFD5DEA0F	wpn_musket
0xFD1706F2	xm24_factory_int-57
0xFD03D6AC	xm25_avi6_shutters_mcs2b-10
0xFDB6D667	xm25_avi6_shutters_mcs2c-13
0xFDEE5355	xm3_int3_hut_graf_em0055
0xFD6A83FE	xm3_prop_xm3_bottle_pills_01a-40
0xFDDA2B24	xm3_prop_xm3_pineapple_01a-14
0xFDBCAD6C	xm3_prop_xm3_rub_matress_01a-62
0xFDDD9500	xm4_cbr_vin_int-52
0xFDC1C260	xm4_yard_int-2
0xFD2759AF	xm_prop_base_computer_04
0xFD30D3CD	xm_prop_x17_add_door_01-8
0xFD0F3727	xm_prop_x17_laptop_agent14_01-5
0xFDD0DCC4	xm_prop_x17_laptop_lester_01-11
0xFD2C60D8	xm_prop_x17_sub_alarm_lamp
0xFDA253E2	xs_arena_vip_vip_room
0xFD8CB44B	xs_prop_arena_champ_open-32
0xFD5601DD	xs_prop_arena_pit_fire_01a_sf
0xFD67FC9D	xs_prop_arena_stickynote_01a-11
0xFD419FD0	xs_prop_x18_garagedoor01-26
0xFDF2849E	xs_prop_x18_prop_welder_01a
0xFD8F804C	yosemite2-19
0xFD11B3F2	z3rd
0xFD3F6CF4	zh
0xFD0967D4	zone_torso
