0xFEE9BAFD	001510_02_gc_mics3_ig_1_exit_amanda_facial
0xFE829993	09:00
0xFE329CF2	12pm.
0xFEA756DA	137.1
0xFEAE80F3	229.1
0xFEE754F9	2b_leadout_mic
0xFE56D05C	55_sandking2_modkit
0xFE60F934	562_terminus_modkit
0xFEE3E0AE	69bd45
0xFE5D9C1B	6p.xc
0xFE9D352D	:_:i@q
0xFEB6736B	@:_
0xFED1F36E	@:z
0xFEE71108	__w64
0xFE8F4643	_leadin_loop_heist_bag
0xFECD429E	a_c_chimp_dual-4
0xFE22168C	a_f_o_genstreet_01_dual-25
0xFE71F4A7	a_f_o_genstreet_01_dual-66
0xFEF4F729	a_f_o_genstreet_01_dual-70
0xFEE0CC80	a_f_y_beach_02_p
0xFE0234E9	a_f_y_gencaspat_01_dual-18
0xFE48B890	a_f_y_genhot_01_dual-49
0xFEEFC388	a_f_y_studioparty_01_dual-5
0xFEC65197	a_f_y_tourist_01-10
0xFE219FE4	a_m_m_genfat_01_dual-16
0xFEA45060	a_m_y_beachvesp_01-1
0xFEFF6FF0	a_m_y_cyclist_01-8
0xFE089E23	a_m_y_genstreet_01_dual-9
0xFE0016D7	a_m_y_musclbeac_01-43
0xFE5986CC	a_m_y_runner_01-11
0xFE20BDF8	a_m_y_stbla_01_dual-8
0xFEDEC4E4	a_m_y_vinewood_03_p
0xFE7B77D9	abcuql5v19
0xFE6CB000	ac18_ped_paper_1_rcm_alt1_013-9
0xFE9FB57B	ac3_tonya_mcs_3_003-1
0xFEF51E84	ac42_fam_6_int_p3_t7_002-23
0xFE006FDB	action_03_dj_deck
0xFE2D2602	action_a_bedroom
0xFEC0319A	action_heeled_facial
0xFEEC898D	adam_away_dance_c_31_v2_hp_table
0xFE957FF2	adam_away_idle_m_15
0xFE495EA1	adam_bch_unq_sync3_c_22
0xFE380E73	agency_heist_fib_tower_alarms_upper_b
0xFEBE4B7B	ah1_stop
0xFEA1D3EB	ah3b_axaa
0xFEEA4DA6	ah3b_csak
0xFE09D18C	ah_3a_backdraft
0xFEEE906C	amb@prop_human_seat_chair@female@proper@react_cowering
0xFE017E6D	amb@prop_human_seat_chair@male@generic_skinny@react_flee
0xFEBFFBFD	amb@world_human_bum_slumped@male@laying_on_right_side@idle_a
0xFE586595	amb@world_human_sunbathe@female@back@exit
0xFE2C2482	ambclub_06_mi_hi_base_v2_laz
0xFEDA7D30	ammo_sniper_remote
0xFED8CCB1	andy_ig_1_p4_gonnadrowninfire_3
0xFE205894	angeblich
0xFEC7B846	anim@amb@carmeet@checkout_car@female_c@trans
0xFE929151	anim@amb@carmeet@checkout_engine@female_a@trans
0xFE4426AC	anim@amb@drug_processors@coke@female_a@base
0xFEE1FEB1	anim@amb@nightclub@mini@dance@dance_paired@dance_b@
0xFEAB0E20	anim@amb@range@weapon_test@
0xFE70432F	anim@heists@team_respawn@pacific
0xFE590014	anim@move_m@dancing@var@
0xFED46E91	anim@mp_corona_idles@male_c@idle_a
0xFE0A0373	anim@mp_player_intin_carcry_babybodhi@ds@
0xFE31A752	anim@mp_player_intin_carmind_blownbodhi@ds@
0xFECC7BD8	anim@mp_player_intincarface_palmstd@rds@
0xFE2BCAA0	anim@veh@small_trailer@rds@enter_exit
0xFE2AA91B	anim@veh@technical@rps@enter_exit
0xFEC9A93B	anim@veh@valkyrie@rds@enter_exit_front
0xFEC6B7F8	anim_ac2_fos_ep_2_p3_00-20
0xFE49FB70	anim_ac2_fos_ep_2_p3_01-22
0xFE9BBE4B	anim_ac53_fos_ep1_p6_01-8
0xFE67C047	anim_ac61_fos_ep1_p6_00-2
0xFE8F0AB5	anim_ac70_fos_ep1_p6_01-10
0xFE2F1F1E	anim_ac77_fos_ep1_p6_02-16
0xFE675E4C	anim_ac82_fos_ep1_p6_01-10
0xFE9C108B	anim_ac83_fos_ep1_p6_00-3
0xFE8DA775	anim_casino_a@amb@casino@games@spectate@cardtable@ped_male@stand@02a@idles
0xFE82B9CF	anim_casino_b@amb@casino@games@threecardpoker@ped_male@regular_withdrink@01b@play@v02
0xFE7A52C9	anim_corona_oat_fos_ep1_p6_10-35
0xFE672004	anim_corona_oat_fos_ep1_p6_12-13
0xFE1CDE2A	anim_corona_oat_fos_ep1_p6_17-20
0xFECAD353	anim_corona_oat_fos_ep1_p6_17-8
0xFE0D7716	anim_heist@arcade_property@mission_start@west_vinewood@exit_02@shared@
0xFE580D9B	anim_oat_fos_ep1_p6_03-30
0xFEC72CDE	anim_oat_fos_ep1_p6_036-10
0xFEFB5B0F	anim_oat_fos_ep1_p6_043-8
0xFE35A72D	anim_oat_fos_ep1_p6_051-28
0xFE176B47	anim_oat_fos_ep1_p6_053-14
0xFECAD755	anim_oat_fos_ep1_p6_18-25
0xFEB79085	anim_oat_fos_ep1_p6_21-22
0xFE15798B	anim_oat_fos_ep1_p6_22-15
0xFEC8CFA2	anim_oat_fos_ep1_p6_26-24
0xFE12F096	anim_spots_oat_fos_ep1_p6_03-33
0xFE2C4457	animl_avaf
0xFEE945C1	animl_aval
0xFE832594	animl_ffac
0xFEF69AD0	animl_gban
0xFE5CBF6F	animl_glai
0xFE9983D6	antialiastype
0xFE2CFF0A	apa_nar_int-10
0xFE20371C	apa_p_mp_door_apartfrt_door-41
0xFE0412A6	applyhudcolour
0xFEFB21DD	ar2_apaa
0xFEED9B62	ar_birds_goldfinches_day
0xFEFF02CF	ar_club_music_13
0xFED3595C	ar_dlc_hei4_int_sub_main_hatch_drip_00
0xFEFE2847	ar_dlc_xm_tunnel_fan_01_03
0xFE844EAD	ar_m24_1_acc_control_room_01_console_04
0xFEFF5CFC	arm1_byaa
0xFE19B64D	arm1_dwab
0xFEA432CF	arm3_acai
0xFEA696A3	arm3_speed
0xFE324DE9	arm_2_get_to_the_car
0xFE5FC621	arm_3_ram_dealership
0xFE66C2D8	armenian_2_int-2
0xFE141287	arms_erae
0xFE511B24	arms_hyab
0xFE468DCF	arrest_fallback_high_cop
0xFE2977D7	ask_you_a_question_0
0xFEA7DA7C	ass1_alert
0xFE19A48E	az_harmony_trailer_01
0xFE5AA2AA	az_music_beverly_hills_12
0xFE39C773	ba_prop_battle_club_computer_01-34
0xFEC81293	ba_prop_battle_dj_mixer_01c
0xFE0FB019	ba_prop_battle_glowstick_01-13
0xFEB26108	ba_prop_battle_sniffing_pipe-38
0xFE13DC34	background
0xFEE68B09	baller2-7
0xFE6CF39C	bar3a_ayaf
0xFECA4280	bar_drink_female_a_idle_d
0xFEED65B4	bar_hangout_male_a_idle_b
0xFE884DA3	base_idle_guage_monitor
0xFE84F7D8	bauarbeiter
0xFE7FD221	bb3_ahaa
0xFE956D73	bb4_asak
0xFEBF11E3	bet_plus_card_b
0xFE2162B7	bh1_16_refurb
0xFEFD644F	bison
0xFEC46610	bkr_prop_fakeid_penclipboard-41
0xFE313221	blacknwhite
0xFE07B97B	bmad_out_soldix_in_b_blamadon
0xFEBF6DF0	bmad_out_tale_in_a_glass_mm
0xFECDF1DD	bmx-33
0xFE52943D	body_fall_dive_water_master
0xFE0A508C	bombushka
0xFE206338	bs2b_cvaa
0xFE260F11	bsprp_baaa
0xFEB77C6E	busto_bfah
0xFEBC7EFB	buy_arcade
0xFE92D732	caddy-17
0xFE2515CB	caddy-4
0xFE9CD31A	caddy-55
0xFEA4FFE2	cam_alternate_gas_tanker_explosion_outro
0xFEC7A2F4	car_wash_scene
0xFEE35AAC	casino_walla
0xFE96510C	casted.
0xFEF4DCC7	cayoundeaddj
0xFED419B3	cbrad_dpaf
0xFE3D0AAC	cbrad_ecac
0xFE68CFDE	celebrate_b
0xFE33FCE0	ch_prop_arc_love_btn_sizz
0xFE642EA8	ch_prop_arcade_street_01a-4
0xFE4909A3	ch_prop_arcade_street_01b_off-22
0xFE4E7DC2	ch_prop_ch_wallart_08a
0xFE9D9F63	ch_prop_fingerprint_scanner_01a-13
0xFE0DAF0A	ch_prop_whiteboard_04-1
0xFEB838CF	champagne_c_flute
0xFE21DC79	chatc_beah
0xFE29EA56	chatc_bkah
0xFE8FCC63	chatc_bxaj
0xFEB2217A	chatc_ceac
0xFEA1A407	chatc_cgad
0xFE947FE0	chi2_dgah
0xFEE7B5D6	chute_idle_lookleft
0xFEFF3FB6	clear_all
0xFEF0FE1C	cloth_bvac
0xFE0A5752	club_open_p1_t01_clip2_001-6
0xFE7A8F9D	clue_complete_shard
0xFE038C41	coke_cut_v5_creditcard
0xFEC03B8C	colorlowlum
0xFE52F6C1	come.
0xFEBE847D	command.
0xFEB16820	compile
0xFE668B3F	component_marksmanrifle_mk2_camo_04
0xFED0FD71	component_pistol_clip_01
0xFE323395	conada-0
0xFE76C771	consistent
0xFEB2F496	cop.
0xFE9D6F5F	corona_fos_ep1_p1_03-29
0xFEE4AABC	cover@idles@unarmed@low@_c
0xFEC58A39	cpacketobjectdelete
0xFEE86CCD	cpacketscripttcmodifier
0xFEBD33A8	creatures@cat@amb@world_cat_sleeping_ground@enter
0xFEA30079	crook_p2_fwd_right
0xFE70D710	crouch_to_stand
0xFE46BF59	crowd_point_a_1st
0xFE3F0ECB	cs1_14brailway2
0xFE14371C	cs4_lod_em_c_slod3
0xFE0FC36C	cs_fam4_fridge_door-29
0xFECF224A	cs_gurk_dual-9
0xFE36EB5D	cs_jimmydisanto_dual-42
0xFEBE17B6	cs_lamardavis_02_dual-68
0xFEE78AA7	cs_lamardavis_dual-3
0xFE04EDFA	cs_lamardavis_p
0xFE122ED2	cs_lazlow_dual-15
0xFE55E38D	cs_lestercrest_2_dual-33
0xFE759E4F	cs_lestercrest_3_dual-47
0xFE060C90	cs_manuel_dual-5
0xFEA6002F	cs_mich1_lighter_sparks-12
0xFED48966	cs_mrs_thornhill_dual-12
0xFE37D9D5	cs_natalia_dual-12
0xFE53CB74	cs_nervousron_02_dual-72
0xFE404FDD	cs_sv_yard_car_wheel_smoke-77
0xFE60363E	cs_xm24_cig_smoke-14
0xFE6AA679	csb_callgirl_02_dual-50
0xFE98A294	csb_gustavo_dual-28
0xFEEA3029	csb_jio_02_dual-3
0xFE1F9295	csb_luchadora_dual-50
0xFE23202D	csb_mimi_dual-5
0xFE679227	csb_thornton_dual-12
0xFE112B25	csb_tonyprince_dual-16
0xFE9ED13F	csb_vincent_4_dual-26
0xFEFB1A88	csb_wendy_dual-1
0xFE962F7B	cst2_cyag
0xFE711608	cst2_egah
0xFE27CA36	cst2_ifaa
0xFEEF5B36	cst3_dgaa
0xFED88CEA	cut_hs4_plane_exhaust-30
0xFE8372A8	cut_sec_golf_grass_drop-36
0xFED77608	cut_sec_golf_grass_drop-56
0xFEED3DAF	cut_sec_golfcart_wheel_debris-6
0xFE87526B	cut_xm3_bike_wheel_debris-21
0xFE1E0543	cut_xm3_muz_pistol
0xFE3581E9	d3wph
0xFE56B419	d_4_arm_3_mcs_7_00-0
0xFE316E14	d_ac1_fra_2_ext_p3_04-5
0xFEECE032	d_ac2_tunf_drp_bag_p1a1_t00_00-0
0xFEF984CC	d_ac3_es_1_rcm_p3_01-7
0xFE02B1B8	da_city_noise_sky
0xFEAB48B9	dadwhatthefuck_7
0xFECC6DD7	darts_ig_intro_alt1_player_2_face
0xFE5F0722	deathbike
0xFEF92586	designer-hipster
0xFEB4E836	dh2a_djap
0xFE476B22	dh2b_trev_sub
0xFE3354E5	dixn_trns_lft_to_lh_headphones_neck
0xFE4D5EF1	dlc_25-1/dlc_25-1_tycoon_left_for_dead
0xFEBC186B	dlc_aw_arena_turret_scene
0xFED88745	dlc_hei4/dlc_hei4_v_mg
0xFE281216	dlc_mp_apa_m_special_3_0
0xFE0BEA5F	dlc_mp_ar_f_jbib_0_10
0xFEDF953B	dlc_mp_arena_f_feet_0_1
0xFEF931A0	dlc_mp_arena_f_feet_7_2
0xFE1FF115	dlc_mp_arena_f_hand_4_0
0xFE328E67	dlc_mp_arena_f_jbib_11_10
0xFE94171B	dlc_mp_arena_m_feet_0_17
0xFEF67D33	dlc_mp_arena_m_hand_1_1
0xFE95E8FF	dlc_mp_arena_m_hand_3_1
0xFE7FB96E	dlc_mp_arena_m_jbib_4_9
0xFE8571AE	dlc_mp_arena_m_jbib_6_15
0xFEF0A5FF	dlc_mp_arena_m_special_0_4
0xFE6DB4BE	dlc_mp_bh_f_jbib_7_13
0xFE795E74	dlc_mp_bh_f_jbib_8_8
0xFE6A8FBF	dlc_mp_bh_m_jbib_10_11
0xFEB692B4	dlc_mp_biker_f_decl_0_5
0xFE557E58	dlc_mp_biker_f_jbib_21_3
0xFEF920F0	dlc_mp_biker_f_phead_11_5
0xFE589B32	dlc_mp_biker_m_phead_9_9
0xFE2E0E49	dlc_mp_busi2_m_jbib0_5
0xFE647C2B	dlc_mp_busi_m_berd2_3
0xFE50BB5F	dlc_mp_business_f_watch0_3
0xFE406FA6	dlc_mp_exec_m_special_3_2
0xFE3A61FB	dlc_mp_fixer_f_jbib_4_4
0xFE9B2342	dlc_mp_fixer_f_jbib_6_10
0xFEDACD78	dlc_mp_fixer_m_jbib_0_1
0xFE722C29	dlc_mp_gr_f_jbib_1_5
0xFEA0E586	dlc_mp_gr_f_phead_4_3
0xFE9894B7	dlc_mp_gr_f_special_14_17
0xFED405D5	dlc_mp_gr_f_special_21_18
0xFEB185CF	dlc_mp_gr_f_special_2_4
0xFE5799BD	dlc_mp_gr_f_torso_15_10
0xFE3A710C	dlc_mp_gr_f_torso_16_5
0xFEB35011	dlc_mp_gr_f_torso_2_7
0xFE9EB73D	dlc_mp_gr_f_torso_30_9
0xFE23CB0C	dlc_mp_gr_m_hair_3_0
0xFE805816	dlc_mp_gr_m_legs_1_21
0xFE6FDDD5	dlc_mp_gr_m_torso_18_6
0xFE652EE4	dlc_mp_gr_m_torso_4_3
0xFEAADB98	dlc_mp_h3_f_jbib_10_16
0xFEB5EAA4	dlc_mp_h3_m_berd_14_15
0xFE45AEA2	dlc_mp_h3_m_hand_3_16
0xFE4C9956	dlc_mp_h4_f_hand_3_8
0xFE446F1D	dlc_mp_h4_m_berd_0_16
0xFE02976E	dlc_mp_h4_m_jbib_3_3
0xFEB8D20D	dlc_mp_h4_m_special_3_9
0xFE7DC7AD	dlc_mp_h4_m_torso_1_0
0xFEE66BB9	dlc_mp_h4_m_torso_7_0
0xFE25D2A6	dlc_mp_heist_f_jbib_13_0
0xFE2D296A	dlc_mp_heist_m_berd_22_12
0xFE71970F	dlc_mp_heist_m_hand_3_0
0xFE90F5F3	dlc_mp_hips_m_watch_0_0
0xFE4E472A	dlc_mp_ie_f_jbib_14_10
0xFE5EC75B	dlc_mp_ie_f_jbib_14_19
0xFE0DA040	dlc_mp_ie_f_legs_3_2
0xFE048D2F	dlc_mp_ie_f_special_8_12
0xFE174F34	dlc_mp_ie_f_special_9_6
0xFE8112D8	dlc_mp_ie_m_berd_3_4
0xFEDBCC19	dlc_mp_ie_m_jbib_13_1
0xFE26C891	dlc_mp_ie_m_phead_6_6
0xFEC0851E	dlc_mp_jan_f_special2_7_1
0xFE77EF77	dlc_mp_jan_f_special2_8_2
0xFE017C45	dlc_mp_jan_m_hand_7_6
0xFEA20F58	dlc_mp_low2_f_feet_0_0
0xFE88B152	dlc_mp_low2_f_jbib_3_7
0xFEDBF32D	dlc_mp_low_m_phead_1_9
0xFE972E7A	dlc_mp_lts_f_hand_5_8
0xFED73D17	dlc_mp_luxe2_m_teeth_28_0
0xFE1B81FD	dlc_mp_luxe2_m_teeth_32_0
0xFEA031BB	dlc_mp_luxe_m_jbib_0_3
0xFEAF606D	dlc_mp_pilot_f_hand_6_21
0xFECCA357	dlc_mp_pilot_f_hand_7_13
0xFE5B4CF0	dlc_mp_pilot_f_hand_9_25
0xFE97E3D7	dlc_mp_smug_m_berd_9_12
0xFE8CCE23	dlc_mp_smug_m_jbib_0_3
0xFED2325B	dlc_mp_smug_m_phead_2_21
0xFEE12999	dlc_mp_stunt_f_feet_1_1
0xFE6D6368	dlc_mp_stunt_f_feet_2_0
0xFECE91F0	dlc_mp_stunt_f_jbib_9_3
0xFEDACB76	dlc_mp_stunt_f_phead_0_21
0xFEF61B0E	dlc_mp_stunt_f_phead_5_3
0xFEA92537	dlc_mp_stunt_f_phead_8_5
0xFEB3C50A	dlc_mp_stunt_m_legs_2_8
0xFE59624E	dlc_mp_sum2_f_jbib_9_0
0xFE931614	dlc_mp_sum2_m_teeth_0_0
0xFE4F4E79	dlc_mp_sum_f_jbib_19_5
0xFE3B3B63	dlc_mp_sum_f_legs_2_14
0xFE31DAD5	dlc_mp_sum_f_special_4_24
0xFE47B6F9	dlc_mp_sum_f_special_5_6
0xFEC4C5D4	dlc_mp_sum_f_torso_13_1
0xFED5D5A3	dlc_mp_sum_f_torso_16_6
0xFE6AFF5D	dlc_mp_sum_m_berd_0_11
0xFE5172F9	dlc_mp_sum_m_legs_1_13
0xFEBF39AB	dlc_mp_tuner_f_jbib_16_6
0xFE0D2246	dlc_mp_tuner_f_phead_1_10
0xFEDCDF64	dlc_mp_tuner_m_decl_7_0
0xFE862F7F	dlc_mp_tuner_m_jbib_12_7
0xFE617AC2	dlc_mp_val2_m_jbib_0_0
0xFE6F95C3	dlc_mp_vwd_f_jbib_6_22
0xFE649BD9	dlc_mp_vwd_f_jbib_8_24
0xFEA2EC2A	dlc_mp_vwd_m_jbib_11_7
0xFE4696E3	dlc_mp_vwd_m_jbib_17_5
0xFE6CFB73	dlc_mp_vwd_m_jbib_18_7
0xFECE6E03	dlc_mp_vwd_m_jbib_8_5
0xFE634F2C	dlc_mp_x17_f_berd_6_2
0xFE6B9F9F	dlc_mp_x17_f_phead_4_4
0xFE7944BA	dlc_mp_x17_m_jbib_3_8
0xFE5DE992	dlc_mp_x17_m_legs_3_11
0xFE7DDDA6	dlc_mp_x22_f_feet_15_1
0xFEAC2EA6	dlc_mp_x22_f_feet_2_1
0xFE6C0D08	dlc_mp_x22_f_jbib_22_1
0xFEC598C0	dlc_mp_x22_f_jbib_30_10
0xFEC514FE	dlc_mp_x22_m_feet_6_21
0xFEBF318D	dlc_mp_x22_m_legs_0_7
0xFE84D6FE	dlc_mp_x22_m_legs_6_9
0xFE5CE860	dlc_mp_x22_m_legs_7_15
0xFE9273BE	dlc_mp_x22_m_peyes_3_7
0xFEC474E0	dlc_mp_x22_m_phead_10_4
0xFEA419A6	dlc_mp_xmas2_f_hand_8_1
0xFE6B6C8D	dlc_xm17_silo_flight_recorder_sounds
0xFE082B88	draw_circles_02_prop_mug_04
0xFE7C9540	drf_mic_1_cs_2-49
0xFE6650DD	drill_left_end_idle
0xFEEFD0D5	driver_outro
0xFEDD1350	ears
0xFE48C29F	edilizia
0xFE2BCCD7	eg.
0xFE6B4735	electrocute_left_intro_chair
0xFE479C59	enforcement
0xFED3E8A8	ent_ray_big_drill_loop
0xFE2530FC	enter_player_heeled_facial
0xFE4657DF	eps6_bkab
0xFE146064	eps8
0xFEC2C77B	event_leader_entered_car_as_driver
0xFEC9AF37	everythingisup_6
0xFEFA9C88	ex_mapmarker_18_cypress_flats_2
0xFEF9894D	ex_mp_h_acc_candles_02
0xFED9C1CF	ex_prop_crate_tob_bc
0xFE4222F0	exemplar-33
0xFE27545F	exhaust_29
0xFEE4D256	exhaust_3
0xFEB9DB3A	exil_aaad
0xFE6DB704	exit_9_ball
0xFE0C3E2B	exit_bus_cam
0xFEA5B1E7	exit_heeled_player_facial
0xFE907698	exit_pilot
0xFE569804	exit_var02_valet_male_facial
0xFE30E6B3	exl3_dfaa
0xFEB61E8D	extralight_2
0xFE88096D	extrasit
0xFEB25A07	extreme1_stop
0xFE439E7F	fafm_cvaa
0xFE3CB6A8	fake_punch_walk_by_lamar
0xFE25EF42	false
0xFE3EB17C	fam1_ekaj
0xFE4A8E1A	fam2_aeaa
0xFEB044A7	fam2_cfaa
0xFEE7D3E3	fam2_fkaa
0xFEB1FF92	fam4_bqaa
0xFEC68B52	fam4_ctad
0xFE7FC483	fam5_yoga_music_ends
0xFEC427BA	fam6_ajaj
0xFE38C47A	fam6_amah
0xFEBA9C5B	fam_4_int_alt1-42
0xFED5009F	fan3_btab
0xFEC39F66	fatj_ciaa
0xFEA3E00A	fb_brow_centre_005
0xFE3B1DAD	fbi2-4
0xFECA6F10	fbi2_beae
0xFEB5A585	fbi2_glaa
0xFE2EF36C	fbi5a_khai
0xFE13E8E7	fbi5a_nnak
0xFE529681	fbi_2_int
0xFE941634	fbi_3_michael_sniper_scope_target
0xFE8C7834	fcfj_dgaa
0xFEDF353E	fcfmgimt
0xFE7F1835	fcftl_coac
0xFE74AAD8	fcmf_cfag
0xFEDB99AC	fcmf_dqar
0xFEB0815A	fcmj_ctae
0xFE662959	fcmt_eaac
0xFE8DFD4D	felon-23
0xFE591460	felon2-19
0xFECE2D9B	female_reveal_folded_p01
0xFEAFBA92	fh3a_gcar
0xFE2021CA	fin_b_ext-0
0xFEE1FCE9	finc1_hyaa
0xFE97DE65	fire_intro
0xFE81C6FF	fix_trip2_int-26
0xFEBA8940	fixf_fin_mcs2-32
0xFEDE8A25	fkn0_bzaa
0xFEEFAD58	fkn0_ebab
0xFECCA0D7	fkn1_ikad
0xFE5884FA	fkn1_jyaj
0xFE25596D	flag_can_be_driven_on
0xFE533635	flag_emergency_service
0xFE762A0B	flag_is_tank_with_flame_damage
0xFE78D3AC	fm_hip_f_tshirt_006
0xFE36680E	fm_pre_countdown_30s
0xFE309860	fmm_caad
0xFE6250CC	fmm_hnaa
0xFEEBB325	fmm_lfab
0xFE20A74C	fmt_bvaa
0xFEB72BBB	fofl_alaa
0xFE498F35	fos_ep_1_p6-21
0xFEBB4724	fptm
0xFEE2A783	fptm_bcaa
0xFE4F240B	fras_ig_10_p3_loop_g1
0xFEFC10CC	friedliche
0xFEE3DBD2	frontseat_carsex_intro_m
0xFE12AD66	ftkstiffspine
0xFE9638EA	fugitive-20
0xFEBD1F3D	fusilade-40
0xFE0D9DFB	fx_seethrough_depth
0xFE38ED57	fxfjrvl
0xFE31D6D2	g_m_m_armlieut_01_dual-6
0xFEEBBE84	g_m_m_fooliganz_01_dual-45
0xFE84BD59	ga_22
0xFEC8EBFD	gbuffertexture3global
0xFE840CD8	gens
0xFE7253E5	gente
0xFEC7EB20	gesture_hello
0xFE3AEC2D	gfxvalue::objectinterface::createemptymovieclip
0xFED7AA10	glightcolourandcapsuleextent
0xFE1E4F35	gohe
0xFECFD2E0	gr_prop_gr_crates_weapon_mix_01b-1
0xFEA7EABE	gr_prop_inttruck_light_co_g_dg
0xFE93E67C	grab_mid
0xFE54E060	grr_im_impotent_rage_1
0xFEDFFDB2	gta_normal_alpha.sps
0xFE1E3932	gun_gripr
0xFE91DE3F	h4_int_lev_sub_chair_02-4
0xFECDE42E	h4_prop_battle_trophy_dancer
0xFE1E551D	h4_prop_h4_camera_01-26
0xFE9B7225	h4_prop_h4_lrggate_01_r
0xFEA5D31D	h@d@hw
0xFE141DA6	halftrack
0xFEBC037F	handposes-0
0xFED40F3D	hao_mcs_1-0
0xFE31529C	hash_fe31529c_iusxyiu_collision
0xFEC3F153	hash_fec3f153_bxgwxrp_collision
0xFEFBF3D8	hash_fefbf3d8_qfssbyc_collision
0xFE1B5CF1	hei_kt1_08_fizzd_01
0xFE18F26F	hei_prop_cntrdoor_mph_r
0xFE2417CC	hei_prop_heist_off_chair-49
0xFE3F6FCA	hei_v_ilev_fh_heistdoor2-37
0xFEEECDED	hidden_radio_the_lab
0xFE8AD737	high_l_walkstart_facecover
0xFE07FA71	high_waist
0xFE3B8EDE	highest_7
0xFE2E493D	hjyf5
0xFE6147D7	hoping
0xFE46D355	hot_tub_loop
0xFE5947C2	how_could_you
0xFE65700F	hs3_arc_int-14
0xFE59BBA9	hs3_pln_int-42
0xFEA8890B	hs3f_mul_rp2-0
0xFE9CDBFF	hut06_closed
0xFE27184F	hw1_lod_emi_6_21_slod3
0xFEE0B3B0	idiotas.
0xFE67CEDC	idle_05_lsd_bottle_big
0xFECC5C6D	idle_cardgames_var_05_facial
0xFED53877	idle_ped07
0xFEE30837	idle_var_03_facial
0xFED1162B	idle_wire
0xFEE080FD	ig_2_gen_warmup_05
0xFEFDFBEA	ig_fooliganz_01_dual-14
0xFE68067D	ig_furry_dual-6
0xFECE8B85	ig_groom
0xFE51730C	ig_pilot_dual-60
0xFE4E5688	imp_prop_groupbarrel_02
0xFE3FE726	imp_prop_impexp_bblock_qp3
0xFE525148	impuissante
0xFEEBB8A8	in_central
0xFE7DF3A4	incendiar
0xFE8FE25A	input_safe_code_right_cam
0xFEFAB9B4	input_veh_exit
0xFE0FE518	input_veh_fly_undercarriage
0xFE3C65CD	insult_ped_cop_conv11_part2
0xFED880A7	intro_male_1h_d_trevor_mag
0xFE5B353C	iz_xs_x18_int_01_arena_room
0xFE9E1CD5	jh2a_exit_shop_restart
0xFE979BD0	jh_2b_endloop_male3
0xFEA68D05	jh_int_outro_exit_b
0xFE2CE889	jh_ljaa
0xFE26963C	jhf_awaa
0xFEB865F6	jhf_cnaa
0xFE142349	jhp1a_blaa
0xFED3DB94	jhp1a_deaa
0xFE5D0CEB	jhs1_axab
0xFE924448	jhs1_fjaa
0xFE9EFEF6	jobuilt
0xFE41F9DC	joystick_type
0xFE3CAAC0	key_divide
0xFE066DB3	lamar1_int
0xFE99E951	layout_plane_titan2
0xFE512F48	layout_std_warrener
0xFE73E155	left_short
0xFE33D968	lem1_gfaa
0xFE26E81B	lem1_ixar
0xFE564D92	lem2_abaa
0xFEFF7946	lem2_duah
0xFE4A24BB	lem2_egad
0xFE957692	lem2_glas
0xFE12E654	lem2_gmag
0xFE41A3B5	les_1a_mcs_3
0xFE83AF1D	light_amb_occ_mult_ped
0xFE953818	load_and_tune_guilotine_v1_papercutter
0xFE72A6C9	load_lh_01_gr_prop_gr_millcage_01a
0xFE70E745	load_rl_01_amy_skater_01
0xFE02F7DA	loading_benchmark
0xFE5876A8	lodlight.medium.fade
0xFEA69B7B	log:
0xFE094F68	low_drv_ext-3
0xFE6DD711	low_int-6
0xFEDDD3DA	lsdh_2a_ext-9
0xFE98726A	lsdh_2b_int-5
0xFEDDFD5C	lsdhs_mcs_3_p2
0xFE1D91C3	luxor2-8
0xFEC0298B	m23_1_prop_m31_mg_sminigun
0xFE8D76DC	m23_2_prop_m32_door_ls_logo_01a-24
0xFE87B54D	m23_2_prop_m32_door_ls_logo_01b-58
0xFEE45486	m23_2_prop_m32_lspdsign_01a
0xFE8C53E5	m24_1_int_01_m241_lp_spwn_01
0xFE78A16B	m24_1_int_01_m241_off_fake_sky_01
0xFED90F58	m24_1_int_01_m241_strs_sign
0xFE8EFEDF	m24_1_mph_carstair_pipe6
0xFE1B3D5C	m24_1_prop_m41_blinds_closed_01a-38
0xFE84A191	m24_1_prop_m41_blinds_open_01a-27
0xFE64D8D7	m24_1_prop_m41_bounty_door_s3_r
0xFE7EC7A4	m24_1_prop_m41_leaf_01a-21
0xFE13D1DC	m24_1_prop_m41_officechair_01a-21
0xFE725DE6	m24_1_prop_m41_painting_01d
0xFE1F73A3	m24_2_prop_m42_crate_lid
0xFEA799E7	m24_2_prop_m42_filebox_01a-45
0xFE4D9071	m24_2_prop_m42_hacker_door_ent_02-34
0xFECA1804	m24_2_prop_m42_sewing_machine-30
0xFEDB730E	m25_2_int_01_r_gr_slabs
0xFE65A94C	m25_2_int_01_wp_coastal_wall_07
0xFE9F5B34	m25_2_int_03_bot_recess_001
0xFE963B7E	m25_2_prop_m52_wallart_l_09
0xFEB0CEC0	machinic_loop_malcbike
0xFEBB68C3	male_a_ped_a_pour_multi_drunk
0xFE490EEB	male_shower_exit_to_towel_enter_cam
0xFE386406	many
0xFE060D34	mch2_ehaa
0xFE4689DD	mch3_byaa
0xFE3BE9AE	mch3_dfab
0xFE9EB3AB	mej1_bsab
0xFECDFA16	mej1_cjaa
0xFEB752A2	met1_cqab
0xFE586B2E	methtrailer_grp3
0xFE421418	mic1_fail
0xFE7B104E	mic_shoots_fr_f
0xFEA1D87B	mica
0xFE4896EF	michael_phone_single_screen_scroll
0xFE30E6F3	min
0xFE9198E9	min2_afaa
0xFE6A1EC9	min2_cfaa
0xFE360C8F	min3_beag
0xFE8B0280	mini@golfreactions@michael@putter
0xFECBEA3D	miniatura
0xFE999A18	mirror_decal
0xFE573A67	misc.sniperrifledof.farstart
0xFE7690FD	missbigscore2big_5
0xFEC74C0A	missheistfbisetup1leadinoutah_1_int
0xFECF49D4	misslester1b_crowd@d_
0xFE0D5D8B	mo_calibration_save
0xFE6709C6	mod_c
0xFE511465	moodm_dance_la_45_bag
0xFEB33D05	moodm_deck_hb_30_lp_right
0xFE457643	moodm_idle_hb_17_dancer_b
0xFE798987	moodm_mic_u_v2_06_turntable_left
0xFEF2D0BC	move_action@p_m_one@unarmed@idle@low_energy@b
0xFEB9625E	move_f@drunk@a
0xFE0F17F4	move_f@injured
0xFE77E72A	move_in
0xFEAECFDE	move_m@_idles@shake_off
0xFE9B8982	move_stealth@mp_female@1h@trans
0xFE257E11	move_strafe@roll_fps
0xFE5B3CD7	mp_2023_02_tat_018_m
0xFE274392	mp_award_m_tshirt_010
0xFEC3FDA5	mp_battle_clothing_049_m
0xFE208E24	mp_celeb_lose_out
0xFE37A45A	mp_christmas2017_tattoo_027_m
0xFE4FCB06	mp_heist4_tat_028_f
0xFE8EFD60	mp_hntr_010_f
0xFE3E62E2	mp_intro_mcs_11-0
0xFEE7F182	mp_job_preload_night
0xFE776FA0	mp_mp_stunt_tat_046_m
0xFEA5EB08	mp_muster
0xFE918E4E	mp_player_int_gang_sign_a_enter
0xFED426C9	mp_safehousewine@
0xFE7A5B1B	mp_smuggler_graphic_016_f
0xFEFBD17C	mp_val_f_tshirt_b
0xFE9CA4C6	mpct_ahad
0xFE438F8F	mpct_glaa
0xFED53D5C	mph_pac_con_ext
0xFEF297C5	mrs3_buaa
0xFE90524A	mule3-3
0xFEB6D548	n_20_trvram_1_0001-2
0xFE2D5545	n_ac1_armenian_2_mcs_6_70705-1
0xFE501A72	n_ac1_fra_2_ext_p3_04-18
0xFE66870B	n_ac24_bar_3_rcm_01301-3
0xFE283B49	n_ac3_lsdhs_mcs_3_p1b_304-0
0xFE2B403C	n_ac59_mic_2_mcs_3_00-9
0xFE8DAD8E	n_ac7_tunf_uni_swat_p1_t00_00-3
0xFE8257B7	n_ac8_sol_5_mcs_2_p5_00-2
0xFEEFCB72	n_ac9_sol_2_int_alt1_01-2
0xFEEBB2F3	n_ragelight8_dixn_intro_p1_050-2
0xFE0C87F4	network_check_code_crcs_event
0xFEB7FE50	network_shout_target_position
0xFEF9A309	new_host
0xFEC1314E	ng_filmic01
0xFE46634A	ngbea_m_hair_000
0xFEA8E36E	nhs1b_cfab
0xFE90E311	nipc
0xFE0EFFD8	nme_away_dance_a_03_v2_hp_head
0xFE8F6588	nme_away_idle_j_29_hp_neck
0xFE22EE96	nme_unq_sync3_b_21_hp_table
0xFEF17DD3	not_on_this_machine
0xFE0F667D	o-p3:audiopack
0xFE94E878	oat_fos_ep_1_p1_045-5
0xFEBC3885	oat_fos_ep_1_p1_29-11
0xFE471C0A	omega_idle_looking_around
0xFE327BF6	operate_02_hi_gr_prop_gr_drillcage_01a
0xFECA6C0A	operation_in_progress
0xFE17D6D6	orr_race3_post_rank2
0xFEC4045D	p_cs_beachtowel_01_s-5
0xFE32F07B	p_cs_joint_01-65
0xFE84E5F1	p_cs_lighter_01-12
0xFEEADD6E	p_cs_lighter_01-6
0xFE4350AD	p_cs_shot_glass_2_s-11
0xFEED851C	p_cut_door_02-0
0xFE42BB2C	p_dock_rtg_ld_wheel
0xFE4F0389	p_fag_packet_01_s-6
0xFE7E8FD9	p_large_gold_s-4
0xFEBEA733	p_ld_heist_bag_s-2
0xFE66917A	p_loose_rag_01_s-20
0xFE7B72D7	p_mr_raspberry_01_s
0xFE0DB0BC	p_res_sofa_l_s-9
0xFE58C727	p_tumbler_01_s-38
0xFEDC46D8	p_v_med_p_sofa_s-4
0xFE82E3EC	parfait
0xFE969052	pbby_agaa2
0xFE7554ED	pbja_akah
0xFECE3716	pbjs_acae
0xFE9AD22E	pbzb_abaa1
0xFE7FCDEA	peach
0xFE4C63B7	ped_hair_spiked_noalpha.sps
0xFEF0BF96	penumbra-21
0xFE50DACD	perle
0xFE5502FF	phone_stand_enter
0xFE6CF899	pi736
0xFE18F3AF	pickup_money_variable
0xFE2A352C	pickup_weapon_sniperrifle
0xFE4BD391	pil_prop_pilot_icon_01
0xFE12BE19	pkhlhunjmh
0xFED171AD	player_over_there
0xFE2CC0D5	player_zero_dual-24
0xFE4FE808	popup_confirm_fail
0xFEE728B8	pose_d_trans_pose_a_blamadon_face
0xFEF98426	poule
0xFE1302A3	power_cord_loop
0xFE22C3F4	pr_dlc_h4_ob_05
0xFE0D55EC	presport
0xFEB9053A	pri1_bdaa
0xFEE69956	proj_indep_flare_trail
0xFE84537D	prop_blackjack_01-7
0xFE9DC7FF	prop_bottle_brandy
0xFEDC089E	prop_bottle_cap_01-14
0xFE21ACAC	prop_burto_gate_01-26
0xFE6E928A	prop_bush_med_01
0xFE401883	prop_bush_ornament_02
0xFE581052	prop_byard_benchset
0xFE692197	prop_ch3_01_trlrdoor_l
0xFEC15706	prop_champ_jer_01a-39
0xFED6B761	prop_champ_jer_01a-7
0xFEC718EA	prop_crate_11e-45
0xFEEC05E4	prop_cs_beer_bot_01-42
0xFE916476	prop_cs_beer_bot_40oz-5
0xFE4B18A2	prop_cs_ciggy_01b-9
0xFE53D7FE	prop_cs_creeper_01-21
0xFEA0D98F	prop_cs_keyboard_01-9
0xFEB10DA9	prop_cs_shopping_bag-31
0xFE0222E6	prop_ear_defenders_01-4
0xFEECDDAC	prop_energy_drink-13
0xFEBB2852	prop_fnclink_03h
0xFEBF29AA	prop_fncwood_12a
0xFEA359F6	prop_food_bs_bag_01-44
0xFEA3B216	prop_food_sugarjar
0xFE6BF0AB	prop_golf_bag_01b-40
0xFE100D61	prop_grumandoor_r-6
0xFE24DC70	prop_holster_01-10
0xFE9FD22C	prop_hose_1
0xFE6CBCF2	prop_huf_rag_01-46
0xFEE93417	prop_ic_30
0xFE50946D	prop_ing_camera_01-37
0xFE81F338	prop_ld_cable_tie_01-22
0xFE6BD750	prop_ld_shovel-24
0xFEB8B69B	prop_ld_wallet_pickup
0xFEE13AA0	prop_lrggate_01c_r-3
0xFE5FD79C	prop_luggage_02a-73
0xFEF8B677	prop_luggage_03a-35
0xFEEF213C	prop_luggage_03a-64
0xFEFFB983	prop_luggage_07a-35
0xFE277591	prop_mask_bugstar
0xFEE744B7	prop_mine_doorng_l
0xFEA2D971	prop_monitor_w_large-53
0xFE808EA8	prop_pencil_01-4
0xFE859878	prop_phone_ing_03-40
0xFEFA2A3A	prop_pile_dirt_06
0xFE64A913	prop_pile_dirt_07
0xFEB92036	prop_scrap_2_crate-2
0xFE5514FD	prop_snow_tree_04_d
0xFE2E2BD6	prop_streetlight_06
0xFEA7159C	prop_target_inner2_b
0xFE6D0738	prop_tool_screwdvr02-12
0xFE74630F	prop_tool_screwdvr02-6
0xFEAD00AF	prop_traffic_rail_3
0xFED037D6	prop_trev_tv_01-22
0xFE9F3F78	prs_jpaa
0xFED4E2C5	prs_rqaa
0xFEF2C136	ptrx_idle_d_mix_base_05_beer_can
0xFE255105	ptrx_trans_a_q_l_to_q_r_16_headphones_beer_can
0xFEDBA424	pull_level_panel
0xFE1275D3	pullupstrengthleft
0xFEC5777B	qmq
0xFEED24AC	quick_exit_spraycan
0xFE744CD1	rampa_cuelean_idle_j_17_hp_table
0xFEA2122F	rampa_mix_idle_b_02_v2
0xFE2D1AA9	rampa_mix_idle_m_17_s_glass_03
0xFE69CFA6	rampa_mixdance_idle_b_04_facial
0xFE100796	rampa_mixsway_idle_g_08_v2_s_glass_01
0xFEE2D829	rampa_trans_awayside_to_away_b_21_s_glass_01
0xFED46319	rampa_trans_cuedance_to_cuehpgrab_b_04
0xFE50A81C	rampa_trans_cuedance_to_mixsway_a_12_hp_table
0xFE5E0302	rampa_trans_mixddown_to_mixdance_a_04_v2_s_glass_02
0xFEF2A9B1	rampa_unq_sync3_b_21
0xFE9658D9	random@paparazzi@peek
0xFE7B63E7	rbh2a_ckaa
0xFE6970BF	rbh2a_flaa
0xFE5D94EB	rbh2a_gfaa
0xFE0AD830	rbh2a_jpad
0xFE9BB823	rbh2a_mzaa
0xFE407AE6	rc18a_end_os
0xFE529671	react_a
0xFE81A82D	react_explosion
0xFE85CDE5	reaction_02
0xFEC7B3A3	reaction_bad_var02_seat3_facial
0xFE450480	reaction_great_var01_seat4_facial
0xFE1FA346	reaction_right_big_intro_b
0xFE67D7AE	reaction_terrible_var01_seat3
0xFE2AF49E	readyidle_to_playidle
0xFEA32724	reawa_dpag
0xFE5C1043	rebel-3
0xFE2F848F	rect:
0xFE39D0AF	redo2_ddab
0xFEB03967	refit_unload
0xFE946FFD	rehh1_cwaa
0xFE29FA75	rehh1_dmaa
0xFE8F33A1	rehh3_byac
0xFEFB6CB8	repap_djaa
0xFE86C0C6	return_wallet_positive_c_female
0xFEF1666F	rev-limit.
0xFE04F734	righthandparenteffector
0xFEC1817F	rural_prep_trigger1
0xFE02AB91	s_f_m_fembarber_p
0xFE8BD073	s_f_m_sweatshop_01_dual-25
0xFEF5D5E7	s_f_m_sweatshop_01_dual-69
0xFEA7D067	s_f_y_airhostess_01_dual-10
0xFE9D165A	s_f_y_stripper_02_dual-2
0xFEF826F0	s_m_m_autoshop_01_dual-6
0xFE040B12	s_m_m_fiboffice_01_white_mini_02
0xFE41913C	s_m_m_gaffer_01_dual-30
0xFE84EB2D	s_m_m_paramedic_01_dual-1
0xFE80F322	s_m_y_fireman_01-9
0xFE376BD7	s_m_y_swat_01-7
0xFE6A152E	sandking-15
0xFE1AC5F8	sclub_alaa
0xFE004410	score_goal
0xFE1489D8	score_list
0xFED43B03	scr_arm1_wheel_skid
0xFE112F17	scr_as_target_shot_small
0xFE7FDD1F	scr_crate_drop_beacon
0xFED43346	scr_trev3_trailer_plume
0xFE43A3CA	scrap_2_rcm-2
0xFE049788	se_m24_2_int_hacker_garage_gen_radio_01
0xFE208B61	seated_drink_cup_female_a_idle_b
0xFEF8EF97	seatedidle_li_11_point_laz
0xFE52B25D	seethrough.colorfar
0xFE317713	sf_dlc_fixer_hanger_door
0xFE89EE4A	sf_prop_sf_art_guns_01a
0xFE7923DD	sf_prop_sf_door_cabinet_01a-38
0xFE653E06	sf_prop_sf_door_com_l_06a-53
0xFE1FE98B	sf_prop_sf_door_glass_01a-16
0xFEC81D87	sf_prop_sf_drum_kit_01a-27
0xFE2E2483	sf_prop_sf_game_clock_01a-26
0xFE8CD9D7	sf_prop_sf_mug_01a-20
0xFE753FB9	sftechtexturefill
0xFED69814	shadedptfxmap
0xFE6618C2	sidearm
0xFEBAB3B2	sky_cloud_mid_col_r
0xFED06623	sleep_cycle_operator
0xFEB2C48B	slfl_abae
0xFE58B134	slmn1_brac
0xFE982E9C	sm_prop_smug_crate_m_01a-50
0xFEA2C87A	smoking_b_player_b_face
0xFE1F2167	sniperlook_loop
0xFE8C1658	sol1_esaa
0xFE796DB5	sol_5_mcs_2-0
0xFEFFC7FA	sol_sync_b_headphones_neck
0xFED4675A	sorter_right_sort_v1_weedbagpile01a
0xFE9DEFA4	sorter_right_sort_v2_chair01
0xFE495A40	sp_f_eyes_9_10
0xFECB1AB5	sp_f_lowr_1_12
0xFEC6FF94	sp_m_feet_10_11
0xFECE9906	sp_m_jbib_0_1
0xFEE416A2	sp_m_lowr_6_7
0xFE2A62EE	sp_m_teef_10_11
0xFE13FEA0	spalla.
0xFE20AFD2	special_ped@impotent_rage@monologue_12@monologue_12a
0xFE748D8A	special_ped@jessie@monologue_8@monologue_8d
0xFE00E8DF	special_ped@pamela@monologue_7@monologue_7c
0xFEB0CDF9	special_ped@zombie@michael_1@michael_1e
0xFECEC99A	speedo-2
0xFE11FB15	st
0xFE806D15	staff_problems_v2_player
0xFE6C8F83	stage_2_no_hit_line_2_golf_club
0xFED1B591	stand_drink_cup_male_a_idle_d
0xFE9BD6BF	start_loop_a
0xFE48B7CD	steer_lean_left_high_lowdoor
0xFEEF6FBC	stength
0xFE8B7B2E	stt_prop_tyre_wall_0l07
0xFEA342F0	subj_ext-5
0xFE610F27	submersible-10
0xFEE84480	sum23_cm1_int_p1-9
0xFE080215	swim.
0xFEF74D81	switch@franklin@stripclub
0xFE83213F	switch_02
0xFE84D96F	t_sleep_loop_countryside_cam
0xFE9150A8	talk_additive_shouted
0xFE9B1350	textfieldwidth
0xFEC48387	timebeforecollapsewoundleg
0xFEA2CB99	timetable@jimmy@ig_4@base
0xFE742408	tired_v1_a_m_y_vinewood_01
0xFE5D08FC	tm44_eoag
0xFE0716E8	tm44_fzae
0xFE39F5A9	to
0xFEA50F1C	tou_dance_c_mm_face
0xFE172305	tow_eead
0xFE76CA4E	tow_epaa
0xFE6A0D67	towerguard08
0xFE1B5E39	tr_prop_tr_swipe_card_01a-6
0xFE911A4A	trans_right_to_wait
0xFEE37496	trees_can_talk_9
0xFE417E2C	trees_normal_diffspec.sps
0xFEE5BB16	trunkene
0xFE0AAF67	trv3_gwaa
0xFEC7ECF1	trv5_cwah
0xFE009C4C	trv_5_int-8
0xFE9744D2	tun_asd_ext-5
0xFE80DC67	tun_meet_int-36
0xFE9337D3	tunf_iaa_mcs1-5
0xFE490B92	twohanded
0xFE9DADAD	txm10_aeaa
0xFE859067	txm1_efab
0xFEF78B68	txm9_copb
0xFE6B70A1	u_f_m_debbie_01_dual-10
0xFE68ACDC	under_int_7
0xFE008D7B	union_depository_elevator_sounds
0xFED3A060	unload_ll_01_gr_prop_gr_millcage_01a
0xFEAB0E21	v_16_ap_hi_pants4
0xFEF196F0	v_19_strp_offbits
0xFE8D9E11	v_24_knt_mesh_stuff
0xFEBD087E	v_31_tun_09
0xFE8E9F5A	v_44_g_gara_deta
0xFEBC79A6	v_55_rollerdoor-12
0xFE20A823	v_58_soloff_gchair-24
0xFEADE3E7	v_58_soloff_gchair-4
0xFE00C507	v_73_cur_ele_elev001
0xFE4A6FE5	v_74_ao_5_h001
0xFE378862	v_club_brapnk
0xFE8EA9A1	v_corp_conftable3
0xFE693A97	v_gun
0xFEDE3F36	v_ilev_fib_door1_s-7
0xFEB4B9E6	v_ilev_serv_door01-16
0xFE1CF340	v_ilev_ss_door7-1
0xFEE84476	v_ilev_store_door-4
0xFE33BCD4	v_ilev_trev_doorfront-21
0xFE320BEE	v_ilev_trevtraildr-22
0xFE270B70	v_ind_rc_lowtable
0xFEA2802C	v_ind_ss_chair01-0
0xFE0B9FEC	v_ind_ss_chair01-41
0xFEFC7F32	v_ind_ss_chair2-34
0xFE78DDC4	v_med_lab_wallcab
0xFEB04154	v_res_cd-50
0xFE76512D	v_res_fa_tincorn
0xFE1DE19D	v_res_m_horsefig-5
0xFE8CAE5E	v_res_tt_plate01-9
0xFEB37574	v_ret_ml_sweet5
0xFE3D9B7C	v_tre_sofa_mess_a_s-21
0xFE9CD271	valkyri2
0xFEDBD543	veh@bike@police@front@ds
0xFE44FF0E	veh@plane@lazer@front@base
0xFE481B21	veh@std@ds@music@punkbase
0xFE628D87	veh_windscreen_rear_smash
0xFEFA509D	vehicle_paint1_enveff.sps
0xFE0DFCF6	vehicle_paint4.sps
0xFE65615E	vehicle_track2.sps
0xFE9AC1C5	vehicles_worn_army_flyer_interior
0xFED762B1	velum2-8
0xFE90DE74	ver_01_top_right_enter_hei_p_m_bag_var22_arm_s
0xFE6839DE	veui_trans_toggle
0xFEE02E7A	vfx_it1_14
0xFE5ED555	vfx_it2_03
0xFEB323C0	vid_asp_54
0xFECCDAB5	vines
0xFEB5454A	vinewood_is_cruel_0
0xFEEE0D29	vw_prop_casino_roulette_01-17
0xFE3AB6C8	vw_prop_casino_slot_04a-7
0xFEDC765C	vw_prop_vw_door_bath_01a-19
0xFE345632	vw_prop_vw_wallart_96a
0xFE8A3375	w_ar_advancedrifle-1
0xFE492DD2	w_ar_assaultrifle-10
0xFEB5C4F4	w_ar_assaultriflemk2-12
0xFEE112F8	w_ar_assaultriflemk2_mag1-33
0xFE956357	w_pi_appistol_mag1-10
0xFE282325	w_pi_pistol-20
0xFED37552	w_sb_microsmg_luxe-21
0xFE252933	w_sb_microsmg_mag1
0xFEBA6E97	w_sr_heavysniper-30
0xFEAF0C45	watching_safehouse_tv
0xFEAC0EDA	water_boat_marques_bow
0xFE12B9B3	water_boat_wash-9
0xFE30BE19	waterboard_loop_to_ready_jerrycan
0xFE39ECF8	waypoint_playback_pause
0xFE816A04	wct_scope_mac
0xFE317293	weap_minismg
0xFE8B7523	weapon_5ag_rot
0xFEA23564	weapon_railgunxm3
0xFE1CA7C6	weapons@first_person@aim_scope@p_m_zero@assault_rifle@advanced_rifle@aim_trans@scope_to_stealth
0xFE599218	wedge_2_iron_low
0xFEE9D71C	weed_axab
0xFE325B63	weed_baad
0xFE327592	wheel_decal_puddle_bike
0xFE56CBEE	windsor2-0
0xFEB1957D	wissen
0xFE0ABC53	world_dog_sitting_rottweiler
0xFE456F82	xerife
0xFE538BAB	xm24_factory_int-39
0xFE0A4EC9	xm24_mfh_int-19
0xFEB23B3D	xm3_dlc_int_03_xm3_intwaremed_office
0xFE5DE32C	xm3_prop_xm3_vape_01a-26
0xFE676AEB	xm3_prop_xm3_vape_01a-35
0xFEDA5D21	xm_prop_base_computer_02
0xFE38568B	xm_prop_x17_harddisk_01a-9
0xFE514D4F	xm_prop_x17_laptop_agent14_01-40
0xFE99A90B	xm_prop_x17_lectern_01-44
0xFE783DFA	xs_prop_arena_champ_open-43
0xFE4A8743	xs_prop_arena_clipboard_01a-27
0xFEDCFCAE	xs_prop_arena_clipboard_paper-3
0xFE0644F7	xs_prop_arena_turret_post_01a
0xFE0415B5	xs_prop_arena_whiteboard_eraser-18
0xFE254983	xs_prop_x18_bench_vice_01a
0xFE2F4B2A	yesiknow_3
0xFE612A0D	yfar
0xFEEC0515	yosemite2-36
0xFEA0E4D5	zju79j7df2
0xFE784872	zr350-34
0xFE1AB225	zvxjlect
